Canon;Canon i-SENSYS LBP5300;100 EXTERNAL PANELS, COVERS, ETC.;RC1-6381-000;LINK, M.P. HINGE, LEFT;
Canon;Canon i-SENSYS LBP5300;100 EXTERNAL PANELS, COVERS, ETC.;RC1-6382-000;LINK, M.P. HINGE, RIGHT;
Canon;Canon i-SENSYS LBP5300;100 EXTERNAL PANELS, COVERS, ETC.;RC1-6383-000;SPRING, TENSION;
Canon;Canon i-SENSYS LBP5300;100 EXTERNAL PANELS, COVERS, ETC.;RC2-1597-000;COVER, LEFT;
Canon;Canon i-SENSYS LBP5300;100 EXTERNAL PANELS, COVERS, ETC.;RC2-1601-000;COVER, CASSETTE, REAR LEFT;
Canon;Canon i-SENSYS LBP5300;100 EXTERNAL PANELS, COVERS, ETC.;RC2-1644-000;EMBLEM, ABS;EXCEPT JP
Canon;Canon i-SENSYS LBP5300;100 EXTERNAL PANELS, COVERS, ETC.;FC5-5256-000;EMBLEM;JP
Canon;Canon i-SENSYS LBP5300;100 EXTERNAL PANELS, COVERS, ETC.;RC2-1645-000;PLATE, CANON LOGO;
Canon;Canon i-SENSYS LBP5300;100 EXTERNAL PANELS, COVERS, ETC.;RC2-1618-000;COVER, REAR;
Canon;Canon i-SENSYS LBP5300;100 EXTERNAL PANELS, COVERS, ETC.;RM1-4295-000;RIGHT COVER ASSY;
Canon;Canon i-SENSYS LBP5300;100 EXTERNAL PANELS, COVERS, ETC.;RM1-2584-000;DUPLEXING PCB ASSY;
Canon;Canon i-SENSYS LBP5300;100 EXTERNAL PANELS, COVERS, ETC.;RC2-1760-000;ARM, COVER, RIGHT;
Canon;Canon i-SENSYS LBP5300;100 EXTERNAL PANELS, COVERS, ETC.;RM1-2710-000;M.P. EXTENSION TRAY ASSY;
Canon;Canon i-SENSYS LBP5300;100 EXTERNAL PANELS, COVERS, ETC.;RM1-4299-000;FACE-DOWN TRAY ASSY;
Canon;Canon i-SENSYS LBP5300;100 EXTERNAL PANELS, COVERS, ETC.;RM1-4341-000;TOP COVER ASSY;
Canon;Canon i-SENSYS LBP5300;100 EXTERNAL PANELS, COVERS, ETC.;RM1-2620-000;CABLE, PAPER FULL;
Canon;Canon i-SENSYS LBP5300;100 EXTERNAL PANELS, COVERS, ETC.;RM1-4297-000;UPPER COVER ASSY;
Canon;Canon i-SENSYS LBP5300;100 EXTERNAL PANELS, COVERS, ETC.;RC2-1631-000;LID, COVER, REAR;
Canon;Canon i-SENSYS LBP5300;100 EXTERNAL PANELS, COVERS, ETC.;RC2-1651-000;LABEL, FIXING JAM CLEARING;
Canon;Canon i-SENSYS LBP5300;100 EXTERNAL PANELS, COVERS, ETC.;RM1-4387-000;MULTI COVER ASSY;EUR
Canon;Canon i-SENSYS LBP5300;100 EXTERNAL PANELS, COVERS, ETC.;RM1-4347-000;MULTI COVER ASSY;EXCEPT EUR
Canon;Canon i-SENSYS LBP5300;100 EXTERNAL PANELS, COVERS, ETC.;RC2-1655-000;LABEL, JAM DISPOSE CAUTION;
Canon;Canon i-SENSYS LBP5300;100 EXTERNAL PANELS, COVERS, ETC.;RC2-1654-000;LABEL, CARTRIDGE EXCHANGE;
Canon;Canon i-SENSYS LBP5300;100 EXTERNAL PANELS, COVERS, ETC.;NPN;EXTERNAL PANELS, COVERS, ETC.;
Canon;Canon i-SENSYS LBP5300;100 EXTERNAL PANELS, COVERS, ETC. 2;RC1-6381-000;LINK, M.P. HINGE, LEFT;
Canon;Canon i-SENSYS LBP5300;100 EXTERNAL PANELS, COVERS, ETC. 2;RC1-6382-000;LINK, M.P. HINGE, RIGHT;
Canon;Canon i-SENSYS LBP5300;100 EXTERNAL PANELS, COVERS, ETC. 2;RC1-6383-000;SPRING, TENSION;
Canon;Canon i-SENSYS LBP5300;100 EXTERNAL PANELS, COVERS, ETC. 2;RC2-1597-000;COVER, LEFT;
Canon;Canon i-SENSYS LBP5300;100 EXTERNAL PANELS, COVERS, ETC. 2;RC2-1601-000;COVER, CASSETTE, REAR LEFT;
Canon;Canon i-SENSYS LBP5300;100 EXTERNAL PANELS, COVERS, ETC. 2;RC2-1644-000;EMBLEM, ABS;EXCEPT JP
Canon;Canon i-SENSYS LBP5300;100 EXTERNAL PANELS, COVERS, ETC. 2;FC5-5256-000;EMBLEM;JP
Canon;Canon i-SENSYS LBP5300;100 EXTERNAL PANELS, COVERS, ETC. 2;RC2-1645-000;PLATE, CANON LOGO;
Canon;Canon i-SENSYS LBP5300;100 EXTERNAL PANELS, COVERS, ETC. 2;RC2-1618-000;COVER, REAR;
Canon;Canon i-SENSYS LBP5300;100 EXTERNAL PANELS, COVERS, ETC. 2;RM1-4295-000;RIGHT COVER ASSY;
Canon;Canon i-SENSYS LBP5300;100 EXTERNAL PANELS, COVERS, ETC. 2;RM1-2584-000;DUPLEXING PCB ASSY;
Canon;Canon i-SENSYS LBP5300;100 EXTERNAL PANELS, COVERS, ETC. 2;RC2-1760-000;ARM, COVER, RIGHT;
Canon;Canon i-SENSYS LBP5300;100 EXTERNAL PANELS, COVERS, ETC. 2;RM1-2710-000;M.P. EXTENSION TRAY ASSY;
Canon;Canon i-SENSYS LBP5300;100 EXTERNAL PANELS, COVERS, ETC. 2;RM1-4299-000;FACE-DOWN TRAY ASSY;
Canon;Canon i-SENSYS LBP5300;100 EXTERNAL PANELS, COVERS, ETC. 2;RM1-4341-000;TOP COVER ASSY;
Canon;Canon i-SENSYS LBP5300;100 EXTERNAL PANELS, COVERS, ETC. 2;RM1-2620-000;CABLE, PAPER FULL;
Canon;Canon i-SENSYS LBP5300;100 EXTERNAL PANELS, COVERS, ETC. 2;RM1-4297-000;UPPER COVER ASSY;
Canon;Canon i-SENSYS LBP5300;100 EXTERNAL PANELS, COVERS, ETC. 2;RC2-1631-000;LID, COVER, REAR;
Canon;Canon i-SENSYS LBP5300;100 EXTERNAL PANELS, COVERS, ETC. 2;RC2-1651-000;LABEL, FIXING JAM CLEARING;
Canon;Canon i-SENSYS LBP5300;100 EXTERNAL PANELS, COVERS, ETC. 2;RM1-4387-000;MULTI COVER ASSY;EUR
Canon;Canon i-SENSYS LBP5300;100 EXTERNAL PANELS, COVERS, ETC. 2;RM1-4347-000;MULTI COVER ASSY;EXCEPT EUR
Canon;Canon i-SENSYS LBP5300;100 EXTERNAL PANELS, COVERS, ETC. 2;RC2-1655-000;LABEL, JAM DISPOSE CAUTION;
Canon;Canon i-SENSYS LBP5300;100 EXTERNAL PANELS, COVERS, ETC. 2;RC2-1654-000;LABEL, CARTRIDGE EXCHANGE;
Canon;Canon i-SENSYS LBP5300;100 EXTERNAL PANELS, COVERS, ETC. 2;NPN;EXTERNAL PANELS, COVERS, ETC.;
Canon;Canon i-SENSYS LBP5300;101 FRONT COVER ASSY;RK2-0954-000;FAN;
Canon;Canon i-SENSYS LBP5300;101 FRONT COVER ASSY;RM1-4356-000;HANDLE COVER ASSY;
Canon;Canon i-SENSYS LBP5300;101 FRONT COVER ASSY;RM1-4298-000;FRONT COVER ASSY;EXCEPT JP
Canon;Canon i-SENSYS LBP5300;101 FRONT COVER ASSY;RM1-4386-000;FRONT COVER ASSY;JP
Canon;Canon i-SENSYS LBP5300;102 INTERNAL COMPONENTS 1;RC1-6631-000;HOLDER, FAN;
Canon;Canon i-SENSYS LBP5300;102 INTERNAL COMPONENTS 1;RC1-6632-000;DUCT, FAN;
Canon;Canon i-SENSYS LBP5300;102 INTERNAL COMPONENTS 1;RC1-6633-000;LEVER, LOCK, LEFT;
Canon;Canon i-SENSYS LBP5300;102 INTERNAL COMPONENTS 1;RC1-6634-000;SPRING, TENSION;
Canon;Canon i-SENSYS LBP5300;102 INTERNAL COMPONENTS 1;RC1-6636-000;LEVER, LOCK SLIDE, LEFT;
Canon;Canon i-SENSYS LBP5300;102 INTERNAL COMPONENTS 1;RC1-6643-000;LEVER, LOCK SLIDE, RIGHT;
Canon;Canon i-SENSYS LBP5300;102 INTERNAL COMPONENTS 1;RC1-6645-000;CAM, SLIDE, RIGHT;
Canon;Canon i-SENSYS LBP5300;102 INTERNAL COMPONENTS 1;RC1-6701-000;SUPPORT, RIGHT LOWER, REAR;
Canon;Canon i-SENSYS LBP5300;102 INTERNAL COMPONENTS 1;RC1-7618-000;LEVER, LOCK, LEFT UPPER;
Canon;Canon i-SENSYS LBP5300;102 INTERNAL COMPONENTS 1;RC1-6824-020;COVER, SIDE PLATE, RIGHT;
Canon;Canon i-SENSYS LBP5300;102 INTERNAL COMPONENTS 1;RC1-7549-000;CROSSMEMBER, RIGHT LOWER, FR.;
Canon;Canon i-SENSYS LBP5300;102 INTERNAL COMPONENTS 1;RC1-7583-000;SPRING, GROUNDING;
Canon;Canon i-SENSYS LBP5300;102 INTERNAL COMPONENTS 1;RK2-0954-000;FAN;
Canon;Canon i-SENSYS LBP5300;102 INTERNAL COMPONENTS 1;RC1-6640-020;LEVER, LOCK, RIGHT;
Canon;Canon i-SENSYS LBP5300;102 INTERNAL COMPONENTS 1;RC1-6641-000;SPRING, GROUNDING;
Canon;Canon i-SENSYS LBP5300;102 INTERNAL COMPONENTS 1;RC1-6677-000;SPRING, TENSION;
Canon;Canon i-SENSYS LBP5300;102 INTERNAL COMPONENTS 1;RL1-1068-000;SUPPORT, RACK;
Canon;Canon i-SENSYS LBP5300;102 INTERNAL COMPONENTS 1;RC1-6629-000;GUIDE, CARTRIDGE, LEFT;
Canon;Canon i-SENSYS LBP5300;102 INTERNAL COMPONENTS 1;RC1-6875-000;PLATE, REINFORCEMENT, LEFT;
Canon;Canon i-SENSYS LBP5300;102 INTERNAL COMPONENTS 1;RC1-6571-000;GEAR, 58T;
Canon;Canon i-SENSYS LBP5300;102 INTERNAL COMPONENTS 1;RC1-6573-000;BUSHING;
Canon;Canon i-SENSYS LBP5300;102 INTERNAL COMPONENTS 1;RC1-6574-000;BASE, DEV. OUTPUT GEAR;
Canon;Canon i-SENSYS LBP5300;102 INTERNAL COMPONENTS 1;RC1-6575-000;GEAR, 29T;
Canon;Canon i-SENSYS LBP5300;102 INTERNAL COMPONENTS 1;RM1-2677-000;CARTRIDGE GUIDE RIGHT ASSY;
Canon;Canon i-SENSYS LBP5300;102 INTERNAL COMPONENTS 1;RM1-2683-020;CONTACT HOLDER ASSY;
Canon;Canon i-SENSYS LBP5300;102 INTERNAL COMPONENTS 1;RM1-4382-000;CONTROL PANEL ASSY;LBP5300 CN
Canon;Canon i-SENSYS LBP5300;102 INTERNAL COMPONENTS 1;RM1-4381-000;CONTROL PANEL ASSY;LBP5300 EUR
Canon;Canon i-SENSYS LBP5300;102 INTERNAL COMPONENTS 1;RM1-4380-000;CONTROL PANEL ASSY;LBP5300 JP
Canon;Canon i-SENSYS LBP5300;102 INTERNAL COMPONENTS 1;RM1-4354-000;CONTROL PANEL ASSY;LBP5300 US/AU/ASIA
Canon;Canon i-SENSYS LBP5300;102 INTERNAL COMPONENTS 1;XA9-1500-000;SCREW, RS, M3X8;
Canon;Canon i-SENSYS LBP5300;102 INTERNAL COMPONENTS 1;RC1-6679-000;COVER, LOCK CLAW;
Canon;Canon i-SENSYS LBP5300;102 INTERNAL COMPONENTS 1;RC1-6744-000;GUIDE, DUPLEXING EXTERNAL;
Canon;Canon i-SENSYS LBP5300;102 INTERNAL COMPONENTS 1;RC1-6795-000;COVER, GUIDE CROSSMEMBER;
Canon;Canon i-SENSYS LBP5300;102 INTERNAL COMPONENTS 1;RC1-7552-000;SPRING, TENSION;
Canon;Canon i-SENSYS LBP5300;102 INTERNAL COMPONENTS 1;RC1-7594-000;LABEL, CARTRIDGE POSITIONING;
Canon;Canon i-SENSYS LBP5300;102 INTERNAL COMPONENTS 1;RC1-7554-010;LATCH, LEFT;
Canon;Canon i-SENSYS LBP5300;102 INTERNAL COMPONENTS 1;RC1-7555-010;LATCH, RIGHT;
Canon;Canon i-SENSYS LBP5300;102 INTERNAL COMPONENTS 1;RC1-7567-000;COVER, PANEL CABLE;
Canon;Canon i-SENSYS LBP5300;102 INTERNAL COMPONENTS 1;RC1-6618-000;MOUNT, FIXING GUIDE, RIGHT;
Canon;Canon i-SENSYS LBP5300;102 INTERNAL COMPONENTS 1;RC1-6619-000;MOUNT, FIXING GUIDE, LEFT;
Canon;Canon i-SENSYS LBP5300;102 INTERNAL COMPONENTS 1;RC1-6694-000;FRAME, CONTROL PANEL;
Canon;Canon i-SENSYS LBP5300;102 INTERNAL COMPONENTS 1;RC1-7547-000;DUCT, 2;
Canon;Canon i-SENSYS LBP5300;102 INTERNAL COMPONENTS 1;RC1-7548-000;DUCT, 3;
Canon;Canon i-SENSYS LBP5300;102 INTERNAL COMPONENTS 1;RC1-7562-000;HOLDER, TOGGLE, LEFT;
Canon;Canon i-SENSYS LBP5300;102 INTERNAL COMPONENTS 1;RC1-7563-000;HOLDER, TOGGLE, RIGHT;
Canon;Canon i-SENSYS LBP5300;102 INTERNAL COMPONENTS 1;RM1-2596-000;CABLE, PANEL;
Canon;Canon i-SENSYS LBP5300;102 INTERNAL COMPONENTS 1;XD3-1200-102;SPRING PIN;
Canon;Canon i-SENSYS LBP5300;102 INTERNAL COMPONENTS 1;XB4-7401-005;SCREW,TAPPING,TRUSS HEAD,M4X10;
Canon;Canon i-SENSYS LBP5300;102 INTERNAL COMPONENTS 1;NPN;INTERNAL COMPONENTS 1;
Canon;Canon i-SENSYS LBP5300;103 INTERNAL COMPONENTS 2;RC1-6579-000;CAM, DEV.ESTRANGEMENT, 1;
Canon;Canon i-SENSYS LBP5300;103 INTERNAL COMPONENTS 2;RC1-6580-000;CAM, DEV.ESTRANGEMENT, 2;
Canon;Canon i-SENSYS LBP5300;103 INTERNAL COMPONENTS 2;RC1-6581-000;CAM, DEV.ESTRANGEMENT, 3;
Canon;Canon i-SENSYS LBP5300;103 INTERNAL COMPONENTS 2;RC1-6582-000;CAM, DEV.ESTRANGEMENT, 4;
Canon;Canon i-SENSYS LBP5300;103 INTERNAL COMPONENTS 2;RC1-6583-000;SHAFT, DEV.ESTRANGEMENT;
Canon;Canon i-SENSYS LBP5300;103 INTERNAL COMPONENTS 2;RC1-6584-000;CAM/GEAR, 48T;
Canon;Canon i-SENSYS LBP5300;103 INTERNAL COMPONENTS 2;RC1-6589-000;GEAR, 41T;
Canon;Canon i-SENSYS LBP5300;103 INTERNAL COMPONENTS 2;RC1-6593-000;GEAR, 19T/30T;
Canon;Canon i-SENSYS LBP5300;103 INTERNAL COMPONENTS 2;RC1-6594-000;GEAR, 31T;
Canon;Canon i-SENSYS LBP5300;103 INTERNAL COMPONENTS 2;RC1-6596-000;GEAR, 17T/41T;
Canon;Canon i-SENSYS LBP5300;103 INTERNAL COMPONENTS 2;RC1-6605-000;FLAG, DEV.ESTRANGEMENT;
Canon;Canon i-SENSYS LBP5300;103 INTERNAL COMPONENTS 2;RC1-6668-000;COVER, CROSSMEMBER, UPPER;
Canon;Canon i-SENSYS LBP5300;103 INTERNAL COMPONENTS 2;RC1-6682-000;GUIDE, CABLE, RIGHT, 1;
Canon;Canon i-SENSYS LBP5300;103 INTERNAL COMPONENTS 2;RC1-6823-000;BUSHING;
Canon;Canon i-SENSYS LBP5300;103 INTERNAL COMPONENTS 2;RC1-7544-000;GUIDE, CABLE, RIGHT, 3;
Canon;Canon i-SENSYS LBP5300;103 INTERNAL COMPONENTS 2;RC1-7545-000;GUIDE, CABLE, RIGHT, 4;
Canon;Canon i-SENSYS LBP5300;103 INTERNAL COMPONENTS 2;RC1-7576-000;CROSSMEMBER, DRIVE SIDE PLATE;
Canon;Canon i-SENSYS LBP5300;103 INTERNAL COMPONENTS 2;RC1-6651-000;COVER, SHUTTER, LEFT;
Canon;Canon i-SENSYS LBP5300;103 INTERNAL COMPONENTS 2;RC1-6771-020;HOLDER, TONER CARTRIDGE;
Canon;Canon i-SENSYS LBP5300;103 INTERNAL COMPONENTS 2;RK2-0966-000;CABLE, SCANNER FLAT;
Canon;Canon i-SENSYS LBP5300;103 INTERNAL COMPONENTS 2;RK2-0967-000;CABLE, SCANNER FLAT;
Canon;Canon i-SENSYS LBP5300;103 INTERNAL COMPONENTS 2;RM1-2585-000;CARTRIDGE SENSOR PCB ASSY;
Canon;Canon i-SENSYS LBP5300;103 INTERNAL COMPONENTS 2;RM1-2594-000;CABLE, SCANNER;
Canon;Canon i-SENSYS LBP5300;103 INTERNAL COMPONENTS 2;RM1-2689-000;DRIVE MOTOR ASSY;
Canon;Canon i-SENSYS LBP5300;103 INTERNAL COMPONENTS 2;XA9-1449-000;SCREW, RS, M3X8;
Canon;Canon i-SENSYS LBP5300;103 INTERNAL COMPONENTS 2;RC1-7597-000;LEVER, SENSING;
Canon;Canon i-SENSYS LBP5300;103 INTERNAL COMPONENTS 2;RC1-7598-000;SPRING, TENSION;
Canon;Canon i-SENSYS LBP5300;103 INTERNAL COMPONENTS 2;RM1-2751-000;MAIN DRIVE ASSY;
Canon;Canon i-SENSYS LBP5300;103 INTERNAL COMPONENTS 2;RM1-2627-000;CABLE, TAG MEMORY;
Canon;Canon i-SENSYS LBP5300;103 INTERNAL COMPONENTS 2;NPN;INTERNAL COMPONENTS 2;
Canon;Canon i-SENSYS LBP5300;104 INTERNAL COMPONENTS 3;RC1-6405-000;COVER, GEAR;
Canon;Canon i-SENSYS LBP5300;104 INTERNAL COMPONENTS 3;RC1-6499-000;GUIDE, CASSETTE FRONT, LEFT;
Canon;Canon i-SENSYS LBP5300;104 INTERNAL COMPONENTS 3;RC1-6502-000;GUIDE, CASSETTE FRONT, RIGHT;
Canon;Canon i-SENSYS LBP5300;104 INTERNAL COMPONENTS 3;RC1-6702-000;BRACKET, RIGHT REAR;
Canon;Canon i-SENSYS LBP5300;104 INTERNAL COMPONENTS 3;RC1-6638-000;CAM, SLIDE, LEFT;
Canon;Canon i-SENSYS LBP5300;104 INTERNAL COMPONENTS 3;RC1-6639-000;ROD, LINK, LEFT;
Canon;Canon i-SENSYS LBP5300;104 INTERNAL COMPONENTS 3;RC1-6646-000;ROD, LINK, RIGHT;
Canon;Canon i-SENSYS LBP5300;104 INTERNAL COMPONENTS 3;RC1-6650-000;FOOT, REAR;
Canon;Canon i-SENSYS LBP5300;104 INTERNAL COMPONENTS 3;RC1-6670-000;MOUNT, HINGE, RIGHT;
Canon;Canon i-SENSYS LBP5300;104 INTERNAL COMPONENTS 3;RC1-6673-000;HOLDER, E.T.B., LEFT;
Canon;Canon i-SENSYS LBP5300;104 INTERNAL COMPONENTS 3;RC1-6674-000;HOLDER, E.T.B., RIGHT;
Canon;Canon i-SENSYS LBP5300;104 INTERNAL COMPONENTS 3;RC1-6675-000;COVER, CONNECTOR;
Canon;Canon i-SENSYS LBP5300;104 INTERNAL COMPONENTS 3;RC1-6676-000;COVER, E.T.B. HOLDER, LEFT;
Canon;Canon i-SENSYS LBP5300;104 INTERNAL COMPONENTS 3;RC1-6680-000;COVER, E.T.B. HOLDER, RIGHT;
Canon;Canon i-SENSYS LBP5300;104 INTERNAL COMPONENTS 3;RC1-6683-000;GUIDE, CABLE, RIGHT 2;
Canon;Canon i-SENSYS LBP5300;104 INTERNAL COMPONENTS 3;RC1-6684-000;MOUNT, HINGE, LEFT;
Canon;Canon i-SENSYS LBP5300;104 INTERNAL COMPONENTS 3;RC1-7566-000;SPRING, COMPRESSION;
Canon;Canon i-SENSYS LBP5300;104 INTERNAL COMPONENTS 3;RC1-6777-000;SPRING, GROUNDING;
Canon;Canon i-SENSYS LBP5300;104 INTERNAL COMPONENTS 3;RC1-6786-000;PLATE, GROUNDING;
Canon;Canon i-SENSYS LBP5300;104 INTERNAL COMPONENTS 3;RC1-7591-000;LABEL, POSITIONING, RIGHT;
Canon;Canon i-SENSYS LBP5300;104 INTERNAL COMPONENTS 3;RC1-7592-000;LABEL, POSITIONING, LEFT;
Canon;Canon i-SENSYS LBP5300;104 INTERNAL COMPONENTS 3;XA9-1500-000;SCREW, RS, M3X8;
Canon;Canon i-SENSYS LBP5300;104 INTERNAL COMPONENTS 3;RC1-6776-000;SPRING, GROUNDING;
Canon;Canon i-SENSYS LBP5300;104 INTERNAL COMPONENTS 3;RM1-2609-000;CABLE, DUPLEXING DOCKING;
Canon;Canon i-SENSYS LBP5300;104 INTERNAL COMPONENTS 3;RK2-0939-000;MOTOR, AC24V, 9W;
Canon;Canon i-SENSYS LBP5300;104 INTERNAL COMPONENTS 3;RM1-2603-000;CABLE, SENSOR;
Canon;Canon i-SENSYS LBP5300;104 INTERNAL COMPONENTS 3;VS1-7258-014;CONNECTOR, DRAWER;
Canon;Canon i-SENSYS LBP5300;104 INTERNAL COMPONENTS 3;RC1-6833-020;PLATE, PLATE LOCK RELEASE, MD.;
Canon;Canon i-SENSYS LBP5300;104 INTERNAL COMPONENTS 3;RM1-2678-000;RIGHT REAR BASE ASSY;
Canon;Canon i-SENSYS LBP5300;104 INTERNAL COMPONENTS 3;RM1-2576-000;CASSETTE SENSOR PCB ASSY;
Canon;Canon i-SENSYS LBP5300;104 INTERNAL COMPONENTS 3;RL1-1064-000;BASE, LEFT FRONT;
Canon;Canon i-SENSYS LBP5300;104 INTERNAL COMPONENTS 3;RC1-6624-000;BASE, LEFT REAR;
Canon;Canon i-SENSYS LBP5300;104 INTERNAL COMPONENTS 3;RC1-6501-000;GUIDE, CASSETTE REAR, LEFT;
Canon;Canon i-SENSYS LBP5300;104 INTERNAL COMPONENTS 3;RL1-1069-000;PLATE, GEAR, 3;
Canon;Canon i-SENSYS LBP5300;104 INTERNAL COMPONENTS 3;RL1-1067-000;FOOT RUBBER ASSY, FRONT;
Canon;Canon i-SENSYS LBP5300;104 INTERNAL COMPONENTS 3;RC1-6420-000;GEAR, 26T/34T;
Canon;Canon i-SENSYS LBP5300;104 INTERNAL COMPONENTS 3;RC2-2745-000;LABEL, JAM CLEARING;
Canon;Canon i-SENSYS LBP5300;104 INTERNAL COMPONENTS 3;NPN;INTERNAL COMPONENTS 3;
Canon;Canon i-SENSYS LBP5300;105 INTERNAL COMPONENTS 4;RC1-6652-000;HOLDER, DRAWER CONNECTOR;
Canon;Canon i-SENSYS LBP5300;105 INTERNAL COMPONENTS 4;RC1-6653-000;HOLDER, DRAWER;
Canon;Canon i-SENSYS LBP5300;105 INTERNAL COMPONENTS 4;RC1-6681-000;GUIDE, CABLE, LEFT;
Canon;Canon i-SENSYS LBP5300;105 INTERNAL COMPONENTS 4;RC1-6700-000;ARM, SWITCH LINK;
Canon;Canon i-SENSYS LBP5300;105 INTERNAL COMPONENTS 4;RC1-6772-000;GUIDE, FLEXIBLE FLAT CABLE, 1;
Canon;Canon i-SENSYS LBP5300;105 INTERNAL COMPONENTS 4;RC1-6773-000;GUIDE, FLEXIBLE FLAT CABLE, 2;
Canon;Canon i-SENSYS LBP5300;105 INTERNAL COMPONENTS 4;RC1-6825-000;GUARD, CABLE;
Canon;Canon i-SENSYS LBP5300;105 INTERNAL COMPONENTS 4;RC1-7551-000;BRACKET, LEFT, REAR;
Canon;Canon i-SENSYS LBP5300;105 INTERNAL COMPONENTS 4;WP2-5214-000;SENSOR UNIT, TEMPERATURE;
Canon;Canon i-SENSYS LBP5300;105 INTERNAL COMPONENTS 4;XA9-1449-000;SCREW, RS, M3X8;
Canon;Canon i-SENSYS LBP5300;105 INTERNAL COMPONENTS 4;RM1-2581-000;DRIVER PCB ASSY;
Canon;Canon i-SENSYS LBP5300;105 INTERNAL COMPONENTS 4;RM1-2595-000;CABLE, ENVIRONMENT SENSOR;
Canon;Canon i-SENSYS LBP5300;105 INTERNAL COMPONENTS 4;RM1-2608-000;CABLE, E.T.B.;
Canon;Canon i-SENSYS LBP5300;105 INTERNAL COMPONENTS 4;RM1-2610-000;CABLE, DRUM MOTOR;
Canon;Canon i-SENSYS LBP5300;105 INTERNAL COMPONENTS 4;RM1-2611-000;CABLE, SOLENOID;
Canon;Canon i-SENSYS LBP5300;105 INTERNAL COMPONENTS 4;RM1-2613-000;CABLE;
Canon;Canon i-SENSYS LBP5300;105 INTERNAL COMPONENTS 4;RM1-2614-000;CABLE, DRUM MOTOR;
Canon;Canon i-SENSYS LBP5300;105 INTERNAL COMPONENTS 4;VS1-7258-007;CONNECTOR, DRAWER;
Canon;Canon i-SENSYS LBP5300;105 INTERNAL COMPONENTS 4;XA9-1500-000;SCREW, RS, M3X8;
Canon;Canon i-SENSYS LBP5300;105 INTERNAL COMPONENTS 4;RK2-1563-040;LOW VOLTAGE POWER PCB ASSY;100V/120V
Canon;Canon i-SENSYS LBP5300;105 INTERNAL COMPONENTS 4;RK2-1564-040;LOW VOLTAGE POWER PCB ASSY;230V
Canon;Canon i-SENSYS LBP5300;105 INTERNAL COMPONENTS 4;RM1-2597-000;FIXING UNIT CABLE ASSY;
Canon;Canon i-SENSYS LBP5300;105 INTERNAL COMPONENTS 4;VS1-7177-002;CONNECTOR, DRAWER;
Canon;Canon i-SENSYS LBP5300;105 INTERNAL COMPONENTS 4;RM1-2605-000;CABLE, DRIVE POWER;
Canon;Canon i-SENSYS LBP5300;105 INTERNAL COMPONENTS 4;RM1-2640-000;SCANNER ASSY;
Canon;Canon i-SENSYS LBP5300;105 INTERNAL COMPONENTS 4;RM1-4097-000;POWER CORD, 100V;JP
Canon;Canon i-SENSYS LBP5300;105 INTERNAL COMPONENTS 4;RH9-1169-000;CORD, POWER;AU
Canon;Canon i-SENSYS LBP5300;105 INTERNAL COMPONENTS 4;RH9-1170-000;CORD, POWER , 230V;EUR/ASIA
Canon;Canon i-SENSYS LBP5300;105 INTERNAL COMPONENTS 4;RH9-1169-000;CORD, POWER;US
Canon;Canon i-SENSYS LBP5300;105 INTERNAL COMPONENTS 4;RH9-1166-000;CORD, POWER;CN
Canon;Canon i-SENSYS LBP5300;105 INTERNAL COMPONENTS 4;RM1-2670-000;INTERLOCK SWITCH ASSY;
Canon;Canon i-SENSYS LBP5300;105 INTERNAL COMPONENTS 4;RH9-1171-000;WIRE, GROUNDING;JP
Canon;Canon i-SENSYS LBP5300;105 INTERNAL COMPONENTS 4;XB4-7401-005;SCREW,TAPPING,TRUSS HEAD,M4X10;
Canon;Canon i-SENSYS LBP5300;105 INTERNAL COMPONENTS 4;NPN;INTERNAL COMPONENTS 4;
Canon;Canon i-SENSYS LBP5300;106 INTERNAL COMPONENTS 5;RK2-1302-000;CABLE, USB HOST POWER SUPPLY;ASIA/CN
Canon;Canon i-SENSYS LBP5300;106 INTERNAL COMPONENTS 5;RH9-1171-000;WIRE, GROUNDING;JP
Canon;Canon i-SENSYS LBP5300;106 INTERNAL COMPONENTS 5;RC2-1634-000;ARM, SWITCH;
Canon;Canon i-SENSYS LBP5300;106 INTERNAL COMPONENTS 5;RK2-0969-000;CABLE, DRIVE FLAT, 1;
Canon;Canon i-SENSYS LBP5300;106 INTERNAL COMPONENTS 5;RK2-0970-000;CABLE, DRIVE FLAT, 2;
Canon;Canon i-SENSYS LBP5300;106 INTERNAL COMPONENTS 5;RC1-7546-000;DUCT, 1;
Canon;Canon i-SENSYS LBP5300;106 INTERNAL COMPONENTS 5;RM1-4343-000;REAR SIDE PLATE ASSY;
Canon;Canon i-SENSYS LBP5300;106 INTERNAL COMPONENTS 5;RM1-2578-120;HIGH-VOLTAGE PCB ASSY;
Canon;Canon i-SENSYS LBP5300;106 INTERNAL COMPONENTS 5;RM1-3912-000;VIDEO CONTROLLER PCB ASSY;
Canon;Canon i-SENSYS LBP5300;106 INTERNAL COMPONENTS 5;RM1-4421-000;CONTROLLER PCB ASSY;
Canon;Canon i-SENSYS LBP5300;106 INTERNAL COMPONENTS 5;RM1-2587-000;CABLE, PANEL CONNECTING;
Canon;Canon i-SENSYS LBP5300;106 INTERNAL COMPONENTS 5;RM1-2592-000;CABLE, POWER CONTROL;
Canon;Canon i-SENSYS LBP5300;106 INTERNAL COMPONENTS 5;FM2-6644-000;USB BOARD PCB ASSEMBLY;
Canon;Canon i-SENSYS LBP5300;106 INTERNAL COMPONENTS 5;FM3-0628-000;NETWORK BOARD PCB ASSY;
Canon;Canon i-SENSYS LBP5300;106 INTERNAL COMPONENTS 5;RM1-2632-000;RELAY PCB ASSY;
Canon;Canon i-SENSYS LBP5300;106 INTERNAL COMPONENTS 5;XA9-1671-000;SCREW, D, M3X8;
Canon;Canon i-SENSYS LBP5300;106 INTERNAL COMPONENTS 5;RC1-7599-000;SHIELD, PCB;
Canon;Canon i-SENSYS LBP5300;106 INTERNAL COMPONENTS 5;RC1-6607-000;COVER, CONNECTOR;
Canon;Canon i-SENSYS LBP5300;106 INTERNAL COMPONENTS 5;RC1-6611-000;COVER, PAPER SENSOR;
Canon;Canon i-SENSYS LBP5300;106 INTERNAL COMPONENTS 5;RC1-6612-000;COVER, REGISTRATION SENSOR;
Canon;Canon i-SENSYS LBP5300;106 INTERNAL COMPONENTS 5;NPN;INTERNAL COMPONENTS 5;
Canon;Canon i-SENSYS LBP5300;260 PAPER PICK-UP DRIVE ASSY;RM1-2679-020;PAPER PICK-UP DRIVE ASSY;
Canon;Canon i-SENSYS LBP5300;265 DUPLEXING FEED DRIVE ASSY;RM1-2720-000;DUPLEXING FEED DRIVE ASSY;
Canon;Canon i-SENSYS LBP5300;266 DUPLEXING REVERSE DRIVE ASSY;RM1-2616-000;CABLE, DUPLEXING;
Canon;Canon i-SENSYS LBP5300;266 DUPLEXING REVERSE DRIVE ASSY;VS1-7207-020;CONNECTOR, SNAP TIGHT;
Canon;Canon i-SENSYS LBP5300;266 DUPLEXING REVERSE DRIVE ASSY;RM1-2618-000;CABLE, DUPLEXING SENSOR;
Canon;Canon i-SENSYS LBP5300;266 DUPLEXING REVERSE DRIVE ASSY;RM1-2617-000;CABLE, DUPLEXING;
Canon;Canon i-SENSYS LBP5300;266 DUPLEXING REVERSE DRIVE ASSY;RM1-2721-000;DUPLEXING REVERSE DRIVE ASSY;
Canon;Canon i-SENSYS LBP5300;270 DEV. ESTRANGEMENT DRIVE ASSY;RM1-2687-000;DEV. ESTRANGEMENT DRIVE ASSY;
Canon;Canon i-SENSYS LBP5300;280 FIXING DRIVE ASSY;RM1-2619-000;CABLE, FIXING DRIVE;
Canon;Canon i-SENSYS LBP5300;280 FIXING DRIVE ASSY;RM1-2758-000;FIXING DRIVE ASSY;
Canon;Canon i-SENSYS LBP5300;300 CASSETTE;RC1-6461-000;SPRING, GROUNDING;
Canon;Canon i-SENSYS LBP5300;300 CASSETTE;RC1-6462-000;BODY, CASSETTE;
Canon;Canon i-SENSYS LBP5300;300 CASSETTE;RC1-7649-000;SPRING, COMPRESSION;
Canon;Canon i-SENSYS LBP5300;300 CASSETTE;RC1-7644-000;LOCK, PAPER LIFTING PLATE, 1;
Canon;Canon i-SENSYS LBP5300;300 CASSETTE;RC1-6465-000;SPRING, COMPRESSION;
Canon;Canon i-SENSYS LBP5300;300 CASSETTE;RC2-1605-000;COVER, CASSETTE, FRONT;
Canon;Canon i-SENSYS LBP5300;300 CASSETTE;RC1-6492-000;CAM, LEFT;
Canon;Canon i-SENSYS LBP5300;300 CASSETTE;RC1-6493-000;CAM, RIGHT;
Canon;Canon i-SENSYS LBP5300;300 CASSETTE;RC1-6494-000;RACK, LEFT;
Canon;Canon i-SENSYS LBP5300;300 CASSETTE;RC1-6495-000;RACK, RIGHT;
Canon;Canon i-SENSYS LBP5300;300 CASSETTE;RC1-6498-000;SPRING, COMPRESSION;
Canon;Canon i-SENSYS LBP5300;300 CASSETTE;RC1-6540-020;GUIDE, CASSETTE PAPER;
Canon;Canon i-SENSYS LBP5300;300 CASSETTE;RC1-6780-020;FRAME, CASSETTE, FRONT;
Canon;Canon i-SENSYS LBP5300;300 CASSETTE;RC2-1606-000;ARM, REMNANT INDICATION;
Canon;Canon i-SENSYS LBP5300;300 CASSETTE;RC1-6787-000;SPRING, COMPRESSION;
Canon;Canon i-SENSYS LBP5300;300 CASSETTE;RC1-6788-000;SPRING, COMPRESSION;
Canon;Canon i-SENSYS LBP5300;300 CASSETTE;RC1-7570-000;ROLLER, CAM;
Canon;Canon i-SENSYS LBP5300;300 CASSETTE;RC1-7601-000;STOPPER, CASSETTE, LEFT;
Canon;Canon i-SENSYS LBP5300;300 CASSETTE;RC1-7602-000;STOPPER, CASSETTE, RIGHT;
Canon;Canon i-SENSYS LBP5300;300 CASSETTE;RL1-1074-000;PLATE, PAPER LIFTING;
Canon;Canon i-SENSYS LBP5300;300 CASSETTE;RU5-0328-000;GEAR, 10T;
Canon;Canon i-SENSYS LBP5300;300 CASSETTE;RM1-2706-020;BACK END LIMIT ASSY;
Canon;Canon i-SENSYS LBP5300;300 CASSETTE;RM1-2707-000;PAPER SIDE END RIGHT ASSY;
Canon;Canon i-SENSYS LBP5300;300 CASSETTE;RM1-2708-000;PAPER SIDE END LEFT ASSY;
Canon;Canon i-SENSYS LBP5300;300 CASSETTE;RM1-2709-000;SEPARATION HOLDER ASSY;
Canon;Canon i-SENSYS LBP5300;300 CASSETTE;RC2-1650-000;LABEL, 250 CASSETTE;
Canon;Canon i-SENSYS LBP5300;300 CASSETTE;RM1-4296-000;CASSETTE;
Canon;Canon i-SENSYS LBP5300;300 CASSETTE;RC1-7645-000;LOCK, PAPER LIFTING PLATE, 2;
Canon;Canon i-SENSYS LBP5300;300 CASSETTE;RC2-2746-000;LABEL, JAM CLEARING;
Canon;Canon i-SENSYS LBP5300;300 CASSETTE;XB4-7401-005;SCREW,TAPPING,TRUSS HEAD,M4X10;
Canon;Canon i-SENSYS LBP5300;300 CASSETTE;NPN;CASSETTE;
Canon;Canon i-SENSYS LBP5300;310 PAPER PICK-UP ASSY;RM1-2741-000;MULTI-PURPOSE ROLLER ASSY;
Canon;Canon i-SENSYS LBP5300;310 PAPER PICK-UP ASSY;RC1-6609-000;COVER, CASSETTE ROLLER;
Canon;Canon i-SENSYS LBP5300;310 PAPER PICK-UP ASSY;RM1-2702-000;CST. PICK-UP ROLLER ASSY;
Canon;Canon i-SENSYS LBP5300;310 PAPER PICK-UP ASSY;RM1-2699-000;MULTI-PURPOSE SEP. PAD ASSY;
Canon;Canon i-SENSYS LBP5300;310 PAPER PICK-UP ASSY;XA9-1671-008;SCREW, D, M3X8;
Canon;Canon i-SENSYS LBP5300;310 PAPER PICK-UP ASSY;RM1-2704-000;M.P. PAPER PICK-UP GEAR ASSY;
Canon;Canon i-SENSYS LBP5300;310 PAPER PICK-UP ASSY;RM1-2755-000;PAPER PICK-UP ASSY;
Canon;Canon i-SENSYS LBP5300;330 ELECT.TRANSPORT BELT ASSY;RC1-6323-020;BUSHING;
Canon;Canon i-SENSYS LBP5300;330 ELECT.TRANSPORT BELT ASSY;RC1-6324-000;BUSHING;
Canon;Canon i-SENSYS LBP5300;330 ELECT.TRANSPORT BELT ASSY;RC1-6350-000;SPRING, TENSION;
Canon;Canon i-SENSYS LBP5300;330 ELECT.TRANSPORT BELT ASSY;RC1-6370-000;COVER, E.T.B. CABLE, LEFT;
Canon;Canon i-SENSYS LBP5300;330 ELECT.TRANSPORT BELT ASSY;RC1-6854-000;ROLLER, ATTRACTION;
Canon;Canon i-SENSYS LBP5300;330 ELECT.TRANSPORT BELT ASSY;RK2-0937-000;MOTOR, DC;
Canon;Canon i-SENSYS LBP5300;330 ELECT.TRANSPORT BELT ASSY;VS1-7257-007;CONNECTOR, DRAWER;
Canon;Canon i-SENSYS LBP5300;330 ELECT.TRANSPORT BELT ASSY;RM1-2692-030;E.T.B. GEAR COVER ASSY;
Canon;Canon i-SENSYS LBP5300;330 ELECT.TRANSPORT BELT ASSY;RM1-2693-000;E.T.B. LEFT COVER ASSY;
Canon;Canon i-SENSYS LBP5300;330 ELECT.TRANSPORT BELT ASSY;RM1-2694-010;REG. SENSING HOLDER ASSY;
Canon;Canon i-SENSYS LBP5300;330 ELECT.TRANSPORT BELT ASSY;RC1-7590-000;LABEL, E.T.B. INSERT POSITION;
Canon;Canon i-SENSYS LBP5300;330 ELECT.TRANSPORT BELT ASSY;RK2-0944-000;SOLENOID;
Canon;Canon i-SENSYS LBP5300;330 ELECT.TRANSPORT BELT ASSY;RC1-7588-000;LABEL, E.T.B.;
Canon;Canon i-SENSYS LBP5300;330 ELECT.TRANSPORT BELT ASSY;RC1-7589-000;LABEL, E.T.B. INSERT POSITION;
Canon;Canon i-SENSYS LBP5300;330 ELECT.TRANSPORT BELT ASSY;XB4-7401-005;SCREW,TAPPING,TRUSS HEAD,M4X10;
Canon;Canon i-SENSYS LBP5300;330 ELECT.TRANSPORT BELT ASSY;RM1-2759-000;ELECT.TRANSPORT BELT ASSY;
Canon;Canon i-SENSYS LBP5300;331 ELECT.TRANS.BELT ASSY, DUPLEX;RM1-2718-000;DUPLEXING PAPER FEED ASSY;
Canon;Canon i-SENSYS LBP5300;331 ELECT.TRANS.BELT ASSY, DUPLEX;RM1-2719-000;POSITION GUIDE ASSY;
Canon;Canon i-SENSYS LBP5300;331 ELECT.TRANS.BELT ASSY, DUPLEX;XB4-7401-005;SCREW,TAPPING,TRUSS HEAD,M4X10;
Canon;Canon i-SENSYS LBP5300;331 ELECT.TRANS.BELT ASSY, DUPLEX;RM1-2752-060;ELECT.TRANS.BELT ASSY, DUPLEX;
Canon;Canon i-SENSYS LBP5300;351 MULTI PURPOSE TRAY ASSY;RM1-2711-030;MULTI PURPOSE TRAY ASSY;
Canon;Canon i-SENSYS LBP5300;360 DUPLEXING ASSY;RM1-2718-000;DUPLEXING PAPER FEED ASSY;
Canon;Canon i-SENSYS LBP5300;360 DUPLEXING ASSY;RM1-2719-000;POSITION GUIDE ASSY;
Canon;Canon i-SENSYS LBP5300;360 DUPLEXING ASSY;RM1-2722-010;LOWER GUIDE ASSY;
Canon;Canon i-SENSYS LBP5300;360 DUPLEXING ASSY;XB4-7401-005;SCREW,TAPPING,TRUSS HEAD,M4X10;
Canon;Canon i-SENSYS LBP5300;360 DUPLEXING ASSY;NPN;DUPLEXING ASSY;
Canon;Canon i-SENSYS LBP5300;810 FIXING ASSY;RC1-6229-030;ROLLER, PRESSURE;
Canon;Canon i-SENSYS LBP5300;810 FIXING ASSY;RC1-6230-020;COVER, PRE-FIXING;
Canon;Canon i-SENSYS LBP5300;810 FIXING ASSY;RC1-6234-010;COVER, FIXING, LEFT;
Canon;Canon i-SENSYS LBP5300;810 FIXING ASSY;RC1-6235-000;CROSSMEMBER, FIXING, REAR;
Canon;Canon i-SENSYS LBP5300;810 FIXING ASSY;RC1-6237-000;COVER, FIXING, LOWER;
Canon;Canon i-SENSYS LBP5300;810 FIXING ASSY;RC1-6245-000;PLATE, FIXING BASE;
Canon;Canon i-SENSYS LBP5300;810 FIXING ASSY;RC1-6254-020;GUIDE, FIXING ENTRANCE;
Canon;Canon i-SENSYS LBP5300;810 FIXING ASSY;RC1-6257-000;PLATE, SLEEVE PRESSURE, RIGHT;
Canon;Canon i-SENSYS LBP5300;810 FIXING ASSY;RC1-6258-000;PLATE, SLEEVE PRESSURE, LEFT;
Canon;Canon i-SENSYS LBP5300;810 FIXING ASSY;RC1-6259-000;SPRING, COMPRESSION;
Canon;Canon i-SENSYS LBP5300;810 FIXING ASSY;RC1-6260-000;HOLDER, PRESSURE SPRING;
Canon;Canon i-SENSYS LBP5300;810 FIXING ASSY;RC1-6261-000;SLIDER, CAM, 1;
Canon;Canon i-SENSYS LBP5300;810 FIXING ASSY;RC1-6262-000;GUIDE, CABLE;
Canon;Canon i-SENSYS LBP5300;810 FIXING ASSY;RC1-6263-000;BUSHING;
Canon;Canon i-SENSYS LBP5300;810 FIXING ASSY;RC1-6264-000;CAM, ESTRANGEMENT, RIGHT;
Canon;Canon i-SENSYS LBP5300;810 FIXING ASSY;RC1-6265-000;CAM, ESTRANGEMENT, LEFT;
Canon;Canon i-SENSYS LBP5300;810 FIXING ASSY;RC1-6266-000;GEAR, 15T;
Canon;Canon i-SENSYS LBP5300;810 FIXING ASSY;RC1-6267-000;GEAR, 15T;
Canon;Canon i-SENSYS LBP5300;810 FIXING ASSY;RC1-6268-000;SHAFT, CAM;
Canon;Canon i-SENSYS LBP5300;810 FIXING ASSY;RC1-6269-000;GEAR, 21T;
Canon;Canon i-SENSYS LBP5300;810 FIXING ASSY;RC1-6270-000;GEAR, 23T/23T;
Canon;Canon i-SENSYS LBP5300;810 FIXING ASSY;RC1-6275-000;GEAR, 31T;
Canon;Canon i-SENSYS LBP5300;810 FIXING ASSY;RC1-6276-000;GEAR, 23T/14T;
Canon;Canon i-SENSYS LBP5300;810 FIXING ASSY;RC1-6277-000;GEAR, 14T/17T;
Canon;Canon i-SENSYS LBP5300;810 FIXING ASSY;RC1-6281-020;GEAR, 22T/15T;
Canon;Canon i-SENSYS LBP5300;810 FIXING ASSY;RC1-6285-000;GEAR, 15T;
Canon;Canon i-SENSYS LBP5300;810 FIXING ASSY;RC1-6303-000;GEAR, 25T;
Canon;Canon i-SENSYS LBP5300;810 FIXING ASSY;RC1-6308-000;SLIDER, CAM, 2;
Canon;Canon i-SENSYS LBP5300;810 FIXING ASSY;RC1-6839-000;LOCK, FIXING, LEFT;
Canon;Canon i-SENSYS LBP5300;810 FIXING ASSY;RC1-6840-000;LOCK, FIXING, RIGHT;
Canon;Canon i-SENSYS LBP5300;810 FIXING ASSY;RC1-6841-000;SPRING, COMPRESSION;
Canon;Canon i-SENSYS LBP5300;810 FIXING ASSY;XA9-1671-000;SCREW, D, M3X8;
Canon;Canon i-SENSYS LBP5300;810 FIXING ASSY;RC1-6843-000;COVER;
Canon;Canon i-SENSYS LBP5300;810 FIXING ASSY;RC1-7572-000;RATCHET;
Canon;Canon i-SENSYS LBP5300;810 FIXING ASSY;RC1-7573-000;SPRING, COMPRESSION;
Canon;Canon i-SENSYS LBP5300;810 FIXING ASSY;RC1-7574-000;HOLDER, SPRING;
Canon;Canon i-SENSYS LBP5300;810 FIXING ASSY;RC1-7575-000;COVER, SHAFT;
Canon;Canon i-SENSYS LBP5300;810 FIXING ASSY;XA9-1449-000;SCREW, RS, M3X8;
Canon;Canon i-SENSYS LBP5300;810 FIXING ASSY;XD9-0234-000;RING, E;
Canon;Canon i-SENSYS LBP5300;810 FIXING ASSY;XD9-0235-000;RING, E;
Canon;Canon i-SENSYS LBP5300;810 FIXING ASSY;XG9-0572-000;BEARING, BALL;
Canon;Canon i-SENSYS LBP5300;810 FIXING ASSY;RM1-2586-000;RELAY PCB ASSY;
Canon;Canon i-SENSYS LBP5300;810 FIXING ASSY;RM1-4301-000;FIXING FILM GUIDE ASSY;100V
Canon;Canon i-SENSYS LBP5300;810 FIXING ASSY;RM1-2666-050;FIXING FILM GUIDE ASSY;120V
Canon;Canon i-SENSYS LBP5300;810 FIXING ASSY;RM1-2744-050;FIXING FILM GUIDE ASSY;230V
Canon;Canon i-SENSYS LBP5300;810 FIXING ASSY;RM1-2667-020;PAPER DELIVERY GUIDE ASSY;
Canon;Canon i-SENSYS LBP5300;810 FIXING ASSY;RC1-7632-000;LABEL, OPEN/CLOSE GUIDE;
Canon;Canon i-SENSYS LBP5300;810 FIXING ASSY;RM1-2746-000;HEAT INSULATING COVER ASSY;
Canon;Canon i-SENSYS LBP5300;810 FIXING ASSY;RM1-2601-000;CABLE, FIXING DC;
Canon;Canon i-SENSYS LBP5300;810 FIXING ASSY;RM1-2747-020;LOOP SENSOR HOLDER ASSY;
Canon;Canon i-SENSYS LBP5300;810 FIXING ASSY;RM1-2748-000;FIXING RIGHT COVER ASSY;
Canon;Canon i-SENSYS LBP5300;810 FIXING ASSY;RC2-1646-000;LABEL, FIXING, 1;
Canon;Canon i-SENSYS LBP5300;810 FIXING ASSY;RC1-7606-000;LABEL, HIGH TMP. CAUTION;
Canon;Canon i-SENSYS LBP5300;810 FIXING ASSY;RC2-1647-000;LABEL, FIXING, 2;
Canon;Canon i-SENSYS LBP5300;810 FIXING ASSY;RC1-6845-000;SPRING, TORSION;
Canon;Canon i-SENSYS LBP5300;810 FIXING ASSY;XD2-1100-242;WASHER, RETAINING;
Canon;Canon i-SENSYS LBP5300;810 FIXING ASSY;RM1-4300-000;FIXING ASSY;100V
Canon;Canon i-SENSYS LBP5300;810 FIXING ASSY;RM1-4348-000;FIXING ASSY;120V
Canon;Canon i-SENSYS LBP5300;810 FIXING ASSY;RM1-4349-000;FIXING ASSY;230V
