Canon;Canon i-SENSYS LBP352x;100B EXTERNAL COVERS, PANELS, ETC. (LBP351dn,LBP352dn);FE4-7997-000;COVER, TOP REAR;
Canon;Canon i-SENSYS LBP352x;100B EXTERNAL COVERS, PANELS, ETC. (LBP351dn,LBP352dn);FM1-U850-000;CABLE, PANEL GND;
Canon;Canon i-SENSYS LBP352x;100B EXTERNAL COVERS, PANELS, ETC. (LBP351dn,LBP352dn);FM1-J622-000;COVER, RIGHT FRONT;
Canon;Canon i-SENSYS LBP352x;100B EXTERNAL COVERS, PANELS, ETC. (LBP351dn,LBP352dn);FE4-8006-000;COVER, RIGHT REAR;
Canon;Canon i-SENSYS LBP352x;100B EXTERNAL COVERS, PANELS, ETC. (LBP351dn,LBP352dn);FM1-J624-000;OPERATION PANEL ASSY;
Canon;Canon i-SENSYS LBP352x;100B EXTERNAL COVERS, PANELS, ETC. (LBP351dn,LBP352dn);FE4-8007-000;COVER, LEGAL;
Canon;Canon i-SENSYS LBP352x;100B EXTERNAL COVERS, PANELS, ETC. (LBP351dn,LBP352dn);FM1-J610-000;FACE-UP TRAY ASSY;
Canon;Canon i-SENSYS LBP352x;100B EXTERNAL COVERS, PANELS, ETC. (LBP351dn,LBP352dn);FM1-J619-000;FRONT COVER ASSY;
Canon;Canon i-SENSYS LBP352x;100B EXTERNAL COVERS, PANELS, ETC. (LBP351dn,LBP352dn);FM1-J617-000;RIGHT COVER ASSY;
Canon;Canon i-SENSYS LBP352x;100B EXTERNAL COVERS, PANELS, ETC. (LBP351dn,LBP352dn);FM1-J618-000;LEFT COVER ASSY;
Canon;Canon i-SENSYS LBP352x;100B EXTERNAL COVERS, PANELS, ETC. (LBP351dn,LBP352dn);FM1-J613-000;TOP COVER ASSY;
Canon;Canon i-SENSYS LBP352x;100B EXTERNAL COVERS, PANELS, ETC. (LBP351dn,LBP352dn);FE4-7999-000;COVER, RIGHT WINDOW;
Canon;Canon i-SENSYS LBP352x;100B EXTERNAL COVERS, PANELS, ETC. (LBP351dn,LBP352dn);FM1-U814-000;CABLE, PANEL;
Canon;Canon i-SENSYS LBP352x;100B EXTERNAL COVERS, PANELS, ETC. (LBP351dn,LBP352dn);NPN;EXTERNAL COVERS, PANELS, ETC.;LBP351dn, LBP352dn
Canon;Canon i-SENSYS LBP352x;101 INTERNAL COMPONENTS 1;FL0-6303-000;COVER, ENV;
Canon;Canon i-SENSYS LBP352x;101 INTERNAL COMPONENTS 1;RM1-8491-000;TRANSFER ROLLER KIT;
Canon;Canon i-SENSYS LBP352x;101 INTERNAL COMPONENTS 1;RM1-8411-010;PAPER FEED ROLLER ASSY;
Canon;Canon i-SENSYS LBP352x;101 INTERNAL COMPONENTS 1;RM1-8413-000;REGISTRATION ASSY;
Canon;Canon i-SENSYS LBP352x;101 INTERNAL COMPONENTS 1;RM1-8358-000;DRUM MOTOR ASSY;M102
Canon;Canon i-SENSYS LBP352x;101 INTERNAL COMPONENTS 1;RM1-4525-000;SIZE DETECT ASSY;SW102
Canon;Canon i-SENSYS LBP352x;101 INTERNAL COMPONENTS 1;RC2-5771-000;TORQUE LIMITER;
Canon;Canon i-SENSYS LBP352x;101 INTERNAL COMPONENTS 1;RM1-0037-020;PAPER FEED ROLLER ASSY;[DP]
Canon;Canon i-SENSYS LBP352x;101 INTERNAL COMPONENTS 1;FM1-J607-000;CASSETTE ASSY;
Canon;Canon i-SENSYS LBP352x;101 INTERNAL COMPONENTS 1;RM2-6920-000;DRUM DRIVE ASSY;
Canon;Canon i-SENSYS LBP352x;101 INTERNAL COMPONENTS 1;FM1-K774-000;CABLE, DRUM MOTOR;
Canon;Canon i-SENSYS LBP352x;101 INTERNAL COMPONENTS 1;FE4-8039-000;LABEL, PAPER SET;
Canon;Canon i-SENSYS LBP352x;101 INTERNAL COMPONENTS 1;RC1-0331-000;GEAR, 20T;
Canon;Canon i-SENSYS LBP352x;101 INTERNAL COMPONENTS 1;RM1-1089-030;CASSETTE REAR ASSY;
Canon;Canon i-SENSYS LBP352x;101 INTERNAL COMPONENTS 1;RU5-0025-000;GEAR, 88T;
Canon;Canon i-SENSYS LBP352x;101 INTERNAL COMPONENTS 1;NPN;INTERNAL COMPONENTS 1;
Canon;Canon i-SENSYS LBP352x;102 INTERNAL COMPONENTS 2;RM1-8406-000;LASER SCANNER ASSY;
Canon;Canon i-SENSYS LBP352x;102 INTERNAL COMPONENTS 2;RM1-8285-000;PAPER FEED MOTOR ASSY;M101
Canon;Canon i-SENSYS LBP352x;102 INTERNAL COMPONENTS 2;RC1-0213-000;SPRING, COMPRESSION;
Canon;Canon i-SENSYS LBP352x;102 INTERNAL COMPONENTS 2;RL2-1409-000;SOLENOID;SL101
Canon;Canon i-SENSYS LBP352x;102 INTERNAL COMPONENTS 2;RM1-0036-020;PAPER PICK-UP ROLLER ASSY;
Canon;Canon i-SENSYS LBP352x;102 INTERNAL COMPONENTS 2;RM1-0037-020;PAPER FEED ROLLER ASSY;
Canon;Canon i-SENSYS LBP352x;102 INTERNAL COMPONENTS 2;RM1-8415-000;PAPER PICK-UP DRIVE ASSY;CL101
Canon;Canon i-SENSYS LBP352x;102 INTERNAL COMPONENTS 2;RM1-4539-000;TAG HOLDER ASSY;TG101
Canon;Canon i-SENSYS LBP352x;102 INTERNAL COMPONENTS 2;RM2-7687-000;FEEDER SENSOR CABLE ASSY;PS101,PS107, PS907
Canon;Canon i-SENSYS LBP352x;102 INTERNAL COMPONENTS 2;RM1-8424-000;PAPER FEED SHAFT ASSY;
Canon;Canon i-SENSYS LBP352x;102 INTERNAL COMPONENTS 2;RL1-3020-000;SHAFT, RETARD DRIVE;
Canon;Canon i-SENSYS LBP352x;102 INTERNAL COMPONENTS 2;RM1-8340-000;CABLE, LASER;
Canon;Canon i-SENSYS LBP352x;102 INTERNAL COMPONENTS 2;RM1-8311-000;CABLE, FEED MOTOR;
Canon;Canon i-SENSYS LBP352x;102 INTERNAL COMPONENTS 2;XD9-0232-010;RING, E;
Canon;Canon i-SENSYS LBP352x;102 INTERNAL COMPONENTS 2;RC1-0214-000;BUSHING;
Canon;Canon i-SENSYS LBP352x;102 INTERNAL COMPONENTS 2;RU5-0040-000;GEAR, 23T;
Canon;Canon i-SENSYS LBP352x;102 INTERNAL COMPONENTS 2;RU5-0088-000;GEAR, 18T;
Canon;Canon i-SENSYS LBP352x;102 INTERNAL COMPONENTS 2;XD9-0233-010;RING, E;
Canon;Canon i-SENSYS LBP352x;102 INTERNAL COMPONENTS 2;RC3-1403-000;BUSHING;
Canon;Canon i-SENSYS LBP352x;102 INTERNAL COMPONENTS 2;NPN;INTERNAL COMPONENTS 2;
Canon;Canon i-SENSYS LBP352x;103B INTERNAL COMPONENTS 3 (LBP351dn,LBP352dn);RM2-6308-000;FIXING ASSY;
Canon;Canon i-SENSYS LBP352x;103B INTERNAL COMPONENTS 3 (LBP351dn,LBP352dn);FM1-J621-000;PAPER DELIVERY ASSY;
Canon;Canon i-SENSYS LBP352x;103B INTERNAL COMPONENTS 3 (LBP351dn,LBP352dn);RM1-8438-000;TEMPERATURE SENSOR ASSY;TH3
Canon;Canon i-SENSYS LBP352x;103B INTERNAL COMPONENTS 3 (LBP351dn,LBP352dn);RK2-1988-000;FAN;FN101 [DP]
Canon;Canon i-SENSYS LBP352x;103B INTERNAL COMPONENTS 3 (LBP351dn,LBP352dn);RK2-1989-000;FAN;FN102 [DP]
Canon;Canon i-SENSYS LBP352x;103B INTERNAL COMPONENTS 3 (LBP351dn,LBP352dn);RK2-3244-000;FAN;FN103 [DP]
Canon;Canon i-SENSYS LBP352x;103B INTERNAL COMPONENTS 3 (LBP351dn,LBP352dn);RK2-1992-000;FAN;FN104 [DP]
Canon;Canon i-SENSYS LBP352x;103B INTERNAL COMPONENTS 3 (LBP351dn,LBP352dn);FK4-3450-000;CABLE, FLEXIBLE FLAT;
Canon;Canon i-SENSYS LBP352x;103B INTERNAL COMPONENTS 3 (LBP351dn,LBP352dn);WC2-5637-000;SWITCH, PUSH;SW103
Canon;Canon i-SENSYS LBP352x;103B INTERNAL COMPONENTS 3 (LBP351dn,LBP352dn);RM2-7643-000;DC CONTROLLER PCB ASSY;
Canon;Canon i-SENSYS LBP352x;103B INTERNAL COMPONENTS 3 (LBP351dn,LBP352dn);RM1-8928-000;FIXING MOTOR ASSY;M299
Canon;Canon i-SENSYS LBP352x;103B INTERNAL COMPONENTS 3 (LBP351dn,LBP352dn);WG8-5849-000;IC, PHOTO INTERRUPTER;PS104
Canon;Canon i-SENSYS LBP352x;103B INTERNAL COMPONENTS 3 (LBP351dn,LBP352dn);RU7-0295-000;GEAR, 23T/19T;
Canon;Canon i-SENSYS LBP352x;103B INTERNAL COMPONENTS 3 (LBP351dn,LBP352dn);RM2-6335-000;LIFTER DRIVE ASSY;M103
Canon;Canon i-SENSYS LBP352x;103B INTERNAL COMPONENTS 3 (LBP351dn,LBP352dn);FM1-K574-000;USB CABLE ASSY;
Canon;Canon i-SENSYS LBP352x;103B INTERNAL COMPONENTS 3 (LBP351dn,LBP352dn);XD9-0232-010;RING, E;
Canon;Canon i-SENSYS LBP352x;103B INTERNAL COMPONENTS 3 (LBP351dn,LBP352dn);RC1-0136-000;BUSHING, PAPER DELIVERY;
Canon;Canon i-SENSYS LBP352x;103B INTERNAL COMPONENTS 3 (LBP351dn,LBP352dn);RM2-6318-000;PAPER DELIVERY DRIVE ASSY;
Canon;Canon i-SENSYS LBP352x;103B INTERNAL COMPONENTS 3 (LBP351dn,LBP352dn);FM1-U851-000;CABLE, DOOR SWITCH;
Canon;Canon i-SENSYS LBP352x;103B INTERNAL COMPONENTS 3 (LBP351dn,LBP352dn);RM1-5085-000;CABLE, ENVELOPE FEEDER;
Canon;Canon i-SENSYS LBP352x;103B INTERNAL COMPONENTS 3 (LBP351dn,LBP352dn);RM1-5088-000;CABLE, FIXING MOTOR;
Canon;Canon i-SENSYS LBP352x;103B INTERNAL COMPONENTS 3 (LBP351dn,LBP352dn);FE4-8096-000;COVER, USB;
Canon;Canon i-SENSYS LBP352x;103B INTERNAL COMPONENTS 3 (LBP351dn,LBP352dn);RM2-6321-000;FIXING DRIVE ASSY;
Canon;Canon i-SENSYS LBP352x;103B INTERNAL COMPONENTS 3 (LBP351dn,LBP352dn);FM1-J623-000;SWITCH PCB ASSY;
Canon;Canon i-SENSYS LBP352x;103B INTERNAL COMPONENTS 3 (LBP351dn,LBP352dn);FM1-U846-000;CABLE, MAIN SWITCH;
Canon;Canon i-SENSYS LBP352x;103B INTERNAL COMPONENTS 3 (LBP351dn,LBP352dn);VS1-7207-003;CONNECTOR, SNAP TIGHT, BK;
Canon;Canon i-SENSYS LBP352x;103B INTERNAL COMPONENTS 3 (LBP351dn,LBP352dn);NPN;INTERNAL COMPONENTS 3;120V
Canon;Canon i-SENSYS LBP352x;104B INTERNAL COMPONENTS 4;FM1-U843-000;CABLE,;AC RELAY-SLEEP
Canon;Canon i-SENSYS LBP352x;104B INTERNAL COMPONENTS 4;FM1-U852-000;CABLE,;TRINITY
Canon;Canon i-SENSYS LBP352x;104B INTERNAL COMPONENTS 4;FM4-8867-000;COUNTER ROM PCB ASSEMBLY;
Canon;Canon i-SENSYS LBP352x;104B INTERNAL COMPONENTS 4;XA9-1469-000;SCREW,;TP,M3X6
Canon;Canon i-SENSYS LBP352x;104B INTERNAL COMPONENTS 4;FM1-U816-000;SLEEP;IF PCB ASSY
Canon;Canon i-SENSYS LBP352x;104B INTERNAL COMPONENTS 4;FM1-U844-000;CABLE,;SPIDER
Canon;Canon i-SENSYS LBP352x;104B INTERNAL COMPONENTS 4;FM1-K573-000;CABLE,;INLET
Canon;Canon i-SENSYS LBP352x;104B INTERNAL COMPONENTS 4;FE4-8016-000;COVER,;ELE. C. BOX
Canon;Canon i-SENSYS LBP352x;104B INTERNAL COMPONENTS 4;FC5-7039-000;SCREW,;FIXED
Canon;Canon i-SENSYS LBP352x;104B INTERNAL COMPONENTS 4;FE4-8018-000;COVER,;INLET INSIDE
Canon;Canon i-SENSYS LBP352x;104B INTERNAL COMPONENTS 4;FE4-8019-000;LID, PS CABLE;
Canon;Canon i-SENSYS LBP352x;104B INTERNAL COMPONENTS 4;XA9-1420-000;SCREW,;W/WASHER, M3X8
Canon;Canon i-SENSYS LBP352x;104B INTERNAL COMPONENTS 4;FK3-1998-000;ALL NIGHT POWER SUPPLY PCB;
Canon;Canon i-SENSYS LBP352x;104B INTERNAL COMPONENTS 4;FM1-U817-000;AC RELAY PCB ASSY;
Canon;Canon i-SENSYS LBP352x;104B INTERNAL COMPONENTS 4;FE4-8015-000;COVER,;CONTROLLER OPTION
Canon;Canon i-SENSYS LBP352x;104B INTERNAL COMPONENTS 4;FM1-U845-000;CABLE,;SLEEP-CNT
Canon;Canon i-SENSYS LBP352x;104B INTERNAL COMPONENTS 4;FM1-U847-000;CABLE,;EPU-SLEEP
Canon;Canon i-SENSYS LBP352x;104B INTERNAL COMPONENTS 4;NPN;INTERNAL COMPONENTS 4;
Canon;Canon i-SENSYS LBP352x;110A POWER SUPPLY ASSY (100V,120V);RM1-4548-000;PAPER FEED ASSY;
Canon;Canon i-SENSYS LBP352x;110A POWER SUPPLY ASSY (100V,120V);RM2-6301-000;ENGINE POWER SUPPLY PCB ASSY;
Canon;Canon i-SENSYS LBP352x;110A POWER SUPPLY ASSY (100V,120V);VS1-7514-006;CONNECTOR, DRAWER, 6P;
Canon;Canon i-SENSYS LBP352x;110A POWER SUPPLY ASSY (100V,120V);FM1-U841-000;CABLE, EPU INPUT;
Canon;Canon i-SENSYS LBP352x;110A POWER SUPPLY ASSY (100V,120V);NPN;POWER SUPPLY ASS Y;100V,120V
Canon;Canon i-SENSYS LBP352x;330 MULTI-PURPOSE PICK-UP ASSY;RL1-1641-000;ROLLER;PICK-UP
Canon;Canon i-SENSYS LBP352x;330 MULTI-PURPOSE PICK-UP ASSY;RL1-1663-000;ROLLER;FEED
Canon;Canon i-SENSYS LBP352x;330 MULTI-PURPOSE PICK-UP ASSY;RL1-1654-020;ROLLER;SEPARATION
Canon;Canon i-SENSYS LBP352x;330 MULTI-PURPOSE PICK-UP ASSY;RM2-6323-000;MULTI-;PURPOSE PICK-UP ASSY
Canon;Canon i-SENSYS LBP352x;900C CONTROLLER PCB ASSEMBLY (LBP351dn,LBP351x);FK3-1800-000;IC, ASIC, MB8AA4241EPBH-GE1;IC13
Canon;Canon i-SENSYS LBP352x;900C CONTROLLER PCB ASSEMBLY (LBP351dn,LBP351x);FM1-U808-000;MAIN CONTROLLER PCB ASSEMBLY;LBP351dn,LBP351x
Canon;Canon i-SENSYS LBP352x;900D CONTROLLER PCB ASSEMBLY (LBP352dn,LBP352x);FK3-1800-000;IC, ASIC, MB8AA4241EPBH-GE1;IC13
Canon;Canon i-SENSYS LBP352x;900D CONTROLLER PCB ASSEMBLY (LBP352dn,LBP352x);FM1-U809-000;MAIN CONTROLLER PCB ASSEMBLY;LBP352dn,LBP352x
Canon;Canon i-SENSYS LBP352x;S10 DUPLEXING UNIT;RC4-5907-000;DEFLECTOR, PAPER REPICK-UP;
Canon;Canon i-SENSYS LBP352x;S10 DUPLEXING UNIT;RC2-2599-000;GUIDE, PAPER REPICK UP, LOWER;
Canon;Canon i-SENSYS LBP352x;S10 DUPLEXING UNIT;RC2-2602-000;GUIDE, PAPER RE-PICK UP, UPPER;
Canon;Canon i-SENSYS LBP352x;S10 DUPLEXING UNIT;FE4-8060-000;COVER, LEFT;
Canon;Canon i-SENSYS LBP352x;S10 DUPLEXING UNIT;FE4-8061-000;COVER, RIGHT;
Canon;Canon i-SENSYS LBP352x;S10 DUPLEXING UNIT;FE4-8059-000;COVER, UPPER;
Canon;Canon i-SENSYS LBP352x;S10 DUPLEXING UNIT;FE4-8058-000;COVER, REAR;
Canon;Canon i-SENSYS LBP352x;S10 DUPLEXING UNIT;RK2-7885-000;MOTOR, STEPPING, DC24V;M1501
Canon;Canon i-SENSYS LBP352x;S10 DUPLEXING UNIT;RK2-2016-000;FAN;FM1501
Canon;Canon i-SENSYS LBP352x;S10 DUPLEXING UNIT;RK2-2139-000;MOTOR, STEPPING, DC24V;M1502
Canon;Canon i-SENSYS LBP352x;S10 DUPLEXING UNIT;WG8-5849-000;IC, PHOTO INTERRUPTER;PS1501, PS1502, PS1503
Canon;Canon i-SENSYS LBP352x;S10 DUPLEXING UNIT;RM2-7656-000;DUPLEXING PCB ASSY;
Canon;Canon i-SENSYS LBP352x;S10 DUPLEXING UNIT;FM1-K577-000;DUPLEXING UNIT;
