Canon;Canon i-SENSYS MF912;100AEXTERNAL COVERS, PANELS, ETC.;FE8-8337-000;COVER, LEFT;
Canon;Canon i-SENSYS MF912;100AEXTERNAL COVERS, PANELS, ETC.;FE8-8338-000;COVER, RIGHT;
Canon;Canon i-SENSYS MF912;100AEXTERNAL COVERS, PANELS, ETC.;FL1-5934-000;COVER, REAR;
Canon;Canon i-SENSYS MF912;100AEXTERNAL COVERS, PANELS, ETC.;FE8-8369-000;HOLDER, SLIDER;
Canon;Canon i-SENSYS MF912;100AEXTERNAL COVERS, PANELS, ETC.;FE8-8791-000;SPRING, LEAF;
Canon;Canon i-SENSYS MF912;100AEXTERNAL COVERS, PANELS, ETC.;FL1-5784-000;COVER, FACE-DOWN;
Canon;Canon i-SENSYS MF912;100AEXTERNAL COVERS, PANELS, ETC.;FM1-T517-000;CONTROL PANEL ASSY;
Canon;Canon i-SENSYS MF912;100AEXTERNAL COVERS, PANELS, ETC.;FM1-U129-000;CARTRIDGE DOOR ASSY;
Canon;Canon i-SENSYS MF912;100AEXTERNAL COVERS, PANELS, ETC.;FE8-8773-000;LABEL, HIGH TMP. CAUTION;
Canon;Canon i-SENSYS MF912;100AEXTERNAL COVERS, PANELS, ETC.;FE8-6602-000;TRAY, MULTI-PURPOSE;
Canon;Canon i-SENSYS MF912;100AEXTERNAL COVERS, PANELS, ETC.;FE8-6603-000;PLATE, EXTENSION;
Canon;Canon i-SENSYS MF912;100AEXTERNAL COVERS, PANELS, ETC.;FE8-6604-000;STOPPER,PAPER;
Canon;Canon i-SENSYS MF912;100AEXTERNAL COVERS, PANELS, ETC.;FE8-8336-000;COVER, FRONT;
Canon;Canon i-SENSYS MF912;100AEXTERNAL COVERS, PANELS, ETC.;FL1-5288-000;KEY TOP, POWER;
Canon;Canon i-SENSYS MF912;100AEXTERNAL COVERS, PANELS, ETC.;FE8-7074-000;COVER, DUST;
Canon;Canon i-SENSYS MF912;100AEXTERNAL COVERS, PANELS, ETC.;XA9-1503-000;SCREW, TAP, M3X6;
Canon;Canon i-SENSYS MF912;101A INTERNAL COMPONENTS 1 120V;FK4-5089-000;CABLE, FLEXIBLE FLAT;
Canon;Canon i-SENSYS MF912;101A INTERNAL COMPONENTS 1 120V;RM2-8281 -000;CABLE, FLEXIBLE FLAT;
Canon;Canon i-SENSYS MF912;101A INTERNAL COMPONENTS 1 120V;RM2-8282-000;CABLE, FLEXIBLE FLAT;
Canon;Canon i-SENSYS MF912;101A INTERNAL COMPONENTS 1 120V;FM1-U126-000;L.V. POWER SUPPLY PCB ASSY;
Canon;Canon i-SENSYS MF912;101A INTERNAL COMPONENTS 1 120V;FM2-A864-000;ENGINE CONTROL PCB ASSY;SW501
Canon;Canon i-SENSYS MF912;101A INTERNAL COMPONENTS 1 120V;FM2-C973-000;MAIN CONTROLLER PCB ASSEMBLY;
Canon;Canon i-SENSYS MF912;101A INTERNAL COMPONENTS 1 120V;RM2-8273-000;POWER SWITCH PCB ASSY;SW740
Canon;Canon i-SENSYS MF912;101A INTERNAL COMPONENTS 1 120V;WE8-6481-000;CORE, FERRITE;
Canon;Canon i-SENSYS MF912;101A INTERNAL COMPONENTS 1 120V;XA9-1420-000;SCREW, W/WASHER, M3X8;
Canon;Canon i-SENSYS MF912;101A INTERNAL COMPONENTS 1 120V;XA9-1503-000;SCREW, TAP, M3X6;
Canon;Canon i-SENSYS MF912;101A INTERNAL COMPONENTS 1 120V;FK4-4651-000;MODULE, WLAN;
Canon;Canon i-SENSYS MF912;101A INTERNAL COMPONENTS 1 120V;FK4-5071-000;CABLE, FLEXIBLE FLAT;
Canon;Canon i-SENSYS MF912;101H INTERNAL COMPONENTS 1 230V;FK4-5089-000;CABLE, FLEXIBLE FLAT;
Canon;Canon i-SENSYS MF912;101H INTERNAL COMPONENTS 1 230V;RM2-8281 -000;CABLE, FLEXIBLE FLAT;
Canon;Canon i-SENSYS MF912;101H INTERNAL COMPONENTS 1 230V;RM2-8282-000;CABLE, FLEXIBLE FLAT;
Canon;Canon i-SENSYS MF912;101H INTERNAL COMPONENTS 1 230V;FM1-U128-000;L.V. POWER SUPPLY PCB ASSY;
Canon;Canon i-SENSYS MF912;101H INTERNAL COMPONENTS 1 230V;FM2-A864-000;ENGINE CONTROL PCB ASSY;SW501
Canon;Canon i-SENSYS MF912;101H INTERNAL COMPONENTS 1 230V;FM2-C973-000;MAIN CONTROLLER PCB ASSEMBLY;
Canon;Canon i-SENSYS MF912;101H INTERNAL COMPONENTS 1 230V;RM2-8273-000;POWER SWITCH PCB ASSY;SW740
Canon;Canon i-SENSYS MF912;101H INTERNAL COMPONENTS 1 230V;WE8-6481-000;CORE, FERRITE;
Canon;Canon i-SENSYS MF912;101H INTERNAL COMPONENTS 1 230V;XA9-1420-000;SCREW, W/WASHER, M3X8;
Canon;Canon i-SENSYS MF912;101H INTERNAL COMPONENTS 1 230V;XA9-1503-000;SCREW, TAP, M3X6;
Canon;Canon i-SENSYS MF912;101H INTERNAL COMPONENTS 1 230V;FK4-4651-000;MODULE, WLAN;
Canon;Canon i-SENSYS MF912;101H INTERNAL COMPONENTS 1 230V;FK4-5071-000;CABLE, FLEXIBLE FLAT;
Canon;Canon i-SENSYS MF912;102A INTERNAL COMPONENTS 2 120V;RC4-7736-000;LINK, PRESSURE RELEASE LEFT;
Canon;Canon i-SENSYS MF912;102A INTERNAL COMPONENTS 2 120V;RC4-7737-000;LINK, PRESSURE RELEASE RIGHT;
Canon;Canon i-SENSYS MF912;102A INTERNAL COMPONENTS 2 120V;RL1 -2593-000;ROLLER, PAPER PICK-UP;
Canon;Canon i-SENSYS MF912;102A INTERNAL COMPONENTS 2 120V;RM2-6957-000;SEPARATION PAD ASSY;
Canon;Canon i-SENSYS MF912;102A INTERNAL COMPONENTS 2 120V;FM2-A858-000;ENVIRONMENT SENSOR PCB ASSY;PS1, PS2
Canon;Canon i-SENSYS MF912;102A INTERNAL COMPONENTS 2 120V;FM1-T714-000;TRANSFER ASSY;
Canon;Canon i-SENSYS MF912;102A INTERNAL COMPONENTS 2 120V;RM2-1651-000;FIXING ASSY;
Canon;Canon i-SENSYS MF912;102A INTERNAL COMPONENTS 2 120V;RM2-6962-000;FIXING FILM ASSY;
Canon;Canon i-SENSYS MF912;102A INTERNAL COMPONENTS 2 120V;RM2-8279-000;DELIVERY SENSOR PCB ASSY;PS4, PS5
Canon;Canon i-SENSYS MF912;102A INTERNAL COMPONENTS 2 120V;RM2-1660-000;TRANSFER ROLLER ASSY;
Canon;Canon i-SENSYS MF912;102A INTERNAL COMPONENTS 2 120V;RM2-1662-000;LASER SCANNER ASSY;M1
Canon;Canon i-SENSYS MF912;102A INTERNAL COMPONENTS 2 120V;RM2-8251 -000;MOTOR PCB ASSY;PS601
Canon;Canon i-SENSYS MF912;102A INTERNAL COMPONENTS 2 120V;FM2-A859-000;PAPER PICK-UP SENSOR PCB ASSY;PS3
Canon;Canon i-SENSYS MF912;102A INTERNAL COMPONENTS 2 120V;RK2-7601-000;SOLENOID;SL2
Canon;Canon i-SENSYS MF912;102A INTERNAL COMPONENTS 2 120V;RU5-8841-000;LABEL, ATTENTION;
Canon;Canon i-SENSYS MF912;102A INTERNAL COMPONENTS 2 120V;XA9-1503-000;SCREW, TAP, M3X6;
Canon;Canon i-SENSYS MF912;102FINTERNAL COMPONENTS 2 230V;RC4-7736-000;LINK, PRESSURE RELEASE LEFT;
Canon;Canon i-SENSYS MF912;102FINTERNAL COMPONENTS 2 230V;RC4-7737-000;LINK, PRESSURE RELEASE RIGHT;
Canon;Canon i-SENSYS MF912;102FINTERNAL COMPONENTS 2 230V;RL1 -2593-000;ROLLER, PAPER PICK-UP;
Canon;Canon i-SENSYS MF912;102FINTERNAL COMPONENTS 2 230V;RM2-6957-000;SEPARATION PAD ASSY;
Canon;Canon i-SENSYS MF912;102FINTERNAL COMPONENTS 2 230V;FM2-A858-000;ENVIRONMENT SENSOR PCB ASSY;PS1, PS2
Canon;Canon i-SENSYS MF912;102FINTERNAL COMPONENTS 2 230V;FM1-T714-000;TRANSFER ASSY;
Canon;Canon i-SENSYS MF912;102FINTERNAL COMPONENTS 2 230V;RM2-1651-000;FIXING ASSY;
Canon;Canon i-SENSYS MF912;102FINTERNAL COMPONENTS 2 230V;RM2-6962-000;FIXING FILM ASSY;
Canon;Canon i-SENSYS MF912;102FINTERNAL COMPONENTS 2 230V;RM2-8279-000;DELIVERY SENSOR PCB ASSY;PS4, PS5
Canon;Canon i-SENSYS MF912;102FINTERNAL COMPONENTS 2 230V;RM2-1660-000;TRANSFER ROLLER ASSY;
Canon;Canon i-SENSYS MF912;102FINTERNAL COMPONENTS 2 230V;RM2-1662-000;LASER SCANNER ASSY;M1
Canon;Canon i-SENSYS MF912;102FINTERNAL COMPONENTS 2 230V;RM2-8251 -000;MOTOR PCB ASSY;PS601
Canon;Canon i-SENSYS MF912;102FINTERNAL COMPONENTS 2 230V;FM2-A859-000;PAPER PICK-UP SENSOR PCB ASSY;PS3
Canon;Canon i-SENSYS MF912;102FINTERNAL COMPONENTS 2 230V;RK2-7601-000;SOLENOID;SL2
Canon;Canon i-SENSYS MF912;102FINTERNAL COMPONENTS 2 230V;RU5-8841-000;LABEL, ATTENTION;
Canon;Canon i-SENSYS MF912;102FINTERNAL COMPONENTS 2 230V;XA9-1503-000;SCREW, TAP, M3X6;
Canon;Canon i-SENSYS MF912;400 READER ASSEMBLY;FC0-8550-000;BELT, TIMING;
Canon;Canon i-SENSYS MF912;400 READER ASSEMBLY;FC0-8560-000;SHAFT, DAMPER;
Canon;Canon i-SENSYS MF912;400 READER ASSEMBLY;FE8-8368-000;SLIDER;
Canon;Canon i-SENSYS MF912;400 READER ASSEMBLY;FE8-8917-000;SPACER, CIS;
Canon;Canon i-SENSYS MF912;400 READER ASSEMBLY;FK4-2086-000;CONTACT IMAGE SENSOR,HV12I-V02;CIS
Canon;Canon i-SENSYS MF912;400 READER ASSEMBLY;FK4-5074-000;CABLE, FLEXIBLE FLAT;
Canon;Canon i-SENSYS MF912;400 READER ASSEMBLY;FK4-5092-000;CABLE, FLEXIBLE FLAT;
Canon;Canon i-SENSYS MF912;400 READER ASSEMBLY;FL3-5062-000;IDLER PULLEY HOLDER ASSY;
Canon;Canon i-SENSYS MF912;400 READER ASSEMBLY;FM0-0590-000;CIS DRIVE MOTOR ASSY;M3
Canon;Canon i-SENSYS MF912;400 READER ASSEMBLY;FM1-T515-000;COPYBOARD GLASS ASSY;
Canon;Canon i-SENSYS MF912;400 READER ASSEMBLY;FU6-2873-000;SPRING, COMPRESSION;
Canon;Canon i-SENSYS MF912;400 READER ASSEMBLY;FE8-8363-000;COVER, COPYBOARD;
Canon;Canon i-SENSYS MF912;400 READER ASSEMBLY;FE8-8916-000;PANEL, COPYBOARD;
