Canon;Canon imageCLASS LBP228x;EXTERNAL COVERS, PANELS, ETC.;FE8-6190-000;COVER, TOP;
Canon;Canon imageCLASS LBP228x;EXTERNAL COVERS, PANELS, ETC.;FE8-6191-000;TRAY, PAPER DELIVERY;
Canon;Canon imageCLASS LBP228x;EXTERNAL COVERS, PANELS, ETC.;FE8-6202-000;COVER, LEFT;
Canon;Canon imageCLASS LBP228x;EXTERNAL COVERS, PANELS, ETC.;FE8-6203-000;COVER, LEFT REAR;
Canon;Canon imageCLASS LBP228x;EXTERNAL COVERS, PANELS, ETC.;FE8-6208-000;COVER, CASSETTE, REAR;
Canon;Canon imageCLASS LBP228x;EXTERNAL COVERS, PANELS, ETC.;FL1-0525-000;SHEET, HANDSET;
Canon;Canon imageCLASS LBP228x;EXTERNAL COVERS, PANELS, ETC.;FM1-R680-000;RIGHT COVER ASSY;
Canon;Canon imageCLASS LBP228x;EXTERNAL COVERS, PANELS, ETC.;FM1-W114-000;CARTRIDGE DOOR ASSY;
Canon;Canon imageCLASS LBP228x;EXTERNAL COVERS, PANELS, ETC.;FM1-R685-000;REAR DOOR ASSY;
Canon;Canon imageCLASS LBP228x;EXTERNAL COVERS, PANELS, ETC.;FU2-2392-000;LABEL, CASSETTE OPERATOR;
Canon;Canon imageCLASS LBP228x;EXTERNAL COVERS, PANELS, ETC.;FU2-2393-000;LABEL, HIGH TMP. CAUTION;
Canon;Canon imageCLASS LBP228x;EXTERNAL COVERS, PANELS, ETC.;RC2-6075-000;SHEET, DAMPER;
Canon;Canon imageCLASS LBP228x;EXTERNAL COVERS, PANELS, ETC.;RC4-3002-000;SHAFT, SUPPORT;
Canon;Canon imageCLASS LBP228x;EXTERNAL COVERS, PANELS, ETC.;RC4-4479-000;LINK, PRESSURE RELEASE;
Canon;Canon imageCLASS LBP228x;EXTERNAL COVERS, PANELS, ETC.;XA9-1503-000;SCREW, TAP, M3X6;
Canon;Canon imageCLASS LBP228x;EXTERNAL COVERS, PANELS, ETC.;XA9-1671-000;SCREW, D, M3X8;
Canon;Canon imageCLASS LBP228x;INTERNAL COMPONENTS 1;FK4-4929-000;CABLE, FLEXIBLE FLAT;
Canon;Canon imageCLASS LBP228x;INTERNAL COMPONENTS 1;FM2-D989-000;L.V. POWER SUPPLY PCB ASSY;UN11 120V
Canon;Canon imageCLASS LBP228x;INTERNAL COMPONENTS 1;FM2-D990-000;L.V. POWER SUPPLY PCB ASSY;UN11 230V
Canon;Canon imageCLASS LBP228x;INTERNAL COMPONENTS 1;FM2-M825-000;DC CONTROLLER PCB ASSY;UN9
Canon;Canon imageCLASS LBP228x;INTERNAL COMPONENTS 1;RK2-1378-000;FAN;FM1
Canon;Canon imageCLASS LBP228x;INTERNAL COMPONENTS 1;RK2-9901-000;CABLE, FLEXIBLE FLAT, LASER;
Canon;Canon imageCLASS LBP228x;INTERNAL COMPONENTS 1;RM2-2556-000;TAG CABLE ASSY;
Canon;Canon imageCLASS LBP228x;INTERNAL COMPONENTS 1;RM2-2891 -000;LASER SCANNER ASSY;M2 UN3
Canon;Canon imageCLASS LBP228x;INTERNAL COMPONENTS 1;RM2-7508-000;H.V. POWER SUPPLY PCB ASSY;SW101 UN22
Canon;Canon imageCLASS LBP228x;INTERNAL COMPONENTS 1;RM2-7510-000;CONNECTING PCB ASSY;UN2
Canon;Canon imageCLASS LBP228x;INTERNAL COMPONENTS 1;XA9-1420-000;SCREW, W/WASHER, M3X8;
Canon;Canon imageCLASS LBP228x;INTERNAL COMPONENTS 1;XA9-1503-000;SCREW, TAP, M3X6;
Canon;Canon imageCLASS LBP228x;INTERNAL COMPONENTS 1;XA9-1670-000;SCREW, D, M3X6;
Canon;Canon imageCLASS LBP228x;INTERNAL COMPONENTS 1;XA9-1671-000;SCREW, D, M3X8;
Canon;Canon imageCLASS LBP228x;INTERNAL COMPONENTS 2;FE8-6227-000;LEVER, SWITCH;
Canon;Canon imageCLASS LBP228x;INTERNAL COMPONENTS 2;FM1-R683-000;CASSETTE ASSY;
Canon;Canon imageCLASS LBP228x;INTERNAL COMPONENTS 2;FM1-Z945-000;POWER SWITCH PCB ASSY;SW1 UN1
Canon;Canon imageCLASS LBP228x;INTERNAL COMPONENTS 2;FU2-1855-000;LABEL, CST. PAPER SIZE;
Canon;Canon imageCLASS LBP228x;INTERNAL COMPONENTS 2;RC4-3219-000;COVER, FULL DETECT SENSOR;
Canon;Canon imageCLASS LBP228x;INTERNAL COMPONENTS 2;RM2-5397-000;CASSETTE SEPARATION ASSY;
Canon;Canon imageCLASS LBP228x;INTERNAL COMPONENTS 2;FM1-W115-000;FIXING ASSY;H1 PS13 TH1 TP1 UN28 120V
Canon;Canon imageCLASS LBP228x;INTERNAL COMPONENTS 2;FM1-W116-000;FIXING ASSY;H1 PS13 TH1 TP1 UN28 230V
Canon;Canon imageCLASS LBP228x;INTERNAL COMPONENTS 2;RM2-8684-000;MAIN MOTOR ASSY;M1
Canon;Canon imageCLASS LBP228x;INTERNAL COMPONENTS 2;XA9-1503-000;SCREW, TAP, M3X6;
Canon;Canon imageCLASS LBP228x;INTERNAL COMPONENTS 2;XA9-1522-000;SCREW, M3X6;
Canon;Canon imageCLASS LBP228x;INTERNAL COMPONENTS 3;RC4-3133-000;HOLDER, TRANSFER ROLLER, RIGHT;
Canon;Canon imageCLASS LBP228x;INTERNAL COMPONENTS 3;RC4-3134-000;HOLDER, TRANSFER ROLLER, LEFT;
Canon;Canon imageCLASS LBP228x;INTERNAL COMPONENTS 3;RL2-0656-000;ROLLER, MULTI-PURPOSE;
Canon;Canon imageCLASS LBP228x;INTERNAL COMPONENTS 3;RL2-0657-000;PAD, MULTI-PURPOSE SEPARATION;
Canon;Canon imageCLASS LBP228x;INTERNAL COMPONENTS 3;RM1-4023-000;ROLLER, TRANSFER;
Canon;Canon imageCLASS LBP228x;INTERNAL COMPONENTS 3;RM2-5423-000;FOOT, REAR, RIGHT;
Canon;Canon imageCLASS LBP228x;INTERNAL COMPONENTS 3;RM2-5429-000;FOOT, REAR, LEFT;
Canon;Canon imageCLASS LBP228x;INTERNAL COMPONENTS 3;RM2-5452-000;PAPER PICK-UP ROLLER ASSY;
Canon;Canon imageCLASS LBP228x;INTERNAL COMPONENTS 3;FM1-N761-000;REGISTRATION ASSY;
Canon;Canon imageCLASS LBP228x;INTERNAL COMPONENTS 3;RU8-2935-000;SPRING, COMPRESSION;
Canon;Canon imageCLASS LBP228x;INTERNAL COMPONENTS 4 LBP228, LBP227;FE8-6628-000;PLATE, GROUNDING;
Canon;Canon imageCLASS LBP228x;INTERNAL COMPONENTS 4 LBP228, LBP227;FE8-7079-000;PLATE, GROUNDING;
Canon;Canon imageCLASS LBP228x;INTERNAL COMPONENTS 4 LBP228, LBP227;FK4-6029-000;MODULE, WLAN;UN19
Canon;Canon imageCLASS LBP228x;INTERNAL COMPONENTS 4 LBP228, LBP227;FK4-4931-000;CABLE, FLEXIBLE FLAT;
Canon;Canon imageCLASS LBP228x;INTERNAL COMPONENTS 4 LBP228, LBP227;FM2-K828-000;MAIN CONTROLLER PCB ASSEMBLY;UN12
Canon;Canon imageCLASS LBP228x;INTERNAL COMPONENTS 4 LBP228, LBP227;XA9-1503-000;SCREW, TAP, M3X6;
Canon;Canon imageCLASS LBP228x;INTERNAL COMPONENTS 4 LBP228, LBP227;XA9-1670-000;SCREW, D, M3X6;
Canon;Canon imageCLASS LBP228x;INTERNAL COMPONENTS 4 LBP226, LBP223;FE8-6628-000;PLATE, GROUNDING;
Canon;Canon imageCLASS LBP228x;INTERNAL COMPONENTS 4 LBP226, LBP223;FE8-7079-000;PLATE, GROUNDING;
Canon;Canon imageCLASS LBP228x;INTERNAL COMPONENTS 4 LBP226, LBP223;FK4-6029-000;MODULE, WLAN;UN19
Canon;Canon imageCLASS LBP228x;INTERNAL COMPONENTS 4 LBP226, LBP223;FK4-4931-000;CABLE, FLEXIBLE FLAT;
Canon;Canon imageCLASS LBP228x;INTERNAL COMPONENTS 4 LBP226, LBP223;FM2-K829-000;MAIN CONTROLLER PCB ASSEMBLY;UN12 LBP226
Canon;Canon imageCLASS LBP228x;INTERNAL COMPONENTS 4 LBP226, LBP223;FM2-K832-000;MAIN CONTROLLER PCB ASSEMBLY;UN12 LBP223
Canon;Canon imageCLASS LBP228x;INTERNAL COMPONENTS 4 LBP226, LBP223;XA9-1503-000;SCREW, TAP, M3X6;
Canon;Canon imageCLASS LBP228x;INTERNAL COMPONENTS 4 LBP226, LBP223;XA9-1670-000;SCREW, D, M3X6;
Canon;Canon imageCLASS LBP228x;CONTROL PANEL ASSY 5-LINE CONTROL PANEL model;FM1-T095-000;CONTROL PANEL ASSY;UN17 NPXA
Canon;Canon imageCLASS LBP228x;CONTROL PANEL ASSY 5-LINE CONTROL PANEL model;FM1-T096-000;CONTROL PANEL ASSY;UN17 NQBA, NQHA
Canon;Canon imageCLASS LBP228x;CONTROL PANEL ASSY 5-LINE CONTROL PANEL model;FM1-X968-000;CABLE, GROUNDING;
Canon;Canon imageCLASS LBP228x;CONTROL PANEL ASSY 5-INCH TOUCH PANEL model;FE8-6209-000;COVER, PANEL, REAR UPPER;
Canon;Canon imageCLASS LBP228x;CONTROL PANEL ASSY 5-INCH TOUCH PANEL model;FE8-6210-000;COVER, PANEL, REAR LOWER;
Canon;Canon imageCLASS LBP228x;CONTROL PANEL ASSY 5-INCH TOUCH PANEL model;FE8-6211-000;COVER, PANEL, LOWER;
Canon;Canon imageCLASS LBP228x;CONTROL PANEL ASSY 5-INCH TOUCH PANEL model;FE8-6212-000;GUIDE, CABLE;
Canon;Canon imageCLASS LBP228x;CONTROL PANEL ASSY 5-INCH TOUCH PANEL model;FE8-6217-000;COVER, PANEL, UPPER;
Canon;Canon imageCLASS LBP228x;CONTROL PANEL ASSY 5-INCH TOUCH PANEL model;FE8-6218-000;COVER, PANEL, LOWER;
Canon;Canon imageCLASS LBP228x;CONTROL PANEL ASSY 5-INCH TOUCH PANEL model;FE8-6219-000;COVER, PANEL, LEFT;
Canon;Canon imageCLASS LBP228x;CONTROL PANEL ASSY 5-INCH TOUCH PANEL model;FE8-6220-000;COVER, PANEL, RIGHT;
Canon;Canon imageCLASS LBP228x;CONTROL PANEL ASSY 5-INCH TOUCH PANEL model;FE8-6360-000;COVER, PANEL, FRONT;
Canon;Canon imageCLASS LBP228x;CONTROL PANEL ASSY 5-INCH TOUCH PANEL model;FE8-7096-000;PLATE, GROUNDING;
Canon;Canon imageCLASS LBP228x;CONTROL PANEL ASSY 5-INCH TOUCH PANEL model;FE8-7086-000;COVER, PANEL, REAR;
Canon;Canon imageCLASS LBP228x;CONTROL PANEL ASSY 5-INCH TOUCH PANEL model;FK4-4933-000;CABLE, HDMI;
Canon;Canon imageCLASS LBP228x;CONTROL PANEL ASSY 5-INCH TOUCH PANEL model;FM1-R686-000;CONTROL PANEL ASSY;UN16 UN17 UN18
Canon;Canon imageCLASS LBP228x;CONTROL PANEL ASSY 5-INCH TOUCH PANEL model;FM1-R870-000;USB RELAY PCB ASSEMBLY;UN15
Canon;Canon imageCLASS LBP228x;CONTROL PANEL ASSY 5-INCH TOUCH PANEL model;FM1-T109-000;HINGE ASSEMBLY;
Canon;Canon imageCLASS LBP228x;CONTROL PANEL ASSY 5-INCH TOUCH PANEL model;XA9-1503-000;SCREW, TAP, M3X6;
