Canon;Canon Color imageCLASS MF722Cdw;101 INTERNAL COMPONENTS 1;RK2-3267-000;TEMPERATURE SENSOR UNIT;
Canon;Canon Color imageCLASS MF722Cdw;101 INTERNAL COMPONENTS 1;RM1-4836-000;CARTRIDGE TRAY ASSY;
Canon;Canon Color imageCLASS MF722Cdw;101 INTERNAL COMPONENTS 1;RM1-5294-050;H. V. POWER SUPPLY PCB ASSY;
Canon;Canon Color imageCLASS MF722Cdw;101 INTERNAL COMPONENTS 1;RM1-5398-000;SENSOR CABLE ASSY;
Canon;Canon Color imageCLASS MF722Cdw;101 INTERNAL COMPONENTS 1;RM1-5399-000;ENV. SENSOR CABLE ASSY;
Canon;Canon Color imageCLASS MF722Cdw;101 INTERNAL COMPONENTS 1;WG8-5696-000;PHOTO INTERRUPTER, TLP1243;SR14
Canon;Canon Color imageCLASS MF722Cdw;101 INTERNAL COMPONENTS 1;XA9-1420-000;SCREW, W/WASHER, M3X8;
Canon;Canon Color imageCLASS MF722Cdw;101 INTERNAL COMPONENTS 1;XA9-1835-000;SCREW, D, M3X6;
Canon;Canon Color imageCLASS MF722Cdw;101 INTERNAL COMPONENTS 1;XA9-1671-000;SCREW, D, M3X8;
Canon;Canon Color imageCLASS MF722Cdw;101 INTERNAL COMPONENTS 1;RC2-3800-000;RAIL, LEFT;
Canon;Canon Color imageCLASS MF722Cdw;101 INTERNAL COMPONENTS 1;RC2-3801-000;RAIL, RIGHT;
Canon;Canon Color imageCLASS MF722Cdw;101 INTERNAL COMPONENTS 1;RU5-8126-000;LABEL, WARNING LASER;
Canon;Canon Color imageCLASS MF722Cdw;101 INTERNAL COMPONENTS 1;VS1-7207-003;CONNECTOR, SNAP TIGHT, BK;
Canon;Canon Color imageCLASS MF722Cdw;101 INTERNAL COMPONENTS 1;RC2-3122-000;HOLDER, H.V. CONTACT SPRING;
Canon;Canon Color imageCLASS MF722Cdw;101 INTERNAL COMPONENTS 1;RC2-3393-000;FLAG, SENSOR;
Canon;Canon Color imageCLASS MF722Cdw;101 INTERNAL COMPONENTS 1;RU6-2176-000;SPRING, TORSION;
Canon;Canon Color imageCLASS MF722Cdw;101 INTERNAL COMPONENTS 1;NPN;INTERNAL COMPONENTS 1;
Canon;Canon Color imageCLASS MF722Cdw;102 INTERNAL COMPONENTS 2;RL1-1802-000;ROLLER, PAPER PICK-UP;
Canon;Canon Color imageCLASS MF722Cdw;102 INTERNAL COMPONENTS 2;RM1-4850-000;COLOR MISREGIST. SENSOR ASSY;
Canon;Canon Color imageCLASS MF722Cdw;102 INTERNAL COMPONENTS 2;XA9-1671-000;SCREW, D, M3X8;
Canon;Canon Color imageCLASS MF722Cdw;102 INTERNAL COMPONENTS 2;RM1-5420-000;MP SOLENOID ASSY;SL1
Canon;Canon Color imageCLASS MF722Cdw;102 INTERNAL COMPONENTS 2;RC2-3395-000;HINGE, MULTI-PURPOSE COVER;
Canon;Canon Color imageCLASS MF722Cdw;102 INTERNAL COMPONENTS 2;RC2-3396-000;BUSHING;
Canon;Canon Color imageCLASS MF722Cdw;102 INTERNAL COMPONENTS 2;RM1-4881-000;MP PAPER PICK-UP ROLLER ASSY;
Canon;Canon Color imageCLASS MF722Cdw;102 INTERNAL COMPONENTS 2;RC2-3389-000;ROLLER, SHAFT;
Canon;Canon Color imageCLASS MF722Cdw;102 INTERNAL COMPONENTS 2;RC2-3406-000;FLANGE, DOOR, RIGHT;
Canon;Canon Color imageCLASS MF722Cdw;102 INTERNAL COMPONENTS 2;NPN;INTERNAL COMPONENTS 2;
Canon;Canon Color imageCLASS MF722Cdw;103 INTERNAL COMPONENTS 3;FC8-8715-000;HANDLE, LEFT;
Canon;Canon Color imageCLASS MF722Cdw;103 INTERNAL COMPONENTS 3;FC8-8748-000;LABEL, MOTOR CAUTION;
Canon;Canon Color imageCLASS MF722Cdw;103 INTERNAL COMPONENTS 3;FM4-8513-000;REGISTRATION ASSY;
Canon;Canon Color imageCLASS MF722Cdw;103 INTERNAL COMPONENTS 3;FM4-8514-000;MP PAPER PICK-UP ASSY;
Canon;Canon Color imageCLASS MF722Cdw;103 INTERNAL COMPONENTS 3;RC2-3388-000;ARM, TRAY;
Canon;Canon Color imageCLASS MF722Cdw;103 INTERNAL COMPONENTS 3;RC2-2014-000;COVER, HOLDER;
Canon;Canon Color imageCLASS MF722Cdw;103 INTERNAL COMPONENTS 3;RL1-1785-000;PAD, SEPARATION;
Canon;Canon Color imageCLASS MF722Cdw;103 INTERNAL COMPONENTS 3;RM1-8047-030;PICK-UP ROLLER ASSY;
Canon;Canon Color imageCLASS MF722Cdw;103 INTERNAL COMPONENTS 3;RM1-4840-000;SEPARATION ROLLER ASSY;
Canon;Canon Color imageCLASS MF722Cdw;103 INTERNAL COMPONENTS 3;FM0-3571-000;PAPER PICK-UP ASSY;SR1, SR4,SR12,SR13, M3, SL2
Canon;Canon Color imageCLASS MF722Cdw;103 INTERNAL COMPONENTS 3;RM1-5428-000;MP CLUTCH ASSY;CL1
Canon;Canon Color imageCLASS MF722Cdw;103 INTERNAL COMPONENTS 3;WG8-5696-000;PHOTO INTERRUPTER, TLP1243;SR7
Canon;Canon Color imageCLASS MF722Cdw;103 INTERNAL COMPONENTS 3;XA9-1671-000;SCREW, D, M3X8;
Canon;Canon Color imageCLASS MF722Cdw;103 INTERNAL COMPONENTS 3;XA9-1835-000;SCREW, D, M3X6;
Canon;Canon Color imageCLASS MF722Cdw;103 INTERNAL COMPONENTS 3;RC2-3555-000;STOPPER, ARM;
Canon;Canon Color imageCLASS MF722Cdw;103 INTERNAL COMPONENTS 3;RC2-3386-000;ARM, TRAY, LEFT;
Canon;Canon Color imageCLASS MF722Cdw;103 INTERNAL COMPONENTS 3;RC2-3387-000;ARM, TRAY, RIGHT;
Canon;Canon Color imageCLASS MF722Cdw;103 INTERNAL COMPONENTS 3;FC0-3943-000;SHEET, GUIDE, LEFT;
Canon;Canon Color imageCLASS MF722Cdw;103 INTERNAL COMPONENTS 3;FC0-3944-000;SHEET, GUIDE, RIGHT;
Canon;Canon Color imageCLASS MF722Cdw;103 INTERNAL COMPONENTS 3;RU6-2174-000;SPRING, TORSION;
Canon;Canon Color imageCLASS MF722Cdw;103 INTERNAL COMPONENTS 3;RC2-3509-000;ARM, PRESSURE, RIGHT;
Canon;Canon Color imageCLASS MF722Cdw;103 INTERNAL COMPONENTS 3;RC2-3390-000;FLAG, SENSOR;
Canon;Canon Color imageCLASS MF722Cdw;103 INTERNAL COMPONENTS 3;RC2-3401-000;HOLDER, SENSOR;
Canon;Canon Color imageCLASS MF722Cdw;103 INTERNAL COMPONENTS 3;RC2-3423-000;PLATE, GROUNDING;
Canon;Canon Color imageCLASS MF722Cdw;103 INTERNAL COMPONENTS 3;RC2-3556-000;ARM, SENSOR;
Canon;Canon Color imageCLASS MF722Cdw;103 INTERNAL COMPONENTS 3;RU6-2205-000;SPRING, TORSION;
Canon;Canon Color imageCLASS MF722Cdw;103 INTERNAL COMPONENTS 3;RC2-3505-000;RAIL, CASSETTE,R1GHT FRONT;
Canon;Canon Color imageCLASS MF722Cdw;103 INTERNAL COMPONENTS 3;NPN;INTERNAL COMPONENTS 3;
Canon;Canon Color imageCLASS MF722Cdw;104B INTERNAL COMPONENTS 4(120V);RL1-3053-000;MOTOR, DC;M1
Canon;Canon Color imageCLASS MF722Cdw;104B INTERNAL COMPONENTS 4(120V);FM0-4754-000;DC CONTROLLER PCB ASSY;
Canon;Canon Color imageCLASS MF722Cdw;104B INTERNAL COMPONENTS 4(120V);FM0-4752-000;POWER SUPPLY ASSY;
Canon;Canon Color imageCLASS MF722Cdw;104B INTERNAL COMPONENTS 4(120V);RK2-2302-000;CABLE, FLAT;
Canon;Canon Color imageCLASS MF722Cdw;104B INTERNAL COMPONENTS 4(120V);RL1-1800-000;MOTOR, DC;M2
Canon;Canon Color imageCLASS MF722Cdw;104B INTERNAL COMPONENTS 4(120V);RM1-8042-010;MAIN DRIVE ASSY;
Canon;Canon Color imageCLASS MF722Cdw;104B INTERNAL COMPONENTS 4(120V);FM1-P897-000;DRIVER PCB ASSY;
Canon;Canon Color imageCLASS MF722Cdw;104B INTERNAL COMPONENTS 4(120V);RM1-5293-000;RELAY PCB ASSY;
Canon;Canon Color imageCLASS MF722Cdw;104B INTERNAL COMPONENTS 4(120V);RM1-5385-000;SENSOR CABLE ASSY;
Canon;Canon Color imageCLASS MF722Cdw;104B INTERNAL COMPONENTS 4(120V);RM1-5393-000;DRAM MOTOR CABLE ASSY;
Canon;Canon Color imageCLASS MF722Cdw;104B INTERNAL COMPONENTS 4(120V);RM1-5394-000;DEVELOPING MOTOR CABLE ASSY;
Canon;Canon Color imageCLASS MF722Cdw;104B INTERNAL COMPONENTS 4(120V);RM1-5395-000;FEED MOTOR CABLE ASSY;
Canon;Canon Color imageCLASS MF722Cdw;104B INTERNAL COMPONENTS 4(120V);RM1-5400-000;SENSOR CABLE ASSY;
Canon;Canon Color imageCLASS MF722Cdw;104B INTERNAL COMPONENTS 4(120V);RM1-5434-000;OPTION CABLE ASSY;
Canon;Canon Color imageCLASS MF722Cdw;104B INTERNAL COMPONENTS 4(120V);RM1-5435-000;RLD CABLE ASSY;
Canon;Canon Color imageCLASS MF722Cdw;104B INTERNAL COMPONENTS 4(120V);RM1-5438-000;FIXING MOTOR CABLE ASSY;
Canon;Canon Color imageCLASS MF722Cdw;104B INTERNAL COMPONENTS 4(120V);FM4-3800-000;CORD, POWER SUPPLY;
Canon;Canon Color imageCLASS MF722Cdw;104B INTERNAL COMPONENTS 4(120V);WG8-5696-000;PHOTO INTERRUPTER, TLP1243;SR2
Canon;Canon Color imageCLASS MF722Cdw;104B INTERNAL COMPONENTS 4(120V);XA9-0679-000;SCREW, MACH., FLAT HEAD, M3X4;
Canon;Canon Color imageCLASS MF722Cdw;104B INTERNAL COMPONENTS 4(120V);XA9-1418-000;SCREW, TP, M3X6;
Canon;Canon Color imageCLASS MF722Cdw;104B INTERNAL COMPONENTS 4(120V);XA9-1671-000;SCREW, D, M3X8;
Canon;Canon Color imageCLASS MF722Cdw;104B INTERNAL COMPONENTS 4(120V);XA9-1420-000;SCREW, W/WASHER, M3X8;
Canon;Canon Color imageCLASS MF722Cdw;104B INTERNAL COMPONENTS 4(120V);XA9-1835-000;SCREW, D, M3X6;
Canon;Canon Color imageCLASS MF722Cdw;104B INTERNAL COMPONENTS 4(120V);RC2-3220-000;HOLDER, CARTRIDGE DOOR SENSOR;
Canon;Canon Color imageCLASS MF722Cdw;104B INTERNAL COMPONENTS 4(120V);RC2-3221-000;ARM, DOOR SENSOR;
Canon;Canon Color imageCLASS MF722Cdw;104B INTERNAL COMPONENTS 4(120V);RC2-3222-000;SPRING, TORSION;
Canon;Canon Color imageCLASS MF722Cdw;104B INTERNAL COMPONENTS 4(120V);VS1-7258-007;CONNECTOR, DRAWER;
Canon;Canon Color imageCLASS MF722Cdw;104B INTERNAL COMPONENTS 4(120V);NPN;INTERNAL COMPONENTS 4;120V
Canon;Canon Color imageCLASS MF722Cdw;104C INTERNAL COMPONENTS 4(230V);RL1-3053-000;MOTOR, DC;M1
Canon;Canon Color imageCLASS MF722Cdw;104C INTERNAL COMPONENTS 4(230V);FM0-4754-000;DC CONTROLLER PCB ASSY;
Canon;Canon Color imageCLASS MF722Cdw;104C INTERNAL COMPONENTS 4(230V);FM0-4753-000;POWER SUPPLY ASSY;
Canon;Canon Color imageCLASS MF722Cdw;104C INTERNAL COMPONENTS 4(230V);RK2-2302-000;CABLE, FLAT;
Canon;Canon Color imageCLASS MF722Cdw;104C INTERNAL COMPONENTS 4(230V);RL1-1800-000;MOTOR, DC;M2
Canon;Canon Color imageCLASS MF722Cdw;104C INTERNAL COMPONENTS 4(230V);RM1-8042-010;MAIN DRIVE ASSY;
Canon;Canon Color imageCLASS MF722Cdw;104C INTERNAL COMPONENTS 4(230V);FM1-P897-000;DRIVER PCB ASSY;
Canon;Canon Color imageCLASS MF722Cdw;104C INTERNAL COMPONENTS 4(230V);RM1-5293-000;RELAY PCB ASSY;
Canon;Canon Color imageCLASS MF722Cdw;104C INTERNAL COMPONENTS 4(230V);RM1-5385-000;SENSOR CABLE ASSY;
Canon;Canon Color imageCLASS MF722Cdw;104C INTERNAL COMPONENTS 4(230V);RM1-5393-000;DRAM MOTOR CABLE ASSY;
Canon;Canon Color imageCLASS MF722Cdw;104C INTERNAL COMPONENTS 4(230V);RM1-5394-000;DEVELOPING MOTOR CABLE ASSY;
Canon;Canon Color imageCLASS MF722Cdw;104C INTERNAL COMPONENTS 4(230V);RM1-5395-000;FEED MOTOR CABLE ASSY;
Canon;Canon Color imageCLASS MF722Cdw;104C INTERNAL COMPONENTS 4(230V);RM1-5400-000;SENSOR CABLE ASSY;
Canon;Canon Color imageCLASS MF722Cdw;104C INTERNAL COMPONENTS 4(230V);RM1-5434-000;OPTION CABLE ASSY;
Canon;Canon Color imageCLASS MF722Cdw;104C INTERNAL COMPONENTS 4(230V);RM1-5435-000;RLD CABLE ASSY;
Canon;Canon Color imageCLASS MF722Cdw;104C INTERNAL COMPONENTS 4(230V);RM1-5438-000;FIXING MOTOR CABLE ASSY;
Canon;Canon Color imageCLASS MF722Cdw;104C INTERNAL COMPONENTS 4(230V);FM4-3800-000;CORD, POWER SUPPLY;
Canon;Canon Color imageCLASS MF722Cdw;104C INTERNAL COMPONENTS 4(230V);WG8-5696-000;PHOTO INTERRUPTER, TLP1243;SR2
Canon;Canon Color imageCLASS MF722Cdw;104C INTERNAL COMPONENTS 4(230V);XA9-0679-000;SCREW, MACH., FLAT HEAD, M3X4;
Canon;Canon Color imageCLASS MF722Cdw;104C INTERNAL COMPONENTS 4(230V);XA9-1418-000;SCREW, TP, M3X6;
Canon;Canon Color imageCLASS MF722Cdw;104C INTERNAL COMPONENTS 4(230V);XA9-1671-000;SCREW, D, M3X8;
Canon;Canon Color imageCLASS MF722Cdw;104C INTERNAL COMPONENTS 4(230V);XA9-1420-000;SCREW, W/WASHER, M3X8;
Canon;Canon Color imageCLASS MF722Cdw;104C INTERNAL COMPONENTS 4(230V);XA9-1835-000;SCREW, D, M3X6;
Canon;Canon Color imageCLASS MF722Cdw;104C INTERNAL COMPONENTS 4(230V);RC2-3220-000;HOLDER, CARTRIDGE DOOR SENSOR;
Canon;Canon Color imageCLASS MF722Cdw;104C INTERNAL COMPONENTS 4(230V);RC2-3221-000;ARM, DOOR SENSOR;
Canon;Canon Color imageCLASS MF722Cdw;104C INTERNAL COMPONENTS 4(230V);RC2-3222-000;SPRING, TORSION;
Canon;Canon Color imageCLASS MF722Cdw;104C INTERNAL COMPONENTS 4(230V);VS1-7258-007;CONNECTOR, DRAWER;
Canon;Canon Color imageCLASS MF722Cdw;104C INTERNAL COMPONENTS 4(230V);NPN;INTERNAL COMPONENTS 4;230V
Canon;Canon Color imageCLASS MF722Cdw;105 INTERNAL COMPONENTS 5;FM4-4286-010;PAPER DELIVERY ASSY;SR15
Canon;Canon Color imageCLASS MF722Cdw;105 INTERNAL COMPONENTS 5;RM1-4896-000;FIXING MOTOR UNIT;M4
Canon;Canon Color imageCLASS MF722Cdw;105 INTERNAL COMPONENTS 5;RM1-7355-000;POWER SUPPLY SUB PCB ASSY;
Canon;Canon Color imageCLASS MF722Cdw;105 INTERNAL COMPONENTS 5;RM1-5419-000;FEED MOTOR ASSY;M5
Canon;Canon Color imageCLASS MF722Cdw;105 INTERNAL COMPONENTS 5;RM1-5433-000;THERMISTOR CABLE ASSY;
Canon;Canon Color imageCLASS MF722Cdw;105 INTERNAL COMPONENTS 5;FM4-3803-000;CABLE, FIXING;
Canon;Canon Color imageCLASS MF722Cdw;105 INTERNAL COMPONENTS 5;XA9-1420-000;SCREW, W/WASHER, M3X8;
Canon;Canon Color imageCLASS MF722Cdw;105 INTERNAL COMPONENTS 5;RK2-2276-000;FAN;FM1
Canon;Canon Color imageCLASS MF722Cdw;105 INTERNAL COMPONENTS 5;XA9-1418-000;SCREW, TP, M3X6;
Canon;Canon Color imageCLASS MF722Cdw;105 INTERNAL COMPONENTS 5;XA9-1835-000;SCREW, D, M3X6;
Canon;Canon Color imageCLASS MF722Cdw;105 INTERNAL COMPONENTS 5;XA9-1671-000;SCREW, D, M3X8;
Canon;Canon Color imageCLASS MF722Cdw;105 INTERNAL COMPONENTS 5;RC2-3136-000;DUCT, 5;
Canon;Canon Color imageCLASS MF722Cdw;105 INTERNAL COMPONENTS 5;RC2-3194-000;HOLDER, GEAR;
Canon;Canon Color imageCLASS MF722Cdw;105 INTERNAL COMPONENTS 5;RU6-0270-000;GEAR, 67T/16T;
Canon;Canon Color imageCLASS MF722Cdw;105 INTERNAL COMPONENTS 5;RU6-0302-000;GEAR, 21T;
Canon;Canon Color imageCLASS MF722Cdw;105 INTERNAL COMPONENTS 5;RU6-0303-000;GEAR, 57T;
Canon;Canon Color imageCLASS MF722Cdw;105 INTERNAL COMPONENTS 5;RU6-0307-000;GEAR, 33T/21T;
Canon;Canon Color imageCLASS MF722Cdw;105 INTERNAL COMPONENTS 5;RU6-0308-000;GEAR, 39T/15T;
Canon;Canon Color imageCLASS MF722Cdw;105 INTERNAL COMPONENTS 5;RU6-2178-000;SPRING, COMPRESSION;
Canon;Canon Color imageCLASS MF722Cdw;105 INTERNAL COMPONENTS 5;RU6-2179-000;SPRING;
Canon;Canon Color imageCLASS MF722Cdw;105 INTERNAL COMPONENTS 5;NPN;INTERNAL COMPONENTS 5;
Canon;Canon Color imageCLASS MF722Cdw;106 INTERNAL COMPONENTS 6;FC9-4546-000;COVER, REAR LOWER;
Canon;Canon Color imageCLASS MF722Cdw;106 INTERNAL COMPONENTS 6;FC9-4547-000;COVER, REAR UPPER;
Canon;Canon Color imageCLASS MF722Cdw;106 INTERNAL COMPONENTS 6;FM4-4284-000;REAR DOOR ASSY;
Canon;Canon Color imageCLASS MF722Cdw;106 INTERNAL COMPONENTS 6;RC2-3750-000;LINK, DOOR;
Canon;Canon Color imageCLASS MF722Cdw;106 INTERNAL COMPONENTS 6;RC2-3752-000;LINK, GUIDE;
Canon;Canon Color imageCLASS MF722Cdw;106 INTERNAL COMPONENTS 6;RC2-3774-000;CAP, LINK;
Canon;Canon Color imageCLASS MF722Cdw;106 INTERNAL COMPONENTS 6;FC8-8730-000;COVER, REVERSE;
Canon;Canon Color imageCLASS MF722Cdw;106 INTERNAL COMPONENTS 6;RK2-2276-000;FAN;FM2
Canon;Canon Color imageCLASS MF722Cdw;106 INTERNAL COMPONENTS 6;RM1-4838-000;PAPER FEED GUIDE ASSY;
Canon;Canon Color imageCLASS MF722Cdw;106 INTERNAL COMPONENTS 6;RM1-4876-000;REAR DOOR RIB ASSY;
Canon;Canon Color imageCLASS MF722Cdw;106 INTERNAL COMPONENTS 6;RM1-4877-000;PAPER RE-PICK UP GUIDE ASSY;
Canon;Canon Color imageCLASS MF722Cdw;106 INTERNAL COMPONENTS 6;RM1-4879-000;DUPLEXING FEED GUIDE ASSY;
Canon;Canon Color imageCLASS MF722Cdw;106 INTERNAL COMPONENTS 6;RM1-4880-000;REVERSE DRIVE ASSY;CL2, SL5
Canon;Canon Color imageCLASS MF722Cdw;106 INTERNAL COMPONENTS 6;RM1-5397-000;DUPLEX CABLE ASSY;
Canon;Canon Color imageCLASS MF722Cdw;106 INTERNAL COMPONENTS 6;XA9-1671-000;SCREW, D, M3X8;
Canon;Canon Color imageCLASS MF722Cdw;106 INTERNAL COMPONENTS 6;FU7-8108-000;LABEL, DUPLEX JAM;
Canon;Canon Color imageCLASS MF722Cdw;106 INTERNAL COMPONENTS 6;NPN;INTERNAL COMPONENTS 6;
Canon;Canon Color imageCLASS MF722Cdw;107C INTERNAL COMPONENTS 7(MF727Cdw,MF726Cdw);FC9-4507-000;PLATE, USB GROUNDING;
Canon;Canon Color imageCLASS MF722Cdw;107C INTERNAL COMPONENTS 7(MF727Cdw,MF726Cdw);FK3-1894-000;CABLE, FLAT;
Canon;Canon Color imageCLASS MF722Cdw;107C INTERNAL COMPONENTS 7(MF727Cdw,MF726Cdw);FK3-3940-000;CABLE, FLAT;
Canon;Canon Color imageCLASS MF722Cdw;107C INTERNAL COMPONENTS 7(MF727Cdw,MF726Cdw);FM4-8968-010;OFFHOOK PCB ASSEMBLY;
Canon;Canon Color imageCLASS MF722Cdw;107C INTERNAL COMPONENTS 7(MF727Cdw,MF726Cdw);FM4-3796-000;CABLE, MAIN SWITCH;SW1
Canon;Canon Color imageCLASS MF722Cdw;107C INTERNAL COMPONENTS 7(MF727Cdw,MF726Cdw);FK2-8767-000;CORE, FERRITE;
Canon;Canon Color imageCLASS MF722Cdw;107C INTERNAL COMPONENTS 7(MF727Cdw,MF726Cdw);FM1-N814-000;FAX-NCU PCB ASSEMBLY;
Canon;Canon Color imageCLASS MF722Cdw;107C INTERNAL COMPONENTS 7(MF727Cdw,MF726Cdw);FK2-9878-000;SPEAKER ASSEMBLY;SP1
Canon;Canon Color imageCLASS MF722Cdw;107C INTERNAL COMPONENTS 7(MF727Cdw,MF726Cdw);FM0-4655-000;USB PCB ASSEMBLY;
Canon;Canon Color imageCLASS MF722Cdw;107C INTERNAL COMPONENTS 7(MF727Cdw,MF726Cdw);FK4-2613-000;CABLE, FLAT;
Canon;Canon Color imageCLASS MF722Cdw;107C INTERNAL COMPONENTS 7(MF727Cdw,MF726Cdw);FK4-1248-020;MODULE, WLAN 88W8782;
Canon;Canon Color imageCLASS MF722Cdw;107C INTERNAL COMPONENTS 7(MF727Cdw,MF726Cdw);FM0-4682-000;CABLE, OFFHOOK;
Canon;Canon Color imageCLASS MF722Cdw;107C INTERNAL COMPONENTS 7(MF727Cdw,MF726Cdw);NPN;INTERNAL COMPONENTS 7;MF727Cdw,MF726Cdw
Canon;Canon Color imageCLASS MF722Cdw;107D INTERNAL COMPONENTS 7(MF729Cdw,MF729Cx);FC9-4507-000;PLATE, USB GROUNDING;
Canon;Canon Color imageCLASS MF722Cdw;107D INTERNAL COMPONENTS 7(MF729Cdw,MF729Cx);FK3-1894-000;CABLE, FLAT;
Canon;Canon Color imageCLASS MF722Cdw;107D INTERNAL COMPONENTS 7(MF729Cdw,MF729Cx);FK3-3940-000;CABLE, FLAT;
Canon;Canon Color imageCLASS MF722Cdw;107D INTERNAL COMPONENTS 7(MF729Cdw,MF729Cx);FM4-8968-010;OFFHOOK PCB ASSEMBLY;
Canon;Canon Color imageCLASS MF722Cdw;107D INTERNAL COMPONENTS 7(MF729Cdw,MF729Cx);FM4-3796-000;CABLE, MAIN SWITCH;SW1
Canon;Canon Color imageCLASS MF722Cdw;107D INTERNAL COMPONENTS 7(MF729Cdw,MF729Cx);FK2-8767-000;CORE, FERRITE;
Canon;Canon Color imageCLASS MF722Cdw;107D INTERNAL COMPONENTS 7(MF729Cdw,MF729Cx);FM1-N814-000;FAX-NCU PCB ASSEMBLY;
Canon;Canon Color imageCLASS MF722Cdw;107D INTERNAL COMPONENTS 7(MF729Cdw,MF729Cx);FK2-9878-000;SPEAKER ASSEMBLY;SP1
Canon;Canon Color imageCLASS MF722Cdw;107D INTERNAL COMPONENTS 7(MF729Cdw,MF729Cx);FM0-4655-000;USB PCB ASSEMBLY;
Canon;Canon Color imageCLASS MF722Cdw;107D INTERNAL COMPONENTS 7(MF729Cdw,MF729Cx);FK4-2613-000;CABLE, FLAT;
Canon;Canon Color imageCLASS MF722Cdw;107D INTERNAL COMPONENTS 7(MF729Cdw,MF729Cx);FK4-1248-020;MODULE, WLAN 88W8782;
Canon;Canon Color imageCLASS MF722Cdw;107D INTERNAL COMPONENTS 7(MF729Cdw,MF729Cx);FM0-4682-000;CABLE, OFFHOOK;
Canon;Canon Color imageCLASS MF722Cdw;107D INTERNAL COMPONENTS 7(MF729Cdw,MF729Cx);NPN;INTERNAL COMPONENTS 7;MF729Cdw,MF729Cx
Canon;Canon Color imageCLASS MF722Cdw;130C CONTROL PANEL ASSY(Color imageCLASS MF726Cdw);FM1-N812-000;NFC PCB ASSEMBLY;NFC MODEL
Canon;Canon Color imageCLASS MF722Cdw;130C CONTROL PANEL ASSY(Color imageCLASS MF726Cdw);FM1-K128-000;CONTROL PANEL ASSY;Color imageCLASS MF726Cdw
Canon;Canon Color imageCLASS MF722Cdw;130D CONTROL PANEL ASSY(Color imageCLASS MF729Cdw);FM1-N812-000;NFC PCB ASSEMBLY;NFC MODEL
Canon;Canon Color imageCLASS MF722Cdw;130D CONTROL PANEL ASSY(Color imageCLASS MF729Cdw);FM1-H439-000;CONTROL PANEL ASSY;Color imageCLASS MF729Cdw
Canon;Canon Color imageCLASS MF722Cdw;130H CONTROL PANEL ASSY(imageCLASS MF729Cx);FM1-N812-000;NFC PCB ASSEMBLY;NFC MODEL
Canon;Canon Color imageCLASS MF722Cdw;130H CONTROL PANEL ASSY(imageCLASS MF729Cx);FM1-H441-000;CONTROL PANEL ASSY;imageCLASS MF729Cx
Canon;Canon Color imageCLASS MF722Cdw;160B READER/ADF ASSEMBLY(A/INCH SIZE);FC7-6189-000;ROLLER, PICK-UP;
Canon;Canon Color imageCLASS MF722Cdw;160B READER/ADF ASSEMBLY(A/INCH SIZE);FC7-6320-000;BUSHING;
Canon;Canon Color imageCLASS MF722Cdw;160B READER/ADF ASSEMBLY(A/INCH SIZE);FC7-6321-000;FLAG, DOCUMENT SCANNER;
Canon;Canon Color imageCLASS MF722Cdw;160B READER/ADF ASSEMBLY(A/INCH SIZE);FC7-6322-000;ELIMINATOR, STATIC CHARGE;
Canon;Canon Color imageCLASS MF722Cdw;160B READER/ADF ASSEMBLY(A/INCH SIZE);FC9-1503-000;PLATE, GROUNDING;
Canon;Canon Color imageCLASS MF722Cdw;160B READER/ADF ASSEMBLY(A/INCH SIZE);FL3-9296-000;COVER, REAR;
Canon;Canon Color imageCLASS MF722Cdw;160B READER/ADF ASSEMBLY(A/INCH SIZE);FL3-9295-000;COVER, FRONT UPPER;
Canon;Canon Color imageCLASS MF722Cdw;160B READER/ADF ASSEMBLY(A/INCH SIZE);FC9-1534-000;TRAY, DOCUMENT;
Canon;Canon Color imageCLASS MF722Cdw;160B READER/ADF ASSEMBLY(A/INCH SIZE);FC9-1535-000;TRAY, SUB DOCUMENT;
Canon;Canon Color imageCLASS MF722Cdw;160B READER/ADF ASSEMBLY(A/INCH SIZE);FL0-1992-000;PANEL, OPEN/CLOSE;
Canon;Canon Color imageCLASS MF722Cdw;160B READER/ADF ASSEMBLY(A/INCH SIZE);FC0-4435-000;SHEET, WHITE;
Canon;Canon Color imageCLASS MF722Cdw;160B READER/ADF ASSEMBLY(A/INCH SIZE);FE2-2443-000;LABEL, SIZE INDEX;
Canon;Canon Color imageCLASS MF722Cdw;160B READER/ADF ASSEMBLY(A/INCH SIZE);FE2-3484-000;PLATE, PAPER SIZE;
Canon;Canon Color imageCLASS MF722Cdw;160B READER/ADF ASSEMBLY(A/INCH SIZE);FC9-5655-000;TRAY, SUB;
Canon;Canon Color imageCLASS MF722Cdw;160B READER/ADF ASSEMBLY(A/INCH SIZE);FC9-5656-000;GUIDE, DOCUMENT, FRONT;
Canon;Canon Color imageCLASS MF722Cdw;160B READER/ADF ASSEMBLY(A/INCH SIZE);FC9-5657-000;GUIDE, DOCUMENT, REAR;
Canon;Canon Color imageCLASS MF722Cdw;160B READER/ADF ASSEMBLY(A/INCH SIZE);FC9-7562-000;LABEL, SIZE INDEX;
Canon;Canon Color imageCLASS MF722Cdw;160B READER/ADF ASSEMBLY(A/INCH SIZE);FC9-7566-000;LABEL, GLASS CLEANING;
Canon;Canon Color imageCLASS MF722Cdw;160B READER/ADF ASSEMBLY(A/INCH SIZE);FL2-6637-000;ROLLER, SEPARATION;
Canon;Canon Color imageCLASS MF722Cdw;160B READER/ADF ASSEMBLY(A/INCH SIZE);FL3-2453-000;HINGE, ADF;
Canon;Canon Color imageCLASS MF722Cdw;160B READER/ADF ASSEMBLY(A/INCH SIZE);FL3-3539-000;HOLDER, DOCUMENT,RELEASE SHEET;
Canon;Canon Color imageCLASS MF722Cdw;160B READER/ADF ASSEMBLY(A/INCH SIZE);FM0-4855-000;PAPER FEED GUIDE ASSEMBLY;
Canon;Canon Color imageCLASS MF722Cdw;160B READER/ADF ASSEMBLY(A/INCH SIZE);FM3-9538-000;SEPARATION ROLLER ASSEMBLY;
Canon;Canon Color imageCLASS MF722Cdw;160B READER/ADF ASSEMBLY(A/INCH SIZE);XA9-0831-000;SCREW,M3X10;
Canon;Canon Color imageCLASS MF722Cdw;160B READER/ADF ASSEMBLY(A/INCH SIZE);FU7-0672-000;GEAR, 24T;
Canon;Canon Color imageCLASS MF722Cdw;160B READER/ADF ASSEMBLY(A/INCH SIZE);FU7 - 2018-000;SPRING, COMPRESSION;
Canon;Canon Color imageCLASS MF722Cdw;160B READER/ADF ASSEMBLY(A/INCH SIZE);XA9-0476-000;SCREW,TP M3X8;
Canon;Canon Color imageCLASS MF722Cdw;160B READER/ADF ASSEMBLY(A/INCH SIZE);FU8-0895-000;GEAR, 18T;
Canon;Canon Color imageCLASS MF722Cdw;160B READER/ADF ASSEMBLY(A/INCH SIZE);FU8-2007-000;SPRING, COMPRESSION;
Canon;Canon Color imageCLASS MF722Cdw;160B READER/ADF ASSEMBLY(A/INCH SIZE);HC1-0586-000;RETAINING RING;
Canon;Canon Color imageCLASS MF722Cdw;160B READER/ADF ASSEMBLY(A/INCH SIZE);HU1-1022-000;BUSHING;
Canon;Canon Color imageCLASS MF722Cdw;160B READER/ADF ASSEMBLY(A/INCH SIZE);NPN;READER/ADF ASSEMBLY;A/INCH SIZE
Canon;Canon Color imageCLASS MF722Cdw;160D READER/ADF ASSEMBLY(A/B/K/INCH SIZE);FC7-6189-000;ROLLER, PICK-UP;
Canon;Canon Color imageCLASS MF722Cdw;160D READER/ADF ASSEMBLY(A/B/K/INCH SIZE);FC7-6320-000;BUSHING;
Canon;Canon Color imageCLASS MF722Cdw;160D READER/ADF ASSEMBLY(A/B/K/INCH SIZE);FC7-6321-000;FLAG, DOCUMENT SCANNER;
Canon;Canon Color imageCLASS MF722Cdw;160D READER/ADF ASSEMBLY(A/B/K/INCH SIZE);FC7-6322-000;ELIMINATOR, STATIC CHARGE;
Canon;Canon Color imageCLASS MF722Cdw;160D READER/ADF ASSEMBLY(A/B/K/INCH SIZE);FC9-1503-000;PLATE, GROUNDING;
Canon;Canon Color imageCLASS MF722Cdw;160D READER/ADF ASSEMBLY(A/B/K/INCH SIZE);FL3-9296-000;COVER, REAR;
Canon;Canon Color imageCLASS MF722Cdw;160D READER/ADF ASSEMBLY(A/B/K/INCH SIZE);FL3-9295-000;COVER, FRONT UPPER;
Canon;Canon Color imageCLASS MF722Cdw;160D READER/ADF ASSEMBLY(A/B/K/INCH SIZE);FC9-1534-000;TRAY, DOCUMENT;
Canon;Canon Color imageCLASS MF722Cdw;160D READER/ADF ASSEMBLY(A/B/K/INCH SIZE);FC9-1535-000;TRAY, SUB DOCUMENT;
Canon;Canon Color imageCLASS MF722Cdw;160D READER/ADF ASSEMBLY(A/B/K/INCH SIZE);FL0-1992-000;PANEL, OPEN/CLOSE;
Canon;Canon Color imageCLASS MF722Cdw;160D READER/ADF ASSEMBLY(A/B/K/INCH SIZE);FC0-4435-000;SHEET, WHITE;
Canon;Canon Color imageCLASS MF722Cdw;160D READER/ADF ASSEMBLY(A/B/K/INCH SIZE);FE2-2445-000;LABEL, SIZE INDEX;
Canon;Canon Color imageCLASS MF722Cdw;160D READER/ADF ASSEMBLY(A/B/K/INCH SIZE);FE2-3486-000;PLATE, PAPER SIZE;
Canon;Canon Color imageCLASS MF722Cdw;160D READER/ADF ASSEMBLY(A/B/K/INCH SIZE);FC9-5655-000;TRAY, SUB;
Canon;Canon Color imageCLASS MF722Cdw;160D READER/ADF ASSEMBLY(A/B/K/INCH SIZE);FC9-5656-000;GUIDE, DOCUMENT, FRONT;
Canon;Canon Color imageCLASS MF722Cdw;160D READER/ADF ASSEMBLY(A/B/K/INCH SIZE);FC9-5657-000;GUIDE, DOCUMENT, REAR;
Canon;Canon Color imageCLASS MF722Cdw;160D READER/ADF ASSEMBLY(A/B/K/INCH SIZE);FC9-7564-000;LABEL, SIZE INDEX;
Canon;Canon Color imageCLASS MF722Cdw;160D READER/ADF ASSEMBLY(A/B/K/INCH SIZE);FC9-7568-000;LABEL, GLASS CLEANING;
Canon;Canon Color imageCLASS MF722Cdw;160D READER/ADF ASSEMBLY(A/B/K/INCH SIZE);FL2-6637-000;ROLLER, SEPARATION;
Canon;Canon Color imageCLASS MF722Cdw;160D READER/ADF ASSEMBLY(A/B/K/INCH SIZE);FL3-2453-000;HINGE, ADF;
Canon;Canon Color imageCLASS MF722Cdw;160D READER/ADF ASSEMBLY(A/B/K/INCH SIZE);FL3-3539-000;HOLDER, DOCUMENT,RELEASE SHEET;
Canon;Canon Color imageCLASS MF722Cdw;160D READER/ADF ASSEMBLY(A/B/K/INCH SIZE);FM0-4855-000;PAPER FEED GUIDE ASSEMBLY;
Canon;Canon Color imageCLASS MF722Cdw;160D READER/ADF ASSEMBLY(A/B/K/INCH SIZE);FM3-9538-000;SEPARATION ROLLER ASSEMBLY;
Canon;Canon Color imageCLASS MF722Cdw;160D READER/ADF ASSEMBLY(A/B/K/INCH SIZE);XA9-0831-000;SCREW,M3X10;
Canon;Canon Color imageCLASS MF722Cdw;160D READER/ADF ASSEMBLY(A/B/K/INCH SIZE);FU7-0672-000;GEAR, 24T;
Canon;Canon Color imageCLASS MF722Cdw;160D READER/ADF ASSEMBLY(A/B/K/INCH SIZE);FU7 - 2018-000;SPRING, COMPRESSION;
Canon;Canon Color imageCLASS MF722Cdw;160D READER/ADF ASSEMBLY(A/B/K/INCH SIZE);XA9-0476-000;SCREW,TP M3X8;
Canon;Canon Color imageCLASS MF722Cdw;160D READER/ADF ASSEMBLY(A/B/K/INCH SIZE);FU8-0895-000;GEAR, 18T;
Canon;Canon Color imageCLASS MF722Cdw;160D READER/ADF ASSEMBLY(A/B/K/INCH SIZE);FU8-2007-000;SPRING, COMPRESSION;
Canon;Canon Color imageCLASS MF722Cdw;160D READER/ADF ASSEMBLY(A/B/K/INCH SIZE);HC1-0586-000;RETAINING RING;
Canon;Canon Color imageCLASS MF722Cdw;160D READER/ADF ASSEMBLY(A/B/K/INCH SIZE);HU1-1022-000;BUSHING;
Canon;Canon Color imageCLASS MF722Cdw;160D READER/ADF ASSEMBLY(A/B/K/INCH SIZE);NPN;READER/ADF ASSEMBLY;AB/K/INCH SIZE
Canon;Canon Color imageCLASS MF722Cdw;165 PAPER FEEDER ASSEMBLY;FC7-6052-010;RATCHET, PAPER FEED ROLLER;
Canon;Canon Color imageCLASS MF722Cdw;165 PAPER FEEDER ASSEMBLY;FC7-6297-000;PAD, SEPARATION;
Canon;Canon Color imageCLASS MF722Cdw;165 PAPER FEEDER ASSEMBLY;FC7-6299-000;HOLDER, SEPARATION PAD;
Canon;Canon Color imageCLASS MF722Cdw;165 PAPER FEEDER ASSEMBLY;FC7-6300-000;CLAMP, SEPARATION PAD;
Canon;Canon Color imageCLASS MF722Cdw;165 PAPER FEEDER ASSEMBLY;FC9-1512-000;LEVER, RELEASE;
Canon;Canon Color imageCLASS MF722Cdw;165 PAPER FEEDER ASSEMBLY;VS1-7177-002;CONNECTOR, SNAP TIGHT, BK;
Canon;Canon Color imageCLASS MF722Cdw;165 PAPER FEEDER ASSEMBLY;FC9-1526-000;GUIDE, PAPER DELIVERY;
Canon;Canon Color imageCLASS MF722Cdw;165 PAPER FEEDER ASSEMBLY;FC9-5654-000;SHEET, SEPARATION PAD;
Canon;Canon Color imageCLASS MF722Cdw;165 PAPER FEEDER ASSEMBLY;FL3-1431-000;ARM, SEPARATION SWING;
Canon;Canon Color imageCLASS MF722Cdw;165 PAPER FEEDER ASSEMBLY;FL3-1437-000;GUIDE LOWER ASSEMBLY;
Canon;Canon Color imageCLASS MF722Cdw;165 PAPER FEEDER ASSEMBLY;FM4-1885-000;PAPER FEED ROLLER ASSEMBLY;
Canon;Canon Color imageCLASS MF722Cdw;165 PAPER FEEDER ASSEMBLY;FL3-2458-000;PAPER DELIVERY ROLLER ASS Y;
Canon;Canon Color imageCLASS MF722Cdw;165 PAPER FEEDER ASSEMBLY;FM3-9542-000;DRIVE PLATE ASSEMBLY;
Canon;Canon Color imageCLASS MF722Cdw;165 PAPER FEEDER ASSEMBLY;FM0-4859-000;MOTOR DRIVE ASSY;M721
Canon;Canon Color imageCLASS MF722Cdw;165 PAPER FEEDER ASSEMBLY;FU5-6992-000;ROLLER, AUXILIARY;
Canon;Canon Color imageCLASS MF722Cdw;165 PAPER FEEDER ASSEMBLY;FU6-2998-000;SPRING, COMPRESSION;
Canon;Canon Color imageCLASS MF722Cdw;165 PAPER FEEDER ASSEMBLY;FU6-2999-000;SPRING, TENSION;
Canon;Canon Color imageCLASS MF722Cdw;165 PAPER FEEDER ASSEMBLY;FU7-0667-000;GEAR, 20T;
Canon;Canon Color imageCLASS MF722Cdw;165 PAPER FEEDER ASSEMBLY;FU7-0668-000;GEAR, 54T;
Canon;Canon Color imageCLASS MF722Cdw;165 PAPER FEEDER ASSEMBLY;FU7-0669-000;GEAR, 46T/23T;
Canon;Canon Color imageCLASS MF722Cdw;165 PAPER FEEDER ASSEMBLY;FU7-0671-000;GEAR, 36T;
Canon;Canon Color imageCLASS MF722Cdw;165 PAPER FEEDER ASSEMBLY;FU7-0676-000;GEAR, 21T/42T;
Canon;Canon Color imageCLASS MF722Cdw;165 PAPER FEEDER ASSEMBLY;FU7-0678-000;GEAR, 51T/17T;
Canon;Canon Color imageCLASS MF722Cdw;165 PAPER FEEDER ASSEMBLY;FU7-2016-000;SPRING, COMPRESSION;
Canon;Canon Color imageCLASS MF722Cdw;165 PAPER FEEDER ASSEMBLY;FU8-2008-000;SPRING, COMPRESSION;
Canon;Canon Color imageCLASS MF722Cdw;165 PAPER FEEDER ASSEMBLY;FU7-2021-000;SPRING, COMPRESSION;
Canon;Canon Color imageCLASS MF722Cdw;165 PAPER FEEDER ASSEMBLY;HC1-0586-000;RETAINING RING;
Canon;Canon Color imageCLASS MF722Cdw;165 PAPER FEEDER ASSEMBLY;HU1-1022-000;BUSHING;
Canon;Canon Color imageCLASS MF722Cdw;165 PAPER FEEDER ASSEMBLY;VS1-7207-004;CONNECTOR, SNAP TIGHT, BK;
Canon;Canon Color imageCLASS MF722Cdw;165 PAPER FEEDER ASSEMBLY;WG8-5696-000;PHOTO INTERRUPTER, TLP1243;PS702,PS703
Canon;Canon Color imageCLASS MF722Cdw;165 PAPER FEEDER ASSEMBLY;FM4-1873-000;GUIDE ASSEMBLY, UPPER;
Canon;Canon Color imageCLASS MF722Cdw;165 PAPER FEEDER ASSEMBLY;FC7-6182-000;LEVER, ROLLER RELEASE;
Canon;Canon Color imageCLASS MF722Cdw;165 PAPER FEEDER ASSEMBLY;FC7-6278-000;FLAPPER, PAPER DELIVERY;
Canon;Canon Color imageCLASS MF722Cdw;165 PAPER FEEDER ASSEMBLY;FC7-6281-000;SPRING, ARM;
Canon;Canon Color imageCLASS MF722Cdw;165 PAPER FEEDER ASSEMBLY;FM3-9541-000;PAPER DELIVERY ASSEMBLY;
Canon;Canon Color imageCLASS MF722Cdw;165 PAPER FEEDER ASSEMBLY;FM3-9543-000;SOLENOID ASSEMBLY;SL4
Canon;Canon Color imageCLASS MF722Cdw;165 PAPER FEEDER ASSEMBLY;FM0-4857-000;PAPER FEEDER ASSEMBLY;
Canon;Canon Color imageCLASS MF722Cdw;300 CASSETTE 1;FM4-4279-000;CASSETTE;
Canon;Canon Color imageCLASS MF722Cdw;300 CASSETTE 2;FM4-4279-000;CASSETTE;
Canon;Canon Color imageCLASS MF722Cdw;400 READER ASSEMBLY;FC9-1650-000;BELT, TIMING;
Canon;Canon Color imageCLASS MF722Cdw;400 READER ASSEMBLY;FC9-2101-000;MOUNT, SUPPORTER;
Canon;Canon Color imageCLASS MF722Cdw;400 READER ASSEMBLY;FC9-4589-000;LEVER, FACE-DOWN;
Canon;Canon Color imageCLASS MF722Cdw;400 READER ASSEMBLY;FC9-4590-000;HOLDER, FACE-DOWN LEVER;
Canon;Canon Color imageCLASS MF722Cdw;400 READER ASSEMBLY;FC9-7571-000;SPACER, CIS;
Canon;Canon Color imageCLASS MF722Cdw;400 READER ASSEMBLY;FC9-7573-000;SPACER, CIS;
Canon;Canon Color imageCLASS MF722Cdw;400 READER ASSEMBLY;FC9-7574-000;SPACER, CIS;
Canon;Canon Color imageCLASS MF722Cdw;400 READER ASSEMBLY;FK3-1884-000;CABLE, FLAT;
Canon;Canon Color imageCLASS MF722Cdw;400 READER ASSEMBLY;FK4-2614-000;CABLE, FLAT;
Canon;Canon Color imageCLASS MF722Cdw;400 READER ASSEMBLY;FM0-3591-000;READER COVER UNIT;
Canon;Canon Color imageCLASS MF722Cdw;400 READER ASSEMBLY;FM4-3653-000;CABLE, READER;
Canon;Canon Color imageCLASS MF722Cdw;400 READER ASSEMBLY;FM4-4301-000;DC MOTOR ASSEMBLY;M720
Canon;Canon Color imageCLASS MF722Cdw;400 READER ASSEMBLY;FM4-9076-000;CONTACT IMAGE SENSOR ASSY;CIS
Canon;Canon Color imageCLASS MF722Cdw;400 READER ASSEMBLY;VS1-7177-003;CONNECTOR, SNAP TIGHT, BK;
Canon;Canon Color imageCLASS MF722Cdw;400 READER ASSEMBLY;VS1-7177-004;CONNECTOR, SNAP TIGHT, BK;
Canon;Canon Color imageCLASS MF722Cdw;400 READER ASSEMBLY;WG8-5696-000;PHOTO INTERRUPTER, TLP1243;PS701
Canon;Canon Color imageCLASS MF722Cdw;400 READER ASSEMBLY;XA9-0476-000;SCREW,TP M3X8;
Canon;Canon Color imageCLASS MF722Cdw;400 READER ASSEMBLY;FM1-J270-000;READER ASSEMBLY;
Canon;Canon Color imageCLASS MF722Cdw;460 LASER SCANNER ASSY;FM4-3359-000;LASER SCANNER ASSY;M7
Canon;Canon Color imageCLASS MF722Cdw;530 INTERMEDIATE TRANS. BELT ASSY;RM1-4852-000;INTERMEDIATE TRANS. BELT ASS Y;SR16
Canon;Canon Color imageCLASS MF722Cdw;810B FIXING ASSY(120V);FM4-3062-000;FIXING FILM ASSEMBLY;H120,TH801,TH802, T H803
Canon;Canon Color imageCLASS MF722Cdw;810B FIXING ASSY(120V);FU7 - 8111-000;LABEL, CAUTION;
Canon;Canon Color imageCLASS MF722Cdw;810B FIXING ASSY(120V);RC2-3367-000;ROLLER, PRESSURE;
Canon;Canon Color imageCLASS MF722Cdw;810B FIXING ASSY(120V);WG8-5696-000;PHOTO INTERRUPTER, TLP1243;SR8,SR9,SR10
Canon;Canon Color imageCLASS MF722Cdw;810B FIXING ASSY(120V);XA9-1418-000;SCREW, TP, M3X6;
Canon;Canon Color imageCLASS MF722Cdw;810B FIXING ASSY(120V);XA9-1420-000;SCREW, W/WASHER, M3X8;
Canon;Canon Color imageCLASS MF722Cdw;810B FIXING ASSY(120V);XA9-1835-000;SCREW, D, M3X6;
Canon;Canon Color imageCLASS MF722Cdw;810B FIXING ASSY(120V);XD9-0235-000;RING, E;
Canon;Canon Color imageCLASS MF722Cdw;810B FIXING ASSY(120V);FM4-4290-000;FIXING ASSY;120V
Canon;Canon Color imageCLASS MF722Cdw;810D FIXING ASSY(230V);FM4-3063-000;FIXING FILM ASSEMBLY;H220,TH801,TH802, T H803
Canon;Canon Color imageCLASS MF722Cdw;810D FIXING ASSY(230V);FU7 - 8111-000;LABEL, CAUTION;
Canon;Canon Color imageCLASS MF722Cdw;810D FIXING ASSY(230V);RC2-3367-000;ROLLER, PRESSURE;
Canon;Canon Color imageCLASS MF722Cdw;810D FIXING ASSY(230V);WG8-5696-000;PHOTO INTERRUPTER, TLP1243;SR8,SR9,SR10
Canon;Canon Color imageCLASS MF722Cdw;810D FIXING ASSY(230V);XA9-1418-000;SCREW, TP, M3X6;
Canon;Canon Color imageCLASS MF722Cdw;810D FIXING ASSY(230V);XA9-1420-000;SCREW, W/WASHER, M3X8;
Canon;Canon Color imageCLASS MF722Cdw;810D FIXING ASSY(230V);XA9-1835-000;SCREW, D, M3X6;
Canon;Canon Color imageCLASS MF722Cdw;810D FIXING ASSY(230V);XD9-0235-000;RING, E;
Canon;Canon Color imageCLASS MF722Cdw;810D FIXING ASSY(230V);FM4-4291-000;FIXING ASSY;230V
Canon;Canon Color imageCLASS MF722Cdw;900B MAIN CONTROLLER PCB ASSEMBLY (MF726Cdw);FK2-7852-000;IC, T6TH5EFG-0002(0), STANDARD;IC18
Canon;Canon Color imageCLASS MF722Cdw;900B MAIN CONTROLLER PCB ASSEMBLY (MF726Cdw);FK3-1800-000;IC, ASIC, MB8AA4241EPBH-GE1;IC14
Canon;Canon Color imageCLASS MF722Cdw;900B MAIN CONTROLLER PCB ASSEMBLY (MF726Cdw);FM1-N823-000;MAIN CONTROLLER PCB ASSEMBLY;MF726Cdw
Canon;Canon Color imageCLASS MF722Cdw;900C MAIN CONTROLLER PCB ASSEMBLY (MF729Cdw,MF729Cx);FK2-7852-000;IC, T6TH5EFG-0002(0), STANDARD;IC18
Canon;Canon Color imageCLASS MF722Cdw;900C MAIN CONTROLLER PCB ASSEMBLY (MF729Cdw,MF729Cx);FK3-1800-000;IC, ASIC, MB8AA4241EPBH-GE1;IC14
Canon;Canon Color imageCLASS MF722Cdw;900C MAIN CONTROLLER PCB ASSEMBLY (MF729Cdw,MF729Cx);FM1-N833-000;MAIN CONTROLLER PCB ASSEMBLY;MF729Cdw,MF729Cx
