Canon;Canon i-SENSYS LBP613Cdw;100C - External Covers (LBP613Cdw);FE8-3017-000;LID, MODULAR;
Canon;Canon i-SENSYS LBP613Cdw;100C - External Covers (LBP613Cdw);FE8-3105-000;COVER, LEFT;
Canon;Canon i-SENSYS LBP613Cdw;100C - External Covers (LBP613Cdw);FE8-3108-000;COVER, RIGHT;
Canon;Canon i-SENSYS LBP613Cdw;100C - External Covers (LBP613Cdw);FE8-3189-000;LID, USB, UPPER;
Canon;Canon i-SENSYS LBP613Cdw;100C - External Covers (LBP613Cdw);FE8-3224-000;COVER, USB;
Canon;Canon i-SENSYS LBP613Cdw;100C - External Covers (LBP613Cdw);FL1-0525-000;SHEET, HANDSET;
Canon;Canon i-SENSYS LBP613Cdw;100C - External Covers (LBP613Cdw);FM1-N648-000;FRONT DOOR ASSY;
Canon;Canon i-SENSYS LBP613Cdw;100C - External Covers (LBP613Cdw);FM1-N654-000;DUPLEXING DOOR ASSY;
Canon;Canon i-SENSYS LBP613Cdw;100C - External Covers (LBP613Cdw);FM1-N680-000;TOP COVER ASSY;
Canon;Canon i-SENSYS LBP613Cdw;100C - External Covers (LBP613Cdw);FM1-N692-000;CONTROL PANEL ASSEMBLY;
Canon;Canon i-SENSYS LBP613Cdw;100C - External Covers (LBP613Cdw);FU2-1960-000;LABEL, NETWORK;
Canon;Canon i-SENSYS LBP613Cdw;100C - External Covers (LBP613Cdw);RM2-5580-000;REAR DOOR ASSY;
Canon;Canon i-SENSYS LBP613Cdw;100C - External Covers (LBP613Cdw);RM2-5906-000;ROLLER, SECONDARY TRANSFER;
Canon;Canon i-SENSYS LBP613Cdw;100C - External Covers (LBP613Cdw);XA9-1671-000;SCREW, D, M3X8;
Canon;Canon i-SENSYS LBP613Cdw;100C - External Covers (LBP613Cdw);NPN;EXTERNAL COVERS, PANELS, ETC.;LBP613Cdw
Canon;Canon i-SENSYS LBP613Cdw;100D - External Covers (LBP612Cdw);FE8-3017-000;LID, MODULAR;
Canon;Canon i-SENSYS LBP613Cdw;100D - External Covers (LBP612Cdw);FE8-3105-000;COVER, LEFT;
Canon;Canon i-SENSYS LBP613Cdw;100D - External Covers (LBP612Cdw);FE8-3108-000;COVER, RIGHT;
Canon;Canon i-SENSYS LBP613Cdw;100D - External Covers (LBP612Cdw);FE8-3189-000;LID, USB, UPPER;
Canon;Canon i-SENSYS LBP613Cdw;100D - External Covers (LBP612Cdw);FE8-3224-000;COVER, USB;
Canon;Canon i-SENSYS LBP613Cdw;100D - External Covers (LBP612Cdw);FL1-0525-000;SHEET, HANDSET;
Canon;Canon i-SENSYS LBP613Cdw;100D - External Covers (LBP612Cdw);FM1-N648-000;FRONT DOOR ASSY;
Canon;Canon i-SENSYS LBP613Cdw;100D - External Covers (LBP612Cdw);FM1-N654-000;DUPLEXING DOOR ASSY;
Canon;Canon i-SENSYS LBP613Cdw;100D - External Covers (LBP612Cdw);FM1-N680-000;TOP COVER ASSY;
Canon;Canon i-SENSYS LBP613Cdw;100D - External Covers (LBP612Cdw);FM1-N692-000;CONTROL PANEL ASSEMBLY;
Canon;Canon i-SENSYS LBP613Cdw;100D - External Covers (LBP612Cdw);FU2-1960-000;LABEL, NETWORK;
Canon;Canon i-SENSYS LBP613Cdw;100D - External Covers (LBP612Cdw);RM2-5580-000;REAR DOOR ASSY;
Canon;Canon i-SENSYS LBP613Cdw;100D - External Covers (LBP612Cdw);RM2-5906-000;ROLLER, SECONDARY TRANSFER;
Canon;Canon i-SENSYS LBP613Cdw;100D - External Covers (LBP612Cdw);XA9-1671-000;SCREW, D, M3X8;
Canon;Canon i-SENSYS LBP613Cdw;100D - External Covers (LBP612Cdw);NPN;EXTERNAL COVERS, PANELS, ETC.;LBP612Cdw
Canon;Canon i-SENSYS LBP613Cdw;101 - Internal Components 1;FE8-3113-000;DOOR, DUPLEXING, LEFT LOWER;
Canon;Canon i-SENSYS LBP613Cdw;101 - Internal Components 1;RM2-5576-000;PAPER PICK-UP ROLLER ASSY;
Canon;Canon i-SENSYS LBP613Cdw;101 - Internal Components 1;RM2-5577-000;FEED ROLLER ASSY;
Canon;Canon i-SENSYS LBP613Cdw;101 - Internal Components 1;FM1-N653-000;MULTI FEED TRAY ASSY;
Canon;Canon i-SENSYS LBP613Cdw;101 - Internal Components 1;FM1-N655-000;CASSETTE ASSY;
Canon;Canon i-SENSYS LBP613Cdw;101 - Internal Components 1;FU2-1944-000;LABEL, PRINT SET;
Canon;Canon i-SENSYS LBP613Cdw;101 - Internal Components 1;RM2-5578-000;PAPER PICK-UP GUIDE ASSY;
Canon;Canon i-SENSYS LBP613Cdw;101 - Internal Components 1;RM2-5881-000;SEPARATION ROLLER ASSY;
Canon;Canon i-SENSYS LBP613Cdw;101 - Internal Components 1;RM2-5866-000;PRIORITY SLOT ASSY;
Canon;Canon i-SENSYS LBP613Cdw;101 - Internal Components 1;RM2-5872-000;DUPLEXING DRIVE ASSY;SL713, SL714
Canon;Canon i-SENSYS LBP613Cdw;101 - Internal Components 1;XA9-1671-000;SCREW, D, M3X8;
Canon;Canon i-SENSYS LBP613Cdw;101 - Internal Components 1;XA9-1835-000;SCREW, D, M3X6;
Canon;Canon i-SENSYS LBP613Cdw;101 - Internal Components 1;NPN;INTERNAL COMPONENTS 1;
Canon;Canon i-SENSYS LBP613Cdw;102B - Internal Components 2;FM1-N656-000;POWER, SUPPLY SWITCH ASSY;
Canon;Canon i-SENSYS LBP613Cdw;102B - Internal Components 2;FE8-0014-000;PLATE, USB, GROUNDING;
Canon;Canon i-SENSYS LBP613Cdw;102B - Internal Components 2;FM1-R870-000;USB RELAY PCB ASSEMBLY;
Canon;Canon i-SENSYS LBP613Cdw;102B - Internal Components 2;FM1-N685-000;FIXING ASSY;H802, FU2, TH802, SW2, SW3, SR607, SR616
Canon;Canon i-SENSYS LBP613Cdw;102B - Internal Components 2;FM1-N695-000;PAPER DELIVERY SENSOR ASSY;SR608
Canon;Canon i-SENSYS LBP613Cdw;102B - Internal Components 2;FM1-Y969-000;L.V. POWER SUPPLY PCB ASSY;
Canon;Canon i-SENSYS LBP613Cdw;102B - Internal Components 2;RM2-5871-000;CARTRIDGE TRAY ASSY;
Canon;Canon i-SENSYS LBP613Cdw;102B - Internal Components 2;RM2-7407-000;MAIN MOTOR ASSY;M701
Canon;Canon i-SENSYS LBP613Cdw;102B - Internal Components 2;RM2-7409-000;FIXING MOTOR ASSY;M702
Canon;Canon i-SENSYS LBP613Cdw;102B - Internal Components 2;RK2-6425-000;FAN;FM1
Canon;Canon i-SENSYS LBP613Cdw;102B - Internal Components 2;RK2-0534-000;MICROSWITCH;SW4
Canon;Canon i-SENSYS LBP613Cdw;102B - Internal Components 2;XA9-1671-000;SCREW, D, M3X8;
Canon;Canon i-SENSYS LBP613Cdw;102B - Internal Components 2;XA9-1835-000;SCREW, D, M3X6;
Canon;Canon i-SENSYS LBP613Cdw;102B - Internal Components 2;NPN;INTERNAL COMPONENTS 2;230V
Canon;Canon i-SENSYS LBP613Cdw;102C - Internal Components 2;FM1-N656-000;POWER, SUPPLY SWITCH ASSY;
Canon;Canon i-SENSYS LBP613Cdw;102C - Internal Components 2;FE8-0014-000;PLATE, USB, GROUNDING;
Canon;Canon i-SENSYS LBP613Cdw;102C - Internal Components 2;FM1-R870-000;USB RELAY PCB ASSEMBLY;
Canon;Canon i-SENSYS LBP613Cdw;102C - Internal Components 2;FM1-N684-000;FIXING ASSY;H801, FU1, TH802, SW2, SW3, SR607, SR616
Canon;Canon i-SENSYS LBP613Cdw;102C - Internal Components 2;FM1-N695-000;PAPER DELIVERY SENSOR ASSY;SR608
Canon;Canon i-SENSYS LBP613Cdw;102C - Internal Components 2;FM1-Y968-000;L.V. POWER SUPPLY PCB ASSY;
Canon;Canon i-SENSYS LBP613Cdw;102C - Internal Components 2;RM2-5871-000;CARTRIDGE TRAY ASSY;
Canon;Canon i-SENSYS LBP613Cdw;102C - Internal Components 2;RM2-7407-000;MAIN MOTOR ASSY;M701
Canon;Canon i-SENSYS LBP613Cdw;102C - Internal Components 2;RM2-7409-000;FIXING MOTOR ASSY;M702
Canon;Canon i-SENSYS LBP613Cdw;102C - Internal Components 2;RK2-6425-000;FAN;FM1
Canon;Canon i-SENSYS LBP613Cdw;102C - Internal Components 2;RK2-0534-000;MICROSWITCH;SW4
Canon;Canon i-SENSYS LBP613Cdw;102C - Internal Components 2;XA9-1671-000;SCREW, D, M3X8;
Canon;Canon i-SENSYS LBP613Cdw;102C - Internal Components 2;XA9-1835-000;SCREW, D, M3X6;
Canon;Canon i-SENSYS LBP613Cdw;102C - Internal Components 2;NPN;INTERNAL COMPONENTS 2;120V
Canon;Canon i-SENSYS LBP613Cdw;103A - Internal Components 3 (100/120V, Wireless LAN);FL0-8148-000;CABLE, FLAT;
Canon;Canon i-SENSYS LBP613Cdw;103A - Internal Components 3 (100/120V, Wireless LAN);FM1-X968-000;CABLE, GROUNDING;
Canon;Canon i-SENSYS LBP613Cdw;103A - Internal Components 3 (100/120V, Wireless LAN);FM1-X995-000;MAIN CONTROLLER PCB ASSEMBLY;
Canon;Canon i-SENSYS LBP613Cdw;103A - Internal Components 3 (100/120V, Wireless LAN);FM1-Y966-000;ENGINE CONTROLLER PCB ASSY;
Canon;Canon i-SENSYS LBP613Cdw;103A - Internal Components 3 (100/120V, Wireless LAN);RK2-6383-000;CABLE, FLAT;
Canon;Canon i-SENSYS LBP613Cdw;103A - Internal Components 3 (100/120V, Wireless LAN);RK2-6384-000;CABLE, FLAT;
Canon;Canon i-SENSYS LBP613Cdw;103A - Internal Components 3 (100/120V, Wireless LAN);RM2-5874-000;DENSITY DETECT SENSOR ASSY;
Canon;Canon i-SENSYS LBP613Cdw;103A - Internal Components 3 (100/120V, Wireless LAN);RM2-5907-000;INTERMEDIATE TRANS. BELT ASSY;
Canon;Canon i-SENSYS LBP613Cdw;103A - Internal Components 3 (100/120V, Wireless LAN);XA9-1671-000;SCREW, D, M3X8;
Canon;Canon i-SENSYS LBP613Cdw;103A - Internal Components 3 (100/120V, Wireless LAN);FK4-1248-020;MODULE, WLAN;
Canon;Canon i-SENSYS LBP613Cdw;103A - Internal Components 3 (100/120V, Wireless LAN);FL0-8151-000;CABLE, FLAT;
Canon;Canon i-SENSYS LBP613Cdw;103A - Internal Components 3 (100/120V, Wireless LAN);NPN;INTERNAL COMPONENTS 3;100V/120V WIRELESS LAN model
Canon;Canon i-SENSYS LBP613Cdw;103C - Internal Components 3 (230V, Wireless LAN);FL0-8148-000;CABLE, FLAT;
Canon;Canon i-SENSYS LBP613Cdw;103C - Internal Components 3 (230V, Wireless LAN);FM1-X968-000;CABLE, GROUNDING;
Canon;Canon i-SENSYS LBP613Cdw;103C - Internal Components 3 (230V, Wireless LAN);FM1-X994-000;MAIN CONTROLLER PCB ASSEMBLY;
Canon;Canon i-SENSYS LBP613Cdw;103C - Internal Components 3 (230V, Wireless LAN);FM1-Y966-000;ENGINE CONTROLLER PCB ASSY;
Canon;Canon i-SENSYS LBP613Cdw;103C - Internal Components 3 (230V, Wireless LAN);RK2-6383-000;CABLE, FLAT;
Canon;Canon i-SENSYS LBP613Cdw;103C - Internal Components 3 (230V, Wireless LAN);RK2-6384-000;CABLE, FLAT;
Canon;Canon i-SENSYS LBP613Cdw;103C - Internal Components 3 (230V, Wireless LAN);RM2-5874-000;DENSITY DETECT SENSOR ASSY;
Canon;Canon i-SENSYS LBP613Cdw;103C - Internal Components 3 (230V, Wireless LAN);RM2-5907-000;INTERMEDIATE TRANS. BELT ASSY;
Canon;Canon i-SENSYS LBP613Cdw;103C - Internal Components 3 (230V, Wireless LAN);XA9-1671-000;SCREW, D, M3X8;
Canon;Canon i-SENSYS LBP613Cdw;103C - Internal Components 3 (230V, Wireless LAN);FK4-1248-020;MODULE, WLAN;
Canon;Canon i-SENSYS LBP613Cdw;103C - Internal Components 3 (230V, Wireless LAN);FL0-8151-000;CABLE, FLAT;
Canon;Canon i-SENSYS LBP613Cdw;103C - Internal Components 3 (230V, Wireless LAN);NPN;INTERNAL COMPONENTS 3;230V WIRELESS LAN model
