Canon;Canon i-SENSYS MF8340Cdn;EXTERNAL COVERS, PANELS, ETC.;FC5-5256-000;EMBLEM;JP
Canon;Canon i-SENSYS MF8340Cdn;EXTERNAL COVERS, PANELS, ETC.;RC2-0062-000;EMBLEM;EXCEPT JP
Canon;Canon i-SENSYS MF8340Cdn;EXTERNAL COVERS, PANELS, ETC.;FC8-8745-000;LABEL, PAPER SIZE;JP
Canon;Canon i-SENSYS MF8340Cdn;EXTERNAL COVERS, PANELS, ETC.;FC8-8742-000;LABEL, PAPER SIZE;EXCEPT JP
Canon;Canon i-SENSYS MF8340Cdn;EXTERNAL COVERS, PANELS, ETC.;FC9-4541-000;COVER, RIGHT FRONT;
Canon;Canon i-SENSYS MF8340Cdn;EXTERNAL COVERS, PANELS, ETC.;FC9-4545-000;COVER, LEFT;
Canon;Canon i-SENSYS MF8340Cdn;EXTERNAL COVERS, PANELS, ETC.;FC9-4551-000;COVER, RIGHT;
Canon;Canon i-SENSYS MF8340Cdn;EXTERNAL COVERS, PANELS, ETC.;FC9-4579-000;COVER, SUB, FRONT;
Canon;Canon i-SENSYS MF8340Cdn;EXTERNAL COVERS, PANELS, ETC.;FC9-4584-000;COVER, MODULAR;MF8340
Canon;Canon i-SENSYS MF8340Cdn;EXTERNAL COVERS, PANELS, ETC.;XA9-1671-000;SCREW, D, M3X8;
Canon;Canon i-SENSYS MF8340Cdn;EXTERNAL COVERS, PANELS, ETC.;FM4-1493-000;HINGE ASSEMBLY;
Canon;Canon i-SENSYS MF8340Cdn;EXTERNAL COVERS, PANELS, ETC.;FM4-8650-000;CONTROL PANEL ASSEMBLY;MF8380 JP
Canon;Canon i-SENSYS MF8340Cdn;EXTERNAL COVERS, PANELS, ETC.;FM4-8651-000;CONTROL PANEL ASSEMBLY;MF8380 US, CA,LTN
Canon;Canon i-SENSYS MF8340Cdn;EXTERNAL COVERS, PANELS, ETC.;FM4-8655-000;CONTROL PANEL ASSEMBLY;MF8380 AU,HK, SG,LTN
Canon;Canon i-SENSYS MF8340Cdn;EXTERNAL COVERS, PANELS, ETC.;FM4-8656-000;CONTROL PANEL ASSEMBLY;MF8380 EUR
Canon;Canon i-SENSYS MF8340Cdn;EXTERNAL COVERS, PANELS, ETC.;FM4-8658-000;CONTROL PANEL ASSEMBLY;MF8360 EUR
Canon;Canon i-SENSYS MF8340Cdn;EXTERNAL COVERS, PANELS, ETC.;FM4-8660-000;CONTROL PANEL ASSEMBLY;MF8340 JP
Canon;Canon i-SENSYS MF8340Cdn;EXTERNAL COVERS, PANELS, ETC.;FM4-8659-000;CONTROL PANEL ASSEMBLY;MF8340 EUR
Canon;Canon i-SENSYS MF8340Cdn;EXTERNAL COVERS, PANELS, ETC.;FM4-4285-000;FRONT DOOR ASSY;
Canon;Canon i-SENSYS MF8340Cdn;EXTERNAL COVERS, PANELS, ETC.;FM4-4287-000;COVER, TOP;
Canon;Canon i-SENSYS MF8340Cdn;EXTERNAL COVERS, PANELS, ETC.;FU7-8091-000;LABEL,GROUNDING CAUTION;JP
Canon;Canon i-SENSYS MF8340Cdn;EXTERNAL COVERS, PANELS, ETC.;FU7-8109-000;LABEL, JAM;
Canon;Canon i-SENSYS MF8340Cdn;INTERNAL COMPONENTS 1;RK2-3267-000;TEMPERATURE SENSOR UNIT;
Canon;Canon i-SENSYS MF8340Cdn;INTERNAL COMPONENTS 1;RM1-4836-000;CARTRIDGE TRAY ASSY;
Canon;Canon i-SENSYS MF8340Cdn;INTERNAL COMPONENTS 1;RM1-5294-050;H. V. POWER SUPPLY PCB ASSY;
Canon;Canon i-SENSYS MF8340Cdn;INTERNAL COMPONENTS 1;RM1-5398-000;SENSOR CABLE ASSY;
Canon;Canon i-SENSYS MF8340Cdn;INTERNAL COMPONENTS 1;RM1-5399-000;ENV. SENSOR CABLE ASSY;
Canon;Canon i-SENSYS MF8340Cdn;INTERNAL COMPONENTS 1;WG8-5696-000;PHOTO INTERRUPTER, TLP1243;SR14
Canon;Canon i-SENSYS MF8340Cdn;INTERNAL COMPONENTS 1;XA9-1420-000;SCREW, W/WASHER, M3X8;
Canon;Canon i-SENSYS MF8340Cdn;INTERNAL COMPONENTS 1;XA9-1835-000;SCREW, D, M3X6;
Canon;Canon i-SENSYS MF8340Cdn;INTERNAL COMPONENTS 1;XA9-1671-000;SCREW, D, M3X8;
Canon;Canon i-SENSYS MF8340Cdn;INTERNAL COMPONENTS 1;RC2-3800-000;RAIL, LEFT;
Canon;Canon i-SENSYS MF8340Cdn;INTERNAL COMPONENTS 1;RC2-3801-000;RAIL, RIGHT;
Canon;Canon i-SENSYS MF8340Cdn;INTERNAL COMPONENTS 2;RL1-1802-000;ROLLER, PAPER PICK-UP;
Canon;Canon i-SENSYS MF8340Cdn;INTERNAL COMPONENTS 2;RM1-4850-000;COLOR MISREGIST. SENSOR ASSY;
Canon;Canon i-SENSYS MF8340Cdn;INTERNAL COMPONENTS 2;XA9-1671-000;SCREW, D, M3X8;
Canon;Canon i-SENSYS MF8340Cdn;INTERNAL COMPONENTS 2;RM1-5420-000;MP SOLENOID ASSY;SL1
Canon;Canon i-SENSYS MF8340Cdn;INTERNAL COMPONENTS 2;RC2-3395-000;HINGE, MULTI-PURPOSE COVER;
Canon;Canon i-SENSYS MF8340Cdn;INTERNAL COMPONENTS 2;RC2-3396-000;BUSHING;
Canon;Canon i-SENSYS MF8340Cdn;INTERNAL COMPONENTS 3;FC8-8715-000;HANDLE, LEFT;
Canon;Canon i-SENSYS MF8340Cdn;INTERNAL COMPONENTS 3;FC8-8748-000;LABEL, MOTOR CAUTION;
Canon;Canon i-SENSYS MF8340Cdn;INTERNAL COMPONENTS 3;FM4-8513-000;REGISTRATION ASSY;
Canon;Canon i-SENSYS MF8340Cdn;INTERNAL COMPONENTS 3;FM4-8514-000;MP PAPER PICK-UP ASSY;
Canon;Canon i-SENSYS MF8340Cdn;INTERNAL COMPONENTS 3;RC2-3388-000;ARM, TRAY;
Canon;Canon i-SENSYS MF8340Cdn;INTERNAL COMPONENTS 3;RC2-2014-000;COVER, HOLDER;
Canon;Canon i-SENSYS MF8340Cdn;INTERNAL COMPONENTS 3;RL1-1785-000;PAD, SEPARATION;
Canon;Canon i-SENSYS MF8340Cdn;INTERNAL COMPONENTS 3;RM1-4426-000;PICK-UP ROLLER ASSY;
Canon;Canon i-SENSYS MF8340Cdn;INTERNAL COMPONENTS 3;RM1-4840-000;SEPARATION ROLLER ASSY;
Canon;Canon i-SENSYS MF8340Cdn;INTERNAL COMPONENTS 3;FM4-4292-000;PAPER PICK-UP ASSY;SR1,SR4, SR12, SR13, M3, SL2
Canon;Canon i-SENSYS MF8340Cdn;INTERNAL COMPONENTS 3;RM1-5428-000;MP CLUTCH ASSY;CL1
Canon;Canon i-SENSYS MF8340Cdn;INTERNAL COMPONENTS 3;WG8-5696-000;PHOTO INTERRUPTER, TLP1243;SR7
Canon;Canon i-SENSYS MF8340Cdn;INTERNAL COMPONENTS 3;XA9-1671-000;SCREW, D, M3X8;
Canon;Canon i-SENSYS MF8340Cdn;INTERNAL COMPONENTS 3;XA9-1835-000;SCREW, D, M3X6;
Canon;Canon i-SENSYS MF8340Cdn;INTERNAL COMPONENTS 3;RC2-3555-000;STOPPER, ARM;
Canon;Canon i-SENSYS MF8340Cdn;INTERNAL COMPONENTS 3;RC2-3386-000;ARM, TRAY, LEFT;
Canon;Canon i-SENSYS MF8340Cdn;INTERNAL COMPONENTS 3;RC2-3387-000;ARM, TRAY, RIGHT;
Canon;Canon i-SENSYS MF8340Cdn;INTERNAL COMPONENTS 4;RC2-3719-000;BUTTON, TEST PRINT SWITCH;
Canon;Canon i-SENSYS MF8340Cdn;INTERNAL COMPONENTS 4;FM4-3776-000;DC CONTROLLER PCB ASSY;
Canon;Canon i-SENSYS MF8340Cdn;INTERNAL COMPONENTS 4;FM4-3786-010;POWER SUPPLY ASSY;100V
Canon;Canon i-SENSYS MF8340Cdn;INTERNAL COMPONENTS 4;FM4-3787-010;POWER SUPPLY ASSY;120V
Canon;Canon i-SENSYS MF8340Cdn;INTERNAL COMPONENTS 4;FM4-3788-010;POWER SUPPLY ASSY;230V
Canon;Canon i-SENSYS MF8340Cdn;INTERNAL COMPONENTS 4;RK2-2302-000;CABLE, FLAT;
Canon;Canon i-SENSYS MF8340Cdn;INTERNAL COMPONENTS 4;RL1-1800-000;MOTOR, DC;M1,M2
Canon;Canon i-SENSYS MF8340Cdn;INTERNAL COMPONENTS 4;RM1-4837-000;MAIN DRIVE ASSY;SR6,SL3
Canon;Canon i-SENSYS MF8340Cdn;INTERNAL COMPONENTS 4;RM1-5288-000;DRIVER PCB ASSY;
Canon;Canon i-SENSYS MF8340Cdn;INTERNAL COMPONENTS 4;RM1-5293-000;RELAY PCB ASSY;
Canon;Canon i-SENSYS MF8340Cdn;INTERNAL COMPONENTS 4;RM1-5385-000;SENSOR CABLE ASSY;
Canon;Canon i-SENSYS MF8340Cdn;INTERNAL COMPONENTS 4;RM1-5393-000;DRAM MOTOR CABLE ASSY;
Canon;Canon i-SENSYS MF8340Cdn;INTERNAL COMPONENTS 4;RM1-5394-000;DEVELOPING MOTOR CABLE ASSY;
Canon;Canon i-SENSYS MF8340Cdn;INTERNAL COMPONENTS 4;RM1-5395-000;FEED MOTOR CABLE ASSY;
Canon;Canon i-SENSYS MF8340Cdn;INTERNAL COMPONENTS 4;RM1-5400-000;SENSOR CABLE ASSY;
Canon;Canon i-SENSYS MF8340Cdn;INTERNAL COMPONENTS 4;RM1-5434-000;OPTION CABLE ASSY;
Canon;Canon i-SENSYS MF8340Cdn;INTERNAL COMPONENTS 4;RM1-5435-000;RLD CABLE ASSY;
Canon;Canon i-SENSYS MF8340Cdn;INTERNAL COMPONENTS 4;RM1-5438-000;FIXING MOTOR CABLE ASSY;
Canon;Canon i-SENSYS MF8340Cdn;INTERNAL COMPONENTS 4;FM4-3800-000;CORD, POWER SUPPLY;
Canon;Canon i-SENSYS MF8340Cdn;INTERNAL COMPONENTS 4;WG8-5696-000;PHOTO INTERRUPTER, TLP1243;SR2
Canon;Canon i-SENSYS MF8340Cdn;INTERNAL COMPONENTS 4;XA9-0679-000;SCREW, MACH., FLAT HEAD, M3X4;
Canon;Canon i-SENSYS MF8340Cdn;INTERNAL COMPONENTS 4;XA9-1418-000;SCREW, TP, M3X6;
Canon;Canon i-SENSYS MF8340Cdn;INTERNAL COMPONENTS 4;XA9-1671-000;SCREW, D, M3X8;
Canon;Canon i-SENSYS MF8340Cdn;INTERNAL COMPONENTS 4;XA9-1420-000;SCREW, W/WASHER, M3X8;
Canon;Canon i-SENSYS MF8340Cdn;INTERNAL COMPONENTS 4;XA9-1835-000;SCREW, D, M3X6;
Canon;Canon i-SENSYS MF8340Cdn;INTERNAL COMPONENTS 4;FK2-4390-000;CORD, POWER;100V
Canon;Canon i-SENSYS MF8340Cdn;INTERNAL COMPONENTS 4;FK2-9583-000;CORD, POWER;120V
Canon;Canon i-SENSYS MF8340Cdn;INTERNAL COMPONENTS 4;FH2-7082-000;CORD, POWER;230V AU
Canon;Canon i-SENSYS MF8340Cdn;INTERNAL COMPONENTS 4;FH2-7080-000;CORD, POWER, 230V;230V EXCEPT AU
Canon;Canon i-SENSYS MF8340Cdn;INTERNAL COMPONENTS 5;FM4-4286-010;PAPER DELIVERY ASSY;SR15
Canon;Canon i-SENSYS MF8340Cdn;INTERNAL COMPONENTS 5;RM1-4896-000;FIXING MOTOR UNIT;M4
Canon;Canon i-SENSYS MF8340Cdn;INTERNAL COMPONENTS 5;RM1-7355-000;POWER SUPPLY SUB PCB ASSY;
Canon;Canon i-SENSYS MF8340Cdn;INTERNAL COMPONENTS 5;RM1-5419-000;FEED MOTOR ASSY;M5
Canon;Canon i-SENSYS MF8340Cdn;INTERNAL COMPONENTS 5;RM1-5433-000;THERMISTOR CABLE ASSY;
Canon;Canon i-SENSYS MF8340Cdn;INTERNAL COMPONENTS 5;FM4-3803-000;CABLE, FIXING;
Canon;Canon i-SENSYS MF8340Cdn;INTERNAL COMPONENTS 5;XA9-1420-000;SCREW, W/WASHER, M3X8;
Canon;Canon i-SENSYS MF8340Cdn;INTERNAL COMPONENTS 5;RK2-2276-000;FAN;FM1
Canon;Canon i-SENSYS MF8340Cdn;INTERNAL COMPONENTS 5;XA9-1418-000;SCREW, TP, M3X6;
Canon;Canon i-SENSYS MF8340Cdn;INTERNAL COMPONENTS 5;XA9-1835-000;SCREW, D, M3X6;
Canon;Canon i-SENSYS MF8340Cdn;INTERNAL COMPONENTS 5;XA9-1671-000;SCREW, D, M3X8;
Canon;Canon i-SENSYS MF8340Cdn;INTERNAL COMPONENTS 6;FC9-4546-000;COVER, REAR LOWER;
Canon;Canon i-SENSYS MF8340Cdn;INTERNAL COMPONENTS 6;FC9-4547-000;COVER, REAR UPPER;
Canon;Canon i-SENSYS MF8340Cdn;INTERNAL COMPONENTS 6;FM4-4284-000;REAR DOOR ASSY;
Canon;Canon i-SENSYS MF8340Cdn;INTERNAL COMPONENTS 6;RC2-3750-000;LINK, DOOR;
Canon;Canon i-SENSYS MF8340Cdn;INTERNAL COMPONENTS 6;RC2-3752-000;LINK, GUIDE;
Canon;Canon i-SENSYS MF8340Cdn;INTERNAL COMPONENTS 6;RC2-3774-000;CAP, LINK;
Canon;Canon i-SENSYS MF8340Cdn;INTERNAL COMPONENTS 6;FC8-8730-000;COVER, REVERSE;
Canon;Canon i-SENSYS MF8340Cdn;INTERNAL COMPONENTS 6;RK2-2276-000;FAN;FM2
Canon;Canon i-SENSYS MF8340Cdn;INTERNAL COMPONENTS 6;RM1-4838-000;PAPER FEED GUIDE ASSY;
Canon;Canon i-SENSYS MF8340Cdn;INTERNAL COMPONENTS 6;RM1-4876-000;REAR DOOR RIB ASSY;
Canon;Canon i-SENSYS MF8340Cdn;INTERNAL COMPONENTS 6;RM1-4877-000;PAPER RE-PICK UP GUIDE ASSY;
Canon;Canon i-SENSYS MF8340Cdn;INTERNAL COMPONENTS 6;RM1-4879-000;DUPLEXING FEED GUIDE ASSY;
Canon;Canon i-SENSYS MF8340Cdn;INTERNAL COMPONENTS 6;RM1-4880-000;REVERSE DRIVE ASSY;CL2,SL5
Canon;Canon i-SENSYS MF8340Cdn;INTERNAL COMPONENTS 6;RM1-5397-000;DUPLEX CABLE ASSY;
Canon;Canon i-SENSYS MF8340Cdn;INTERNAL COMPONENTS 6;XA9-1671-000;SCREW, D, M3X8;
Canon;Canon i-SENSYS MF8340Cdn;INTERNAL COMPONENTS 6;FU7-8108-000;LABEL, DUPLEX JAM;
Canon;Canon i-SENSYS MF8340Cdn;INTERNAL COMPONENTS 7;FC9-4507-000;HINGE ASSEMBLY;
Canon;Canon i-SENSYS MF8340Cdn;INTERNAL COMPONENTS 7;FK3-1894-000;CABLE, FLAT;
Canon;Canon i-SENSYS MF8340Cdn;INTERNAL COMPONENTS 7;FK3-1949-000;CABLE, FLAT;MF8380,MF8360
Canon;Canon i-SENSYS MF8340Cdn;INTERNAL COMPONENTS 7;FM4-8967-000;P-CI PCB ASSEMBLY;MF8380 JP
Canon;Canon i-SENSYS MF8340Cdn;INTERNAL COMPONENTS 7;FM4-8968-000;OFFHOOK PCB ASSEMBLY;MF8380 EXCEPT JP MF8360
Canon;Canon i-SENSYS MF8340Cdn;INTERNAL COMPONENTS 7;FM4-3796-000;CABLE, MAIN SWITCH;SW1
Canon;Canon i-SENSYS MF8340Cdn;INTERNAL COMPONENTS 7;FK2-8767-000;CORE, FERRITE;
Canon;Canon i-SENSYS MF8340Cdn;INTERNAL COMPONENTS 7;FM4-9255-000;MODEM PCB ASSEMBLY;MF8380 JP
Canon;Canon i-SENSYS MF8340Cdn;INTERNAL COMPONENTS 7;FM4-9257-000;MODEM PCB ASSEMBLY;MF8380 EUR
Canon;Canon i-SENSYS MF8340Cdn;INTERNAL COMPONENTS 7;FM4-9256-000;MODEM PCB ASSEMBLY;MF8380 EXCEPT JP, EUR MF8360
Canon;Canon i-SENSYS MF8340Cdn;INTERNAL COMPONENTS 7;FK2-9878-000;SPEAKER ASSEMBLY;MF8380,MF8360 SP1
Canon;Canon i-SENSYS MF8340Cdn;INTERNAL COMPONENTS 7;FM4-3989-000;USB PCB ASSEMBLY;
Canon;Canon i-SENSYS MF8340Cdn;INTERNAL COMPONENTS 7;FK3-1951-000;CABLE, FLAT;MF8380
Canon;Canon i-SENSYS MF8340Cdn;INTERNAL COMPONENTS 7;FM4-9831-000;WIRELESS LAN PCB ASSEMBLY;MF8380
Canon;Canon i-SENSYS MF8340Cdn;READER/ ADF ASSEMBLY;FC7-6189-000;ROLLER, PICK-UP;
Canon;Canon i-SENSYS MF8340Cdn;READER/ ADF ASSEMBLY;FC7-6320-000;BUSHING;
Canon;Canon i-SENSYS MF8340Cdn;READER/ ADF ASSEMBLY;FC7-6321-000;FLAG, DOCUMENT SCANNER;
Canon;Canon i-SENSYS MF8340Cdn;READER/ ADF ASSEMBLY;FC7-6322-000;ELIMINATOR, STATIC CHARGE;
Canon;Canon i-SENSYS MF8340Cdn;READER/ ADF ASSEMBLY;FC9-1503-000;PLATE, GROUNDING;
Canon;Canon i-SENSYS MF8340Cdn;READER/ ADF ASSEMBLY;FC9-1532-000;COVER, REAR;
Canon;Canon i-SENSYS MF8340Cdn;READER/ ADF ASSEMBLY;FC9-1533-000;COVER, FRONT UPPER;
Canon;Canon i-SENSYS MF8340Cdn;READER/ ADF ASSEMBLY;FC9-1534-000;TRAY, DOCUMENT;
Canon;Canon i-SENSYS MF8340Cdn;READER/ ADF ASSEMBLY;FC9-1535-000;TRAY, SUB DOCUMENT;
Canon;Canon i-SENSYS MF8340Cdn;READER/ ADF ASSEMBLY;FC9-1536-000;PANEL, OPEN/CLOSE;
Canon;Canon i-SENSYS MF8340Cdn;READER/ ADF ASSEMBLY;FC9-1539-000;SHEET, WHITE;
Canon;Canon i-SENSYS MF8340Cdn;READER/ ADF ASSEMBLY;FC9-4502-000;COVER, BASE;
Canon;Canon i-SENSYS MF8340Cdn;READER/ ADF ASSEMBLY;FC9-5115-000;PLATE, PAPER SIZE;A/B SIZE
Canon;Canon i-SENSYS MF8340Cdn;READER/ ADF ASSEMBLY;FC9-7575-000;PLATE, PAPER SIZE;A/INCH SIZE
Canon;Canon i-SENSYS MF8340Cdn;READER/ ADF ASSEMBLY;FC9-7576-000;PLATE, PAPER SIZE;A/B/INCH SIZE
Canon;Canon i-SENSYS MF8340Cdn;READER/ ADF ASSEMBLY;FC9-5109-000;PLATE, PAPER SIZE;A SIZE
Canon;Canon i-SENSYS MF8340Cdn;READER/ ADF ASSEMBLY;FC9-5655-000;TRAY, SUB;
Canon;Canon i-SENSYS MF8340Cdn;READER/ ADF ASSEMBLY;FC9-5656-000;GUIDE, DOCUMENT, FRONT;
Canon;Canon i-SENSYS MF8340Cdn;READER/ ADF ASSEMBLY;FC9-5657-000;GUIDE, DOCUMENT, REAR;
Canon;Canon i-SENSYS MF8340Cdn;READER/ ADF ASSEMBLY;FC9-7561-000;LABEL, SIZE INDEX;A/B SIZE
Canon;Canon i-SENSYS MF8340Cdn;READER/ ADF ASSEMBLY;FC9-7562-000;LABEL, SIZE INDEX;A/INCH SIZE
Canon;Canon i-SENSYS MF8340Cdn;READER/ ADF ASSEMBLY;FC9-7564-000;LABEL, SIZE INDEX;A/B/INCH SIZE
Canon;Canon i-SENSYS MF8340Cdn;READER/ ADF ASSEMBLY;FC9-7563-000;LABEL, SIZE INDEX;A SIZE
Canon;Canon i-SENSYS MF8340Cdn;READER/ ADF ASSEMBLY;FC9-7565-000;LABEL, GLASS CLEANING;JP
Canon;Canon i-SENSYS MF8340Cdn;READER/ ADF ASSEMBLY;FC9-7566-000;LABEL, GLASS CLEANING;US,CA,LTN
Canon;Canon i-SENSYS MF8340Cdn;READER/ ADF ASSEMBLY;FC9-7568-000;LABEL, GLASS CLEANING;TW,AU,HK, SG, LTN
Canon;Canon i-SENSYS MF8340Cdn;READER/ ADF ASSEMBLY;FC9-7567-000;LABEL, GLASS CLEANING;EUR
Canon;Canon i-SENSYS MF8340Cdn;READER/ ADF ASSEMBLY;FL2-6637-000;ROLLER, SEPARATION;
Canon;Canon i-SENSYS MF8340Cdn;READER/ ADF ASSEMBLY;FL3-2453-000;HINGE, ADF;
Canon;Canon i-SENSYS MF8340Cdn;READER/ ADF ASSEMBLY;FL3-3539-000;HOLDER, DOCUMENT,RELEASE SHEET;
Canon;Canon i-SENSYS MF8340Cdn;READER/ ADF ASSEMBLY;FM4-1883-000;PAPER FEED GUIDE ASSEMBLY;
Canon;Canon i-SENSYS MF8340Cdn;READER/ ADF ASSEMBLY;FM3-9538-000;SEPARATION ROLLER ASSEMBLY;
Canon;Canon i-SENSYS MF8340Cdn;READER/ ADF ASSEMBLY;XA9-0831-000;SCREW,M3X10;
Canon;Canon i-SENSYS MF8340Cdn;READER/ ADF ASSEMBLY;FU7-0672-000;GEAR, 24T;
Canon;Canon i-SENSYS MF8340Cdn;READER/ ADF ASSEMBLY;FU7-2018-000;SPRING, COMPRESSION;
Canon;Canon i-SENSYS MF8340Cdn;READER/ ADF ASSEMBLY;FU7-8405-000;LABEL, COPY PROHIBITION;JP
Canon;Canon i-SENSYS MF8340Cdn;READER/ ADF ASSEMBLY;FU7-8406-000;LABEL, COPY PROHIBITION;US,CA, LTN, AU, HK, SG
Canon;Canon i-SENSYS MF8340Cdn;READER/ ADF ASSEMBLY;FU7-8407-000;LABEL, COPY PROHIBITION;EUR
Canon;Canon i-SENSYS MF8340Cdn;READER/ ADF ASSEMBLY;FU8-0895-000;GEAR, 18T;
Canon;Canon i-SENSYS MF8340Cdn;READER/ ADF ASSEMBLY;FU8-2007-000;SPRING, COMPRESSION;
Canon;Canon i-SENSYS MF8340Cdn;READER/ ADF ASSEMBLY;HC1-0586-000;RETAINING RING;
Canon;Canon i-SENSYS MF8340Cdn;READER/ ADF ASSEMBLY;HU1-1022-000;BUSHING;
Canon;Canon i-SENSYS MF8340Cdn;READER/ ADF ASSEMBLY;XA9-0476-000;SCREW,TP M3X8;
Canon;Canon i-SENSYS MF8340Cdn;PAPER FEEDER ASSEMBLY;FC7-6052-010;RATCHET, PAPER FEED ROLLER;
Canon;Canon i-SENSYS MF8340Cdn;PAPER FEEDER ASSEMBLY;FC7-6297-000;PAD, SEPARATION;
Canon;Canon i-SENSYS MF8340Cdn;PAPER FEEDER ASSEMBLY;FC7-6299-000;HOLDER, SEPARATION PAD;
Canon;Canon i-SENSYS MF8340Cdn;PAPER FEEDER ASSEMBLY;FC7-6300-000;CLAMP, SEPARATION PAD;
Canon;Canon i-SENSYS MF8340Cdn;PAPER FEEDER ASSEMBLY;FC9-1512-000;LEVER, RELEASE;
Canon;Canon i-SENSYS MF8340Cdn;PAPER FEEDER ASSEMBLY;FC9-1523-000;PLATE, ROLLER GROUNDING;
Canon;Canon i-SENSYS MF8340Cdn;PAPER FEEDER ASSEMBLY;FC9-1526-000;GUIDE, PAPER DELIVERY;
Canon;Canon i-SENSYS MF8340Cdn;PAPER FEEDER ASSEMBLY;FC9-5654-000;SHEET, SEPARATION PAD;
Canon;Canon i-SENSYS MF8340Cdn;PAPER FEEDER ASSEMBLY;FL3-1431-000;ARM, SEPARATION SWING;
Canon;Canon i-SENSYS MF8340Cdn;PAPER FEEDER ASSEMBLY;FL3-1437-000;GUIDE LOWER ASSEMBLY;
Canon;Canon i-SENSYS MF8340Cdn;PAPER FEEDER ASSEMBLY;FM4-1885-000;PAPER FEED ROLLER ASSEMBLY;
Canon;Canon i-SENSYS MF8340Cdn;PAPER FEEDER ASSEMBLY;FL3-2458-000;PAPER DELIVERY ROLLER ASSY;
Canon;Canon i-SENSYS MF8340Cdn;PAPER FEEDER ASSEMBLY;FM3-9542-000;DRIVE PLATE ASSEMBLY;
Canon;Canon i-SENSYS MF8340Cdn;PAPER FEEDER ASSEMBLY;FM4-8855-000;MOTOR DRIVE ASSY;M721
Canon;Canon i-SENSYS MF8340Cdn;PAPER FEEDER ASSEMBLY;FU5-6992-000;ROLLER, AUXILIARY;
Canon;Canon i-SENSYS MF8340Cdn;PAPER FEEDER ASSEMBLY;FU6-2998-000;SPRING, COMPRESSION;
Canon;Canon i-SENSYS MF8340Cdn;PAPER FEEDER ASSEMBLY;FU6-2999-000;SPRING, TENSION;
Canon;Canon i-SENSYS MF8340Cdn;PAPER FEEDER ASSEMBLY;FU7-0667-000;GEAR, 20T;
Canon;Canon i-SENSYS MF8340Cdn;PAPER FEEDER ASSEMBLY;FU7-0668-000;GEAR, 54T;
Canon;Canon i-SENSYS MF8340Cdn;PAPER FEEDER ASSEMBLY;FU7-0669-000;GEAR, 46T/23T;
Canon;Canon i-SENSYS MF8340Cdn;PAPER FEEDER ASSEMBLY;FU7-0671-000;GEAR, 36T;
Canon;Canon i-SENSYS MF8340Cdn;PAPER FEEDER ASSEMBLY;FU7-0676-000;GEAR, 21T/42T;
Canon;Canon i-SENSYS MF8340Cdn;PAPER FEEDER ASSEMBLY;FU7-0678-000;GEAR, 51T/17T;
Canon;Canon i-SENSYS MF8340Cdn;PAPER FEEDER ASSEMBLY;FU7-2016-000;SPRING, COMPRESSION;
Canon;Canon i-SENSYS MF8340Cdn;PAPER FEEDER ASSEMBLY;FU8-2008-000;SPRING, COMPRESSION;
Canon;Canon i-SENSYS MF8340Cdn;PAPER FEEDER ASSEMBLY;FU7-2021-000;SPRING, COMPRESSION;
Canon;Canon i-SENSYS MF8340Cdn;PAPER FEEDER ASSEMBLY;HC1-0586-000;RETAINING RING;
Canon;Canon i-SENSYS MF8340Cdn;PAPER FEEDER ASSEMBLY;HU1-1022-000;BUSHING;
Canon;Canon i-SENSYS MF8340Cdn;PAPER FEEDER ASSEMBLY;VS1-7207-004;CONNECTOR, SNAP TIGHT, BK;
Canon;Canon i-SENSYS MF8340Cdn;PAPER FEEDER ASSEMBLY;WG8-5696-000;PHOTO INTERRUPTER, TLP1243;PS702,PS703
Canon;Canon i-SENSYS MF8340Cdn;PAPER FEEDER ASSEMBLY;FM4-1873-000;GUIDE ASSEMBLY, UPPER;
Canon;Canon i-SENSYS MF8340Cdn;PAPER FEEDER ASSEMBLY;FC7-6182-000;LEVER, ROLLER RELEASE;
Canon;Canon i-SENSYS MF8340Cdn;PAPER FEEDER ASSEMBLY;FC7-6278-000;FLAPPER, PAPER DELIVERY;
Canon;Canon i-SENSYS MF8340Cdn;PAPER FEEDER ASSEMBLY;FC7-6281-000;SPRING, ARM;
Canon;Canon i-SENSYS MF8340Cdn;PAPER FEEDER ASSEMBLY;FM3-9541-000;PAPER DELIVERY ASSEMBLY;
Canon;Canon i-SENSYS MF8340Cdn;PAPER FEEDER ASSEMBLY;FM3-9543-000;SOLENOID ASSEMBLY;SL4
Canon;Canon i-SENSYS MF8340Cdn;PAPER FEEDER ASSEMBLY;VS1-7177-002;CONNECTOR, SNAP TIGHT, BK;
Canon;Canon i-SENSYS MF8340Cdn;PAPER FEEDER ASSEMBLY;FM4-8854-000;PAPER FEEDER ASSEMBLY;
Canon;Canon i-SENSYS MF8340Cdn;CASSETTE;FM4-4279-000;CASSETTE;
Canon;Canon i-SENSYS MF8340Cdn;READER ASSEMBLY;FC9-1650-000;BELT, TIMING;
Canon;Canon i-SENSYS MF8340Cdn;READER ASSEMBLY;FC9-2101-000;MOUNT, SUPPORTER;
Canon;Canon i-SENSYS MF8340Cdn;READER ASSEMBLY;FC9-4589-000;LEVER, FACE-DOWN;
Canon;Canon i-SENSYS MF8340Cdn;READER ASSEMBLY;FC9-4590-000;HOLDER, FACE-DOWN LEVER;
Canon;Canon i-SENSYS MF8340Cdn;READER ASSEMBLY;FC9-7573-000;SPACER, CIS;
Canon;Canon i-SENSYS MF8340Cdn;READER ASSEMBLY;FK3-1884-000;CABLE, FLAT;
Canon;Canon i-SENSYS MF8340Cdn;READER ASSEMBLY;FK3-1950-000;CABLE, FLAT;
Canon;Canon i-SENSYS MF8340Cdn;READER ASSEMBLY;FM4-4308-000;READER COVER UNIT;
Canon;Canon i-SENSYS MF8340Cdn;READER ASSEMBLY;FM4-3653-000;CABLE, READER;
Canon;Canon i-SENSYS MF8340Cdn;READER ASSEMBLY;FM4-4301-000;DC MOTOR ASSEMBLY;M720
Canon;Canon i-SENSYS MF8340Cdn;READER ASSEMBLY;FM4-9076-000;CONTACT IMAGE SENSOR ASSY;CIS
Canon;Canon i-SENSYS MF8340Cdn;READER ASSEMBLY;VS1-7177-003;CONNECTOR, SNAP TIGHT, BK;
Canon;Canon i-SENSYS MF8340Cdn;READER ASSEMBLY;VS1-7177-004;CONNECTOR, SNAP TIGHT, BK;
Canon;Canon i-SENSYS MF8340Cdn;READER ASSEMBLY;WG8-5696-000;PHOTO INTERRUPTER, TLP1243;PS701
Canon;Canon i-SENSYS MF8340Cdn;READER ASSEMBLY;XA9-0476-000;SCREW,TP M3X8;
Canon;Canon i-SENSYS MF8340Cdn;READER ASSEMBLY;FK2-5242-000;CORE;SEE NOTE
Canon;Canon i-SENSYS MF8340Cdn;READER ASSEMBLY;FM4-8852-000;READER ASSEMBLY;
Canon;Canon i-SENSYS MF8340Cdn;LASER SCANNER ASSY;FM4-3359-000;LASER SCANNER ASSY;M7
Canon;Canon i-SENSYS MF8340Cdn;INTERMEDIATE TRANS. BELT ASSY;RM1-4852-000;INTERMEDIATE TRANS. BELT ASSY;SR16
Canon;Canon i-SENSYS MF8340Cdn;FIXING ASSY;FM3-8292-000;FIXING FILM ASSEMBLY;100V H100 TH801 , TH802, TH803
Canon;Canon i-SENSYS MF8340Cdn;FIXING ASSY;FM4-3062-000;FIXING FILM ASSEMBLY;120V H120 TH801 ,TH802, TH803
Canon;Canon i-SENSYS MF8340Cdn;FIXING ASSY;FM4-3063-000;FIXING FILM ASSEMBLY;230V H220 TH801 , TH802, TH803
Canon;Canon i-SENSYS MF8340Cdn;FIXING ASSY;FU7-8111-000;LABEL, CAUTION;
Canon;Canon i-SENSYS MF8340Cdn;FIXING ASSY;RC2-3367-000;ROLLER, PRESSURE;
Canon;Canon i-SENSYS MF8340Cdn;FIXING ASSY;WG8-5935-000;IC, PHOTO INTERRUPTER;SR8, SR9, SR10
Canon;Canon i-SENSYS MF8340Cdn;FIXING ASSY;FM4-4289-000;FIXING ASSY;100V
Canon;Canon i-SENSYS MF8340Cdn;FIXING ASSY;FM4-4290-000;FIXING ASSY;120V
Canon;Canon i-SENSYS MF8340Cdn;FIXING ASSY;FM4-4291-000;FIXING ASSY;230V
Canon;Canon i-SENSYS MF8340Cdn;MAIN CONTROLLER PCB ASSEMBLY;FK2-7852-000;IC, T6TH5EFG-0002(0), STANDARD;IC4
Canon;Canon i-SENSYS MF8340Cdn;MAIN CONTROLLER PCB ASSEMBLY;FK2-8321-000;IC, MB87S1801;IC28
Canon;Canon i-SENSYS MF8340Cdn;MAIN CONTROLLER PCB ASSEMBLY;FM4-9264-000;MAIN CONTROLLER PCB ASSEMBLY;MF8380
Canon;Canon i-SENSYS MF8340Cdn;MAIN CONTROLLER PCB ASSEMBLY;FM4-9263-000;MAIN CONTROLLER PCB ASSEMBLY;MF8360
Canon;Canon i-SENSYS MF8340Cdn;MAIN CONTROLLER PCB ASSEMBLY;FM4-9261-000;MAIN CONTROLLER PCB ASSEMBLY;MF8340 JP
Canon;Canon i-SENSYS MF8340Cdn;MAIN CONTROLLER PCB ASSEMBLY;FM4-9262-000;MAIN CONTROLLER PCB ASSEMBLY;MF8340 EUR
