Canon;Canon imageCLASS MF227dw;EXTERNAL COVERS, PANELS, ETC. (DADF model);FE4-1566-000;LABEL, DOCUMENT PROHIBITION;
Canon;Canon imageCLASS MF227dw;EXTERNAL COVERS, PANELS, ETC. (DADF model);FE4-0851-000;GUIDE, CABLE;
Canon;Canon imageCLASS MF227dw;EXTERNAL COVERS, PANELS, ETC. (DADF model);FE4-0886-000;COVER, HINGE BLANKING;
Canon;Canon imageCLASS MF227dw;EXTERNAL COVERS, PANELS, ETC. (DADF model);FC0-2038-000;LABEL, GROUNDING CAUTION;JP
Canon;Canon imageCLASS MF227dw;EXTERNAL COVERS, PANELS, ETC. (DADF model);FE4-1589-000;SHEET, HANDSET;
Canon;Canon imageCLASS MF227dw;EXTERNAL COVERS, PANELS, ETC. (DADF model);FC8-1370-000;SCREW, TP, M3X6;
Canon;Canon imageCLASS MF227dw;EXTERNAL COVERS, PANELS, ETC. (DADF model);FC9-1324-000;LABEL, COPY PROHIBITION;JP
Canon;Canon imageCLASS MF227dw;EXTERNAL COVERS, PANELS, ETC. (DADF model);FC8-9307-000;LABEL, COPY PROHIBITION;US,CA,LTN
Canon;Canon imageCLASS MF227dw;EXTERNAL COVERS, PANELS, ETC. (DADF model);FE4-0866-000;PLATE, PAPER SIZE;
Canon;Canon imageCLASS MF227dw;EXTERNAL COVERS, PANELS, ETC. (DADF model);FE4-0909-000;COVER, LEFT;
Canon;Canon imageCLASS MF227dw;EXTERNAL COVERS, PANELS, ETC. (DADF model);FE4-0911-000;COVER, RIGHT;
Canon;Canon imageCLASS MF227dw;EXTERNAL COVERS, PANELS, ETC. (DADF model);FE4-1565-000;LABEL, GLASS CLEANING;JP
Canon;Canon imageCLASS MF227dw;EXTERNAL COVERS, PANELS, ETC. (DADF model);FE4-1563-000;LABEL, GLASS CLEANING;US,CA,LTN
Canon;Canon imageCLASS MF227dw;EXTERNAL COVERS, PANELS, ETC. (DADF model);FM1-F392-000;DUPLEXING FRAME ASSY;
Canon;Canon imageCLASS MF227dw;EXTERNAL COVERS, PANELS, ETC. (DADF model);FL0-3574-000;HOLDER, DOCUMENT GUIDE;
Canon;Canon imageCLASS MF227dw;EXTERNAL COVERS, PANELS, ETC. (DADF model);FM1-G034-000;CONTROL PANEL ASSY;JP
Canon;Canon imageCLASS MF227dw;EXTERNAL COVERS, PANELS, ETC. (DADF model);FM1-G037-000;CONTROL PANEL ASSY;US,CA,LTN
Canon;Canon imageCLASS MF227dw;EXTERNAL COVERS, PANELS, ETC. (DADF model);FM1-F369-000;DUPLEXING DOOR ASSY;
Canon;Canon imageCLASS MF227dw;EXTERNAL COVERS, PANELS, ETC. (DADF model);FM1-F356-000;CARTRIDGE DOOR ASSY;JP
Canon;Canon imageCLASS MF227dw;EXTERNAL COVERS, PANELS, ETC. (DADF model);FM1-F357-000;CARTRIDGE DOOR ASSY;US,CA,LTN
Canon;Canon imageCLASS MF227dw;EXTERNAL COVERS, PANELS, ETC. (DADF model);FE4-4951-000;HINGE, READER;
Canon;Canon imageCLASS MF227dw;EXTERNAL COVERS, PANELS, ETC. (ADF model);FM1-F356-000;CARTRIDGE DOOR ASSY;EXCEPT MF227dwUS,CA,LTN,MF216nUS,CA,LTN
Canon;Canon imageCLASS MF227dw;EXTERNAL COVERS, PANELS, ETC. (ADF model);FM1-F357-000;CARTRIDGE DOOR ASSY;MF227dwUS,CA,LTN,MF216nUS,CA,LTN
Canon;Canon imageCLASS MF227dw;EXTERNAL COVERS, PANELS, ETC. (ADF model);FE4-1566-000;LABEL, DOCUMENT PROHIBITION;
Canon;Canon imageCLASS MF227dw;EXTERNAL COVERS, PANELS, ETC. (ADF model);FE4-0856-000;GUIDE, CABLE;
Canon;Canon imageCLASS MF227dw;EXTERNAL COVERS, PANELS, ETC. (ADF model);FE4-1589-000;SHEET, HANDSET;
Canon;Canon imageCLASS MF227dw;EXTERNAL COVERS, PANELS, ETC. (ADF model);FC0-2038-000;LABEL, GROUNDING CAUTION;JP
Canon;Canon imageCLASS MF227dw;EXTERNAL COVERS, PANELS, ETC. (ADF model);FC8-1370-000;SCREW, TP, M3X6;
Canon;Canon imageCLASS MF227dw;EXTERNAL COVERS, PANELS, ETC. (ADF model);FC9-1324-000;LABEL, COPY PROHIBITION;JP
Canon;Canon imageCLASS MF227dw;EXTERNAL COVERS, PANELS, ETC. (ADF model);FC8-9307-000;LABEL, COPY PROHIBITION;US,CA,LTN
Canon;Canon imageCLASS MF227dw;EXTERNAL COVERS, PANELS, ETC. (ADF model);FE4-0866-000;PLATE, PAPER SIZE;
Canon;Canon imageCLASS MF227dw;EXTERNAL COVERS, PANELS, ETC. (ADF model);FE4-0909-000;COVER, LEFT;
Canon;Canon imageCLASS MF227dw;EXTERNAL COVERS, PANELS, ETC. (ADF model);FE4-0911-000;COVER, RIGHT;MF220 Series
Canon;Canon imageCLASS MF227dw;EXTERNAL COVERS, PANELS, ETC. (ADF model);FE4-0913-000;COVER, RIGHT;MF210 Series
Canon;Canon imageCLASS MF227dw;EXTERNAL COVERS, PANELS, ETC. (ADF model);FE4-1565-000;LABEL, GLASS CLEANING;JP
Canon;Canon imageCLASS MF227dw;EXTERNAL COVERS, PANELS, ETC. (ADF model);FE4-1563-000;LABEL, GLASS CLEANING;US,CA,LTN
Canon;Canon imageCLASS MF227dw;EXTERNAL COVERS, PANELS, ETC. (ADF model);FE4-0926-000;COVER, REAR;MF210 Series
Canon;Canon imageCLASS MF227dw;EXTERNAL COVERS, PANELS, ETC. (ADF model);FL0-3574-000;HOLDER, DOCUMENT GUIDE;
Canon;Canon imageCLASS MF227dw;EXTERNAL COVERS, PANELS, ETC. (ADF model);FM1-G043-000;CONTROL PANEL ASSY;MF227dw US,CA,LTN
Canon;Canon imageCLASS MF227dw;EXTERNAL COVERS, PANELS, ETC. (ADF model);FM1-G044-000;CONTROL PANEL ASSY;MF226dn JP
Canon;Canon imageCLASS MF227dw;EXTERNAL COVERS, PANELS, ETC. (ADF model);FM1-G051-000;CONTROL PANEL ASSY;MF224dw JP
Canon;Canon imageCLASS MF227dw;EXTERNAL COVERS, PANELS, ETC. (ADF model);FM1-F660-000;CONTROL PANEL ASSY;MF216n JP
Canon;Canon imageCLASS MF227dw;EXTERNAL COVERS, PANELS, ETC. (ADF model);FM1-F662-000;CONTROL PANEL ASSY;MF216n US,CA,LTN
Canon;Canon imageCLASS MF227dw;EXTERNAL COVERS, PANELS, ETC. (ADF model);FM1-F369-000;DUPLEXING DOOR ASSY;MF220 Series
Canon;Canon imageCLASS MF227dw;EXTERNAL COVERS, PANELS, ETC. (ADF model);FM1-F392-000;DUPLEXING FRAME ASSY;MF220 Series
Canon;Canon imageCLASS MF227dw;EXTERNAL COVERS, PANELS, ETC. (ADF model);FE4-4952-000;HINGE, READER;
Canon;Canon imageCLASS MF227dw;EXTERNAL COVERS, PANELS, ETC. (COPYBOARD model);FM1-F356-000;CARTRIDGE DOOR ASSY;MF222dw
Canon;Canon imageCLASS MF227dw;EXTERNAL COVERS, PANELS, ETC. (COPYBOARD model);FE4-1589-000;SHEET, HANDSET;
Canon;Canon imageCLASS MF227dw;EXTERNAL COVERS, PANELS, ETC. (COPYBOARD model);FC0-2038-000;LABEL, GROUNDING CAUTION;JP
Canon;Canon imageCLASS MF227dw;EXTERNAL COVERS, PANELS, ETC. (COPYBOARD model);FC8-0654-000;PANEL, COPYBOARD;
Canon;Canon imageCLASS MF227dw;EXTERNAL COVERS, PANELS, ETC. (COPYBOARD model);FC8-1370-000;SCREW, TP, M3X6;
Canon;Canon imageCLASS MF227dw;EXTERNAL COVERS, PANELS, ETC. (COPYBOARD model);FC9-1324-000;LABEL, COPY PROHIBITION;JP
Canon;Canon imageCLASS MF227dw;EXTERNAL COVERS, PANELS, ETC. (COPYBOARD model);FC8-9307-000;LABEL, COPY PROHIBITION;US,CA,LTN
Canon;Canon imageCLASS MF227dw;EXTERNAL COVERS, PANELS, ETC. (COPYBOARD model);FE4-0866-000;PLATE, PAPER SIZE;
Canon;Canon imageCLASS MF227dw;EXTERNAL COVERS, PANELS, ETC. (COPYBOARD model);FE4-0909-000;COVER, LEFT;
Canon;Canon imageCLASS MF227dw;EXTERNAL COVERS, PANELS, ETC. (COPYBOARD model);FE4-0911-000;COVER, RIGHT;MF220 Series
Canon;Canon imageCLASS MF227dw;EXTERNAL COVERS, PANELS, ETC. (COPYBOARD model);FE4-0913-000;COVER, RIGHT;MF210 Series
Canon;Canon imageCLASS MF227dw;EXTERNAL COVERS, PANELS, ETC. (COPYBOARD model);FM1-G054-000;CONTROL PANEL ASSY;MF222dw JP
Canon;Canon imageCLASS MF227dw;EXTERNAL COVERS, PANELS, ETC. (COPYBOARD model);FM1-G071-000;CONTROL PANEL ASSY;MF212w US,CA,LTN
Canon;Canon imageCLASS MF227dw;EXTERNAL COVERS, PANELS, ETC. (COPYBOARD model);FM1-F377-000;PLATEN ASSY;
Canon;Canon imageCLASS MF227dw;EXTERNAL COVERS, PANELS, ETC. (COPYBOARD model);FE4-0926-000;COVER, REAR;MF210 Series
Canon;Canon imageCLASS MF227dw;EXTERNAL COVERS, PANELS, ETC. (COPYBOARD model);FM1-F369-000;DUPLEXING DOOR ASSY;MF220 Series
Canon;Canon imageCLASS MF227dw;EXTERNAL COVERS, PANELS, ETC. (COPYBOARD model);FM1-F392-000;DUPLEXING FRAME ASSY;MF220 Series
Canon;Canon imageCLASS MF227dw;EXTERNAL COVERS, PANELS, ETC. (COPYBOARD model);FE4-4953-000;HINGE, READER;
Canon;Canon imageCLASS MF227dw;FRONT COVER ASSY;FC0-1663-000;PLATE, EXTENSION;
Canon;Canon imageCLASS MF227dw;FRONT COVER ASSY;FC0-1664-000;STOPPER, PAPER;
Canon;Canon imageCLASS MF227dw;FRONT COVER ASSY;FC0-1665-000;STOPPER, CARD;JP
Canon;Canon imageCLASS MF227dw;FRONT COVER ASSY;FE4-0927-000;LABEL, SIZE INSTRUCTION;
Canon;Canon imageCLASS MF227dw;FRONT COVER ASSY;FE4-0905-000;COVER, FRONT;
Canon;Canon imageCLASS MF227dw;FRONT COVER ASSY;FE4-0948-000;HOLDER, TRAY;
Canon;Canon imageCLASS MF227dw;FRONT COVER ASSY;FE4-0918-000;TRAY, PAPER DELIVERY;
Canon;Canon imageCLASS MF227dw;FRONT COVER ASSY;FE4-0919-000;STOPPER, PAPER DELIVERY;
Canon;Canon imageCLASS MF227dw;FRONT COVER ASSY;FL0-3567-000;COVER, PAPER PICK-UP;
Canon;Canon imageCLASS MF227dw;FRONT COVER ASSY;FM0-4130-000;CABLE, SWITCH;
Canon;Canon imageCLASS MF227dw;FRONT COVER ASSY;FM1-F367-000;POWER SUPPLY SWITCH ASSY;JP
Canon;Canon imageCLASS MF227dw;FRONT COVER ASSY;FM1-G022-000;POWER SUPPLY SWITCH ASSY;US,CA,LTN
Canon;Canon imageCLASS MF227dw;FRONT COVER ASSY;FM1-F366-000;DUST COVER ASSEMBLY;
Canon;Canon imageCLASS MF227dw;FRONT COVER ASSY;FM1-F365-000;MULTI TRAY ASSEMBLY;JP
Canon;Canon imageCLASS MF227dw;FRONT COVER ASSY;FM1-F364-000;MULTI TRAY ASSEMBLY;US,CA,LTN
Canon;Canon imageCLASS MF227dw;FRONT COVER ASSY;XA9-0476-000;SCREW,TP M3X8;
Canon;Canon imageCLASS MF227dw;FRONT COVER ASSY;FE4-0916-000;COVER, DUST, 2;
Canon;Canon imageCLASS MF227dw;FRONT COVER ASSY;FM1-F332-000;FRONT COVER ASSY;JP
Canon;Canon imageCLASS MF227dw;FRONT COVER ASSY;FM1-F378-000;FRONT COVER ASSY;US,CA,LTN
Canon;Canon imageCLASS MF227dw;INTERNAL COMPONENTS 1;FC0-1644-000;LINK, PRESSURE RELEASE, LEFT;
Canon;Canon imageCLASS MF227dw;INTERNAL COMPONENTS 1;FC0-1645-000;LINK, PRESSURE RELEASE, RIGHT;
Canon;Canon imageCLASS MF227dw;INTERNAL COMPONENTS 1;FC0-1789-000;SPRING;
Canon;Canon imageCLASS MF227dw;INTERNAL COMPONENTS 1;FC8-1367-000;SCREW, W/WASHER, M3X8;
Canon;Canon imageCLASS MF227dw;INTERNAL COMPONENTS 1;FC8-1368-000;SCREW, M3X6;
Canon;Canon imageCLASS MF227dw;INTERNAL COMPONENTS 1;FC8-1370-000;SCREW, TP, M3X6;
Canon;Canon imageCLASS MF227dw;INTERNAL COMPONENTS 1;FK4-2081-000;CABLE, FLAT;
Canon;Canon imageCLASS MF227dw;INTERNAL COMPONENTS 1;FK3-1175-000;CABLE, FLAT;FAX model JP
Canon;Canon imageCLASS MF227dw;INTERNAL COMPONENTS 1;FK4-2141-000;CABLE, FLAT;WIRELESS model JP FAX model
Canon;Canon imageCLASS MF227dw;INTERNAL COMPONENTS 1;FK4-2140-000;CABLE, FLAT;WIRELESS model EXCEPT JP FAX model
Canon;Canon imageCLASS MF227dw;INTERNAL COMPONENTS 1;FK3-3544-000;CABLE, FLAT;FAX model
Canon;Canon imageCLASS MF227dw;INTERNAL COMPONENTS 1;FK4-1248-000;MODULE, WLAN;WIRELESS model
Canon;Canon imageCLASS MF227dw;INTERNAL COMPONENTS 1;FM0-2242-000;PSEUDO CI PCB ASSEMBLY;FAX model JP
Canon;Canon imageCLASS MF227dw;INTERNAL COMPONENTS 1;FM1-J890-000;MAIN CONTROLLER PCB ASSY;MF229dw JP
Canon;Canon imageCLASS MF227dw;INTERNAL COMPONENTS 1;FM1-J889-000;MAIN CONTROLLER PCB ASSY;MF229dw US,CA,LTN
Canon;Canon imageCLASS MF227dw;INTERNAL COMPONENTS 1;FM1-J891-000;MAIN CONTROLLER PCB ASSY;MF227dw
Canon;Canon imageCLASS MF227dw;INTERNAL COMPONENTS 1;FM1-J893-000;MAIN CONTROLLER PCB ASSY;MF226dn JP
Canon;Canon imageCLASS MF227dw;INTERNAL COMPONENTS 1;FM1-J894-000;MAIN CONTROLLER PCB ASSY;MF224dw
Canon;Canon imageCLASS MF227dw;INTERNAL COMPONENTS 1;FM1-J896-000;MAIN CONTROLLER PCB ASSY;MF222dw
Canon;Canon imageCLASS MF227dw;INTERNAL COMPONENTS 1;FM1-J900-000;MAIN CONTROLLER PCB ASSY;MF216n JP
Canon;Canon imageCLASS MF227dw;INTERNAL COMPONENTS 1;FM1-J899-000;MAIN CONTROLLER PCB ASSY;MF216n US,CA,LTN
Canon;Canon imageCLASS MF227dw;INTERNAL COMPONENTS 1;FM1-J902-000;MAIN CONTROLLER PCB ASSY;MF212w
Canon;Canon imageCLASS MF227dw;INTERNAL COMPONENTS 1;FM0-3930-000;NCU PCB ASSEMBLY;FAX model JP
Canon;Canon imageCLASS MF227dw;INTERNAL COMPONENTS 1;FM0-3932-000;NCU PCB ASSEMBLY;FAX model US,CA,LTN
Canon;Canon imageCLASS MF227dw;INTERNAL COMPONENTS 1;FM1-J944-000;ENGINE CONTROL PCB ASSY;MF220 Series 100V FAX model SW501
Canon;Canon imageCLASS MF227dw;INTERNAL COMPONENTS 1;FM1-J945-000;ENGINE CONTROL PCB ASSY;MF220 Series 100V EXCEPT FAX model SW501
Canon;Canon imageCLASS MF227dw;INTERNAL COMPONENTS 1;FM1-J946-000;ENGINE CONTROL PCB ASSY;MF220 Series 120V SW501
Canon;Canon imageCLASS MF227dw;INTERNAL COMPONENTS 1;FM1-J951-000;ENGINE CONTROL PCB ASSY;MF210 Series 100V FAX model SW501
Canon;Canon imageCLASS MF227dw;INTERNAL COMPONENTS 1;FM1-J953-000;ENGINE CONTROL PCB ASSY;MF210 Series 120V FAX model SW501
Canon;Canon imageCLASS MF227dw;INTERNAL COMPONENTS 1;FM1-J954-000;ENGINE CONTROL PCB ASSY;MF210 Series 120V EXCEPT FAX model SW501
Canon;Canon imageCLASS MF227dw;INTERNAL COMPONENTS 1;FM4-6895-000;SWITCH LEVER ASSY;MF220 Series 100V
Canon;Canon imageCLASS MF227dw;INTERNAL COMPONENTS 1;FM1-F341-000;FIXING PAPER DELIVERY ASSY;H1,PS701,PS702,TH1,TP 1
Canon;Canon imageCLASS MF227dw;INTERNAL COMPONENTS 1;FM1-F264-000;FIXING PAPER DELIVERY ASSY;MF220 Series 120V H1,PS701,PS702,TH1,TP 1
Canon;Canon imageCLASS MF227dw;INTERNAL COMPONENTS 1;FM1-F645-000;FIXING PAPER DELIVERY ASSY;MF210 Series 100V H1,PS701,PS702,TH1,TP 1
Canon;Canon imageCLASS MF227dw;INTERNAL COMPONENTS 1;FM1-F646-000;FIXING PAPER DELIVERY ASSY;MF210 Series 120V H1,PS701,PS702,TH1,TP 1
Canon;Canon imageCLASS MF227dw;INTERNAL COMPONENTS 1;FM1-F266-000;ROLLER HOLDER ASSEMBLY;
Canon;Canon imageCLASS MF227dw;INTERNAL COMPONENTS 1;WE8-6854-000;CORE,RING;FAX model
Canon;Canon imageCLASS MF227dw;INTERNAL COMPONENTS 1;WE8-6481-000;CORE, FERRITE;
Canon;Canon imageCLASS MF227dw;INTERNAL COMPONENTS 1;WE8-6948-000;FERRITE CORE;
Canon;Canon imageCLASS MF227dw;INTERNAL COMPONENTS 1;FE4-4945-000;SPRING, GROUNDING;MF220 Series
Canon;Canon imageCLASS MF227dw;INTERNAL COMPONENTS 1;FE4-4946-000;SPRING, GROUNDING;MF220 Series
Canon;Canon imageCLASS MF227dw;INTERNAL COMPONENTS 1;FK4-2087-000;FAN;MF220 Series FM2,FM3
Canon;Canon imageCLASS MF227dw;INTERNAL COMPONENTS 1;FM1-J960-000;CABLE, FAN;MF220 Series JP
Canon;Canon imageCLASS MF227dw;INTERNAL COMPONENTS 1;FM1-P832-000;CABLE, FAN;MF220 Series US,CA,LTN
Canon;Canon imageCLASS MF227dw;INTERNAL COMPONENTS 1;VS1-7440-003;CONNECTOR, SNAP TIGHT;MF220 Series
Canon;Canon imageCLASS MF227dw;INTERNAL COMPONENTS 2;FC8-1368-000;SCREW, M3X6;
Canon;Canon imageCLASS MF227dw;INTERNAL COMPONENTS 2;FC8-1369-000;SCREW, M3X10;
Canon;Canon imageCLASS MF227dw;INTERNAL COMPONENTS 2;FC8-1370-000;SCREW, TP, M3X6;
Canon;Canon imageCLASS MF227dw;INTERNAL COMPONENTS 2;FK3-3667-000;SPEAKER;FAX model SP1
Canon;Canon imageCLASS MF227dw;INTERNAL COMPONENTS 2;FM0-3656-000;PHOTO SENSOR ASSY, MULTI;EXCEPT FAX model PS1
Canon;Canon imageCLASS MF227dw;INTERNAL COMPONENTS 2;FM0-4381-000;PHOTO SENSOR ASSY, TONER;FAX model PS1,SR1
Canon;Canon imageCLASS MF227dw;INTERNAL COMPONENTS 2;FM0-3743-000;PAPER PICK-UP ASSY;MF220 Series SL2
Canon;Canon imageCLASS MF227dw;INTERNAL COMPONENTS 2;FM0-3686-000;PAPER PICK-UP ASSY;MF210 Series SL1
Canon;Canon imageCLASS MF227dw;INTERNAL COMPONENTS 2;FM0-3723-000;LASER SCANNER ASSY;MF220 Series M2
Canon;Canon imageCLASS MF227dw;INTERNAL COMPONENTS 2;FM0-3687-000;LASER SCANNER ASSY;MF210 Series M2
Canon;Canon imageCLASS MF227dw;INTERNAL COMPONENTS 2;FM0-4131-000;MOTOR PCB ASSY;MF220 Series PS1151
Canon;Canon imageCLASS MF227dw;INTERNAL COMPONENTS 2;FM0-4132-000;MOTOR PCB ASSY;MF210 Series PS1151
Canon;Canon imageCLASS MF227dw;INTERNAL COMPONENTS 2;FM0-4133-000;PAPER PICK-UP SENSOR PCB ASSY;PS751
Canon;Canon imageCLASS MF227dw;INTERNAL COMPONENTS 2;FM4-6893-000;SEPARATION PAD ASSY;
Canon;Canon imageCLASS MF227dw;INTERNAL COMPONENTS 2;FM4-7064-000;DUPLEXING PCB ASSY;MF220 Series
Canon;Canon imageCLASS MF227dw;INTERNAL COMPONENTS 2;FM1-G033-000;MOTOR, DC24V;M1
Canon;Canon imageCLASS MF227dw;INTERNAL COMPONENTS 2;RC2-1182-000;ROLLER, TRANSFER;
Canon;Canon imageCLASS MF227dw;INTERNAL COMPONENTS 2;RK2-0420-000;SOLENOID;MF220 Series SL2
Canon;Canon imageCLASS MF227dw;INTERNAL COMPONENTS 2;RK2-3438-000;FAN;MF220 Series FM1
Canon;Canon imageCLASS MF227dw;INTERNAL COMPONENTS 2;RL1-1497-000;ROLLER, PICK-UP;
Canon;Canon imageCLASS MF227dw;INTERNAL COMPONENTS 2;FU9-0289-000;GEAR, 34T;MF220 Series
Canon;Canon imageCLASS MF227dw;INTERNAL COMPONENTS 2;FC0-1589-000;LINK, DOOR 1;
Canon;Canon imageCLASS MF227dw;INTERNAL COMPONENTS 2;FC0-1590-000;LINK, DOOR 2;
Canon;Canon imageCLASS MF227dw;INTERNAL COMPONENTS 2;FC0-1646-000;LINK, DOOR;
Canon;Canon imageCLASS MF227dw;ADF ASSY (DADF model);FE4-0820-000;CAP;
Canon;Canon imageCLASS MF227dw;ADF ASSY (DADF model);FE4-0742-000;COVER, DF, LOWER;
Canon;Canon imageCLASS MF227dw;ADF ASSY (DADF model);FE4-0806-000;COVER, FRONT UPPER;
Canon;Canon imageCLASS MF227dw;ADF ASSY (DADF model);FC6-5210-000;RETAINING RING (E-TYRE);
Canon;Canon imageCLASS MF227dw;ADF ASSY (DADF model);FC7-6321-000;FLAG, DOCUMENT SCANNER;
Canon;Canon imageCLASS MF227dw;ADF ASSY (DADF model);FC7-6322-000;ELIMINATOR, STATIC CHARGE;
Canon;Canon imageCLASS MF227dw;ADF ASSY (DADF model);FC8-9210-000;PANEL, COPYBOARD;
Canon;Canon imageCLASS MF227dw;ADF ASSY (DADF model);FC8-9251-000;ROLLER, PICK-UP;
Canon;Canon imageCLASS MF227dw;ADF ASSY (DADF model);FC9-5060-000;BUSHING;
Canon;Canon imageCLASS MF227dw;ADF ASSY (DADF model);FL0-3575-000;COVER, REAR;
Canon;Canon imageCLASS MF227dw;ADF ASSY (DADF model);FL0-3573-000;HINGE, DADF;
Canon;Canon imageCLASS MF227dw;ADF ASSY (DADF model);FL3-1023-000;ROLLER, SEPARATION;
Canon;Canon imageCLASS MF227dw;ADF ASSY (DADF model);FE4-0805-000;COVER, DF, FRONT;
Canon;Canon imageCLASS MF227dw;ADF ASSY (DADF model);FM1-F346-000;DOCUMENT TRAY ASSY;
Canon;Canon imageCLASS MF227dw;ADF ASSY (DADF model);FM1-F347-000;DADF BASE ASSY;
Canon;Canon imageCLASS MF227dw;ADF ASSY (DADF model);FE4-0738-000;TRAY, DOCUMENT;
Canon;Canon imageCLASS MF227dw;ADF ASSY (DADF model);FM0-4439-000;SEPARATION ROLLER ASSY;
Canon;Canon imageCLASS MF227dw;ADF ASSY (DADF model);FM0-4452-000;FEED GUIDE ASSEMBLY;
Canon;Canon imageCLASS MF227dw;ADF ASSY (DADF model);FU5-1552-000;BUSHING;
Canon;Canon imageCLASS MF227dw;ADF ASSY (DADF model);FU7-2869-000;SPRING, COMPRESSION;
Canon;Canon imageCLASS MF227dw;ADF ASSY (DADF model);FU8-0473-000;GEAR, 24T;
Canon;Canon imageCLASS MF227dw;ADF ASSY (DADF model);XA9-0476-000;SCREW,TP M3X8;
Canon;Canon imageCLASS MF227dw;ADF ASSY (DADF model);FE4-0811-000;COVER, HANDLE;
Canon;Canon imageCLASS MF227dw;ADF ASSY (DADF model);FE4-0741-000;COVER, DF, UPPER;
Canon;Canon imageCLASS MF227dw;ADF ASSY (ADF model);FC0-1698-000;PANEL, COPYBOARD;
Canon;Canon imageCLASS MF227dw;ADF ASSY (ADF model);FE4-0820-000;CAP;
Canon;Canon imageCLASS MF227dw;ADF ASSY (ADF model);FC6-5210-000;RETAINING RING (E-TYRE);
Canon;Canon imageCLASS MF227dw;ADF ASSY (ADF model);FC8-9251-000;ROLLER, PICK-UP;
Canon;Canon imageCLASS MF227dw;ADF ASSY (ADF model);FC9-5060-000;BUSHING;
Canon;Canon imageCLASS MF227dw;ADF ASSY (ADF model);FE4-0893-000;COVER, DF, LOWER;JP
Canon;Canon imageCLASS MF227dw;ADF ASSY (ADF model);FE4-0892-000;COVER, DF, LOWER;US,CA,LTN
Canon;Canon imageCLASS MF227dw;ADF ASSY (ADF model);FE4-1344-000;HINGE, SADF;
Canon;Canon imageCLASS MF227dw;ADF ASSY (ADF model);FK3-3659-000;MOTOR, STEPPING;M5
Canon;Canon imageCLASS MF227dw;ADF ASSY (ADF model);FL3-1023-000;ROLLER, SEPARATION;
Canon;Canon imageCLASS MF227dw;ADF ASSY (ADF model);FE4-0895-000;COVER, DF, FRONT;
Canon;Canon imageCLASS MF227dw;ADF ASSY (ADF model);FM1-F371-000;SADF BASE ASSEMBLY;
Canon;Canon imageCLASS MF227dw;ADF ASSY (ADF model);FM1-F373-000;AUTO DOCUMENT FEEDER ASSEMBLY;JP
Canon;Canon imageCLASS MF227dw;ADF ASSY (ADF model);FM1-G023-000;AUTO DOCUMENT FEEDER ASSEMBLY;US,CA,LTN
Canon;Canon imageCLASS MF227dw;ADF ASSY (ADF model);FM0-4413-000;FEED ROLLER ASSY;
Canon;Canon imageCLASS MF227dw;ADF ASSY (ADF model);FE4-0738-000;TRAY, DOCUMENT;
Canon;Canon imageCLASS MF227dw;ADF ASSY (ADF model);FM0-4439-000;SEPARATION ROLLER ASSY;
Canon;Canon imageCLASS MF227dw;ADF ASSY (ADF model);FM3-8687-000;SEPARATION PAD ASSEMBLY;
Canon;Canon imageCLASS MF227dw;ADF ASSY (ADF model);FU0-0204-000;GEAR, 21T;
Canon;Canon imageCLASS MF227dw;ADF ASSY (ADF model);FU5-1552-000;BUSHING;
Canon;Canon imageCLASS MF227dw;ADF ASSY (ADF model);FU5-6711-000;ROLLER, AUXILIARY;
Canon;Canon imageCLASS MF227dw;ADF ASSY (ADF model);FU7-2869-000;SPRING, COMPRESSION;
Canon;Canon imageCLASS MF227dw;ADF ASSY (ADF model);WG8-5935-000;IC, PHOTO INTERRUPTER;PS4,PS5
Canon;Canon imageCLASS MF227dw;ADF ASSY (ADF model);XA9-0476-000;SCREW,TP M3X8;
Canon;Canon imageCLASS MF227dw;ADF ASSY (ADF model);FE4-0889-000;COVER, REAR;
Canon;Canon imageCLASS MF227dw;ADF ASSY (ADF model);FE4-0891-000;COVER, DF, UPPER;
Canon;Canon imageCLASS MF227dw;ADF ASSY (ADF model);FE4-0811-000;COVER, HANDLE;
Canon;Canon imageCLASS MF227dw;ADF ASSY (ADF model);FM1-F374-000;DOCUMENT SLIDE ASSY;
Canon;Canon imageCLASS MF227dw;PAPER FEEDER ASSEMBLY (DADF model);FC6-5210-000;RETAINING RING (E-TYRE);
Canon;Canon imageCLASS MF227dw;PAPER FEEDER ASSEMBLY (DADF model);FC7-6182-000;LEVER, ROLLER RELEASE;
Canon;Canon imageCLASS MF227dw;PAPER FEEDER ASSEMBLY (DADF model);FC7-6278-000;FLAPPER, PAPER DELIVERY;
Canon;Canon imageCLASS MF227dw;PAPER FEEDER ASSEMBLY (DADF model);FC9-1325-000;SPRING,SEPARATION SWING ARM;
Canon;Canon imageCLASS MF227dw;PAPER FEEDER ASSEMBLY (DADF model);FM1-J961-000;CABLE, MOTOR;JP
Canon;Canon imageCLASS MF227dw;PAPER FEEDER ASSEMBLY (DADF model);FM1-P835-000;CABLE, MOTOR;US,CA,LTN
Canon;Canon imageCLASS MF227dw;PAPER FEEDER ASSEMBLY (DADF model);FM3-8682-000;PAPER DELIVERY ASSY;
Canon;Canon imageCLASS MF227dw;PAPER FEEDER ASSEMBLY (DADF model);FM1-G017-000;MOTOR DRIVE ASSY;M4
Canon;Canon imageCLASS MF227dw;PAPER FEEDER ASSEMBLY (DADF model);FM3-8690-000;PAPER DELIVERY ROLLER ASSY;
Canon;Canon imageCLASS MF227dw;PAPER FEEDER ASSEMBLY (DADF model);FM3-8686-000;GUIDE ASSEMBLY, UPPER;
Canon;Canon imageCLASS MF227dw;PAPER FEEDER ASSEMBLY (DADF model);FM4-6919-000;SOLENOID ASSY;SL3
Canon;Canon imageCLASS MF227dw;PAPER FEEDER ASSEMBLY (DADF model);FM4-7532-000;PAPER FEED ROLLER ASSEMBLY;
Canon;Canon imageCLASS MF227dw;PAPER FEEDER ASSEMBLY (DADF model);FU5-1552-000;BUSHING;
Canon;Canon imageCLASS MF227dw;PAPER FEEDER ASSEMBLY (DADF model);FU6-2249-000;SPRING, COMPRESSION;
Canon;Canon imageCLASS MF227dw;PAPER FEEDER ASSEMBLY (DADF model);FU7-2021-000;SPRING, COMPRESSION;
Canon;Canon imageCLASS MF227dw;PAPER FEEDER ASSEMBLY (DADF model);WG8-5935-000;IC, PHOTO INTERRUPTER;PS2,PS3
Canon;Canon imageCLASS MF227dw;PAPER FEEDER ASSEMBLY (DADF model);FM1-F352-000;PAPER FEEDER ASSEMBLY;DADF model JP
Canon;Canon imageCLASS MF227dw;PAPER FEEDER ASSEMBLY (DADF model);FM1-G019-000;PAPER FEEDER ASSEMBLY;DADF model US,CA,LTN
Canon;Canon imageCLASS MF227dw;READER ASSEMBLY (DADF model);FC0-1945-000;SPACER, CIS;
Canon;Canon imageCLASS MF227dw;READER ASSEMBLY (DADF model);FE2-2498-000;LINK, TILT;
Canon;Canon imageCLASS MF227dw;READER ASSEMBLY (DADF model);FE2-3233-000;BELT, TIMING;
Canon;Canon imageCLASS MF227dw;READER ASSEMBLY (DADF model);FK4-2086-000;CONTACT IMAGE SENSOR,HV12I-V02;CIS
Canon;Canon imageCLASS MF227dw;READER ASSEMBLY (DADF model);FK4-2085-000;CABLE, FLAT, SCNT-CIS;
Canon;Canon imageCLASS MF227dw;READER ASSEMBLY (DADF model);FK4-2108-000;CABLE, FLAT;
Canon;Canon imageCLASS MF227dw;READER ASSEMBLY (DADF model);FL3-5062-000;IDLER PULLEY HOLDER ASSY;
Canon;Canon imageCLASS MF227dw;READER ASSEMBLY (DADF model);FL3-5072-000;COPYBOARD GLASS ASSY;
Canon;Canon imageCLASS MF227dw;READER ASSEMBLY (DADF model);FM0-4434-000;MOTOR ASSY;M3
Canon;Canon imageCLASS MF227dw;READER ASSEMBLY (DADF model);XA9-0476-000;SCREW,TP M3X8;
Canon;Canon imageCLASS MF227dw;READER ASSEMBLY (DADF model);FM1-F359-000;READER ASSEMBLY;DADF model JP
Canon;Canon imageCLASS MF227dw;READER ASSEMBLY (DADF model);FM1-G020-000;READER ASSEMBLY;DADF model US,CA,LTN
Canon;Canon imageCLASS MF227dw;READER ASSEMBLY (ADF model);FC0-1945-000;SPACER, CIS;
Canon;Canon imageCLASS MF227dw;READER ASSEMBLY (ADF model);FE2-2498-000;LINK, TILT;
Canon;Canon imageCLASS MF227dw;READER ASSEMBLY (ADF model);FE2-3233-000;BELT, TIMING;
Canon;Canon imageCLASS MF227dw;READER ASSEMBLY (ADF model);FK4-2086-000;CONTACT IMAGE SENSOR,HV12I-V02;CIS
Canon;Canon imageCLASS MF227dw;READER ASSEMBLY (ADF model);FK4-2085-000;CABLE, FLAT, SCNT-CIS;
Canon;Canon imageCLASS MF227dw;READER ASSEMBLY (ADF model);FK4-2108-000;CABLE, FLAT;FAX model
Canon;Canon imageCLASS MF227dw;READER ASSEMBLY (ADF model);FK4-2109-000;CABLE, FLAT;EXCEPT FAX model
Canon;Canon imageCLASS MF227dw;READER ASSEMBLY (ADF model);FL3-5062-000;IDLER PULLEY HOLDER ASSY;
Canon;Canon imageCLASS MF227dw;READER ASSEMBLY (ADF model);FL3-5071-000;COPYBOARD GLASS ASSY;
Canon;Canon imageCLASS MF227dw;READER ASSEMBLY (ADF model);FM0-4434-000;MOTOR ASSY;M3
Canon;Canon imageCLASS MF227dw;READER ASSEMBLY (ADF model);XA9-0476-000;SCREW,TP M3X8;
Canon;Canon imageCLASS MF227dw;READER ASSEMBLY (ADF model);FM1-F361-000;READER ASSEMBLY;ADF model FAX model JP
Canon;Canon imageCLASS MF227dw;READER ASSEMBLY (ADF model);FM1-G021-000;READER ASSEMBLY;ADF model FAX modelUS,CA,LTN
Canon;Canon imageCLASS MF227dw;READER ASSEMBLY (ADF model);FM1-F388-000;READER ASSEMBLY;ADF model EXCEPT FAXmodel JP
Canon;Canon imageCLASS MF227dw;READER ASSEMBLY (COPYBOARD model);FC0-1945-000;SPACER, CIS;
Canon;Canon imageCLASS MF227dw;READER ASSEMBLY (COPYBOARD model);FE2-2498-000;LINK, TILT;
Canon;Canon imageCLASS MF227dw;READER ASSEMBLY (COPYBOARD model);FE2-3233-000;BELT, TIMING;
Canon;Canon imageCLASS MF227dw;READER ASSEMBLY (COPYBOARD model);FK4-2086-000;CONTACT IMAGE SENSOR,HV12I-V02;CIS
Canon;Canon imageCLASS MF227dw;READER ASSEMBLY (COPYBOARD model);FK4-2085-000;CABLE, FLAT, SCNT-CIS;
Canon;Canon imageCLASS MF227dw;READER ASSEMBLY (COPYBOARD model);FK4-2109-000;CABLE, FLAT;
Canon;Canon imageCLASS MF227dw;READER ASSEMBLY (COPYBOARD model);FL3-5072-000;COPYBOARD GLASS ASSY;
Canon;Canon imageCLASS MF227dw;READER ASSEMBLY (COPYBOARD model);FL3-5062-000;IDLER PULLEY HOLDER ASSY;
Canon;Canon imageCLASS MF227dw;READER ASSEMBLY (COPYBOARD model);FM0-4434-000;MOTOR ASSY;M3
Canon;Canon imageCLASS MF227dw;READER ASSEMBLY (COPYBOARD model);XA9-0476-000;SCREW,TP M3X8;
Canon;Canon imageCLASS MF227dw;READER ASSEMBLY (COPYBOARD model);FM1-F363-000;READER ASSEMBLY;COPYBOARD model JP
Canon;Canon imageCLASS MF227dw;READER ASSEMBLY (COPYBOARD model);FM1-F656-000;READER ASSEMBLY;COPYBOARD model US,CA,LTN
