Canon;Canon i-SENSYS MF445dw;EXTERNAL COVERS, PANELS, ETC.;FE8-6191-000;TRAY, PAPER DELIVERY;
Canon;Canon i-SENSYS MF445dw;EXTERNAL COVERS, PANELS, ETC.;FE8-6203-000;COVER, LEFT REAR;
Canon;Canon i-SENSYS MF445dw;EXTERNAL COVERS, PANELS, ETC.;FE8-6208-000;COVER, CASSETTE, REAR;
Canon;Canon i-SENSYS MF445dw;EXTERNAL COVERS, PANELS, ETC.;FE8-6747-000;COVER, TOP, REAR;
Canon;Canon i-SENSYS MF445dw;EXTERNAL COVERS, PANELS, ETC.;FE8-6749-000;COVER, TOP, RIGHT FRONT;
Canon;Canon i-SENSYS MF445dw;EXTERNAL COVERS, PANELS, ETC.;FE8-6750-000;COVER, BLE;
Canon;Canon i-SENSYS MF445dw;EXTERNAL COVERS, PANELS, ETC.;FE8-6752-000;COVER, TOP, LEFT FRONT;
Canon;Canon i-SENSYS MF445dw;EXTERNAL COVERS, PANELS, ETC.;FE8-6753-000;COVER, TOP, LEFT;
Canon;Canon i-SENSYS MF445dw;EXTERNAL COVERS, PANELS, ETC.;FL1-0525-000;SHEET, HANDSET;
Canon;Canon i-SENSYS MF445dw;EXTERNAL COVERS, PANELS, ETC.;FM1-R685-000;REAR DOOR ASSY;
Canon;Canon i-SENSYS MF445dw;EXTERNAL COVERS, PANELS, ETC.;FM1-T425-000;COVER ASSEMBLY, LEFT;
Canon;Canon i-SENSYS MF445dw;EXTERNAL COVERS, PANELS, ETC.;FM1-T443-000;COVER ASSEMBLY, RIGHT;
Canon;Canon i-SENSYS MF445dw;EXTERNAL COVERS, PANELS, ETC.;FM1-W277-000;CARTRIDGE DOOR ASSY;
Canon;Canon i-SENSYS MF445dw;EXTERNAL COVERS, PANELS, ETC.;FM1-T447-000;COVER ASSEMBLY, TOP;
Canon;Canon i-SENSYS MF445dw;EXTERNAL COVERS, PANELS, ETC.;FU2-2392-000;LABEL, CASSETTE OPERATOR;
Canon;Canon i-SENSYS MF445dw;EXTERNAL COVERS, PANELS, ETC.;FU2-2393-000;LABEL, HIGH TMP. CAUTION;
Canon;Canon i-SENSYS MF445dw;EXTERNAL COVERS, PANELS, ETC.;RC2-6075-000;SHEET, DAMPER;
Canon;Canon i-SENSYS MF445dw;EXTERNAL COVERS, PANELS, ETC.;RC4-3002-000;SHAFT, SUPPORT;
Canon;Canon i-SENSYS MF445dw;EXTERNAL COVERS, PANELS, ETC.;RC4-4479-000;LINK, PRESSURE RELEASE;
Canon;Canon i-SENSYS MF445dw;EXTERNAL COVERS, PANELS, ETC.;XA9-1503-000;SCREW, TAP, M3X6;
Canon;Canon i-SENSYS MF445dw;EXTERNAL COVERS, PANELS, ETC.;XA9-1671-000;SCREW, D, M3X8;
Canon;Canon i-SENSYS MF445dw;INTERNAL COMPONENTS 1;FK4-4929-000;CABLE, FLEXIBLE FLAT;
Canon;Canon i-SENSYS MF445dw;INTERNAL COMPONENTS 1;FM1-Z938-000;L.V. POWER SUPPLY PCB ASSY;UN11
Canon;Canon i-SENSYS MF445dw;INTERNAL COMPONENTS 1;FM2-M825-000;DC CONTROLLER PCB ASSY;UN9
Canon;Canon i-SENSYS MF445dw;INTERNAL COMPONENTS 1;RK2-1378-000;FAN;FM1
Canon;Canon i-SENSYS MF445dw;INTERNAL COMPONENTS 1;RK2-9901-000;CABLE, FLEXIBLE FLAT, LASER;
Canon;Canon i-SENSYS MF445dw;INTERNAL COMPONENTS 1;RM2-2556-000;TAG CABLE ASSY;
Canon;Canon i-SENSYS MF445dw;INTERNAL COMPONENTS 1;RM2-2891 -000;LASER SCANNER ASSY;M2 UN3
Canon;Canon i-SENSYS MF445dw;INTERNAL COMPONENTS 1;RM2-7508-000;H.V. POWER SUPPLY PCB ASSY;SW101 UN22
Canon;Canon i-SENSYS MF445dw;INTERNAL COMPONENTS 1;RM2-7510-000;CONNECTING PCB ASSY;UN2
Canon;Canon i-SENSYS MF445dw;INTERNAL COMPONENTS 1;XA9-1420-000;SCREW, W/WASHER, M3X8;
Canon;Canon i-SENSYS MF445dw;INTERNAL COMPONENTS 1;XA9-1503-000;SCREW, TAP, M3X6;
Canon;Canon i-SENSYS MF445dw;INTERNAL COMPONENTS 1;XA9-1670-000;SCREW, D, M3X6;
Canon;Canon i-SENSYS MF445dw;INTERNAL COMPONENTS 1;XA9-1671-000;SCREW, D, M3X8;
Canon;Canon i-SENSYS MF445dw;INTERNAL COMPONENTS 1;FK4-4929-000;CABLE, FLEXIBLE FLAT;
Canon;Canon i-SENSYS MF445dw;INTERNAL COMPONENTS 1;FM1-Z941-000;L.V. POWER SUPPLY PCB ASSY;UN11
Canon;Canon i-SENSYS MF445dw;INTERNAL COMPONENTS 1;FM2-M825-000;DC CONTROLLER PCB ASSY;UN9
Canon;Canon i-SENSYS MF445dw;INTERNAL COMPONENTS 1;RK2-1378-000;FAN;FM1
Canon;Canon i-SENSYS MF445dw;INTERNAL COMPONENTS 1;RK2-9901-000;CABLE, FLEXIBLE FLAT, LASER;
Canon;Canon i-SENSYS MF445dw;INTERNAL COMPONENTS 1;RM2-2556-000;TAG CABLE ASSY;
Canon;Canon i-SENSYS MF445dw;INTERNAL COMPONENTS 1;RM2-2891 -000;LASER SCANNER ASSY;M2 UN3
Canon;Canon i-SENSYS MF445dw;INTERNAL COMPONENTS 1;RM2-7508-000;H.V. POWER SUPPLY PCB ASSY;SW101 UN22
Canon;Canon i-SENSYS MF445dw;INTERNAL COMPONENTS 1;RM2-7510-000;CONNECTING PCB ASSY;UN2
Canon;Canon i-SENSYS MF445dw;INTERNAL COMPONENTS 1;XA9-1420-000;SCREW, W/WASHER, M3X8;
Canon;Canon i-SENSYS MF445dw;INTERNAL COMPONENTS 1;XA9-1503-000;SCREW, TAP, M3X6;
Canon;Canon i-SENSYS MF445dw;INTERNAL COMPONENTS 1;XA9-1670-000;SCREW, D, M3X6;
Canon;Canon i-SENSYS MF445dw;INTERNAL COMPONENTS 1;XA9-1671-000;SCREW, D, M3X8;
Canon;Canon i-SENSYS MF445dw;INTERNAL COMPONENTS 2 120V;FE8-6227-000;LEVER, SWITCH;
Canon;Canon i-SENSYS MF445dw;INTERNAL COMPONENTS 2 120V;FE8-7096-000;PLATE, GROUNDING;
Canon;Canon i-SENSYS MF445dw;INTERNAL COMPONENTS 2 120V;FM1-R683-000;CASSETTE ASSY;
Canon;Canon i-SENSYS MF445dw;INTERNAL COMPONENTS 2 120V;FM1-Z945-000;POWER SWITCH PCB ASSY;SW1 UN1
Canon;Canon i-SENSYS MF445dw;INTERNAL COMPONENTS 2 120V;FU2-1855-000;LABEL, CST. PAPER SIZE;
Canon;Canon i-SENSYS MF445dw;INTERNAL COMPONENTS 2 120V;RC4-3219-000;COVER, FULL DETECT SENSOR;
Canon;Canon i-SENSYS MF445dw;INTERNAL COMPONENTS 2 120V;FM1-R870-000;USB RELAY PCB ASSEMBLY;UN15
Canon;Canon i-SENSYS MF445dw;INTERNAL COMPONENTS 2 120V;RM2-5397-000;CASSETTE SEPARATION ASSY;
Canon;Canon i-SENSYS MF445dw;INTERNAL COMPONENTS 2 120V;FM1-W115-000;FIXING ASSY;H1 PS13 TH1 TP1 UN28
Canon;Canon i-SENSYS MF445dw;INTERNAL COMPONENTS 2 120V;RM2-8684-000;MAIN MOTOR ASSY;M1
Canon;Canon i-SENSYS MF445dw;INTERNAL COMPONENTS 2 120V;XA9-1503-000;SCREW, TAP, M3X6;
Canon;Canon i-SENSYS MF445dw;INTERNAL COMPONENTS 2 120V;XA9-1522-000;SCREW, M3X6;
Canon;Canon i-SENSYS MF445dw;INTERNAL COMPONENTS 2 120V;FK3-3944-000;SPEAKER;SP1
Canon;Canon i-SENSYS MF445dw;INTERNAL COMPONENTS 2 230V;FE8-6227-000;LEVER, SWITCH;
Canon;Canon i-SENSYS MF445dw;INTERNAL COMPONENTS 2 230V;FE8-7096-000;PLATE, GROUNDING;
Canon;Canon i-SENSYS MF445dw;INTERNAL COMPONENTS 2 230V;FM1-R683-000;CASSETTE ASSY;
Canon;Canon i-SENSYS MF445dw;INTERNAL COMPONENTS 2 230V;FM1-Z945-000;POWER SWITCH PCB ASSY;SW1 UN1
Canon;Canon i-SENSYS MF445dw;INTERNAL COMPONENTS 2 230V;FU2-1855-000;LABEL, CST. PAPER SIZE;
Canon;Canon i-SENSYS MF445dw;INTERNAL COMPONENTS 2 230V;RC4-3219-000;COVER, FULL DETECT SENSOR;
Canon;Canon i-SENSYS MF445dw;INTERNAL COMPONENTS 2 230V;FM1-R870-000;USB RELAY PCB ASSEMBLY;UN15
Canon;Canon i-SENSYS MF445dw;INTERNAL COMPONENTS 2 230V;RM2-5397-000;CASSETTE SEPARATION ASSY;
Canon;Canon i-SENSYS MF445dw;INTERNAL COMPONENTS 2 230V;FM1-W116-000;FIXING ASSY;H1 PS13 TH1 TP1 UN28
Canon;Canon i-SENSYS MF445dw;INTERNAL COMPONENTS 2 230V;RM2-8684-000;MAIN MOTOR ASSY;M1
Canon;Canon i-SENSYS MF445dw;INTERNAL COMPONENTS 2 230V;XA9-1503-000;SCREW, TAP, M3X6;
Canon;Canon i-SENSYS MF445dw;INTERNAL COMPONENTS 2 230V;XA9-1522-000;SCREW, M3X6;
Canon;Canon i-SENSYS MF445dw;INTERNAL COMPONENTS 2 230V;FK3-3944-000;SPEAKER;SP1
Canon;Canon i-SENSYS MF445dw;INTERNAL COMPONENTS 3;RC4-3133-000;HOLDER, TRANSFER ROLLER, RIGHT;
Canon;Canon i-SENSYS MF445dw;INTERNAL COMPONENTS 3;RC4-3134-000;HOLDER, TRANSFER ROLLER, LEFT;
Canon;Canon i-SENSYS MF445dw;INTERNAL COMPONENTS 3;RL2-0656-000;ROLLER, MULTI-PURPOSE;
Canon;Canon i-SENSYS MF445dw;INTERNAL COMPONENTS 3;RL2-0657-000;PAD, MULTI-PURPOSE SEPARATION;
Canon;Canon i-SENSYS MF445dw;INTERNAL COMPONENTS 3;RM1-4023-000;ROLLER, TRANSFER;
Canon;Canon i-SENSYS MF445dw;INTERNAL COMPONENTS 3;RM2-5423-000;FOOT, REAR, RIGHT;
Canon;Canon i-SENSYS MF445dw;INTERNAL COMPONENTS 3;RM2-5429-000;FOOT, REAR, LEFT;
Canon;Canon i-SENSYS MF445dw;INTERNAL COMPONENTS 3;RM2-5452-000;PAPER PICK-UP ROLLER ASSY;
Canon;Canon i-SENSYS MF445dw;INTERNAL COMPONENTS 3;FM1-N761-000;REGISTRATION ASSY;
Canon;Canon i-SENSYS MF445dw;INTERNAL COMPONENTS 3;RU8-2935-000;SPRING, COMPRESSION;
Canon;Canon i-SENSYS MF445dw;INTERNAL COMPONENTS 4 MF449, MF448;FE8-6628-000;PLATE, GROUNDING;
Canon;Canon i-SENSYS MF445dw;INTERNAL COMPONENTS 4 MF449, MF448;FE8-7079-000;PLATE, GROUNDING;
Canon;Canon i-SENSYS MF445dw;INTERNAL COMPONENTS 4 MF449, MF448;FK2-8767-000;CORE, FERRITE;
Canon;Canon i-SENSYS MF445dw;INTERNAL COMPONENTS 4 MF449, MF448;FK4-6029-000;MODULE, WLAN;UN19
Canon;Canon i-SENSYS MF445dw;INTERNAL COMPONENTS 4 MF449, MF448;FK4-4931-000;CABLE, FLEXIBLE FLAT;
Canon;Canon i-SENSYS MF445dw;INTERNAL COMPONENTS 4 MF449, MF448;XA9-1670-000;SCREW, D, M3X6;
Canon;Canon i-SENSYS MF445dw;INTERNAL COMPONENTS 4 MF449, MF448;XA9-1503-000;SCREW, TAP, M3X6;
Canon;Canon i-SENSYS MF445dw;INTERNAL COMPONENTS 4 MF449, MF448;FM1-Y352-000;MAIN CONTROLLER PCB ASSY SET;UN12
Canon;Canon i-SENSYS MF445dw;INTERNAL COMPONENTS 4 MF449, MF448;FM1-X947-000;NCU PCB ASSEMBLY;UN13
Canon;Canon i-SENSYS MF445dw;INTERNAL COMPONENTS 4 MF449, MF448;FM1-R867-000;OFFHOOK PCB ASSEMBLY;UN14
Canon;Canon i-SENSYS MF445dw;INTERNAL COMPONENTS 4 MF449, MF448;FK4-5022-000;CABLE, FLEXIBLE FLAT;
Canon;Canon i-SENSYS MF445dw;INTERNAL COMPONENTS 4 MF449, MF448;FM2-C861 -000;CABLE, CNT OFFHOOK;
Canon;Canon i-SENSYS MF445dw;INTERNAL COMPONENTS 4 MF449, MF448;FM2-C863-000;CABLE, OFFHOOK LINECOMM;
Canon;Canon i-SENSYS MF445dw;INTERNAL COMPONENTS 4 MF445;FE8-6628-000;PLATE, GROUNDING;
Canon;Canon i-SENSYS MF445dw;INTERNAL COMPONENTS 4 MF445;FE8-7079-000;PLATE, GROUNDING;
Canon;Canon i-SENSYS MF445dw;INTERNAL COMPONENTS 4 MF445;FK2-8767-000;CORE, FERRITE;
Canon;Canon i-SENSYS MF445dw;INTERNAL COMPONENTS 4 MF445;FK4-6029-000;MODULE, WLAN;UN19
Canon;Canon i-SENSYS MF445dw;INTERNAL COMPONENTS 4 MF445;FK4-4931-000;CABLE, FLEXIBLE FLAT;
Canon;Canon i-SENSYS MF445dw;INTERNAL COMPONENTS 4 MF445;XA9-1670-000;SCREW, D, M3X6;
Canon;Canon i-SENSYS MF445dw;INTERNAL COMPONENTS 4 MF445;XA9-1503-000;SCREW, TAP, M3X6;
Canon;Canon i-SENSYS MF445dw;INTERNAL COMPONENTS 4 MF445;FM1-Y353-000;MAIN CONTROLLER PCB ASSY SET;UN12
Canon;Canon i-SENSYS MF445dw;INTERNAL COMPONENTS 4 MF445;FM1-X947-000;NCU PCB ASSEMBLY;UN13
Canon;Canon i-SENSYS MF445dw;INTERNAL COMPONENTS 4 MF445;FM1-R867-000;OFFHOOK PCB ASSEMBLY;UN14
Canon;Canon i-SENSYS MF445dw;INTERNAL COMPONENTS 4 MF445;FK4-5022-000;CABLE, FLEXIBLE FLAT;
Canon;Canon i-SENSYS MF445dw;INTERNAL COMPONENTS 4 MF445;FM2-C861 -000;CABLE, CNT OFFHOOK;
Canon;Canon i-SENSYS MF445dw;INTERNAL COMPONENTS 4 MF445;FM2-C863-000;CABLE, OFFHOOK LINECOMM;
Canon;Canon i-SENSYS MF445dw;CONTROL PANEL ASSY;FE8-6209-000;COVER, PANEL, REAR UPPER;
Canon;Canon i-SENSYS MF445dw;CONTROL PANEL ASSY;FE8-6210-000;COVER, PANEL, REAR LOWER;
Canon;Canon i-SENSYS MF445dw;CONTROL PANEL ASSY;FE8-6211-000;COVER, PANEL, LOWER;
Canon;Canon i-SENSYS MF445dw;CONTROL PANEL ASSY;FE8-7086-000;COVER, PANEL, REAR;
Canon;Canon i-SENSYS MF445dw;CONTROL PANEL ASSY;FK4-5021-000;CABLE, SANMARINO HDMI;
Canon;Canon i-SENSYS MF445dw;CONTROL PANEL ASSY;FM1-R686-000;CONTROL PANEL ASSY;UN16 UN17 UN18
Canon;Canon i-SENSYS MF445dw;CONTROL PANEL ASSY;FM1-T109-000;HINGE ASSEMBLY;
Canon;Canon i-SENSYS MF445dw;CONTROL PANEL ASSY;FE8-6772-000;COVER, PANEL MOUNT, LEFT;
Canon;Canon i-SENSYS MF445dw;CONTROL PANEL ASSY;FE8-6773-000;COVER, PANEL MOUNT, RIGHT;
Canon;Canon i-SENSYS MF445dw;CONTROL PANEL ASSY;FE8-6774-000;COVER, PANEL MOUNT, UPPER;
Canon;Canon i-SENSYS MF445dw;CONTROL PANEL ASSY;XA9-1503-000;SCREW, TAP, M3X6;
Canon;Canon i-SENSYS MF445dw;CONTROL PANEL ASSY;XA9-1671-000;SCREW, D, M3X8;
Canon;Canon i-SENSYS MF445dw;READER/ADF ASSEMBLY;FE8-4191-000;LABEL, DOCUMENT SIZE;
Canon;Canon i-SENSYS MF445dw;READER/ADF ASSEMBLY;FE8-3469-010;SHEET, WHITE;
Canon;Canon i-SENSYS MF445dw;READER/ADF ASSEMBLY;FE8-3474-000;COVER, REAR;
Canon;Canon i-SENSYS MF445dw;READER/ADF ASSEMBLY;FE8-3475-000;COVER, FRONT;
Canon;Canon i-SENSYS MF445dw;READER/ADF ASSEMBLY;FE8-3636-000;RING, E;
Canon;Canon i-SENSYS MF445dw;READER/ADF ASSEMBLY;FE8-3643-000;BUSHING;
Canon;Canon i-SENSYS MF445dw;READER/ADF ASSEMBLY;FE8-3644-000;SPRING, LEAF;
Canon;Canon i-SENSYS MF445dw;READER/ADF ASSEMBLY;FL1-2517-000;PANEL, OPEN/CLOSE;
Canon;Canon i-SENSYS MF445dw;READER/ADF ASSEMBLY;FM1-N703-000;SEPARATION ROLLER ASSEMBLY;
Canon;Canon i-SENSYS MF445dw;READER/ADF ASSEMBLY;FC8-9251-000;ROLLER, PICK-UP;
Canon;Canon i-SENSYS MF445dw;READER/ADF ASSEMBLY;FL3-1023-000;ROLLER, SEPARATION;
Canon;Canon i-SENSYS MF445dw;READER/ADF ASSEMBLY;FU2-1865-000;GEAR, 23T;
Canon;Canon i-SENSYS MF445dw;READER/ADF ASSEMBLY;FU2-1902-000;BUSHING;
Canon;Canon i-SENSYS MF445dw;READER/ADF ASSEMBLY;FU2-1903-000;SPRING, COMPRESSION;
Canon;Canon i-SENSYS MF445dw;READER/ADF ASSEMBLY;FE8-3462-000;GUIDE, CABLE;
Canon;Canon i-SENSYS MF445dw;READER/ADF ASSEMBLY;FM1-T687-000;HINGE;
Canon;Canon i-SENSYS MF445dw;READER/ADF ASSEMBLY;FE8-3467-000;COVER, LOWER;
Canon;Canon i-SENSYS MF445dw;READER/ADF ASSEMBLY;FE8-4189-000;CAP;
Canon;Canon i-SENSYS MF445dw;READER/ADF ASSEMBLY;FM1-P584-000;PAPER FEED GUIDE ASSEMBLY;
Canon;Canon i-SENSYS MF445dw;READER/ADF ASSEMBLY;FM1-N711 -000;DOCUMENT TRAY ASSEMBLY;
Canon;Canon i-SENSYS MF445dw;READER/ADF ASSEMBLY;XA9-0476-000;SCREW,TP M3X8;
Canon;Canon i-SENSYS MF445dw;PAPER FEEDER ASSEMBLY;FM1-N704-000;GUIDE ASSEMBLY, UPPER;
Canon;Canon i-SENSYS MF445dw;PAPER FEEDER ASSEMBLY;FE8-3440-000;ROLLER;
Canon;Canon i-SENSYS MF445dw;PAPER FEEDER ASSEMBLY;FE8-3444-000;FLAG,SENSOR;
Canon;Canon i-SENSYS MF445dw;PAPER FEEDER ASSEMBLY;FE8-3645-000;STOPPER, DOCUMENT;
Canon;Canon i-SENSYS MF445dw;PAPER FEEDER ASSEMBLY;FL1-2518-000;GUIDE, UPPER;
Canon;Canon i-SENSYS MF445dw;PAPER FEEDER ASSEMBLY;FM1-P580-000;SEPARATION PAD ASSEMBLY;
Canon;Canon i-SENSYS MF445dw;PAPER FEEDER ASSEMBLY;FU2-1875-000;SHAFT, TRANSMISSION;
Canon;Canon i-SENSYS MF445dw;PAPER FEEDER ASSEMBLY;FU2-1904-000;SPRING, TORSION;
Canon;Canon i-SENSYS MF445dw;PAPER FEEDER ASSEMBLY;FU2-1905-000;SPRING, COMPRESSION;
Canon;Canon i-SENSYS MF445dw;PAPER FEEDER ASSEMBLY;FU2-1906-000;ROLLER, AUXILIARY;
Canon;Canon i-SENSYS MF445dw;PAPER FEEDER ASSEMBLY;FU2-1922-000;SPRING, COMPRESSION;
Canon;Canon i-SENSYS MF445dw;PAPER FEEDER ASSEMBLY;XA9-0476-000;SCREW,TP M3X8;
Canon;Canon i-SENSYS MF445dw;PAPER FEEDER ASSEMBLY;FM1-U531 -010;PAPER FEEDER ASSEMBLY SET;
Canon;Canon i-SENSYS MF445dw;PAPER FEEDER ASSEMBLY;FE8-3446-000;GUIDE, PAPER DELIVERY;
Canon;Canon i-SENSYS MF445dw;PAPER FEEDER ASSEMBLY;FE8-3448-000;FLAG,SENSOR;
Canon;Canon i-SENSYS MF445dw;PAPER FEEDER ASSEMBLY;FE8-3458-000;BUSHING;
Canon;Canon i-SENSYS MF445dw;PAPER FEEDER ASSEMBLY;FE8-3459-000;PLATE, GROUNDING;
Canon;Canon i-SENSYS MF445dw;PAPER FEEDER ASSEMBLY;FE8-3460-000;PLATE, GROUNDING;
Canon;Canon i-SENSYS MF445dw;PAPER FEEDER ASSEMBLY;FE8-3636-000;RING, E;
Canon;Canon i-SENSYS MF445dw;PAPER FEEDER ASSEMBLY;FE8-3655-000;STOPPER, RATCHET SPRING;
Canon;Canon i-SENSYS MF445dw;PAPER FEEDER ASSEMBLY;FE8-3656-000;RATCHET, PAPER FEED ROLLER;
Canon;Canon i-SENSYS MF445dw;PAPER FEEDER ASSEMBLY;FE8-3657-000;LEVER, RELEASE;
Canon;Canon i-SENSYS MF445dw;PAPER FEEDER ASSEMBLY;FL1-1367-000;ROLLER, PAPER FEED;
Canon;Canon i-SENSYS MF445dw;PAPER FEEDER ASSEMBLY;FL1-1369-000;SHEET, GUIDE;
Canon;Canon i-SENSYS MF445dw;PAPER FEEDER ASSEMBLY;FM1-N407-000;ROLLER, PAPER DELIVERY;
Canon;Canon i-SENSYS MF445dw;PAPER FEEDER ASSEMBLY;FM1-N709-010;MOTOR DRIVE ASSY;M5
Canon;Canon i-SENSYS MF445dw;PAPER FEEDER ASSEMBLY;FM2-C963-000;CABLE, SIGNAL, DF, 2;
Canon;Canon i-SENSYS MF445dw;PAPER FEEDER ASSEMBLY;VS1-7207-006;CONNECTOR, SNAP TIGHT;
Canon;Canon i-SENSYS MF445dw;PAPER FEEDER ASSEMBLY;FM1-X903-000;CABLE, SENSOR;
Canon;Canon i-SENSYS MF445dw;PAPER FEEDER ASSEMBLY;FM1-X908-000;CABLE, GROUNDING;
Canon;Canon i-SENSYS MF445dw;PAPER FEEDER ASSEMBLY;FU2-1867-000;GEAR, 67T;
Canon;Canon i-SENSYS MF445dw;PAPER FEEDER ASSEMBLY;FU2-1869-000;GEAR, 25T;
Canon;Canon i-SENSYS MF445dw;PAPER FEEDER ASSEMBLY;FU2-1870-000;GEAR, 38T;
Canon;Canon i-SENSYS MF445dw;PAPER FEEDER ASSEMBLY;FU2-1902-000;BUSHING;
Canon;Canon i-SENSYS MF445dw;PAPER FEEDER ASSEMBLY;FU2-1907-000;SPRING, TENSION;
Canon;Canon i-SENSYS MF445dw;PAPER FEEDER ASSEMBLY;FU2-1908-000;SPRING, COMPRESSION;
Canon;Canon i-SENSYS MF445dw;PAPER FEEDER ASSEMBLY;WG8-5935-000;IC, PHOTO INTERRUPTER;PS15, PS16
Canon;Canon i-SENSYS MF445dw;PAPER FEEDER ASSEMBLY;FK4-4059-000;CABLE, FLEXIBLE FLAT;
Canon;Canon i-SENSYS MF445dw;PAPER FEEDER ASSEMBLY;FE8-3450-000;HOLDER, CONTACT IMAGE SENSOR;
Canon;Canon i-SENSYS MF445dw;PAPER FEEDER ASSEMBLY;FL1-2502-000;GLASS HOLDER UNIT;
Canon;Canon i-SENSYS MF445dw;PAPER FEEDER ASSEMBLY;FU2-1924-000;SPRING, COMPRESSION;
Canon;Canon i-SENSYS MF445dw;PAPER FEEDER ASSEMBLY;FM1-T027-000;CONTACT IMAGE SENSOR SET;CIS1
Canon;Canon i-SENSYS MF445dw;PAPER FEEDER ASSEMBLY;FL1-4365-000;SHEET, WHITE;
Canon;Canon i-SENSYS MF445dw;READER ASSEMBLY;FE8-3479-000;SPACER, CIS;
Canon;Canon i-SENSYS MF445dw;READER ASSEMBLY;FE8-3582-000;BELT, TIMING;
Canon;Canon i-SENSYS MF445dw;READER ASSEMBLY;FK4-4050-000;CONTACT IMAGE SENSOR,FA106H-01;CIS2
Canon;Canon i-SENSYS MF445dw;READER ASSEMBLY;FK4-4058-000;CABLE, FLEXIBLE FLAT;
Canon;Canon i-SENSYS MF445dw;READER ASSEMBLY;FL1-1412-000;PULLEY UNIT;
Canon;Canon i-SENSYS MF445dw;READER ASSEMBLY;FM1-N718-000;DC MOTOR ASSEMBLY;M4
Canon;Canon i-SENSYS MF445dw;READER ASSEMBLY;FM2-C964-000;CABLE, READER SIGNAL, 2;
Canon;Canon i-SENSYS MF445dw;READER ASSEMBLY;VS1-7177-004;CONNECTOR, SNAP TIGHT, BK;
Canon;Canon i-SENSYS MF445dw;READER ASSEMBLY;WG8-5935-000;IC, PHOTO INTERRUPTER;PS14
Canon;Canon i-SENSYS MF445dw;READER ASSEMBLY;FM1-U354-000;COPYBOARD GLASS UNIT;
Canon;Canon i-SENSYS MF445dw;READER ASSEMBLY;FE8-4192-000;LABEL, WIDTH SIZE;
Canon;Canon i-SENSYS MF445dw;READER ASSEMBLY;XA9-0476-000;SCREW,TP M3X8;
Canon;Canon i-SENSYS MF445dw;READER ASSEMBLY;FE8-9143-000;LABEL, COPY PROHIBITION;SEE NOTE
Canon;Canon i-SENSYS MF445dw;READER ASSEMBLY;FE8-4194-000;LABEL, GLASS CLEANING;SEE NOTE English, French, Spanish, Polish
Canon;Canon i-SENSYS MF445dw;READER ASSEMBLY;FE8-4196-000;LABEL, GLASS CLEANING;SEE NOTE English, Spanish, Polish, Simplified Chinese, Traditional Chinese, Korean
Canon;Canon i-SENSYS MF445dw;READER ASSEMBLY;FM1-U533-000;READER ASSEMBLY;
