Canon;Canon Color imageCLASS MF632Cdw;100D - External Covers (MF634Cdw);FE8-3066-000;COVER, ARM, LEFT;
Canon;Canon Color imageCLASS MF632Cdw;100D - External Covers (MF634Cdw);FE8-3068-000;COVER, ARM, CENTER;
Canon;Canon Color imageCLASS MF632Cdw;100D - External Covers (MF634Cdw);FE8-3069-000;COVER, PANEL, REAR UPPER;
Canon;Canon Color imageCLASS MF632Cdw;100D - External Covers (MF634Cdw);FE8-3070-000;COVER, PANEL, REAR UNDER;
Canon;Canon Color imageCLASS MF632Cdw;100D - External Covers (MF634Cdw);FE8-3071-000;COVER, PANEL, LOWER;
Canon;Canon Color imageCLASS MF632Cdw;100D - External Covers (MF634Cdw);FE8-3094-000;COVER, FRONT, LEFT;
Canon;Canon Color imageCLASS MF632Cdw;100D - External Covers (MF634Cdw);FE8-3095-000;COVER, FRONT, RIGHT;
Canon;Canon Color imageCLASS MF632Cdw;100D - External Covers (MF634Cdw);FE8-3115-000;COVER, FRONT UPPER, RIGHT;
Canon;Canon Color imageCLASS MF632Cdw;100D - External Covers (MF634Cdw);FE8-3142-000;COVER, ARM, RIGHT;
Canon;Canon Color imageCLASS MF632Cdw;100D - External Covers (MF634Cdw);FE8-3262-000;COVER, PANEL, REAR;
Canon;Canon Color imageCLASS MF632Cdw;100D - External Covers (MF634Cdw);FM1-N642-000;COVER ASSEMBLY, LEFT;
Canon;Canon Color imageCLASS MF632Cdw;100D - External Covers (MF634Cdw);FL1-1416-000;SHEET, BLANKING;
Canon;Canon Color imageCLASS MF632Cdw;100D - External Covers (MF634Cdw);FM1-N643-000;COVER ASSEMBLY, RIGHT;
Canon;Canon Color imageCLASS MF632Cdw;100D - External Covers (MF634Cdw);FL1-0525-000;SHEET, HANDSET;
Canon;Canon Color imageCLASS MF632Cdw;100D - External Covers (MF634Cdw);FM1-N648-000;FRONT DOOR ASSY;
Canon;Canon Color imageCLASS MF632Cdw;100D - External Covers (MF634Cdw);FM1-N649-000;COVER ASSEMBLY, TOP;
Canon;Canon Color imageCLASS MF632Cdw;100D - External Covers (MF634Cdw);FM1-N654-000;DUPLEXING DOOR ASSY;
Canon;Canon Color imageCLASS MF632Cdw;100D - External Covers (MF634Cdw);FM1-P234-000;CONTROL PANEL ASSEMBLY;
Canon;Canon Color imageCLASS MF632Cdw;100D - External Covers (MF634Cdw);FM1-P442-000;HINGE ASSEMBLY;
Canon;Canon Color imageCLASS MF632Cdw;100D - External Covers (MF634Cdw);FU2-1959-000;LABEL, NETWORK;
Canon;Canon Color imageCLASS MF632Cdw;100D - External Covers (MF634Cdw);RM2-5580-000;REAR DOOR ASSY;
Canon;Canon Color imageCLASS MF632Cdw;100D - External Covers (MF634Cdw);RM2-5906-000;ROLLER, SECONDARY TRANSFER;
Canon;Canon Color imageCLASS MF632Cdw;100D - External Covers (MF634Cdw);FU2-1961-000;LABEL, MODULAR;
Canon;Canon Color imageCLASS MF632Cdw;100D - External Covers (MF634Cdw);XA9-1671-000;SCREW, D, M3X8;
Canon;Canon Color imageCLASS MF632Cdw;100D - External Covers (MF634Cdw);NPN;EXTERNAL COVERS, PANELS, ETC.;MF634Cdw
Canon;Canon Color imageCLASS MF632Cdw;100E - External Covers (MF633Cdw);FE8-3066-000;COVER, ARM, LEFT;
Canon;Canon Color imageCLASS MF632Cdw;100E - External Covers (MF633Cdw);FE8-3068-000;COVER, ARM, CENTER;
Canon;Canon Color imageCLASS MF632Cdw;100E - External Covers (MF633Cdw);FE8-3069-000;COVER, PANEL, REAR UPPER;
Canon;Canon Color imageCLASS MF632Cdw;100E - External Covers (MF633Cdw);FE8-3070-000;COVER, PANEL, REAR UNDER;
Canon;Canon Color imageCLASS MF632Cdw;100E - External Covers (MF633Cdw);FE8-3071-000;COVER, PANEL, LOWER;
Canon;Canon Color imageCLASS MF632Cdw;100E - External Covers (MF633Cdw);FE8-3094-000;COVER, FRONT, LEFT;
Canon;Canon Color imageCLASS MF632Cdw;100E - External Covers (MF633Cdw);FE8-3095-000;COVER, FRONT, RIGHT;
Canon;Canon Color imageCLASS MF632Cdw;100E - External Covers (MF633Cdw);FE8-3115-000;COVER, FRONT UPPER, RIGHT;
Canon;Canon Color imageCLASS MF632Cdw;100E - External Covers (MF633Cdw);FE8-3142-000;COVER, ARM, RIGHT;
Canon;Canon Color imageCLASS MF632Cdw;100E - External Covers (MF633Cdw);FE8-3262-000;COVER, PANEL, REAR;
Canon;Canon Color imageCLASS MF632Cdw;100E - External Covers (MF633Cdw);FM1-N642-000;COVER ASSEMBLY, LEFT;
Canon;Canon Color imageCLASS MF632Cdw;100E - External Covers (MF633Cdw);FL1-1416-000;SHEET, BLANKING;
Canon;Canon Color imageCLASS MF632Cdw;100E - External Covers (MF633Cdw);FM1-N643-000;COVER ASSEMBLY, RIGHT;
Canon;Canon Color imageCLASS MF632Cdw;100E - External Covers (MF633Cdw);FL1-0525-000;SHEET, HANDSET;
Canon;Canon Color imageCLASS MF632Cdw;100E - External Covers (MF633Cdw);FM1-N648-000;FRONT DOOR ASSY;
Canon;Canon Color imageCLASS MF632Cdw;100E - External Covers (MF633Cdw);FM1-N649-000;COVER ASSEMBLY, TOP;
Canon;Canon Color imageCLASS MF632Cdw;100E - External Covers (MF633Cdw);FM1-N654-000;DUPLEXING DOOR ASSY;
Canon;Canon Color imageCLASS MF632Cdw;100E - External Covers (MF633Cdw);FM1-P234-000;CONTROL PANEL ASSEMBLY;
Canon;Canon Color imageCLASS MF632Cdw;100E - External Covers (MF633Cdw);FM1-P442-000;HINGE ASSEMBLY;
Canon;Canon Color imageCLASS MF632Cdw;100E - External Covers (MF633Cdw);FU2-1959-000;LABEL, NETWORK;
Canon;Canon Color imageCLASS MF632Cdw;100E - External Covers (MF633Cdw);RM2-5580-000;REAR DOOR ASSY;
Canon;Canon Color imageCLASS MF632Cdw;100E - External Covers (MF633Cdw);RM2-5906-000;ROLLER, SECONDARY TRANSFER;
Canon;Canon Color imageCLASS MF632Cdw;100E - External Covers (MF633Cdw);FE8-3017-000;LID, MODULAR;
Canon;Canon Color imageCLASS MF632Cdw;100E - External Covers (MF633Cdw);XA9-1671-000;SCREW, D, M3X8;
Canon;Canon Color imageCLASS MF632Cdw;100E - External Covers (MF633Cdw);NPN;EXTERNAL COVERS, PANELS, ETC.;MF633Cdw
Canon;Canon Color imageCLASS MF632Cdw;100F - External Covers (MF632Cdw);FE8-3066-000;COVER, ARM, LEFT;
Canon;Canon Color imageCLASS MF632Cdw;100F - External Covers (MF632Cdw);FE8-3068-000;COVER, ARM, CENTER;
Canon;Canon Color imageCLASS MF632Cdw;100F - External Covers (MF632Cdw);FE8-3069-000;COVER, PANEL, REAR UPPER;
Canon;Canon Color imageCLASS MF632Cdw;100F - External Covers (MF632Cdw);FE8-3070-000;COVER, PANEL, REAR UNDER;
Canon;Canon Color imageCLASS MF632Cdw;100F - External Covers (MF632Cdw);FE8-3071-000;COVER, PANEL, LOWER;
Canon;Canon Color imageCLASS MF632Cdw;100F - External Covers (MF632Cdw);FE8-3094-000;COVER, FRONT, LEFT;
Canon;Canon Color imageCLASS MF632Cdw;100F - External Covers (MF632Cdw);FE8-3095-000;COVER, FRONT, RIGHT;
Canon;Canon Color imageCLASS MF632Cdw;100F - External Covers (MF632Cdw);FE8-3115-000;COVER, FRONT UPPER, RIGHT;
Canon;Canon Color imageCLASS MF632Cdw;100F - External Covers (MF632Cdw);FE8-3142-000;COVER, ARM, RIGHT;
Canon;Canon Color imageCLASS MF632Cdw;100F - External Covers (MF632Cdw);FE8-3262-000;COVER, PANEL, REAR;
Canon;Canon Color imageCLASS MF632Cdw;100F - External Covers (MF632Cdw);FM1-N642-000;COVER ASSEMBLY, LEFT;
Canon;Canon Color imageCLASS MF632Cdw;100F - External Covers (MF632Cdw);FL1-1416-000;SHEET, BLANKING;
Canon;Canon Color imageCLASS MF632Cdw;100F - External Covers (MF632Cdw);FM1-N643-000;COVER ASSEMBLY, RIGHT;
Canon;Canon Color imageCLASS MF632Cdw;100F - External Covers (MF632Cdw);FL1-0525-000;SHEET, HANDSET;
Canon;Canon Color imageCLASS MF632Cdw;100F - External Covers (MF632Cdw);FM1-N648-000;FRONT DOOR ASSY;
Canon;Canon Color imageCLASS MF632Cdw;100F - External Covers (MF632Cdw);FM1-N649-000;COVER ASSEMBLY, TOP;
Canon;Canon Color imageCLASS MF632Cdw;100F - External Covers (MF632Cdw);FM1-N654-000;DUPLEXING DOOR ASSY;
Canon;Canon Color imageCLASS MF632Cdw;100F - External Covers (MF632Cdw);FM1-P234-000;CONTROL PANEL ASSEMBLY;
Canon;Canon Color imageCLASS MF632Cdw;100F - External Covers (MF632Cdw);FM1-P442-000;HINGE ASSEMBLY;
Canon;Canon Color imageCLASS MF632Cdw;100F - External Covers (MF632Cdw);FU2-1959-000;LABEL, NETWORK;
Canon;Canon Color imageCLASS MF632Cdw;100F - External Covers (MF632Cdw);RM2-5580-000;REAR DOOR ASSY;
Canon;Canon Color imageCLASS MF632Cdw;100F - External Covers (MF632Cdw);RM2-5906-000;ROLLER, SECONDARY TRANSFER;
Canon;Canon Color imageCLASS MF632Cdw;100F - External Covers (MF632Cdw);FE8-3017-000;LID, MODULAR;
Canon;Canon Color imageCLASS MF632Cdw;100F - External Covers (MF632Cdw);XA9-1671-000;SCREW, D, M3X8;
Canon;Canon Color imageCLASS MF632Cdw;100F - External Covers (MF632Cdw);NPN;EXTERNAL COVERS, PANELS, ETC.;MF632Cdw
Canon;Canon Color imageCLASS MF632Cdw;100G - External Covers (MF631Cn);FE8-3066-000;COVER, ARM, LEFT;
Canon;Canon Color imageCLASS MF632Cdw;100G - External Covers (MF631Cn);FE8-3068-000;COVER, ARM, CENTER;
Canon;Canon Color imageCLASS MF632Cdw;100G - External Covers (MF631Cn);FE8-3069-000;COVER, PANEL, REAR UPPER;
Canon;Canon Color imageCLASS MF632Cdw;100G - External Covers (MF631Cn);FE8-3070-000;COVER, PANEL, REAR UNDER;
Canon;Canon Color imageCLASS MF632Cdw;100G - External Covers (MF631Cn);FE8-3071-000;COVER, PANEL, LOWER;
Canon;Canon Color imageCLASS MF632Cdw;100G - External Covers (MF631Cn);FE8-3094-000;COVER, FRONT, LEFT;
Canon;Canon Color imageCLASS MF632Cdw;100G - External Covers (MF631Cn);FE8-3095-000;COVER, FRONT, RIGHT;
Canon;Canon Color imageCLASS MF632Cdw;100G - External Covers (MF631Cn);FE8-3115-000;COVER, FRONT UPPER, RIGHT;
Canon;Canon Color imageCLASS MF632Cdw;100G - External Covers (MF631Cn);FE8-3142-000;COVER, ARM, RIGHT;
Canon;Canon Color imageCLASS MF632Cdw;100G - External Covers (MF631Cn);FE8-3262-000;COVER, PANEL, REAR;
Canon;Canon Color imageCLASS MF632Cdw;100G - External Covers (MF631Cn);FM1-N642-000;COVER ASSEMBLY, LEFT;
Canon;Canon Color imageCLASS MF632Cdw;100G - External Covers (MF631Cn);FL1-1416-000;SHEET, BLANKING;
Canon;Canon Color imageCLASS MF632Cdw;100G - External Covers (MF631Cn);FM1-N643-000;COVER ASSEMBLY, RIGHT;
Canon;Canon Color imageCLASS MF632Cdw;100G - External Covers (MF631Cn);FL1-0525-000;SHEET, HANDSET;
Canon;Canon Color imageCLASS MF632Cdw;100G - External Covers (MF631Cn);FM1-N648-000;FRONT DOOR ASSY;
Canon;Canon Color imageCLASS MF632Cdw;100G - External Covers (MF631Cn);FM1-N649-000;COVER ASSEMBLY, TOP;
Canon;Canon Color imageCLASS MF632Cdw;100G - External Covers (MF631Cn);FM1-N654-000;DUPLEXING DOOR ASSY;
Canon;Canon Color imageCLASS MF632Cdw;100G - External Covers (MF631Cn);FM1-P234-000;CONTROL PANEL ASSEMBLY;
Canon;Canon Color imageCLASS MF632Cdw;100G - External Covers (MF631Cn);FM1-P442-000;HINGE ASSEMBLY;
Canon;Canon Color imageCLASS MF632Cdw;100G - External Covers (MF631Cn);FU2-1959-000;LABEL, NETWORK;
Canon;Canon Color imageCLASS MF632Cdw;100G - External Covers (MF631Cn);RM2-5580-000;REAR DOOR ASSY;
Canon;Canon Color imageCLASS MF632Cdw;100G - External Covers (MF631Cn);RM2-5906-000;ROLLER, SECONDARY TRANSFER;
Canon;Canon Color imageCLASS MF632Cdw;100G - External Covers (MF631Cn);FE8-3017-000;LID, MODULAR;
Canon;Canon Color imageCLASS MF632Cdw;100G - External Covers (MF631Cn);XA9-1671-000;SCREW, D, M3X8;
Canon;Canon Color imageCLASS MF632Cdw;100G - External Covers (MF631Cn);NPN;EXTERNAL COVERS, PANELS, ETC.;MF631Cn
Canon;Canon Color imageCLASS MF632Cdw;101 - Internal Components 1;FE8-3113-000;DOOR, DUPLEXING, LEFT LOWER;
Canon;Canon Color imageCLASS MF632Cdw;101 - Internal Components 1;RM2-5576-000;PAPER PICK-UP ROLLER ASSY;
Canon;Canon Color imageCLASS MF632Cdw;101 - Internal Components 1;RM2-5577-000;FEED ROLLER ASSY;
Canon;Canon Color imageCLASS MF632Cdw;101 - Internal Components 1;FM1-N653-000;MULTI FEED TRAY ASSY;
Canon;Canon Color imageCLASS MF632Cdw;101 - Internal Components 1;FM1-N655-000;CASSETTE ASSY;
Canon;Canon Color imageCLASS MF632Cdw;101 - Internal Components 1;FU2-1944-000;LABEL, PRINT SET;
Canon;Canon Color imageCLASS MF632Cdw;101 - Internal Components 1;RM2-5578-000;PAPER PICK-UP GUIDE ASSY;
Canon;Canon Color imageCLASS MF632Cdw;101 - Internal Components 1;RM2-5881-000;SEPARATION ROLLER ASSY;
Canon;Canon Color imageCLASS MF632Cdw;101 - Internal Components 1;RM2-5866-000;PRIORITY SLOT ASSY;
Canon;Canon Color imageCLASS MF632Cdw;101 - Internal Components 1;RM2-5872-000;DUPLEXING DRIVE ASSY;SL713, SL714
Canon;Canon Color imageCLASS MF632Cdw;101 - Internal Components 1;XA9-1671-000;SCREW, D, M3X8;
Canon;Canon Color imageCLASS MF632Cdw;101 - Internal Components 1;XA9-1835-000;SCREW, D, M3X6;
Canon;Canon Color imageCLASS MF632Cdw;101 - Internal Components 1;NPN;INTERNAL COMPONENTS 1;
Canon;Canon Color imageCLASS MF632Cdw;102B - Internal Components 2;FM1-N656-000;POWER SUPPLY SWITCH ASSY;
Canon;Canon Color imageCLASS MF632Cdw;102B - Internal Components 2;FE8-0014-000;PLATE, USB, GROUNDING;
Canon;Canon Color imageCLASS MF632Cdw;102B - Internal Components 2;FM1-R870-000;USB RELAY PCB ASSEMBLY;
Canon;Canon Color imageCLASS MF632Cdw;102B - Internal Components 2;FM1-N685-000;FIXING ASSY;H802, FU2, TH802, SW2, SW3, SR607, SR616
Canon;Canon Color imageCLASS MF632Cdw;102B - Internal Components 2;FM1-N695-000;PAPER DELIVERY SENSOR ASSY;SR608
Canon;Canon Color imageCLASS MF632Cdw;102B - Internal Components 2;FM1-Y969-000;L.V. POWER SUPPLY PCB ASSY;
Canon;Canon Color imageCLASS MF632Cdw;102B - Internal Components 2;RM2-5871-000;CARTRIDGE TRAY ASSY;
Canon;Canon Color imageCLASS MF632Cdw;102B - Internal Components 2;RM2-7407-000;MAIN MOTOR ASSY;M701
Canon;Canon Color imageCLASS MF632Cdw;102B - Internal Components 2;RM2-7409-000;FIXING MOTOR ASSY;M702
Canon;Canon Color imageCLASS MF632Cdw;102B - Internal Components 2;RK2-6425-000;FAN;FM1
Canon;Canon Color imageCLASS MF632Cdw;102B - Internal Components 2;RK2-0534-000;MICROSWITCH;SW4
Canon;Canon Color imageCLASS MF632Cdw;102B - Internal Components 2;XA9-1671-000;SCREW, D, M3X8;
Canon;Canon Color imageCLASS MF632Cdw;102B - Internal Components 2;XA9-1835-000;SCREW, D, M3X6;
Canon;Canon Color imageCLASS MF632Cdw;102B - Internal Components 2;NPN;INTERNAL COMPONENTS 2;230V
Canon;Canon Color imageCLASS MF632Cdw;102C - Internal Components 2 (120V);FM1-N656-000;POWER SUPPLY SWITCH ASSY;
Canon;Canon Color imageCLASS MF632Cdw;102C - Internal Components 2 (120V);FE8-0014-000;PLATE, USB, GROUNDING;
Canon;Canon Color imageCLASS MF632Cdw;102C - Internal Components 2 (120V);FM1-R870-000;USB RELAY PCB ASSEMBLY;
Canon;Canon Color imageCLASS MF632Cdw;102C - Internal Components 2 (120V);FM1-N684-000;FIXING ASSY;H801, FU1, TH802, SW2, SW3, SR607, SR616
Canon;Canon Color imageCLASS MF632Cdw;102C - Internal Components 2 (120V);FM1-N695-000;PAPER DELIVERY SENSOR ASSY;SR608
Canon;Canon Color imageCLASS MF632Cdw;102C - Internal Components 2 (120V);FM1-Y968-000;L.V. POWER SUPPLY PCB ASSY;
Canon;Canon Color imageCLASS MF632Cdw;102C - Internal Components 2 (120V);RM2-5871-000;CARTRIDGE TRAY ASSY;
Canon;Canon Color imageCLASS MF632Cdw;102C - Internal Components 2 (120V);RM2-7407-000;MAIN MOTOR ASSY;M701
Canon;Canon Color imageCLASS MF632Cdw;102C - Internal Components 2 (120V);RM2-7409-000;FIXING MOTOR ASSY;M702
Canon;Canon Color imageCLASS MF632Cdw;102C - Internal Components 2 (120V);RK2-6425-000;FAN;FM1
Canon;Canon Color imageCLASS MF632Cdw;102C - Internal Components 2 (120V);RK2-0534-000;MICROSWITCH;SW4
Canon;Canon Color imageCLASS MF632Cdw;102C - Internal Components 2 (120V);XA9-1671-000;SCREW, D, M3X8;
Canon;Canon Color imageCLASS MF632Cdw;102C - Internal Components 2 (120V);XA9-1835-000;SCREW, D, M3X6;
Canon;Canon Color imageCLASS MF632Cdw;102C - Internal Components 2 (120V);NPN;INTERNAL COMPONENTS 2;120V
Canon;Canon Color imageCLASS MF632Cdw;103B - Internal Components 3 (100/120V, Wireless, w/o Fax);FK2-8767-000;CORE, FERRITE;
Canon;Canon Color imageCLASS MF632Cdw;103B - Internal Components 3 (100/120V, Wireless, w/o Fax);FK4-4092-000;CABLE, MADRID HDMI;
Canon;Canon Color imageCLASS MF632Cdw;103B - Internal Components 3 (100/120V, Wireless, w/o Fax);FL0-8148-000;CABLE, FLAT;
Canon;Canon Color imageCLASS MF632Cdw;103B - Internal Components 3 (100/120V, Wireless, w/o Fax);FM1-Y850-000;MAIN CONTROLLER PCB ASSY;
Canon;Canon Color imageCLASS MF632Cdw;103B - Internal Components 3 (100/120V, Wireless, w/o Fax);FM1-Y966-000;ENGINE CONTROLLER PCB ASSY;
Canon;Canon Color imageCLASS MF632Cdw;103B - Internal Components 3 (100/120V, Wireless, w/o Fax);RK2-6383-000;CABLE, FLAT;
Canon;Canon Color imageCLASS MF632Cdw;103B - Internal Components 3 (100/120V, Wireless, w/o Fax);RK2-6384-000;CABLE, FLAT;
Canon;Canon Color imageCLASS MF632Cdw;103B - Internal Components 3 (100/120V, Wireless, w/o Fax);RM2-5874-000;DENSITY DETECT SENSOR ASSY;
Canon;Canon Color imageCLASS MF632Cdw;103B - Internal Components 3 (100/120V, Wireless, w/o Fax);RM2-5907-000;INTERMEDIATE TRANS. BELT ASSY;
Canon;Canon Color imageCLASS MF632Cdw;103B - Internal Components 3 (100/120V, Wireless, w/o Fax);XA9-1671-000;SCREW, D, M3X8;
Canon;Canon Color imageCLASS MF632Cdw;103B - Internal Components 3 (100/120V, Wireless, w/o Fax);FK4-1248-020;MODULE, WLAN;
Canon;Canon Color imageCLASS MF632Cdw;103B - Internal Components 3 (100/120V, Wireless, w/o Fax);FL0-8151-000;CABLE, FLAT;
Canon;Canon Color imageCLASS MF632Cdw;103B - Internal Components 3 (100/120V, Wireless, w/o Fax);NPN;INTERNAL COMPONENTS 3;100V/120V, WIRELESS LAN, WITHOUT FAX model
Canon;Canon Color imageCLASS MF632Cdw;103C - Internal Components 3 (230V, Wireless, Fax);FK2-8767-000;CORE, FERRITE;
Canon;Canon Color imageCLASS MF632Cdw;103C - Internal Components 3 (230V, Wireless, Fax);FK4-4092-000;CABLE, MADRID HDMI;
Canon;Canon Color imageCLASS MF632Cdw;103C - Internal Components 3 (230V, Wireless, Fax);FL0-8148-000;CABLE, FLAT;
Canon;Canon Color imageCLASS MF632Cdw;103C - Internal Components 3 (230V, Wireless, Fax);FM1-T024-000;MAIN CONTROLLER PCB ASSY SET;
Canon;Canon Color imageCLASS MF632Cdw;103C - Internal Components 3 (230V, Wireless, Fax);FM1-Y966-000;ENGINE CONTROLLER PCB ASSY;
Canon;Canon Color imageCLASS MF632Cdw;103C - Internal Components 3 (230V, Wireless, Fax);RK2-6383-000;CABLE, FLAT;
Canon;Canon Color imageCLASS MF632Cdw;103C - Internal Components 3 (230V, Wireless, Fax);RK2-6384-000;CABLE, FLAT;
Canon;Canon Color imageCLASS MF632Cdw;103C - Internal Components 3 (230V, Wireless, Fax);RM2-5874-000;DENSITY DETECT SENSOR ASSY;
Canon;Canon Color imageCLASS MF632Cdw;103C - Internal Components 3 (230V, Wireless, Fax);RM2-5907-000;INTERMEDIATE TRANS. BELT ASSY;
Canon;Canon Color imageCLASS MF632Cdw;103C - Internal Components 3 (230V, Wireless, Fax);XA9-1671-000;SCREW, D, M3X8;
Canon;Canon Color imageCLASS MF632Cdw;103C - Internal Components 3 (230V, Wireless, Fax);FK4-1248-020;MODULE, WLAN;
Canon;Canon Color imageCLASS MF632Cdw;103C - Internal Components 3 (230V, Wireless, Fax);FL0-8151-000;CABLE, FLAT;
Canon;Canon Color imageCLASS MF632Cdw;103C - Internal Components 3 (230V, Wireless, Fax);FK3-3944-000;SPEAKER;SP1
Canon;Canon Color imageCLASS MF632Cdw;103C - Internal Components 3 (230V, Wireless, Fax);FL0-8150-000;CABLE, FLAT;
Canon;Canon Color imageCLASS MF632Cdw;103C - Internal Components 3 (230V, Wireless, Fax);FM1-X947-000;NCU PCB ASSEMBLY;
Canon;Canon Color imageCLASS MF632Cdw;103C - Internal Components 3 (230V, Wireless, Fax);FM1-X957-000;CABLE, PSEUDO CI;
Canon;Canon Color imageCLASS MF632Cdw;103C - Internal Components 3 (230V, Wireless, Fax);FM1-R867-000;OFFHOOK PCB ASSEMBLY;
Canon;Canon Color imageCLASS MF632Cdw;103C - Internal Components 3 (230V, Wireless, Fax);FM1-X955-000;CABLE, OFF HOOK;
Canon;Canon Color imageCLASS MF632Cdw;103C - Internal Components 3 (230V, Wireless, Fax);XA9-1835-000;SCREW, D, M3X6;
Canon;Canon Color imageCLASS MF632Cdw;103C - Internal Components 3 (230V, Wireless, Fax);NPN;INTERNAL COMPONENTS 3;230V, WIRELESS LAN, FAX model
Canon;Canon Color imageCLASS MF632Cdw;103D - Internal Components 3 (120V, Wireless, Fax);FK2-8767-000;CORE, FERRITE;
Canon;Canon Color imageCLASS MF632Cdw;103D - Internal Components 3 (120V, Wireless, Fax);FK4-4092-000;CABLE, MADRID HDMI;
Canon;Canon Color imageCLASS MF632Cdw;103D - Internal Components 3 (120V, Wireless, Fax);FL0-8148-000;CABLE, FLAT;
Canon;Canon Color imageCLASS MF632Cdw;103D - Internal Components 3 (120V, Wireless, Fax);FM1-T025-000;MAIN CONTROLLER PCB ASSY SET;
Canon;Canon Color imageCLASS MF632Cdw;103D - Internal Components 3 (120V, Wireless, Fax);FM1-Y966-000;ENGINE CONTROLLER PCB ASSY;
Canon;Canon Color imageCLASS MF632Cdw;103D - Internal Components 3 (120V, Wireless, Fax);RK2-6383-000;CABLE, FLAT;
Canon;Canon Color imageCLASS MF632Cdw;103D - Internal Components 3 (120V, Wireless, Fax);RK2-6384-000;CABLE, FLAT;
Canon;Canon Color imageCLASS MF632Cdw;103D - Internal Components 3 (120V, Wireless, Fax);RM2-5874-000;DENSITY DETECT SENSOR ASSY;
Canon;Canon Color imageCLASS MF632Cdw;103D - Internal Components 3 (120V, Wireless, Fax);RM2-5907-000;INTERMEDIATE TRANS. BELT ASSY;
Canon;Canon Color imageCLASS MF632Cdw;103D - Internal Components 3 (120V, Wireless, Fax);XA9-1671-000;SCREW, D, M3X8;
Canon;Canon Color imageCLASS MF632Cdw;103D - Internal Components 3 (120V, Wireless, Fax);FK4-1248-020;MODULE, WLAN;
Canon;Canon Color imageCLASS MF632Cdw;103D - Internal Components 3 (120V, Wireless, Fax);FL0-8151-000;CABLE, FLAT;
Canon;Canon Color imageCLASS MF632Cdw;103D - Internal Components 3 (120V, Wireless, Fax);FK3-3944-000;SPEAKER;SP1
Canon;Canon Color imageCLASS MF632Cdw;103D - Internal Components 3 (120V, Wireless, Fax);FL0-8150-000;CABLE, FLAT;
Canon;Canon Color imageCLASS MF632Cdw;103D - Internal Components 3 (120V, Wireless, Fax);FM1-X947-000;NCU PCB ASSEMBLY;
Canon;Canon Color imageCLASS MF632Cdw;103D - Internal Components 3 (120V, Wireless, Fax);FM1-X957-000;CABLE, PSEUDO CI;
Canon;Canon Color imageCLASS MF632Cdw;103D - Internal Components 3 (120V, Wireless, Fax);FM1-R867-000;OFFHOOK PCB ASSEMBLY;
Canon;Canon Color imageCLASS MF632Cdw;103D - Internal Components 3 (120V, Wireless, Fax);FM1-X955-000;CABLE, OFF HOOK;
Canon;Canon Color imageCLASS MF632Cdw;103D - Internal Components 3 (120V, Wireless, Fax);XA9-1835-000;SCREW, D, M3X6;
Canon;Canon Color imageCLASS MF632Cdw;103D - Internal Components 3 (120V, Wireless, Fax);NPN;INTERNAL COMPONENTS 3;120V, WIRELESS LAN, FAX model
Canon;Canon Color imageCLASS MF632Cdw;103E - Internal Components 3 (230V, Wireless, w/o Fax);FK2-8767-000;CORE, FERRITE;
Canon;Canon Color imageCLASS MF632Cdw;103E - Internal Components 3 (230V, Wireless, w/o Fax);FK4-4092-000;CABLE, MADRID HDMI;
Canon;Canon Color imageCLASS MF632Cdw;103E - Internal Components 3 (230V, Wireless, w/o Fax);FL0-8148-000;CABLE, FLAT;
Canon;Canon Color imageCLASS MF632Cdw;103E - Internal Components 3 (230V, Wireless, w/o Fax);FM1-Y849-000;MAIN CONTROLLER PCB ASSY;
Canon;Canon Color imageCLASS MF632Cdw;103E - Internal Components 3 (230V, Wireless, w/o Fax);FM1-Y966-000;ENGINE CONTROLLER PCB ASSY;
Canon;Canon Color imageCLASS MF632Cdw;103E - Internal Components 3 (230V, Wireless, w/o Fax);RK2-6383-000;CABLE, FLAT;
Canon;Canon Color imageCLASS MF632Cdw;103E - Internal Components 3 (230V, Wireless, w/o Fax);RK2-6384-000;CABLE, FLAT;
Canon;Canon Color imageCLASS MF632Cdw;103E - Internal Components 3 (230V, Wireless, w/o Fax);RM2-5874-000;DENSITY DETECT SENSOR ASSY;
Canon;Canon Color imageCLASS MF632Cdw;103E - Internal Components 3 (230V, Wireless, w/o Fax);RM2-5907-000;INTERMEDIATE TRANS. BELT ASSY;
Canon;Canon Color imageCLASS MF632Cdw;103E - Internal Components 3 (230V, Wireless, w/o Fax);XA9-1671-000;SCREW, D, M3X8;
Canon;Canon Color imageCLASS MF632Cdw;103E - Internal Components 3 (230V, Wireless, w/o Fax);FK4-1248-020;MODULE, WLAN;
Canon;Canon Color imageCLASS MF632Cdw;103E - Internal Components 3 (230V, Wireless, w/o Fax);FL0-8151-000;CABLE, FLAT;
Canon;Canon Color imageCLASS MF632Cdw;103E - Internal Components 3 (230V, Wireless, w/o Fax);NPN;INTERNAL COMPONENTS 3;230V, WIRELESS LAN, WITHOUT FAX model
Canon;Canon Color imageCLASS MF632Cdw;103F - Internal Components 3 (230V, w/o Wireless, w/o Fax);FK2-8767-000;CORE, FERRITE;
Canon;Canon Color imageCLASS MF632Cdw;103F - Internal Components 3 (230V, w/o Wireless, w/o Fax);FK4-4092-000;CABLE, MADRID HDMI;
Canon;Canon Color imageCLASS MF632Cdw;103F - Internal Components 3 (230V, w/o Wireless, w/o Fax);FL0-8148-000;CABLE, FLAT;
Canon;Canon Color imageCLASS MF632Cdw;103F - Internal Components 3 (230V, w/o Wireless, w/o Fax);FM1-Y851-000;MAIN CONTROLLER PCB ASSY;
Canon;Canon Color imageCLASS MF632Cdw;103F - Internal Components 3 (230V, w/o Wireless, w/o Fax);FM1-Y966-000;ENGINE CONTROLLER PCB ASSY;
Canon;Canon Color imageCLASS MF632Cdw;103F - Internal Components 3 (230V, w/o Wireless, w/o Fax);RK2-6383-000;CABLE, FLAT;
Canon;Canon Color imageCLASS MF632Cdw;103F - Internal Components 3 (230V, w/o Wireless, w/o Fax);RK2-6384-000;CABLE, FLAT;
Canon;Canon Color imageCLASS MF632Cdw;103F - Internal Components 3 (230V, w/o Wireless, w/o Fax);RM2-5874-000;DENSITY DETECT SENSOR ASSY;
Canon;Canon Color imageCLASS MF632Cdw;103F - Internal Components 3 (230V, w/o Wireless, w/o Fax);RM2-5907-000;INTERMEDIATE TRANS. BELT ASSY;
Canon;Canon Color imageCLASS MF632Cdw;103F - Internal Components 3 (230V, w/o Wireless, w/o Fax);XA9-1671-000;SCREW, D, M3X8;
Canon;Canon Color imageCLASS MF632Cdw;103F - Internal Components 3 (230V, w/o Wireless, w/o Fax);NPN;INTERNAL COMPONENTS 3;230V, WITHOUT WIRELESS LAN, WITHOUT FAX model
Canon;Canon Color imageCLASS MF632Cdw;160A - Reader / ADF (Single Pass ADF);FK4-4057-000;CABLE, FLAT;
Canon;Canon Color imageCLASS MF632Cdw;160A - Reader / ADF (Single Pass ADF);FE8-3469-000;SHEET, WHITE;
Canon;Canon Color imageCLASS MF632Cdw;160A - Reader / ADF (Single Pass ADF);FE8-3474-000;COVER, REAR;
Canon;Canon Color imageCLASS MF632Cdw;160A - Reader / ADF (Single Pass ADF);FE8-3475-000;COVER, FRONT;
Canon;Canon Color imageCLASS MF632Cdw;160A - Reader / ADF (Single Pass ADF);FE8-3636-000;RING, E;
Canon;Canon Color imageCLASS MF632Cdw;160A - Reader / ADF (Single Pass ADF);FE8-3643-000;BUSHING;
Canon;Canon Color imageCLASS MF632Cdw;160A - Reader / ADF (Single Pass ADF);FE8-3644-000;SPRING, LEAF;
Canon;Canon Color imageCLASS MF632Cdw;160A - Reader / ADF (Single Pass ADF);FL1-2517-000;PANEL, OPEN/CLOSE;
Canon;Canon Color imageCLASS MF632Cdw;160A - Reader / ADF (Single Pass ADF);FM1-N703-000;SEPARATION ROLLER ASSEMBLY;
Canon;Canon Color imageCLASS MF632Cdw;160A - Reader / ADF (Single Pass ADF);FC8-9251-000;ROLLER, PICK-UP;
Canon;Canon Color imageCLASS MF632Cdw;160A - Reader / ADF (Single Pass ADF);FL3-1023-000;ROLLER, SEPARATION;
Canon;Canon Color imageCLASS MF632Cdw;160A - Reader / ADF (Single Pass ADF);FU2-1865-000;GEAR, 23T;
Canon;Canon Color imageCLASS MF632Cdw;160A - Reader / ADF (Single Pass ADF);FU2-1902-000;BUSHING;
Canon;Canon Color imageCLASS MF632Cdw;160A - Reader / ADF (Single Pass ADF);FU2-1903-000;SPRING, COMPRESSION;
Canon;Canon Color imageCLASS MF632Cdw;160A - Reader / ADF (Single Pass ADF);FE8-3462-000;GUIDE, CABLE;
Canon;Canon Color imageCLASS MF632Cdw;160A - Reader / ADF (Single Pass ADF);FL1-1411 -000;HINGE;
Canon;Canon Color imageCLASS MF632Cdw;160A - Reader / ADF (Single Pass ADF);FE8-3467-000;COVER, LOWER;
Canon;Canon Color imageCLASS MF632Cdw;160A - Reader / ADF (Single Pass ADF);FE8-4189-000;CAP;
Canon;Canon Color imageCLASS MF632Cdw;160A - Reader / ADF (Single Pass ADF);FM1-P584-000;PAPER FEED GUIDE ASSEMBLY;
Canon;Canon Color imageCLASS MF632Cdw;160A - Reader / ADF (Single Pass ADF);FM1-N711 -000;DOCUMENT TRAY ASSEMBLY;
Canon;Canon Color imageCLASS MF632Cdw;160A - Reader / ADF (Single Pass ADF);FE8-4191-000;LABEL, DOCUMENT SIZE;
Canon;Canon Color imageCLASS MF632Cdw;160A - Reader / ADF (Single Pass ADF);FM1-X901-000;CABLE, SIGNAL, DF, 1;
Canon;Canon Color imageCLASS MF632Cdw;160A - Reader / ADF (Single Pass ADF);FM1-X904-000;CABLE, READER SIGNAL, 2;
Canon;Canon Color imageCLASS MF632Cdw;160A - Reader / ADF (Single Pass ADF);FM1-X906-000;CABLE, GROUNDING;
Canon;Canon Color imageCLASS MF632Cdw;160A - Reader / ADF (Single Pass ADF);XA9-0476-000;SCREW,TP M3X8;
Canon;Canon Color imageCLASS MF632Cdw;160A - Reader / ADF (Single Pass ADF);XA9-1503-000;SCREW, TAP, M3X6;
Canon;Canon Color imageCLASS MF632Cdw;160A - Reader / ADF (Single Pass ADF);XA9-1671-000;SCREW, D, M3X8;
Canon;Canon Color imageCLASS MF632Cdw;160A - Reader / ADF (Single Pass ADF);NPN;READER/ADF ASSEMBLY;SINGLE PASS ADF model
Canon;Canon Color imageCLASS MF632Cdw;160B - Reader / ADF (Single Side);FK4-4052-000;CABLE, FLAT;
Canon;Canon Color imageCLASS MF632Cdw;160B - Reader / ADF (Single Side);FE8-3469-000;SHEET, WHITE;
Canon;Canon Color imageCLASS MF632Cdw;160B - Reader / ADF (Single Side);FE8-3474-000;COVER, REAR;
Canon;Canon Color imageCLASS MF632Cdw;160B - Reader / ADF (Single Side);FE8-3475-000;COVER, FRONT;
Canon;Canon Color imageCLASS MF632Cdw;160B - Reader / ADF (Single Side);FE8-3636-000;RING, E;
Canon;Canon Color imageCLASS MF632Cdw;160B - Reader / ADF (Single Side);FE8-3643-000;BUSHING;
Canon;Canon Color imageCLASS MF632Cdw;160B - Reader / ADF (Single Side);FE8-3644-000;SPRING, LEAF;
Canon;Canon Color imageCLASS MF632Cdw;160B - Reader / ADF (Single Side);FL1-2517-000;PANEL, OPEN/CLOSE;
Canon;Canon Color imageCLASS MF632Cdw;160B - Reader / ADF (Single Side);FM1-N703-000;SEPARATION ROLLER ASSEMBLY;
Canon;Canon Color imageCLASS MF632Cdw;160B - Reader / ADF (Single Side);FC8-9251-000;ROLLER, PICK-UP;
Canon;Canon Color imageCLASS MF632Cdw;160B - Reader / ADF (Single Side);FL3-1023-000;ROLLER, SEPARATION;
Canon;Canon Color imageCLASS MF632Cdw;160B - Reader / ADF (Single Side);FU2-1865-000;GEAR, 23T;
Canon;Canon Color imageCLASS MF632Cdw;160B - Reader / ADF (Single Side);FU2-1902-000;BUSHING;
Canon;Canon Color imageCLASS MF632Cdw;160B - Reader / ADF (Single Side);FU2-1903-000;SPRING, COMPRESSION;
Canon;Canon Color imageCLASS MF632Cdw;160B - Reader / ADF (Single Side);FE8-3462-000;GUIDE, CABLE;
Canon;Canon Color imageCLASS MF632Cdw;160B - Reader / ADF (Single Side);FL1-1411 -000;HINGE;
Canon;Canon Color imageCLASS MF632Cdw;160B - Reader / ADF (Single Side);FE8-3467-000;COVER, LOWER;
Canon;Canon Color imageCLASS MF632Cdw;160B - Reader / ADF (Single Side);FE8-4189-000;CAP;
Canon;Canon Color imageCLASS MF632Cdw;160B - Reader / ADF (Single Side);FM1-P584-000;PAPER FEED GUIDE ASSEMBLY;
Canon;Canon Color imageCLASS MF632Cdw;160B - Reader / ADF (Single Side);FM1-N711 -000;DOCUMENT TRAY ASSEMBLY;
Canon;Canon Color imageCLASS MF632Cdw;160B - Reader / ADF (Single Side);FE8-4191-000;LABEL, DOCUMENT SIZE;
Canon;Canon Color imageCLASS MF632Cdw;160B - Reader / ADF (Single Side);FM1-X901-000;CABLE, SIGNAL, DF, 1;
Canon;Canon Color imageCLASS MF632Cdw;160B - Reader / ADF (Single Side);FM1-X904-000;CABLE, READER SIGNAL, 2;
Canon;Canon Color imageCLASS MF632Cdw;160B - Reader / ADF (Single Side);FM1-X906-000;CABLE, GROUNDING;
Canon;Canon Color imageCLASS MF632Cdw;160B - Reader / ADF (Single Side);XA9-0476-000;SCREW,TP M3X8;
Canon;Canon Color imageCLASS MF632Cdw;160B - Reader / ADF (Single Side);XA9-1503-000;SCREW, TAP, M3X6;
Canon;Canon Color imageCLASS MF632Cdw;160B - Reader / ADF (Single Side);XA9-1671-000;SCREW, D, M3X8;
Canon;Canon Color imageCLASS MF632Cdw;160B - Reader / ADF (Single Side);NPN;READER/ADF ASSEMBLY;SINGLE SIDE ADF model
Canon;Canon Color imageCLASS MF632Cdw;161A - Paper Feeder (Single Pass;FM1-N704-000;GUIDE ASSEMBLY, UPPER;
Canon;Canon Color imageCLASS MF632Cdw;161A - Paper Feeder (Single Pass;FE8-3440-000;ROLLER;
Canon;Canon Color imageCLASS MF632Cdw;161A - Paper Feeder (Single Pass;FE8-3444-000;FLAG,SENSOR;
Canon;Canon Color imageCLASS MF632Cdw;161A - Paper Feeder (Single Pass;FE8-3645-000;STOPPER, DOCUMENT;
Canon;Canon Color imageCLASS MF632Cdw;161A - Paper Feeder (Single Pass;FL1-2518-000;GUIDE, UPPER;
Canon;Canon Color imageCLASS MF632Cdw;161A - Paper Feeder (Single Pass;FM1-P580-000;SEPARATION PAD ASSEMBLY;
Canon;Canon Color imageCLASS MF632Cdw;161A - Paper Feeder (Single Pass;FU2-1875-000;SHAFT, TRANSMISSION;
Canon;Canon Color imageCLASS MF632Cdw;161A - Paper Feeder (Single Pass;FU2-1904-000;SPRING, TORSION;
Canon;Canon Color imageCLASS MF632Cdw;161A - Paper Feeder (Single Pass;FU2-1905-000;SPRING, COMPRESSION;
Canon;Canon Color imageCLASS MF632Cdw;161A - Paper Feeder (Single Pass;FU2-1906-000;ROLLER, AUXILIARY;
Canon;Canon Color imageCLASS MF632Cdw;161A - Paper Feeder (Single Pass;FU2-1922-000;SPRING, COMPRESSION;
Canon;Canon Color imageCLASS MF632Cdw;161A - Paper Feeder (Single Pass;XA9-0476-000;SCREW,TP M3X8;
Canon;Canon Color imageCLASS MF632Cdw;161A - Paper Feeder (Single Pass;FM1-T412-000;PAPER FEEDER ASSEMBLY SET;
Canon;Canon Color imageCLASS MF632Cdw;161A - Paper Feeder (Single Pass;FE8-3446-000;GUIDE, PAPER DELIVERY;
Canon;Canon Color imageCLASS MF632Cdw;161A - Paper Feeder (Single Pass;FE8-3448-000;FLAG,SENSOR;
Canon;Canon Color imageCLASS MF632Cdw;161A - Paper Feeder (Single Pass;FE8-3458-000;BUSHING;
Canon;Canon Color imageCLASS MF632Cdw;161A - Paper Feeder (Single Pass;FE8-3459-000;PLATE, GROUNDING;
Canon;Canon Color imageCLASS MF632Cdw;161A - Paper Feeder (Single Pass;FE8-3460-000;PLATE, GROUNDING;
Canon;Canon Color imageCLASS MF632Cdw;161A - Paper Feeder (Single Pass;FE8-3636-000;RING, E;
Canon;Canon Color imageCLASS MF632Cdw;161A - Paper Feeder (Single Pass;FE8-3655-000;STOPPER, RATCHET SPRING;
Canon;Canon Color imageCLASS MF632Cdw;161A - Paper Feeder (Single Pass;FE8-3656-000;RATCHET, PAPER FEED ROLLER;
Canon;Canon Color imageCLASS MF632Cdw;161A - Paper Feeder (Single Pass;FE8-3657-000;LEVER, RELEASE;
Canon;Canon Color imageCLASS MF632Cdw;161A - Paper Feeder (Single Pass;FL1-1367-000;ROLLER, PAPER FEED;
Canon;Canon Color imageCLASS MF632Cdw;161A - Paper Feeder (Single Pass;FL1-1369-000;SHEET, GUIDE;
Canon;Canon Color imageCLASS MF632Cdw;161A - Paper Feeder (Single Pass;FM1-N407-000;ROLLER, PAPER DELIVERY;
Canon;Canon Color imageCLASS MF632Cdw;161A - Paper Feeder (Single Pass;FM1-N709-000;MOTOR DRIVE ASSY;M11
Canon;Canon Color imageCLASS MF632Cdw;161A - Paper Feeder (Single Pass;FM1-X902-000;CABLE, SIGNAL, DF, 2;
Canon;Canon Color imageCLASS MF632Cdw;161A - Paper Feeder (Single Pass;VS1-7207-006;CONNECTOR, SNAP TIGHT;
Canon;Canon Color imageCLASS MF632Cdw;161A - Paper Feeder (Single Pass;FM1-X903-000;CABLE, SENSOR;
Canon;Canon Color imageCLASS MF632Cdw;161A - Paper Feeder (Single Pass;FM1-X906-000;CABLE, GROUNDING;
Canon;Canon Color imageCLASS MF632Cdw;161A - Paper Feeder (Single Pass;FU2-1867-000;GEAR, 67T;
Canon;Canon Color imageCLASS MF632Cdw;161A - Paper Feeder (Single Pass;FU2-1869-000;GEAR, 25T;
Canon;Canon Color imageCLASS MF632Cdw;161A - Paper Feeder (Single Pass;FU2-1870-000;GEAR, 38T;
Canon;Canon Color imageCLASS MF632Cdw;161A - Paper Feeder (Single Pass;FU2-1902-000;BUSHING;
Canon;Canon Color imageCLASS MF632Cdw;161A - Paper Feeder (Single Pass;FU2-1907-000;SPRING, TENSION;
Canon;Canon Color imageCLASS MF632Cdw;161A - Paper Feeder (Single Pass;FU2-1908-000;SPRING, COMPRESSION;
Canon;Canon Color imageCLASS MF632Cdw;161A - Paper Feeder (Single Pass;WG8-5935-000;IC, PHOTO INTERRUPTER;SR9, SR10
Canon;Canon Color imageCLASS MF632Cdw;161A - Paper Feeder (Single Pass;FK4-4053-000;CABLE, FLAT;
Canon;Canon Color imageCLASS MF632Cdw;161A - Paper Feeder (Single Pass;FE8-3450-000;HOLDER, CONTACT IMAGE SENSOR;
Canon;Canon Color imageCLASS MF632Cdw;161A - Paper Feeder (Single Pass;FL1-2502-000;GLASS HOLDER UNIT;
Canon;Canon Color imageCLASS MF632Cdw;161A - Paper Feeder (Single Pass;FU2-1924-000;SPRING, COMPRESSION;
Canon;Canon Color imageCLASS MF632Cdw;161A - Paper Feeder (Single Pass;FM1-T027-000;CONTACT IMAGE SENSOR SET;CIS
Canon;Canon Color imageCLASS MF632Cdw;161A - Paper Feeder (Single Pass;FL1-4365-000;SHEET, WHITE;
Canon;Canon Color imageCLASS MF632Cdw;161A - Paper Feeder (Single Pass;NPN;PAPER FEEDER ASSEMBLY;SINGLE PASS ADF model
Canon;Canon Color imageCLASS MF632Cdw;161B - Paper Feeder (Single Side ADF);FM1-N704-000;GUIDE ASSEMBLY, UPPER;
Canon;Canon Color imageCLASS MF632Cdw;161B - Paper Feeder (Single Side ADF);FE8-3440-000;ROLLER;
Canon;Canon Color imageCLASS MF632Cdw;161B - Paper Feeder (Single Side ADF);FE8-3444-000;FLAG,SENSOR;
Canon;Canon Color imageCLASS MF632Cdw;161B - Paper Feeder (Single Side ADF);FE8-3645-000;STOPPER, DOCUMENT;
Canon;Canon Color imageCLASS MF632Cdw;161B - Paper Feeder (Single Side ADF);FL1-2518-000;GUIDE, UPPER;
Canon;Canon Color imageCLASS MF632Cdw;161B - Paper Feeder (Single Side ADF);FM1-P580-000;SEPARATION PAD ASSEMBLY;
Canon;Canon Color imageCLASS MF632Cdw;161B - Paper Feeder (Single Side ADF);FU2-1875-000;SHAFT, TRANSMISSION;
Canon;Canon Color imageCLASS MF632Cdw;161B - Paper Feeder (Single Side ADF);FU2-1904-000;SPRING, TORSION;
Canon;Canon Color imageCLASS MF632Cdw;161B - Paper Feeder (Single Side ADF);FU2-1905-000;SPRING, COMPRESSION;
Canon;Canon Color imageCLASS MF632Cdw;161B - Paper Feeder (Single Side ADF);FU2-1906-000;ROLLER, AUXILIARY;
Canon;Canon Color imageCLASS MF632Cdw;161B - Paper Feeder (Single Side ADF);FU2-1922-000;SPRING, COMPRESSION;
Canon;Canon Color imageCLASS MF632Cdw;161B - Paper Feeder (Single Side ADF);XA9-0476-000;SCREW,TP M3X8;
Canon;Canon Color imageCLASS MF632Cdw;161B - Paper Feeder (Single Side ADF);FM1-N706-000;PAPER FEEDER ASSEMBLY;
Canon;Canon Color imageCLASS MF632Cdw;161B - Paper Feeder (Single Side ADF);FE8-3446-000;GUIDE, PAPER DELIVERY;
Canon;Canon Color imageCLASS MF632Cdw;161B - Paper Feeder (Single Side ADF);FE8-3448-000;FLAG,SENSOR;
Canon;Canon Color imageCLASS MF632Cdw;161B - Paper Feeder (Single Side ADF);FE8-3458-000;BUSHING;
Canon;Canon Color imageCLASS MF632Cdw;161B - Paper Feeder (Single Side ADF);FE8-3459-000;PLATE, GROUNDING;
Canon;Canon Color imageCLASS MF632Cdw;161B - Paper Feeder (Single Side ADF);FE8-3460-000;PLATE, GROUNDING;
Canon;Canon Color imageCLASS MF632Cdw;161B - Paper Feeder (Single Side ADF);FE8-3636-000;RING, E;
Canon;Canon Color imageCLASS MF632Cdw;161B - Paper Feeder (Single Side ADF);FE8-3655-000;STOPPER, RATCHET SPRING;
Canon;Canon Color imageCLASS MF632Cdw;161B - Paper Feeder (Single Side ADF);FE8-3656-000;RATCHET, PAPER FEED ROLLER;
Canon;Canon Color imageCLASS MF632Cdw;161B - Paper Feeder (Single Side ADF);FE8-3657-000;LEVER, RELEASE;
Canon;Canon Color imageCLASS MF632Cdw;161B - Paper Feeder (Single Side ADF);FL1-1367-000;ROLLER, PAPER FEED;
Canon;Canon Color imageCLASS MF632Cdw;161B - Paper Feeder (Single Side ADF);FL1-1369-000;SHEET, GUIDE;
Canon;Canon Color imageCLASS MF632Cdw;161B - Paper Feeder (Single Side ADF);FM1-N407-000;ROLLER, PAPER DELIVERY;
Canon;Canon Color imageCLASS MF632Cdw;161B - Paper Feeder (Single Side ADF);FM1-N709-000;MOTOR DRIVE ASSY;M11
Canon;Canon Color imageCLASS MF632Cdw;161B - Paper Feeder (Single Side ADF);FM1-X902-000;CABLE, SIGNAL, DF, 2;
Canon;Canon Color imageCLASS MF632Cdw;161B - Paper Feeder (Single Side ADF);VS1-7207-006;CONNECTOR, SNAP TIGHT;
Canon;Canon Color imageCLASS MF632Cdw;161B - Paper Feeder (Single Side ADF);FM1-X903-000;CABLE, SENSOR;
Canon;Canon Color imageCLASS MF632Cdw;161B - Paper Feeder (Single Side ADF);FM1-X906-000;CABLE, GROUNDING;
Canon;Canon Color imageCLASS MF632Cdw;161B - Paper Feeder (Single Side ADF);FU2-1867-000;GEAR, 67T;
Canon;Canon Color imageCLASS MF632Cdw;161B - Paper Feeder (Single Side ADF);FU2-1869-000;GEAR, 25T;
Canon;Canon Color imageCLASS MF632Cdw;161B - Paper Feeder (Single Side ADF);FU2-1870-000;GEAR, 38T;
Canon;Canon Color imageCLASS MF632Cdw;161B - Paper Feeder (Single Side ADF);FU2-1902-000;BUSHING;
Canon;Canon Color imageCLASS MF632Cdw;161B - Paper Feeder (Single Side ADF);FU2-1907-000;SPRING, TENSION;
Canon;Canon Color imageCLASS MF632Cdw;161B - Paper Feeder (Single Side ADF);FU2-1908-000;SPRING, COMPRESSION;
Canon;Canon Color imageCLASS MF632Cdw;161B - Paper Feeder (Single Side ADF);WG8-5935-000;IC, PHOTO INTERRUPTER;SR9, SR10
Canon;Canon Color imageCLASS MF632Cdw;161B - Paper Feeder (Single Side ADF);FU2-1923-000;SPRING, COMPRESSION;
Canon;Canon Color imageCLASS MF632Cdw;161B - Paper Feeder (Single Side ADF);FM1-N708-000;HOLDER UNIT;
Canon;Canon Color imageCLASS MF632Cdw;161B - Paper Feeder (Single Side ADF);NPN;PAPER FEEDER ASSEMBLY;SINGLE SIDE ADF model
Canon;Canon Color imageCLASS MF632Cdw;162 - Reader / Copyboard;FM1-N701 -000;COPYBOARD COVER ASSEMBLY;
Canon;Canon Color imageCLASS MF632Cdw;162 - Reader / Copyboard;FM1-X904-000;CABLE, READER SIGNAL, 2;
Canon;Canon Color imageCLASS MF632Cdw;162 - Reader / Copyboard;FM1-X906-000;CABLE, GROUNDING;
Canon;Canon Color imageCLASS MF632Cdw;162 - Reader / Copyboard;FK4-4052-000;CABLE, FLAT;
Canon;Canon Color imageCLASS MF632Cdw;162 - Reader / Copyboard;XA9-0476-000;SCREW,TP M3X8;
Canon;Canon Color imageCLASS MF632Cdw;162 - Reader / Copyboard;XA9-1503-000;SCREW, TAP, M3X6;
Canon;Canon Color imageCLASS MF632Cdw;162 - Reader / Copyboard;XA9-1671-000;SCREW, D, M3X8;
Canon;Canon Color imageCLASS MF632Cdw;162 - Reader / Copyboard;NPN;READER/COPYBOARD ASSEMBLY;
Canon;Canon Color imageCLASS MF632Cdw;400B - Reader (ADF, 230V, LTN, AU, SG, HK, IN);FE8-3486-000;PLATE, GROUNDING;
Canon;Canon Color imageCLASS MF632Cdw;400B - Reader (ADF, 230V, LTN, AU, SG, HK, IN);FE8-3479-000;SPACER, CIS;
Canon;Canon Color imageCLASS MF632Cdw;400B - Reader (ADF, 230V, LTN, AU, SG, HK, IN);FE8-3582-000;BELT, TIMING;
Canon;Canon Color imageCLASS MF632Cdw;400B - Reader (ADF, 230V, LTN, AU, SG, HK, IN);FK4-4050-000;CONTACT IMAGE SENSOR, FA106H-01;CIS
Canon;Canon Color imageCLASS MF632Cdw;400B - Reader (ADF, 230V, LTN, AU, SG, HK, IN);FK4-4051-000;CABLE, FLAT;
Canon;Canon Color imageCLASS MF632Cdw;400B - Reader (ADF, 230V, LTN, AU, SG, HK, IN);FL1-1412-000;PULLEY UNIT;
Canon;Canon Color imageCLASS MF632Cdw;400B - Reader (ADF, 230V, LTN, AU, SG, HK, IN);FM1-N718-000;DC MOTOR ASSEMBLY;M5
Canon;Canon Color imageCLASS MF632Cdw;400B - Reader (ADF, 230V, LTN, AU, SG, HK, IN);FM1-X905-000;CABLE, READER SIGNAL, 1;
Canon;Canon Color imageCLASS MF632Cdw;400B - Reader (ADF, 230V, LTN, AU, SG, HK, IN);VS1-7177-004;CONNECTOR, SNAP TIGHT, BK;
Canon;Canon Color imageCLASS MF632Cdw;400B - Reader (ADF, 230V, LTN, AU, SG, HK, IN);WG8-5935-000;IC, PHOTO INTERRUPTER;SR11
Canon;Canon Color imageCLASS MF632Cdw;400B - Reader (ADF, 230V, LTN, AU, SG, HK, IN);FM1-N720-000;COPY BOARD GLASS UNIT;
Canon;Canon Color imageCLASS MF632Cdw;400B - Reader (ADF, 230V, LTN, AU, SG, HK, IN);FE8-4192-000;LABEL, WIDTH SIZE;
Canon;Canon Color imageCLASS MF632Cdw;400B - Reader (ADF, 230V, LTN, AU, SG, HK, IN);FM1-X900-000;CONNECTING PCB ASSEMBLY;
Canon;Canon Color imageCLASS MF632Cdw;400B - Reader (ADF, 230V, LTN, AU, SG, HK, IN);XA9-0476-000;SCREW,TP M3X8;
Canon;Canon Color imageCLASS MF632Cdw;400B - Reader (ADF, 230V, LTN, AU, SG, HK, IN);XA9-1503-000;SCREW, TAP, M3X6;
Canon;Canon Color imageCLASS MF632Cdw;400B - Reader (ADF, 230V, LTN, AU, SG, HK, IN);FE8-4198-000;LABEL, COPY PROHIBITION;SEE NOTE
Canon;Canon Color imageCLASS MF632Cdw;400B - Reader (ADF, 230V, LTN, AU, SG, HK, IN);FE8-4196-000;LABEL, GLASS CLEANING;SEE NOTE
Canon;Canon Color imageCLASS MF632Cdw;400B - Reader (ADF, 230V, LTN, AU, SG, HK, IN);FM1-T598-000;READER ASSEMBLY;ADF model 230V LTN, AU, SG, HK, IN SEE NOTE
