Canon;Canon i-SENSYS MF4820d;EXTERNAL COVERS, PANELS, ETC. (DADF model);FC0-1708-000;LABEL, DOCUMENT PROHIBITION;
Canon;Canon i-SENSYS MF4820d;EXTERNAL COVERS, PANELS, ETC. (DADF model);FC0-1771-000;GUIDE, CABLE;
Canon;Canon i-SENSYS MF4820d;EXTERNAL COVERS, PANELS, ETC. (DADF model);FC0-1787-000;COVER, HINGE BLANKING;
Canon;Canon i-SENSYS MF4820d;EXTERNAL COVERS, PANELS, ETC. (DADF model);FC0-2037-000;LABEL, GROUNDING CAUTION;JP
Canon;Canon i-SENSYS MF4820d;EXTERNAL COVERS, PANELS, ETC. (DADF model);FC6-5204-000;SHEET, HANDSET;
Canon;Canon i-SENSYS MF4820d;EXTERNAL COVERS, PANELS, ETC. (DADF model);FC8-1370-000;SCREW, TP, M3X6;
Canon;Canon i-SENSYS MF4820d;EXTERNAL COVERS, PANELS, ETC. (DADF model);FC8-9307-000;LABEL, COPY PROHIBITION;US,CA,LTN
Canon;Canon i-SENSYS MF4820d;EXTERNAL COVERS, PANELS, ETC. (DADF model);FC9-1324-000;LABEL, COPY PROHIBITION;EXCEPT US,CA,LTN
Canon;Canon i-SENSYS MF4820d;EXTERNAL COVERS, PANELS, ETC. (DADF model);FE2-2466-000;PLATE, PAPER SIZE;
Canon;Canon i-SENSYS MF4820d;EXTERNAL COVERS, PANELS, ETC. (DADF model);FE2-2513-000;COVER, LEFT;EXCEPT JP, US,CA, LTN NQS
Canon;Canon i-SENSYS MF4820d;EXTERNAL COVERS, PANELS, ETC. (DADF model);FE2-2551-000;COVER, LEFT;JP,US,CA,LTN NQS
Canon;Canon i-SENSYS MF4820d;EXTERNAL COVERS, PANELS, ETC. (DADF model);FE2-2514-000;COVER, RIGHT;EXCEPT JP,US, CA, LTN NQS
Canon;Canon i-SENSYS MF4820d;EXTERNAL COVERS, PANELS, ETC. (DADF model);FE2-2552-000;COVER, RIGHT;JP,US,CA,LTN NQS
Canon;Canon i-SENSYS MF4820d;EXTERNAL COVERS, PANELS, ETC. (DADF model);FE2-2781-000;LABEL, GLASS CLEANING;JP,AU,SG,IN,HK,LTN
Canon;Canon i-SENSYS MF4820d;EXTERNAL COVERS, PANELS, ETC. (DADF model);FE2-2783-000;LABEL, GLASS CLEANING;US,CA,LTN
Canon;Canon i-SENSYS MF4820d;EXTERNAL COVERS, PANELS, ETC. (DADF model);FE2-3239-000;SEAL, PORT DOCKING;JP
Canon;Canon i-SENSYS MF4820d;EXTERNAL COVERS, PANELS, ETC. (DADF model);FL3-5063-000;HOLDER, DOCUMENT GUIDE;MF4890dw
Canon;Canon i-SENSYS MF4820d;EXTERNAL COVERS, PANELS, ETC. (DADF model);FM0-3631-000;CONTROL PANEL ASSY;AU,SG,IN, HK,LTN NKR, NQR
Canon;Canon i-SENSYS MF4820d;EXTERNAL COVERS, PANELS, ETC. (DADF model);FM0-3632-000;CONTROL PANEL ASSY;MF4890dw US,CA, LTN NQS
Canon;Canon i-SENSYS MF4820d;EXTERNAL COVERS, PANELS, ETC. (DADF model);FM0-3637-000;CONTROL PANEL ASSY;MF4890dw JP
Canon;Canon i-SENSYS MF4820d;EXTERNAL COVERS, PANELS, ETC. (DADF model);FM0-4386-000;CONTROL PANEL ASSY;MF4890dw US, CA, LTN NRA
Canon;Canon i-SENSYS MF4820d;EXTERNAL COVERS, PANELS, ETC. (DADF model);FM0-3722-000;DUPLEXING DOOR ASSY;US,CA,LTN NQS
Canon;Canon i-SENSYS MF4820d;EXTERNAL COVERS, PANELS, ETC. (DADF model);FM4-6898-000;DUPLEXING DOOR ASSY;EXCEPT US,CA,LTN NQS
Canon;Canon i-SENSYS MF4820d;EXTERNAL COVERS, PANELS, ETC. (DADF model);FM0-4377-000;CARTRIDGE DOOR ASSY;US,CA,LTN NQS
Canon;Canon i-SENSYS MF4820d;EXTERNAL COVERS, PANELS, ETC. (DADF model);FM0-4378-000;CARTRIDGE DOOR ASSY;EXCEPT US,CA,LTN NQS
Canon;Canon i-SENSYS MF4820d;EXTERNAL COVERS, PANELS, ETC. (ADF model);FC0-1640-000;COVER, REAR;MF4700 Series EXCEPT US,CA,LTN NXV
Canon;Canon i-SENSYS MF4820d;EXTERNAL COVERS, PANELS, ETC. (ADF model);FE2-2619-000;COVER, REAR;MF4700 Series US,CA,LTN NXV
Canon;Canon i-SENSYS MF4820d;EXTERNAL COVERS, PANELS, ETC. (ADF model);FC0-1708-000;LABEL, DOCUMENT PROHIBITION;MF4800 Series
Canon;Canon i-SENSYS MF4820d;EXTERNAL COVERS, PANELS, ETC. (ADF model);FC0-1936-000;LABEL, DOCUMENT PROHIBITION;MF4700 Series
Canon;Canon i-SENSYS MF4820d;EXTERNAL COVERS, PANELS, ETC. (ADF model);FC0-1717-000;GUIDE, CABLE;MF4800 Series
Canon;Canon i-SENSYS MF4820d;EXTERNAL COVERS, PANELS, ETC. (ADF model);FC0-1818-000;GUIDE, CABLE;MF4700 Series
Canon;Canon i-SENSYS MF4820d;EXTERNAL COVERS, PANELS, ETC. (ADF model);FC0-1986-000;SHEET, HANDSET;MF4700 Series
Canon;Canon i-SENSYS MF4820d;EXTERNAL COVERS, PANELS, ETC. (ADF model);FC6-5204-000;SHEET, HANDSET;MF4800 Series
Canon;Canon i-SENSYS MF4820d;EXTERNAL COVERS, PANELS, ETC. (ADF model);FC0-2037-000;LABEL, GROUNDING CAUTION;MF4800 Series JP
Canon;Canon i-SENSYS MF4820d;EXTERNAL COVERS, PANELS, ETC. (ADF model);FC0-2038-000;LABEL, GROUNDING CAUTION;MF4700 Series JP
Canon;Canon i-SENSYS MF4820d;EXTERNAL COVERS, PANELS, ETC. (ADF model);FC8-1370-000;SCREW, TP, M3X6;
Canon;Canon i-SENSYS MF4820d;EXTERNAL COVERS, PANELS, ETC. (ADF model);FC8-9307-000;LABEL, COPY PROHIBITION;US,CA,LTN,EUR
Canon;Canon i-SENSYS MF4820d;EXTERNAL COVERS, PANELS, ETC. (ADF model);FC9-1324-000;LABEL, COPY PROHIBITION;EXCEPT US,CA,LTN,EUR
Canon;Canon i-SENSYS MF4820d;EXTERNAL COVERS, PANELS, ETC. (ADF model);FE2-2466-000;PLATE, PAPER SIZE;MF4800 Series
Canon;Canon i-SENSYS MF4820d;EXTERNAL COVERS, PANELS, ETC. (ADF model);FE2-2646-000;PLATE, PAPER SIZE;MF4700 Series
Canon;Canon i-SENSYS MF4820d;EXTERNAL COVERS, PANELS, ETC. (ADF model);FE2-2513-000;COVER, LEFT;MF4800 Series EXCEPT JP,US,CA,LTN NWQ
Canon;Canon i-SENSYS MF4820d;EXTERNAL COVERS, PANELS, ETC. (ADF model);FE2-2551-000;COVER, LEFT;MF4800 Series JP,US,CA,LTN NWQ
Canon;Canon i-SENSYS MF4820d;EXTERNAL COVERS, PANELS, ETC. (ADF model);FE2-2637-000;COVER, LEFT;MF4700 Series EXCEPT JP,US,CA,LTN NXV
Canon;Canon i-SENSYS MF4820d;EXTERNAL COVERS, PANELS, ETC. (ADF model);FE2-2639-000;COVER, LEFT;MF4700 Series JP,US,CA,LTN NXV
Canon;Canon i-SENSYS MF4820d;EXTERNAL COVERS, PANELS, ETC. (ADF model);FE2-2514-000;COVER, RIGHT;MF4800 Series EXCEPT JP,US,CA,LTN NWQ
Canon;Canon i-SENSYS MF4820d;EXTERNAL COVERS, PANELS, ETC. (ADF model);FE2-2552-000;COVER, RIGHT;MF4800 Series JP,US,CA,LTN NWQ
Canon;Canon i-SENSYS MF4820d;EXTERNAL COVERS, PANELS, ETC. (ADF model);FE2-2636-000;COVER, RIGHT;MF4700 Series EXCEPT JP,US,CA,LTN NXV
Canon;Canon i-SENSYS MF4820d;EXTERNAL COVERS, PANELS, ETC. (ADF model);FE2-2638-000;COVER, RIGHT;MF4700 Series JP,US,CA,LTN NXV
Canon;Canon i-SENSYS MF4820d;EXTERNAL COVERS, PANELS, ETC. (ADF model);FE2-2781-000;LABEL, GLASS CLEANING;MF4800 Series JP,SG,IN,HK,LTN
Canon;Canon i-SENSYS MF4820d;EXTERNAL COVERS, PANELS, ETC. (ADF model);FE2-2783-000;LABEL, GLASS CLEANING;MF4800 Series US,CA,LTN
Canon;Canon i-SENSYS MF4820d;EXTERNAL COVERS, PANELS, ETC. (ADF model);FE2-2785-000;LABEL, GLASS CLEANING;MF4800 Series EUR
Canon;Canon i-SENSYS MF4820d;EXTERNAL COVERS, PANELS, ETC. (ADF model);FE2-2782-000;LABEL, GLASS CLEANING;MF4700 Series JP,SG, IN,HK, LTN
Canon;Canon i-SENSYS MF4820d;EXTERNAL COVERS, PANELS, ETC. (ADF model);FE2-2784-000;LABEL, GLASS CLEANING;MF4700 Series US,CA,LTN
Canon;Canon i-SENSYS MF4820d;EXTERNAL COVERS, PANELS, ETC. (ADF model);FE2-2786-000;LABEL, GLASS CLEANING;MF4700 Series EUR
Canon;Canon i-SENSYS MF4820d;EXTERNAL COVERS, PANELS, ETC. (ADF model);FE2-3239-000;SEAL, PORT DOCKING;FAX model JP
Canon;Canon i-SENSYS MF4820d;EXTERNAL COVERS, PANELS, ETC. (ADF model);FL3-5063-000;HOLDER, DOCUMENT GUIDE;MF4800 Series
Canon;Canon i-SENSYS MF4820d;EXTERNAL COVERS, PANELS, ETC. (ADF model);FL3-5068-000;HOLDER, DOCUMENT GUIDE;MF4700 Series
Canon;Canon i-SENSYS MF4820d;EXTERNAL COVERS, PANELS, ETC. (ADF model);FM0-3638-000;CONTROL PANEL ASSY;MF4880dw US,CA, LTN NWQ
Canon;Canon i-SENSYS MF4820d;EXTERNAL COVERS, PANELS, ETC. (ADF model);FM0-4387-000;CONTROL PANEL ASSY;MF4880dw US,CA, LTN NXU
Canon;Canon i-SENSYS MF4820d;EXTERNAL COVERS, PANELS, ETC. (ADF model);FM0-3639-000;CONTROL PANEL ASSY;MF4870dn SG,IN, HK,LTN
Canon;Canon i-SENSYS MF4820d;EXTERNAL COVERS, PANELS, ETC. (ADF model);FM0-3643-000;CONTROL PANEL ASSY;MF4870dn JP
Canon;Canon i-SENSYS MF4820d;EXTERNAL COVERS, PANELS, ETC. (ADF model);FM0-3640-000;CONTROL PANEL ASSY;MF4870dn EUR
Canon;Canon i-SENSYS MF4820d;EXTERNAL COVERS, PANELS, ETC. (ADF model);FM0-3646-000;CONTROL PANEL ASSY;MF4830d JP
Canon;Canon i-SENSYS MF4820d;EXTERNAL COVERS, PANELS, ETC. (ADF model);FM0-3669-000;CONTROL PANEL ASSY;MF4770n US,CA,LTN NXV
Canon;Canon i-SENSYS MF4820d;EXTERNAL COVERS, PANELS, ETC. (ADF model);FM0-3688-000;CONTROL PANEL ASSY;MF4770n US,CA,LTN NXW
Canon;Canon i-SENSYS MF4820d;EXTERNAL COVERS, PANELS, ETC. (ADF model);FM0-3675-000;CONTROL PANEL ASSY;MF4750 SG,IN,HK,LTN
Canon;Canon i-SENSYS MF4820d;EXTERNAL COVERS, PANELS, ETC. (ADF model);FM0-3678-000;CONTROL PANEL ASSY;MF4750 JP
Canon;Canon i-SENSYS MF4820d;EXTERNAL COVERS, PANELS, ETC. (ADF model);FM0-3674-000;CONTROL PANEL ASSY;MF4750 EUR
Canon;Canon i-SENSYS MF4820d;EXTERNAL COVERS, PANELS, ETC. (ADF model);FM0-3679-000;CONTROL PANEL ASSY;MF4730 EUR
Canon;Canon i-SENSYS MF4820d;EXTERNAL COVERS, PANELS, ETC. (ADF model);FM0-3722-000;DUPLEXING DOOR ASSY;MF4800 Series US,CA,LTN NWQ
Canon;Canon i-SENSYS MF4820d;EXTERNAL COVERS, PANELS, ETC. (ADF model);FM4-6898-000;DUPLEXING DOOR ASSY;MF4800 Series EXCEPT US,CA,LTN NWQ
Canon;Canon i-SENSYS MF4820d;EXTERNAL COVERS, PANELS, ETC. (ADF model);FM0-4377-000;CARTRIDGE DOOR ASSY;US,CA, LTN NWQ, NXV
Canon;Canon i-SENSYS MF4820d;EXTERNAL COVERS, PANELS, ETC. (ADF model);FM0-4378-000;CARTRIDGE DOOR ASSY;EXCEPT US,CA,LTN NWQ,NXV
Canon;Canon i-SENSYS MF4820d;EXTERNAL COVERS, PANELS, ETC. (COPYBOARD model);FC0-1640-000;COVER, REAR;MF4720w
Canon;Canon i-SENSYS MF4820d;EXTERNAL COVERS, PANELS, ETC. (COPYBOARD model);FC0-1986-000;SHEET, HANDSET;MF4720w
Canon;Canon i-SENSYS MF4820d;EXTERNAL COVERS, PANELS, ETC. (COPYBOARD model);FC6-5204-000;SHEET, HANDSET;MF4820d
Canon;Canon i-SENSYS MF4820d;EXTERNAL COVERS, PANELS, ETC. (COPYBOARD model);FC0-2037-000;LABEL, GROUNDING CAUTION;JP
Canon;Canon i-SENSYS MF4820d;EXTERNAL COVERS, PANELS, ETC. (COPYBOARD model);FC8-0654-000;PANEL, COPYBOARD;
Canon;Canon i-SENSYS MF4820d;EXTERNAL COVERS, PANELS, ETC. (COPYBOARD model);FC8-1370-000;SCREW, TP, M3X6;
Canon;Canon i-SENSYS MF4820d;EXTERNAL COVERS, PANELS, ETC. (COPYBOARD model);FC9-1324-000;LABEL, COPY PROHIBITION;
Canon;Canon i-SENSYS MF4820d;EXTERNAL COVERS, PANELS, ETC. (COPYBOARD model);FE2-2466-000;PLATE, PAPER SIZE;MF4820d
Canon;Canon i-SENSYS MF4820d;EXTERNAL COVERS, PANELS, ETC. (COPYBOARD model);FE2-2646-000;PLATE, PAPER SIZE;MF4720w
Canon;Canon i-SENSYS MF4820d;EXTERNAL COVERS, PANELS, ETC. (COPYBOARD model);FE2-2637-000;COVER, LEFT;MF4720w SG, IN,HK, LTN
Canon;Canon i-SENSYS MF4820d;EXTERNAL COVERS, PANELS, ETC. (COPYBOARD model);FE2-2551-000;COVER, LEFT;MF4820d JP
Canon;Canon i-SENSYS MF4820d;EXTERNAL COVERS, PANELS, ETC. (COPYBOARD model);FE2-2513-000;COVER, LEFT;MF4820d SG, IN,HK, LTN
Canon;Canon i-SENSYS MF4820d;EXTERNAL COVERS, PANELS, ETC. (COPYBOARD model);FE2-2514-000;COVER, RIGHT;MF4820d SG,IN, HK, LTN
Canon;Canon i-SENSYS MF4820d;EXTERNAL COVERS, PANELS, ETC. (COPYBOARD model);FE2-2552-000;COVER, RIGHT;MF4820d JP
Canon;Canon i-SENSYS MF4820d;EXTERNAL COVERS, PANELS, ETC. (COPYBOARD model);FE2-2636-000;COVER, RIGHT;MF4720w SG, IN, HK, LTN
Canon;Canon i-SENSYS MF4820d;EXTERNAL COVERS, PANELS, ETC. (COPYBOARD model);FM0-4382-000;CONTROL PANEL ASSY;MF4820d SG,IN, HK, LTN
Canon;Canon i-SENSYS MF4820d;EXTERNAL COVERS, PANELS, ETC. (COPYBOARD model);FM0-4385-000;CONTROL PANEL ASSY;MF4820d JP
Canon;Canon i-SENSYS MF4820d;EXTERNAL COVERS, PANELS, ETC. (COPYBOARD model);FM0-3681-000;CONTROL PANEL ASSY;MF4720w SG, IN,HK, LTN
Canon;Canon i-SENSYS MF4820d;EXTERNAL COVERS, PANELS, ETC. (COPYBOARD model);FM0-3692-000;COPYBOARD COVER ASSEMBLY;MF4720w
Canon;Canon i-SENSYS MF4820d;EXTERNAL COVERS, PANELS, ETC. (COPYBOARD model);FM0-4421-000;COPYBOARD COVER ASSEMBLY;MF4820d
Canon;Canon i-SENSYS MF4820d;EXTERNAL COVERS, PANELS, ETC. (COPYBOARD model);FM4-6898-000;DUPLEXING DOOR ASSY;MF4820d
Canon;Canon i-SENSYS MF4820d;EXTERNAL COVERS, PANELS, ETC. (COPYBOARD model);FM0-4378-000;CARTRIDGE DOOR ASSY;
Canon;Canon i-SENSYS MF4820d;FRONT COVER ASSY;FC0-1663-000;PLATE, EXTENSION;
Canon;Canon i-SENSYS MF4820d;FRONT COVER ASSY;FC0-1664-000;STOPPER, PAPER;
Canon;Canon i-SENSYS MF4820d;FRONT COVER ASSY;FC0-1665-000;STOPPER, CARD;JP
Canon;Canon i-SENSYS MF4820d;FRONT COVER ASSY;FC0-1778-000;LABEL, SIZE INSTRUCTION;
Canon;Canon i-SENSYS MF4820d;FRONT COVER ASSY;FE2-2512-000;COVER, FRONT;EXCEPT JP,US, CA, LTN NQS, NWQ, NXV
Canon;Canon i-SENSYS MF4820d;FRONT COVER ASSY;FE2-2580-000;COVER, FRONT;JP,US,CA,LTN NQS, NWQ, NXV
Canon;Canon i-SENSYS MF4820d;FRONT COVER ASSY;FE2-2517-000;TRAY, PAPER DELIVERY;
Canon;Canon i-SENSYS MF4820d;FRONT COVER ASSY;FE2-2518-000;MOUNT, PAPER DELIVERY TRAY;EXCEPT JP,US, CA, LTN NQS, NWQ, NXV
Canon;Canon i-SENSYS MF4820d;FRONT COVER ASSY;FE2-2553-000;MOUNT, PAPER DELIVERY TRAY;JP,US,CA,LTN NQS, NWQ, NXV
Canon;Canon i-SENSYS MF4820d;FRONT COVER ASSY;FE2-2519-000;STOPPER, PAPER DELIVERY;
Canon;Canon i-SENSYS MF4820d;FRONT COVER ASSY;FL3-5073-000;DUST COVER ASSEMBLY;
Canon;Canon i-SENSYS MF4820d;FRONT COVER ASSY;FM0-4130-000;CABLE, SWITCH;SEE NOTE EXCEPT MF4730 EUR
Canon;Canon i-SENSYS MF4820d;FRONT COVER ASSY;FM0-4375-000;POWER SUPPLY SWITCH ASSY;EXCEPT MF4730 EUR
Canon;Canon i-SENSYS MF4820d;FRONT COVER ASSY;FM0-4376-000;POWER SUPPLY SWITCH ASSY;MF4730 EUR
Canon;Canon i-SENSYS MF4820d;FRONT COVER ASSY;FM4-6933-000;DUST COVER ASSEMBLY;
Canon;Canon i-SENSYS MF4820d;FRONT COVER ASSY;FM4-6907-000;PAPER PICK-UP TRAY ASSY;EXCEPT JP
Canon;Canon i-SENSYS MF4820d;FRONT COVER ASSY;FM4-7525-000;PAPER PICK-UP TRAY ASSY;JP
Canon;Canon i-SENSYS MF4820d;FRONT COVER ASSY;XA9-0476-000;SCREW,TP M3X8;
Canon;Canon i-SENSYS MF4820d;FRONT COVER ASSY;FM0-3716-000;FRONT COVER ASSY;EUR NWS
Canon;Canon i-SENSYS MF4820d;FRONT COVER ASSY;FM0-4370-000;FRONT COVER ASSY;EXCEPT JP,US,CA,LTN NQS, NWQ, NXV, EUR NWS
Canon;Canon i-SENSYS MF4820d;FRONT COVER ASSY;FM0-4436-000;FRONT COVER ASSY;US,CA,LTN NQS,NWQ, NXV
Canon;Canon i-SENSYS MF4820d;FRONT COVER ASSY;FM0-4372-000;FRONT COVER ASSY;JP
Canon;Canon i-SENSYS MF4820d;INTERNAL COMPONENTS 1;FC0-1644-000;LINK, PRESSURE RELEASE, LEFT;
Canon;Canon i-SENSYS MF4820d;INTERNAL COMPONENTS 1;FC0-1645-000;LINK, PRESSURE RELEASE, RIGHT;
Canon;Canon i-SENSYS MF4820d;INTERNAL COMPONENTS 1;FC0-1789-000;SPRING;
Canon;Canon i-SENSYS MF4820d;INTERNAL COMPONENTS 1;FC8-1367-000;SCREW, W/WASHER, M3X8;
Canon;Canon i-SENSYS MF4820d;INTERNAL COMPONENTS 1;FC8-1368-000;SCREW, S, M3X6;
Canon;Canon i-SENSYS MF4820d;INTERNAL COMPONENTS 1;FC8-1370-000;SCREW, TP, M3X6;
Canon;Canon i-SENSYS MF4820d;INTERNAL COMPONENTS 1;FK3-1145-000;CABLE, FLAT, SCNT-CIS;FAX model
Canon;Canon i-SENSYS MF4820d;INTERNAL COMPONENTS 1;FK3-3643-000;CABLE, FLAT, SCNT-CIS;EXCEPT FAX model
Canon;Canon i-SENSYS MF4820d;INTERNAL COMPONENTS 1;FK3-1175-000;CABLE, FLAT, SCNT-CIS;FAX model JP
Canon;Canon i-SENSYS MF4820d;INTERNAL COMPONENTS 1;FK3-2774-000;CABLE, FLAT;WIRELESS model
Canon;Canon i-SENSYS MF4820d;INTERNAL COMPONENTS 1;FK3-3544-000;CABLE, FLAT, SCNT-CIS;FAX model
Canon;Canon i-SENSYS MF4820d;INTERNAL COMPONENTS 1;FM0-1713-000;WIRELESS LAN PCB ASSEMBLY;WIRELESS model
Canon;Canon i-SENSYS MF4820d;INTERNAL COMPONENTS 1;FM0-2242-000;PSEUDO CI PCB ASSEMBLY;FAX model JP
Canon;Canon i-SENSYS MF4820d;INTERNAL COMPONENTS 1;FM0-3924-000;MAIN CONTROLLER ASSEMBLY;MF4890dw JP
Canon;Canon i-SENSYS MF4820d;INTERNAL COMPONENTS 1;FM0-3923-000;MAIN CONTROLLER ASSEMBLY;MF4890dw EXCEPT JP
Canon;Canon i-SENSYS MF4820d;INTERNAL COMPONENTS 1;FM0-3925-000;MAIN CONTROLLER ASSEMBLY;MF4880dw
Canon;Canon i-SENSYS MF4820d;INTERNAL COMPONENTS 1;FM0-3933-000;MAIN CONTROLLER ASSEMBLY;MF4870dn JP
Canon;Canon i-SENSYS MF4820d;INTERNAL COMPONENTS 1;FM0-3927-000;MAIN CONTROLLER ASSEMBLY;MF4870dn EXCEPT JP
Canon;Canon i-SENSYS MF4820d;INTERNAL COMPONENTS 1;FM0-3934-000;MAIN CONTROLLER ASSEMBLY;MF4830d
Canon;Canon i-SENSYS MF4820d;INTERNAL COMPONENTS 1;FM0-3928-000;MAIN CONTROLLER ASSEMBLY;MF4820d
Canon;Canon i-SENSYS MF4820d;INTERNAL COMPONENTS 1;FM0-3949-000;MAIN CONTROLLER ASSEMBLY;MF4770n
Canon;Canon i-SENSYS MF4820d;INTERNAL COMPONENTS 1;FM0-3957-000;MAIN CONTROLLER ASSEMBLY;MF4750 JP
Canon;Canon i-SENSYS MF4820d;INTERNAL COMPONENTS 1;FM0-3951-000;MAIN CONTROLLER ASSEMBLY;MF4750 EXCEPT JP
Canon;Canon i-SENSYS MF4820d;INTERNAL COMPONENTS 1;FM0-3953-000;MAIN CONTROLLER ASSEMBLY;MF4730
Canon;Canon i-SENSYS MF4820d;INTERNAL COMPONENTS 1;FM0-3954-000;MAIN CONTROLLER ASSEMBLY;MF4720w
Canon;Canon i-SENSYS MF4820d;INTERNAL COMPONENTS 1;FM0-3930-000;NCU PCB ASSEMBLY;FAX model JP
Canon;Canon i-SENSYS MF4820d;INTERNAL COMPONENTS 1;FM0-3931-000;NCU PCB ASSEMBLY;FAX model EUR
Canon;Canon i-SENSYS MF4820d;INTERNAL COMPONENTS 1;FM0-3932-000;NCU PCB ASSEMBLY;FAX model EXCEPT JP,EUR
Canon;Canon i-SENSYS MF4820d;INTERNAL COMPONENTS 1;FM0-4103-000;ENGINE CONTROL PCB ASSY;100V MF4890dw
Canon;Canon i-SENSYS MF4820d;INTERNAL COMPONENTS 1;FM0-4104-000;ENGINE CONTROL PCB ASSY;100V MF4870dn, 4750
Canon;Canon i-SENSYS MF4820d;INTERNAL COMPONENTS 1;FM0-4105-000;ENGINE CONTROL PCB ASSY;100V MF4830d, 4820d
Canon;Canon i-SENSYS MF4820d;INTERNAL COMPONENTS 1;FM0-4106-000;ENGINE CONTROL PCB ASSY;120V
Canon;Canon i-SENSYS MF4820d;INTERNAL COMPONENTS 1;FM0-4108-000;ENGINE CONTROL PCB ASSY;230V MF4890dw, 4870dn, 4750
Canon;Canon i-SENSYS MF4820d;INTERNAL COMPONENTS 1;FM0-4109-000;ENGINE CONTROL PCB ASSY;230V MF4820d, 4720w
Canon;Canon i-SENSYS MF4820d;INTERNAL COMPONENTS 1;FM0-4110-000;ENGINE CONTROL PCB ASSY;230V MF4730
Canon;Canon i-SENSYS MF4820d;INTERNAL COMPONENTS 1;FM4-6895-000;SWITCH LEVER ASSY;
Canon;Canon i-SENSYS MF4820d;INTERNAL COMPONENTS 1;FM4-6983-000;FIXING PAPER DELIVERY ASSY;100V
Canon;Canon i-SENSYS MF4820d;INTERNAL COMPONENTS 1;RM1-7576-000;FIXING PAPER DELIVERY ASSY;120V
Canon;Canon i-SENSYS MF4820d;INTERNAL COMPONENTS 1;RM1-7577-000;FIXING PAPER DELIVERY ASSY;230V
Canon;Canon i-SENSYS MF4820d;INTERNAL COMPONENTS 1;WE8-6854-000;CORE,RING;FAX model
Canon;Canon i-SENSYS MF4820d;INTERNAL COMPONENTS 1;WE8-7078-000;CORE, FERRITE;
Canon;Canon i-SENSYS MF4820d;INTERNAL COMPONENTS 2;FC8-1368-000;SCREW, S, M3X6;
Canon;Canon i-SENSYS MF4820d;INTERNAL COMPONENTS 2;FC8-1369-000;SCREW, S, M3X10;
Canon;Canon i-SENSYS MF4820d;INTERNAL COMPONENTS 2;FC8-1370-000;SCREW, TP, M3X6;
Canon;Canon i-SENSYS MF4820d;INTERNAL COMPONENTS 2;FK3-3667-000;SPEAKER;FAX model SP1
Canon;Canon i-SENSYS MF4820d;INTERNAL COMPONENTS 2;FM0-3656-000;PHOTO SENSOR ASSY, MULTI;EXCEPT FAX model
Canon;Canon i-SENSYS MF4820d;INTERNAL COMPONENTS 2;FM0-4381-000;PHOTO SENSOR ASSY, TONER;FAX model
Canon;Canon i-SENSYS MF4820d;INTERNAL COMPONENTS 2;FM0-3686-000;PAPER PICK-UP ASSY;MF4700 Series
Canon;Canon i-SENSYS MF4820d;INTERNAL COMPONENTS 2;FM0-3743-000;PAPER PICK-UP ASSY;MF4800 Series
Canon;Canon i-SENSYS MF4820d;INTERNAL COMPONENTS 2;FM0-3687-000;LASER SCANNER ASSY;MF4700 Series
Canon;Canon i-SENSYS MF4820d;INTERNAL COMPONENTS 2;FM0-3723-000;LASER SCANNER ASSY;MF4800 Series
Canon;Canon i-SENSYS MF4820d;INTERNAL COMPONENTS 2;FM0-4131-000;MOTOR PCB ASSY;MF4800 Series
Canon;Canon i-SENSYS MF4820d;INTERNAL COMPONENTS 2;FM0-4132-000;MOTOR PCB ASSY;MF4700 Series
Canon;Canon i-SENSYS MF4820d;INTERNAL COMPONENTS 2;FM0-4133-000;PAPER PICK-UP SENSOR PCB ASSY;
Canon;Canon i-SENSYS MF4820d;INTERNAL COMPONENTS 2;FM4-6893-000;SEPARATION PAD ASSY;
Canon;Canon i-SENSYS MF4820d;INTERNAL COMPONENTS 2;FM4-6896-000;DUPLEXING FRAME ASSY;MF4800 Series
Canon;Canon i-SENSYS MF4820d;INTERNAL COMPONENTS 2;FM4-7064-000;DUPLEXING PCB ASSY;MF4800 Series
Canon;Canon i-SENSYS MF4820d;INTERNAL COMPONENTS 2;FM4-7491-000;MOTOR, DC24V;M1
Canon;Canon i-SENSYS MF4820d;INTERNAL COMPONENTS 2;RC2-1182-000;ROLLER, TRANSFER;
Canon;Canon i-SENSYS MF4820d;INTERNAL COMPONENTS 2;RK2-0420-000;SOLENOID;MF4800 Series SL2
Canon;Canon i-SENSYS MF4820d;INTERNAL COMPONENTS 2;RK2-3438-000;FAN;MF4800 Series FM1
Canon;Canon i-SENSYS MF4820d;INTERNAL COMPONENTS 2;RL1-1497-000;ROLLER, PICK-UP;
Canon;Canon i-SENSYS MF4820d;ADF ASSY (DADF model);FC0-1744-000;CAP;
Canon;Canon i-SENSYS MF4820d;ADF ASSY (DADF model);FC0-1745-010;COVER, DF;EXCEPT US,CA,LTN NQS
Canon;Canon i-SENSYS MF4820d;ADF ASSY (DADF model);FE2-2612-000;COVER, DF;US,CA,LTN NQS
Canon;Canon i-SENSYS MF4820d;ADF ASSY (DADF model);FC0-1748-010;COVER, FRONT UPPER;
Canon;Canon i-SENSYS MF4820d;ADF ASSY (DADF model);FC6-5210-000;RETAINING RING (E-TYRE);
Canon;Canon i-SENSYS MF4820d;ADF ASSY (DADF model);FC7-6321-000;FLAG, DOCUMENT SCANNER;
Canon;Canon i-SENSYS MF4820d;ADF ASSY (DADF model);FC7-6322-000;ELIMINATOR, STATIC CHARGE;
Canon;Canon i-SENSYS MF4820d;ADF ASSY (DADF model);FC8-9210-000;PANEL, COPYBOARD;
Canon;Canon i-SENSYS MF4820d;ADF ASSY (DADF model);FC8-9251-000;ROLLER, PICK-UP;
Canon;Canon i-SENSYS MF4820d;ADF ASSY (DADF model);FC9-5060-000;BUSHING;
Canon;Canon i-SENSYS MF4820d;ADF ASSY (DADF model);FE2-2578-000;COVER, DF, REAR;JP
Canon;Canon i-SENSYS MF4820d;ADF ASSY (DADF model);FL3-8615-000;COVER, DF, REAR;EXCEPT JP,US, CA,LTN NQS
Canon;Canon i-SENSYS MF4820d;ADF ASSY (DADF model);FL3-8616-000;COVER, DF, REAR;US,CA,LTN NQS
Canon;Canon i-SENSYS MF4820d;ADF ASSY (DADF model);FL3-9247-000;HINGE, ADF;
Canon;Canon i-SENSYS MF4820d;ADF ASSY (DADF model);FL3-1023-000;ROLLER, SEPARATION;
Canon;Canon i-SENSYS MF4820d;ADF ASSY (DADF model);FL3-8612-000;COVER, DF, FRONT;
Canon;Canon i-SENSYS MF4820d;ADF ASSY (DADF model);FM0-4393-000;DOCUMENT TRAY ASSEMBLY;
Canon;Canon i-SENSYS MF4820d;ADF ASSY (DADF model);FM0-4394-000;DADF BASE ASSEMBLY;EXCEPT US, CA, LTN NQS
Canon;Canon i-SENSYS MF4820d;ADF ASSY (DADF model);FM0-4395-000;DADF BASE ASSEMBLY;US,CA, LTN NQS
Canon;Canon i-SENSYS MF4820d;ADF ASSY (DADF model);FM0-4430-000;DOCUMENT TRAY ASSEMBLY;
Canon;Canon i-SENSYS MF4820d;ADF ASSY (DADF model);FM3-8679-000;SEPARATION ROLLER ASSY;
Canon;Canon i-SENSYS MF4820d;ADF ASSY (DADF model);FM4-7531-000;OPEN/CLOSE PANEL ASSEMBLY;
Canon;Canon i-SENSYS MF4820d;ADF ASSY (DADF model);FU5-1552-000;BUSHING;
Canon;Canon i-SENSYS MF4820d;ADF ASSY (DADF model);FU7-2869-000;SPRING, COMPRESSION;
Canon;Canon i-SENSYS MF4820d;ADF ASSY (DADF model);FU8-0473-000;GEAR, 24T;
Canon;Canon i-SENSYS MF4820d;ADF ASSY (DADF model);XA9-0476-000;SCREW,TP M3X8;
Canon;Canon i-SENSYS MF4820d;ADF ASSY (ADF model);FC0-1698-000;PANEL, COPYBOARD;
Canon;Canon i-SENSYS MF4820d;ADF ASSY (ADF model);FC0-1744-000;CAP;MF4800 Series
Canon;Canon i-SENSYS MF4820d;ADF ASSY (ADF model);FC0-1805-000;CAP;MF4700 Series
Canon;Canon i-SENSYS MF4820d;ADF ASSY (ADF model);FC6-5210-000;RETAINING RING (E-TYRE);
Canon;Canon i-SENSYS MF4820d;ADF ASSY (ADF model);FC8-9251-000;ROLLER, PICK-UP;
Canon;Canon i-SENSYS MF4820d;ADF ASSY (ADF model);FC9-5060-000;BUSHING;
Canon;Canon i-SENSYS MF4820d;ADF ASSY (ADF model);FE2-2538-000;COVER, SADF;MF4800 Series EXCEPT JP,US, CA, LTN NWQ
Canon;Canon i-SENSYS MF4820d;ADF ASSY (ADF model);FE2-2568-000;COVER, SADF;MF4800 Series JP,US,CA, LTN NWQ
Canon;Canon i-SENSYS MF4820d;ADF ASSY (ADF model);FE2-2567-000;COVER, SADF;MF4700 Series EXCEPT JP,US, CA,LTN NXV
Canon;Canon i-SENSYS MF4820d;ADF ASSY (ADF model);FE2-2569-000;COVER, SADF;MF4700 Series JP,US, CA,LTN NXV
Canon;Canon i-SENSYS MF4820d;ADF ASSY (ADF model);FE2-3241-000;HINGE, ADF;
Canon;Canon i-SENSYS MF4820d;ADF ASSY (ADF model);FK3-3659-000;MOTOR, STEPPING;M5
Canon;Canon i-SENSYS MF4820d;ADF ASSY (ADF model);FL3-1023-000;ROLLER, SEPARATION;
Canon;Canon i-SENSYS MF4820d;ADF ASSY (ADF model);FL3-8614-000;COVER, DF, FRONT;
Canon;Canon i-SENSYS MF4820d;ADF ASSY (ADF model);FM0-3703-000;ADF BASE ASSEMBLY;MF4700 Series
Canon;Canon i-SENSYS MF4820d;ADF ASSY (ADF model);FM0-4402-000;ADF BASE ASSEMBLY;MF4800 Series
Canon;Canon i-SENSYS MF4820d;ADF ASSY (ADF model);FM0-3709-000;AUTO DOCUMENT FEEDER ASSEMBLY;MF4700 Series EXCEPT JP,US, CA,LTN NXV
Canon;Canon i-SENSYS MF4820d;ADF ASSY (ADF model);FM0-3710-000;AUTO DOCUMENT FEEDER ASSEMBLY;MF4700 Series JP,US, CA,LTN NXV
Canon;Canon i-SENSYS MF4820d;ADF ASSY (ADF model);FM0-4409-000;AUTO DOCUMENT FEEDER ASSEMBLY;MF4800 Series EXCEPT JP,US, CA,LTN NWQ
Canon;Canon i-SENSYS MF4820d;ADF ASSY (ADF model);FM0-4410-000;AUTO DOCUMENT FEEDER ASSEMBLY;MF4800 Series JP,US,CA, LTN NWQ
Canon;Canon i-SENSYS MF4820d;ADF ASSY (ADF model);FM0-4413-000;FEED ROLLER ASSY;
Canon;Canon i-SENSYS MF4820d;ADF ASSY (ADF model);FM0-4430-000;DOCUMENT TRAY ASSEMBLY;MF4800 Series
Canon;Canon i-SENSYS MF4820d;ADF ASSY (ADF model);FM0-4431-000;DOCUMENT TRAY ASSEMBLY;MF4700 Series
Canon;Canon i-SENSYS MF4820d;ADF ASSY (ADF model);FM3-8679-000;SEPARATION ROLLER ASSY;
Canon;Canon i-SENSYS MF4820d;ADF ASSY (ADF model);FM3-8687-000;SEPARATION PAD ASSEMBLY;
Canon;Canon i-SENSYS MF4820d;ADF ASSY (ADF model);FU0-0204-000;GEAR, 21T;
Canon;Canon i-SENSYS MF4820d;ADF ASSY (ADF model);FU5-1552-000;BUSHING;
Canon;Canon i-SENSYS MF4820d;ADF ASSY (ADF model);FU5-6711-000;ROLLER, AUXILIARY;
Canon;Canon i-SENSYS MF4820d;ADF ASSY (ADF model);FU7-2869-000;SPRING, COMPRESSION;
Canon;Canon i-SENSYS MF4820d;ADF ASSY (ADF model);WG8-5935-000;IC, PHOTO INTERRUPTER;
Canon;Canon i-SENSYS MF4820d;ADF ASSY (ADF model);XA9-0476-000;SCREW,TP M3X8;
Canon;Canon i-SENSYS MF4820d;PAPER FEEDER ASSEMBLY (DADF model);FC6-5210-000;RETAINING RING (E-TYPE);
Canon;Canon i-SENSYS MF4820d;PAPER FEEDER ASSEMBLY (DADF model);FC7-6182-000;LEVER, ROLLER RELEASE;
Canon;Canon i-SENSYS MF4820d;PAPER FEEDER ASSEMBLY (DADF model);FC7-6278-000;FLAPPER, PAPER DELIVERY;
Canon;Canon i-SENSYS MF4820d;PAPER FEEDER ASSEMBLY (DADF model);FC9-1325-000;SPRING,SEPARATION SWING ARM;
Canon;Canon i-SENSYS MF4820d;PAPER FEEDER ASSEMBLY (DADF model);FM0-4128-000;CABLE, MOTOR;
Canon;Canon i-SENSYS MF4820d;PAPER FEEDER ASSEMBLY (DADF model);FM3-8682-000;PAPER DELIVERY ASSY;
Canon;Canon i-SENSYS MF4820d;PAPER FEEDER ASSEMBLY (DADF model);FM3-8685-000;MOTOR DRIVE ASSY;M4
Canon;Canon i-SENSYS MF4820d;PAPER FEEDER ASSEMBLY (DADF model);FM3-8690-000;PAPER DELIVERY ROLLER ASSY;
Canon;Canon i-SENSYS MF4820d;PAPER FEEDER ASSEMBLY (DADF model);FM3-9491-000;GUIDE ASSEMBLY, UPPER;
Canon;Canon i-SENSYS MF4820d;PAPER FEEDER ASSEMBLY (DADF model);FM4-6919-000;SOLENOID ASSY;SL3
Canon;Canon i-SENSYS MF4820d;PAPER FEEDER ASSEMBLY (DADF model);FM4-7532-000;PAPER FEED ROLLER ASSEMBLY;
Canon;Canon i-SENSYS MF4820d;PAPER FEEDER ASSEMBLY (DADF model);FU5-1552-000;BUSHING;
Canon;Canon i-SENSYS MF4820d;PAPER FEEDER ASSEMBLY (DADF model);FU6-2249-000;SPRING, COMPRESSION;
Canon;Canon i-SENSYS MF4820d;PAPER FEEDER ASSEMBLY (DADF model);FU7-2021-000;SPRING, COMPRESSION;
Canon;Canon i-SENSYS MF4820d;PAPER FEEDER ASSEMBLY (DADF model);WG8-5935-000;PHOTOINTERRUPTER;
Canon;Canon i-SENSYS MF4820d;READER ASSEMBLY (DADF model);FC0-1945-000;SPACER, CIS;
Canon;Canon i-SENSYS MF4820d;READER ASSEMBLY (DADF model);FE2-2498-000;LINK, TILT;
Canon;Canon i-SENSYS MF4820d;READER ASSEMBLY (DADF model);FE2-3233-000;BELT, TIMING;
Canon;Canon i-SENSYS MF4820d;READER ASSEMBLY (DADF model);FK3-1153-000;CONTACT IMAGE SENSOR;
Canon;Canon i-SENSYS MF4820d;READER ASSEMBLY (DADF model);FK3-1160-000;CABLE, FLAT, SCNT-OP;
Canon;Canon i-SENSYS MF4820d;READER ASSEMBLY (DADF model);FK3-3655-000;CABLE, FLAT;
Canon;Canon i-SENSYS MF4820d;READER ASSEMBLY (DADF model);FL3-5062-000;IDLER PULLEY HOLDER ASSY;
Canon;Canon i-SENSYS MF4820d;READER ASSEMBLY (DADF model);FL3-5072-000;COPYBOARD GLASS ASSY;
Canon;Canon i-SENSYS MF4820d;READER ASSEMBLY (DADF model);FM0-4434-000;MOTOR ASSY;M3
Canon;Canon i-SENSYS MF4820d;READER ASSEMBLY (DADF model);XA9-0476-000;SCREW,TP M3X8;
Canon;Canon i-SENSYS MF4820d;READER ASSEMBLY (DADF model);FM0-4396-000;READER ASSEMBLY;DADF model EXCEPTUS,CA,LTN NQS
Canon;Canon i-SENSYS MF4820d;READER ASSEMBLY (DADF model);FM0-4397-000;READER ASSEMBLY;DADF model US,CA,LTNNQS
Canon;Canon i-SENSYS MF4820d;READER ASSEMBLY (ADF model);FC0-1945-000;SPACER, CIS;
Canon;Canon i-SENSYS MF4820d;READER ASSEMBLY (ADF model);FE2-2498-000;LINK, TILT;
Canon;Canon i-SENSYS MF4820d;READER ASSEMBLY (ADF model);FE2-3233-000;BELT, TIMING;
Canon;Canon i-SENSYS MF4820d;READER ASSEMBLY (ADF model);FK3-1153-000;CONTACT IMAGE SENSOR;
Canon;Canon i-SENSYS MF4820d;READER ASSEMBLY (ADF model);FK3-1160-000;CABLE, FLAT, SCNT-OP;
Canon;Canon i-SENSYS MF4820d;READER ASSEMBLY (ADF model);FK3-3655-000;CABLE, FLAT;
Canon;Canon i-SENSYS MF4820d;READER ASSEMBLY (ADF model);FL3-5062-000;IDLER PULLEY HOLDER ASSY;
Canon;Canon i-SENSYS MF4820d;READER ASSEMBLY (ADF model);FL3-5071-000;COPYBOARD GLASS ASSY;
Canon;Canon i-SENSYS MF4820d;READER ASSEMBLY (ADF model);FM0-4434-000;MOTOR ASSY;M3
Canon;Canon i-SENSYS MF4820d;READER ASSEMBLY (ADF model);XA9-0476-000;SCREW,TP M3X8;
Canon;Canon i-SENSYS MF4820d;READER ASSEMBLY (ADF model);FM0-3704-000;READER ASSEMBLY;MF4700 Series EXCEPT US,CA, LTN NXV, EUR
Canon;Canon i-SENSYS MF4820d;READER ASSEMBLY (ADF model);FM0-3705-000;READER ASSEMBLY;MF4700 Series US,CA, LTN NXV
Canon;Canon i-SENSYS MF4820d;READER ASSEMBLY (ADF model);FM0-3708-000;READER ASSEMBLY;MF4700 Series EUR
Canon;Canon i-SENSYS MF4820d;READER ASSEMBLY (ADF model);FM0-4403-000;READER ASSEMBLY;MF4800 Series EXCEPT JP NYD, US, CA, LTN NWQ
Canon;Canon i-SENSYS MF4820d;READER ASSEMBLY (ADF model);FM0-4404-000;READER ASSEMBLY;MF4800 Series US, CA, LTN NWQ
Canon;Canon i-SENSYS MF4820d;READER ASSEMBLY (ADF model);FM0-4407-000;READER ASSEMBLY;MF4800 Series JP NYD
Canon;Canon i-SENSYS MF4820d;READER ASSEMBLY (COPYBOARD model);FC0-1945-000;SPACER, CIS;
Canon;Canon i-SENSYS MF4820d;READER ASSEMBLY (COPYBOARD model);FE2-2498-000;LINK, TILT;
Canon;Canon i-SENSYS MF4820d;READER ASSEMBLY (COPYBOARD model);FE2-3233-000;BELT, TIMING;
Canon;Canon i-SENSYS MF4820d;READER ASSEMBLY (COPYBOARD model);FK3-1153-000;CONTACT IMAGE SENSOR;
Canon;Canon i-SENSYS MF4820d;READER ASSEMBLY (COPYBOARD model);FK3-1160-000;CABLE, FLAT, SCNT-OP;
Canon;Canon i-SENSYS MF4820d;READER ASSEMBLY (COPYBOARD model);FK3-3655-000;CABLE, FLAT;
Canon;Canon i-SENSYS MF4820d;READER ASSEMBLY (COPYBOARD model);FL2-5621-000;COPYBOARD GLASS ASSY;JP
Canon;Canon i-SENSYS MF4820d;READER ASSEMBLY (COPYBOARD model);FL3-5072-000;COPYBOARD GLASS ASSY;SG,IN,HK,LTN
Canon;Canon i-SENSYS MF4820d;READER ASSEMBLY (COPYBOARD model);FL3-5062-000;IDLER PULLEY HOLDER ASSY;
Canon;Canon i-SENSYS MF4820d;READER ASSEMBLY (COPYBOARD model);FM0-4434-000;MOTOR ASSY;M3
Canon;Canon i-SENSYS MF4820d;READER ASSEMBLY (COPYBOARD model);XA9-0476-000;SCREW,TP M3X8;
Canon;Canon i-SENSYS MF4820d;READER ASSEMBLY (COPYBOARD model);FM0-3695-000;READER ASSEMBLY;COPYBOARD model MF4720w
Canon;Canon i-SENSYS MF4820d;READER ASSEMBLY (COPYBOARD model);FM0-4422-000;READER ASSEMBLY;COPYBOARD model MF4820d JP
Canon;Canon i-SENSYS MF4820d;READER ASSEMBLY (COPYBOARD model);FM0-4424-000;READER ASSEMBLY;COPYBOARD model MF4820d SG, IN, HK, LTN
