Canon;Canon imageCLASS D1370;EXTERNAL COVERS, PANELS, ETC.(MF6100,MF5900 Series) 1;FC0-0531-000;EMBLEM;
Canon;Canon imageCLASS D1370;EXTERNAL COVERS, PANELS, ETC.(MF6100,MF5900 Series) 1;FC9-2131-000;COVER, MULTI FEED;
Canon;Canon imageCLASS D1370;EXTERNAL COVERS, PANELS, ETC.(MF6100,MF5900 Series) 1;FC9-2132-000;COVER, FRONT UPPER, 2;
Canon;Canon imageCLASS D1370;EXTERNAL COVERS, PANELS, ETC.(MF6100,MF5900 Series) 1;FC9-2135-010;COVER, LEFT;
Canon;Canon imageCLASS D1370;EXTERNAL COVERS, PANELS, ETC.(MF6100,MF5900 Series) 1;FC0-3136-000;COVER, LEFT, REAR;
Canon;Canon imageCLASS D1370;EXTERNAL COVERS, PANELS, ETC.(MF6100,MF5900 Series) 1;FC9-2137-000;COVER, RIGHT;
Canon;Canon imageCLASS D1370;EXTERNAL COVERS, PANELS, ETC.(MF6100,MF5900 Series) 1;FC9-2138-000;COVER, REAR RIGHT;
Canon;Canon imageCLASS D1370;EXTERNAL COVERS, PANELS, ETC.(MF6100,MF5900 Series) 1;FC9-2139-000;COVER, UPPER;
Canon;Canon imageCLASS D1370;EXTERNAL COVERS, PANELS, ETC.(MF6100,MF5900 Series) 1;FC0-3163-000;COVER, ONE-TOUCH;US,CA,LTN
Canon;Canon imageCLASS D1370;EXTERNAL COVERS, PANELS, ETC.(MF6100,MF5900 Series) 1;FC0-4146-000;COVER, ONE-TOUCH;EUR
Canon;Canon imageCLASS D1370;EXTERNAL COVERS, PANELS, ETC.(MF6100,MF5900 Series) 1;FC0-4147-000;COVER, ONE-TOUCH;LTN,SG,AU
Canon;Canon imageCLASS D1370;EXTERNAL COVERS, PANELS, ETC.(MF6100,MF5900 Series) 1;FC0-4148-000;COVER, ONE-TOUCH;CN
Canon;Canon imageCLASS D1370;EXTERNAL COVERS, PANELS, ETC.(MF6100,MF5900 Series) 1;FC0-4149-000;COVER, ONE-TOUCH;KR
Canon;Canon imageCLASS D1370;EXTERNAL COVERS, PANELS, ETC.(MF6100,MF5900 Series) 1;FL3-5854-000;PANEL, CONTROL, LOWER;
Canon;Canon imageCLASS D1370;EXTERNAL COVERS, PANELS, ETC.(MF6100,MF5900 Series) 1;FC0-3192-000;PLATE, LOGO;
Canon;Canon imageCLASS D1370;EXTERNAL COVERS, PANELS, ETC.(MF6100,MF5900 Series) 1;HB1-5537-000;SHEET,BLANKING;
Canon;Canon imageCLASS D1370;EXTERNAL COVERS, PANELS, ETC.(MF6100,MF5900 Series) 1;FC9-4897-000;LABEL, SIZE EXCHANGE;
Canon;Canon imageCLASS D1370;EXTERNAL COVERS, PANELS, ETC.(MF6100,MF5900 Series) 1;FC9-7005-000;LABEL, SIZE, MANUAL FEED;
Canon;Canon imageCLASS D1370;EXTERNAL COVERS, PANELS, ETC.(MF6100,MF5900 Series) 1;FC0-4173-000;COVER, FRONT UPPER, 1;
Canon;Canon imageCLASS D1370;EXTERNAL COVERS, PANELS, ETC.(MF6100,MF5900 Series) 1;FC9-8934-000;LABEL, HIGH TMP. CAUTION;
Canon;Canon imageCLASS D1370;EXTERNAL COVERS, PANELS, ETC.(MF6100,MF5900 Series) 1;RC2-6273-000;HINGE, MULTI-PURPOSE, RIGHT;
Canon;Canon imageCLASS D1370;EXTERNAL COVERS, PANELS, ETC.(MF6100,MF5900 Series) 1;RC2-8291-000;HINGE, MULTI-PURPOSE, LEFT;
Canon;Canon imageCLASS D1370;EXTERNAL COVERS, PANELS, ETC.(MF6100,MF5900 Series) 1;FC9-8941 -000;LABEL, USB;
Canon;Canon imageCLASS D1370;EXTERNAL COVERS, PANELS, ETC.(MF6100,MF5900 Series) 1;FC9-8943-000;LABEL, HIGH TMP. CAUTION;
Canon;Canon imageCLASS D1370;EXTERNAL COVERS, PANELS, ETC.(MF6100,MF5900 Series) 1;FC9-8944-000;ELIMINATOR, STATIC CHARGE;
Canon;Canon imageCLASS D1370;EXTERNAL COVERS, PANELS, ETC.(MF6100,MF5900 Series) 1;XA9-1671-000;SCREW, D, M3X8;
Canon;Canon imageCLASS D1370;EXTERNAL COVERS, PANELS, ETC.(MF6100,MF5900 Series) 1;FM1-D779-000;REAR COVER ASSEMBLY;MF6100 Series
Canon;Canon imageCLASS D1370;EXTERNAL COVERS, PANELS, ETC.(MF6100,MF5900 Series) 1;FM0-3613-000;REAR COVER ASSEMBLY;MF5900 Series
Canon;Canon imageCLASS D1370;EXTERNAL COVERS, PANELS, ETC.(MF6100,MF5900 Series) 1;FM3-9793-000;EXPANSION TRAY ASSEMBLY;
Canon;Canon imageCLASS D1370;EXTERNAL COVERS, PANELS, ETC.(MF6100,MF5900 Series) 1;FM3-9816-000;HINGE ASSEMBLY;
Canon;Canon imageCLASS D1370;EXTERNAL COVERS, PANELS, ETC.(MF6100,MF5900 Series) 1;FM1-C350-000;CONTROL PANEL ASSEMBLY;MF6180dw US,CA,LTN
Canon;Canon imageCLASS D1370;EXTERNAL COVERS, PANELS, ETC.(MF6100,MF5900 Series) 1;FM1-C353-000;CONTROL PANEL ASSEMBLY;MF6180dw LTN,SG,AU
Canon;Canon imageCLASS D1370;EXTERNAL COVERS, PANELS, ETC.(MF6100,MF5900 Series) 1;FM1-C349-000;CONTROL PANEL ASSEMBLY;MF6160dw
Canon;Canon imageCLASS D1370;EXTERNAL COVERS, PANELS, ETC.(MF6100,MF5900 Series) 1;FM4-9761-010;CONTROL PANEL ASSEMBLY;MF5980dw US,CA,LTN
Canon;Canon imageCLASS D1370;EXTERNAL COVERS, PANELS, ETC.(MF6100,MF5900 Series) 1;FM4-9763-010;CONTROL PANEL ASSEMBLY;MF5980dw EUR
Canon;Canon imageCLASS D1370;EXTERNAL COVERS, PANELS, ETC.(MF6100,MF5900 Series) 1;FM4-9765-010;CONTROL PANEL ASSEMBLY;MF5980dw LTN,SG,AU
Canon;Canon imageCLASS D1370;EXTERNAL COVERS, PANELS, ETC.(MF6100,MF5900 Series) 1;FM4-9762-010;CONTROL PANEL ASSEMBLY;MF5960dn
Canon;Canon imageCLASS D1370;EXTERNAL COVERS, PANELS, ETC.(MF6100,MF5900 Series) 1;FM4-9826-010;CONTROL PANEL ASSEMBLY;MF5950dw US,CA,LTN
Canon;Canon imageCLASS D1370;EXTERNAL COVERS, PANELS, ETC.(MF6100,MF5900 Series) 1;FM4-9766-010;CONTROL PANEL ASSEMBLY;MF5950dw CN
Canon;Canon imageCLASS D1370;EXTERNAL COVERS, PANELS, ETC.(MF6100,MF5900 Series) 1;FM4-9767-010;CONTROL PANEL ASSEMBLY;MF5950dw KR
Canon;Canon imageCLASS D1370;EXTERNAL COVERS, PANELS, ETC.(MF6100,MF5900 Series) 1;FM4-9764-010;CONTROL PANEL ASSEMBLY;MF5940dn
Canon;Canon imageCLASS D1370;EXTERNAL COVERS, PANELS, ETC.(MF6100,MF5900 Series) 1;FM4-9832-010;CONTROL PANEL ASSEMBLY;MF5930dn
Canon;Canon imageCLASS D1370;EXTERNAL COVERS, PANELS, ETC.(MF6100,MF5900 Series) 1;FM4-5370-000;INNER COVER ASSEMBLY;
Canon;Canon imageCLASS D1370;EXTERNAL COVERS, PANELS, ETC.(MF6100,MF5900 Series) 1;RU5-2895-000;SPRING, TENSION;
Canon;Canon imageCLASS D1370;EXTERNAL COVERS, PANELS, ETC.(MF6100,MF5900 Series) 1;FC8-9837-000;COVER, FRONT;
Canon;Canon imageCLASS D1370;EXTERNAL COVERS, PANELS, ETC.(MF6100,MF5900 Series) 1;RM1-6441-000;DUPLEXING PAPER FEED ASSY;
Canon;Canon imageCLASS D1370;EXTERNAL COVERS, PANELS, ETC.(MF6100,MF5900 Series) 1;RM1-6427-000;MP LIFTING PLATE ASSEMBLY;
Canon;Canon imageCLASS D1370;EXTERNAL COVERS, PANELS, ETC.(MF6100,MF5900 Series) 1;FE2-2412-000;LABEL, CARTRIDGE;CN
Canon;Canon imageCLASS D1370;EXTERNAL COVERS, PANELS, ETC.(MF6100,MF5900 Series) 2;FC0-0531-000;EMBLEM;
Canon;Canon imageCLASS D1370;EXTERNAL COVERS, PANELS, ETC.(MF6100,MF5900 Series) 2;FC9-2131-000;COVER, MULTI FEED;
Canon;Canon imageCLASS D1370;EXTERNAL COVERS, PANELS, ETC.(MF6100,MF5900 Series) 2;FC9-2132-000;COVER, FRONT UPPER, 2;
Canon;Canon imageCLASS D1370;EXTERNAL COVERS, PANELS, ETC.(MF6100,MF5900 Series) 2;FC9-2135-010;COVER, LEFT;
Canon;Canon imageCLASS D1370;EXTERNAL COVERS, PANELS, ETC.(MF6100,MF5900 Series) 2;FC0-3136-000;COVER, LEFT, REAR;
Canon;Canon imageCLASS D1370;EXTERNAL COVERS, PANELS, ETC.(MF6100,MF5900 Series) 2;FC9-2137-000;COVER, RIGHT;
Canon;Canon imageCLASS D1370;EXTERNAL COVERS, PANELS, ETC.(MF6100,MF5900 Series) 2;FC9-2138-000;COVER, REAR RIGHT;
Canon;Canon imageCLASS D1370;EXTERNAL COVERS, PANELS, ETC.(MF6100,MF5900 Series) 2;FC9-2139-000;COVER, UPPER;
Canon;Canon imageCLASS D1370;EXTERNAL COVERS, PANELS, ETC.(MF6100,MF5900 Series) 2;FC0-3163-000;COVER, ONE-TOUCH;US,CA,LTN
Canon;Canon imageCLASS D1370;EXTERNAL COVERS, PANELS, ETC.(MF6100,MF5900 Series) 2;FC0-4146-000;COVER, ONE-TOUCH;EUR
Canon;Canon imageCLASS D1370;EXTERNAL COVERS, PANELS, ETC.(MF6100,MF5900 Series) 2;FC0-4147-000;COVER, ONE-TOUCH;LTN,SG,AU
Canon;Canon imageCLASS D1370;EXTERNAL COVERS, PANELS, ETC.(MF6100,MF5900 Series) 2;FC0-4148-000;COVER, ONE-TOUCH;CN
Canon;Canon imageCLASS D1370;EXTERNAL COVERS, PANELS, ETC.(MF6100,MF5900 Series) 2;FC0-4149-000;COVER, ONE-TOUCH;KR
Canon;Canon imageCLASS D1370;EXTERNAL COVERS, PANELS, ETC.(MF6100,MF5900 Series) 2;FL3-5854-000;PANEL, CONTROL, LOWER;
Canon;Canon imageCLASS D1370;EXTERNAL COVERS, PANELS, ETC.(MF6100,MF5900 Series) 2;FC0-3192-000;PLATE, LOGO;
Canon;Canon imageCLASS D1370;EXTERNAL COVERS, PANELS, ETC.(MF6100,MF5900 Series) 2;HB1-5537-000;SHEET,BLANKING;
Canon;Canon imageCLASS D1370;EXTERNAL COVERS, PANELS, ETC.(MF6100,MF5900 Series) 2;FC9-4897-000;LABEL, SIZE EXCHANGE;
Canon;Canon imageCLASS D1370;EXTERNAL COVERS, PANELS, ETC.(MF6100,MF5900 Series) 2;FC9-7005-000;LABEL, SIZE, MANUAL FEED;
Canon;Canon imageCLASS D1370;EXTERNAL COVERS, PANELS, ETC.(MF6100,MF5900 Series) 2;FC0-4173-000;COVER, FRONT UPPER, 1;
Canon;Canon imageCLASS D1370;EXTERNAL COVERS, PANELS, ETC.(MF6100,MF5900 Series) 2;FC9-8934-000;LABEL, HIGH TMP. CAUTION;
Canon;Canon imageCLASS D1370;EXTERNAL COVERS, PANELS, ETC.(MF6100,MF5900 Series) 2;RC2-6273-000;HINGE, MULTI-PURPOSE, RIGHT;
Canon;Canon imageCLASS D1370;EXTERNAL COVERS, PANELS, ETC.(MF6100,MF5900 Series) 2;RC2-8291-000;HINGE, MULTI-PURPOSE, LEFT;
Canon;Canon imageCLASS D1370;EXTERNAL COVERS, PANELS, ETC.(MF6100,MF5900 Series) 2;FC9-8941 -000;LABEL, USB;
Canon;Canon imageCLASS D1370;EXTERNAL COVERS, PANELS, ETC.(MF6100,MF5900 Series) 2;FC9-8943-000;LABEL, HIGH TMP. CAUTION;
Canon;Canon imageCLASS D1370;EXTERNAL COVERS, PANELS, ETC.(MF6100,MF5900 Series) 2;FC9-8944-000;ELIMINATOR, STATIC CHARGE;
Canon;Canon imageCLASS D1370;EXTERNAL COVERS, PANELS, ETC.(MF6100,MF5900 Series) 2;XA9-1671-000;SCREW, D, M3X8;
Canon;Canon imageCLASS D1370;EXTERNAL COVERS, PANELS, ETC.(MF6100,MF5900 Series) 2;FM1-D779-000;REAR COVER ASSEMBLY;MF6100 Series
Canon;Canon imageCLASS D1370;EXTERNAL COVERS, PANELS, ETC.(MF6100,MF5900 Series) 2;FM0-3613-000;REAR COVER ASSEMBLY;MF5900 Series
Canon;Canon imageCLASS D1370;EXTERNAL COVERS, PANELS, ETC.(MF6100,MF5900 Series) 2;FM3-9793-000;EXPANSION TRAY ASSEMBLY;
Canon;Canon imageCLASS D1370;EXTERNAL COVERS, PANELS, ETC.(MF6100,MF5900 Series) 2;FM3-9816-000;HINGE ASSEMBLY;
Canon;Canon imageCLASS D1370;EXTERNAL COVERS, PANELS, ETC.(MF6100,MF5900 Series) 2;FM1-C350-000;CONTROL PANEL ASSEMBLY;MF6180dw US,CA,LTN
Canon;Canon imageCLASS D1370;EXTERNAL COVERS, PANELS, ETC.(MF6100,MF5900 Series) 2;FM1-C353-000;CONTROL PANEL ASSEMBLY;MF6180dw LTN,SG,AU
Canon;Canon imageCLASS D1370;EXTERNAL COVERS, PANELS, ETC.(MF6100,MF5900 Series) 2;FM1-C349-000;CONTROL PANEL ASSEMBLY;MF6160dw
Canon;Canon imageCLASS D1370;EXTERNAL COVERS, PANELS, ETC.(MF6100,MF5900 Series) 2;FM4-9761-010;CONTROL PANEL ASSEMBLY;MF5980dw US,CA,LTN
Canon;Canon imageCLASS D1370;EXTERNAL COVERS, PANELS, ETC.(MF6100,MF5900 Series) 2;FM4-9763-010;CONTROL PANEL ASSEMBLY;MF5980dw EUR
Canon;Canon imageCLASS D1370;EXTERNAL COVERS, PANELS, ETC.(MF6100,MF5900 Series) 2;FM4-9765-010;CONTROL PANEL ASSEMBLY;MF5980dw LTN,SG,AU
Canon;Canon imageCLASS D1370;EXTERNAL COVERS, PANELS, ETC.(MF6100,MF5900 Series) 2;FM4-9762-010;CONTROL PANEL ASSEMBLY;MF5960dn
Canon;Canon imageCLASS D1370;EXTERNAL COVERS, PANELS, ETC.(MF6100,MF5900 Series) 2;FM4-9826-010;CONTROL PANEL ASSEMBLY;MF5950dw US,CA,LTN
Canon;Canon imageCLASS D1370;EXTERNAL COVERS, PANELS, ETC.(MF6100,MF5900 Series) 2;FM4-9766-010;CONTROL PANEL ASSEMBLY;MF5950dw CN
Canon;Canon imageCLASS D1370;EXTERNAL COVERS, PANELS, ETC.(MF6100,MF5900 Series) 2;FM4-9767-010;CONTROL PANEL ASSEMBLY;MF5950dw KR
Canon;Canon imageCLASS D1370;EXTERNAL COVERS, PANELS, ETC.(MF6100,MF5900 Series) 2;FM4-9764-010;CONTROL PANEL ASSEMBLY;MF5940dn
Canon;Canon imageCLASS D1370;EXTERNAL COVERS, PANELS, ETC.(MF6100,MF5900 Series) 2;FM4-9832-010;CONTROL PANEL ASSEMBLY;MF5930dn
Canon;Canon imageCLASS D1370;EXTERNAL COVERS, PANELS, ETC.(MF6100,MF5900 Series) 2;FM4-5370-000;INNER COVER ASSEMBLY;
Canon;Canon imageCLASS D1370;EXTERNAL COVERS, PANELS, ETC.(MF6100,MF5900 Series) 2;RU5-2895-000;SPRING, TENSION;
Canon;Canon imageCLASS D1370;EXTERNAL COVERS, PANELS, ETC.(MF6100,MF5900 Series) 2;FC8-9837-000;COVER, FRONT;
Canon;Canon imageCLASS D1370;EXTERNAL COVERS, PANELS, ETC.(MF6100,MF5900 Series) 2;RM1-6441-000;DUPLEXING PAPER FEED ASSY;
Canon;Canon imageCLASS D1370;EXTERNAL COVERS, PANELS, ETC.(MF6100,MF5900 Series) 2;RM1-6427-000;MP LIFTING PLATE ASSEMBLY;
Canon;Canon imageCLASS D1370;EXTERNAL COVERS, PANELS, ETC.(MF6100,MF5900 Series) 2;FE2-2412-000;LABEL, CARTRIDGE;CN
Canon;Canon imageCLASS D1370;EXTERNAL COVERS, PANELS, ETC.(MF6880,MF6780,D1300,DPC995 Series) 1;FL3-6695-000;EMBLEM;DPC995
Canon;Canon imageCLASS D1370;EXTERNAL COVERS, PANELS, ETC.(MF6880,MF6780,D1300,DPC995 Series) 1;FC5-5256-000;EMBLEM;Satera
Canon;Canon imageCLASS D1370;EXTERNAL COVERS, PANELS, ETC.(MF6880,MF6780,D1300,DPC995 Series) 1;FC7-0496-000;EMBLEM;imageCLASS
Canon;Canon imageCLASS D1370;EXTERNAL COVERS, PANELS, ETC.(MF6880,MF6780,D1300,DPC995 Series) 1;FC0-4168-000;COVER, UPPER;
Canon;Canon imageCLASS D1370;EXTERNAL COVERS, PANELS, ETC.(MF6880,MF6780,D1300,DPC995 Series) 1;FC9-2007-000;COVER, MULTI FEED;
Canon;Canon imageCLASS D1370;EXTERNAL COVERS, PANELS, ETC.(MF6880,MF6780,D1300,DPC995 Series) 1;FC0-4170-000;COVER, MULTI FEED UPPER;
Canon;Canon imageCLASS D1370;EXTERNAL COVERS, PANELS, ETC.(MF6880,MF6780,D1300,DPC995 Series) 1;FC0-3132-000;COVER, LEFT;
Canon;Canon imageCLASS D1370;EXTERNAL COVERS, PANELS, ETC.(MF6880,MF6780,D1300,DPC995 Series) 1;FC9-2018-000;COVER, FRONT, LEFT;DPC995
Canon;Canon imageCLASS D1370;EXTERNAL COVERS, PANELS, ETC.(MF6880,MF6780,D1300,DPC995 Series) 1;FL3-5852-000;COVER, FRONT, LEFT;EXCEPT DPC995
Canon;Canon imageCLASS D1370;EXTERNAL COVERS, PANELS, ETC.(MF6880,MF6780,D1300,DPC995 Series) 1;FC0-3133-000;COVER, LEFT, REAR;FAX model
Canon;Canon imageCLASS D1370;EXTERNAL COVERS, PANELS, ETC.(MF6880,MF6780,D1300,DPC995 Series) 1;FC0-3134-000;COVER, LEFT, REAR;DPC995
Canon;Canon imageCLASS D1370;EXTERNAL COVERS, PANELS, ETC.(MF6880,MF6780,D1300,DPC995 Series) 1;FC0-3162-000;COVER, LEFT, REAR;D1320
Canon;Canon imageCLASS D1370;EXTERNAL COVERS, PANELS, ETC.(MF6880,MF6780,D1300,DPC995 Series) 1;FC9-2055-000;COVER, RIGHT;
Canon;Canon imageCLASS D1370;EXTERNAL COVERS, PANELS, ETC.(MF6880,MF6780,D1300,DPC995 Series) 1;FC9-2056-000;COVER, REAR RIGHT;
Canon;Canon imageCLASS D1370;EXTERNAL COVERS, PANELS, ETC.(MF6880,MF6780,D1300,DPC995 Series) 1;FC0-4169-000;COVER, RIGHT, UPPER;
Canon;Canon imageCLASS D1370;EXTERNAL COVERS, PANELS, ETC.(MF6880,MF6780,D1300,DPC995 Series) 1;FC9-8944-000;ELIMINATOR, STATIC CHARGE;
Canon;Canon imageCLASS D1370;EXTERNAL COVERS, PANELS, ETC.(MF6880,MF6780,D1300,DPC995 Series) 1;FC9-2166-000;SHEET, ELES. PREVENTION;
Canon;Canon imageCLASS D1370;EXTERNAL COVERS, PANELS, ETC.(MF6880,MF6780,D1300,DPC995 Series) 1;FC9-8934-000;LABEL, HIGH TMP. CAUTION;
Canon;Canon imageCLASS D1370;EXTERNAL COVERS, PANELS, ETC.(MF6880,MF6780,D1300,DPC995 Series) 1;FC9-8943-000;LABEL, HIGH TMP. CAUTION;
Canon;Canon imageCLASS D1370;EXTERNAL COVERS, PANELS, ETC.(MF6880,MF6780,D1300,DPC995 Series) 1;FC0-3196-000;LABEL, USB;EXCEPT DPC995
Canon;Canon imageCLASS D1370;EXTERNAL COVERS, PANELS, ETC.(MF6880,MF6780,D1300,DPC995 Series) 1;FU7-8091-000;LABEL,GROUNDING CAUTION;JP
Canon;Canon imageCLASS D1370;EXTERNAL COVERS, PANELS, ETC.(MF6880,MF6780,D1300,DPC995 Series) 1;HB1-5537-000;SHEET,BLANKING;
Canon;Canon imageCLASS D1370;EXTERNAL COVERS, PANELS, ETC.(MF6880,MF6780,D1300,DPC995 Series) 1;FC9-4897-000;LABEL, SIZE EXCHANGE;
Canon;Canon imageCLASS D1370;EXTERNAL COVERS, PANELS, ETC.(MF6880,MF6780,D1300,DPC995 Series) 1;XA9-1671-000;SCREW, D, M3X8;
Canon;Canon imageCLASS D1370;EXTERNAL COVERS, PANELS, ETC.(MF6880,MF6780,D1300,DPC995 Series) 1;FC0-6761-000;LABEL, SIZE, MANUAL FEED;JP
Canon;Canon imageCLASS D1370;EXTERNAL COVERS, PANELS, ETC.(MF6880,MF6780,D1300,DPC995 Series) 1;FC9-7005-000;LABEL, SIZE, MANUAL FEED;EXCEPT JP
Canon;Canon imageCLASS D1370;EXTERNAL COVERS, PANELS, ETC.(MF6880,MF6780,D1300,DPC995 Series) 1;FM1-D779-000;REAR COVER ASSEMBLY;MF6880dw
Canon;Canon imageCLASS D1370;EXTERNAL COVERS, PANELS, ETC.(MF6880,MF6780,D1300,DPC995 Series) 1;FM0-3613-000;REAR COVER ASSEMBLY;EXCEPT MF6880dw
Canon;Canon imageCLASS D1370;EXTERNAL COVERS, PANELS, ETC.(MF6880,MF6780,D1300,DPC995 Series) 1;FM4-9829-000;EXPANSION TRAY ASSEMBLY;JP
Canon;Canon imageCLASS D1370;EXTERNAL COVERS, PANELS, ETC.(MF6880,MF6780,D1300,DPC995 Series) 1;FM3-9793-000;EXPANSION TRAY ASSEMBLY;EXCEPT JP
Canon;Canon imageCLASS D1370;EXTERNAL COVERS, PANELS, ETC.(MF6880,MF6780,D1300,DPC995 Series) 1;FM4-9783-000;INNER COVER ASSEMBLY;
Canon;Canon imageCLASS D1370;EXTERNAL COVERS, PANELS, ETC.(MF6880,MF6780,D1300,DPC995 Series) 1;FC9-2016-000;COVER, FRONT, LOWER;
Canon;Canon imageCLASS D1370;EXTERNAL COVERS, PANELS, ETC.(MF6880,MF6780,D1300,DPC995 Series) 1;FM1-C357-000;CONTROL PANEL ASSEMBLY;MF6880dw
Canon;Canon imageCLASS D1370;EXTERNAL COVERS, PANELS, ETC.(MF6880,MF6780,D1300,DPC995 Series) 1;FM4-9772-010;CONTROL PANEL ASSEMBLY;MF6780dw
Canon;Canon imageCLASS D1370;EXTERNAL COVERS, PANELS, ETC.(MF6880,MF6780,D1300,DPC995 Series) 1;FM4-9773-010;CONTROL PANEL ASSEMBLY;D1380
Canon;Canon imageCLASS D1370;EXTERNAL COVERS, PANELS, ETC.(MF6880,MF6780,D1300,DPC995 Series) 1;FM4-9770-010;CONTROL PANEL ASSEMBLY;D1370
Canon;Canon imageCLASS D1370;EXTERNAL COVERS, PANELS, ETC.(MF6880,MF6780,D1300,DPC995 Series) 1;FM4-9774-010;CONTROL PANEL ASSEMBLY;D1350 TW
Canon;Canon imageCLASS D1370;EXTERNAL COVERS, PANELS, ETC.(MF6880,MF6780,D1300,DPC995 Series) 1;FM4-9771-010;CONTROL PANEL ASSEMBLY;D1350 US,CA,LTN
Canon;Canon imageCLASS D1370;EXTERNAL COVERS, PANELS, ETC.(MF6880,MF6780,D1300,DPC995 Series) 1;FM4-9775-000;CONTROL PANEL ASSEMBLY;D1320
Canon;Canon imageCLASS D1370;EXTERNAL COVERS, PANELS, ETC.(MF6880,MF6780,D1300,DPC995 Series) 1;FM4-9776-000;CONTROL PANEL ASSEMBLY;DPC995
Canon;Canon imageCLASS D1370;EXTERNAL COVERS, PANELS, ETC.(MF6880,MF6780,D1300,DPC995 Series) 1;FM3-9816-000;HINGE ASSEMBLY;
Canon;Canon imageCLASS D1370;EXTERNAL COVERS, PANELS, ETC.(MF6880,MF6780,D1300,DPC995 Series) 1;FC0-4143-000;COVER, ONE-TOUCH;FAX model JP
Canon;Canon imageCLASS D1370;EXTERNAL COVERS, PANELS, ETC.(MF6880,MF6780,D1300,DPC995 Series) 1;FC0-4141-000;COVER, ONE-TOUCH;FAX model US D1370
Canon;Canon imageCLASS D1370;EXTERNAL COVERS, PANELS, ETC.(MF6880,MF6780,D1300,DPC995 Series) 1;FC0-4142-000;COVER, ONE-TOUCH;FAX model US,CA, LTN D1350
Canon;Canon imageCLASS D1370;EXTERNAL COVERS, PANELS, ETC.(MF6880,MF6780,D1300,DPC995 Series) 1;FC0-4144-000;COVER, ONE-TOUCH;FAX model CN
Canon;Canon imageCLASS D1370;EXTERNAL COVERS, PANELS, ETC.(MF6880,MF6780,D1300,DPC995 Series) 1;FC0-4145-000;COVER, ONE-TOUCH;FAX model TW
Canon;Canon imageCLASS D1370;EXTERNAL COVERS, PANELS, ETC.(MF6880,MF6780,D1300,DPC995 Series) 1;FC0-3108-000;COVER, ONE-TOUCH;EXCEPT FAX model
Canon;Canon imageCLASS D1370;EXTERNAL COVERS, PANELS, ETC.(MF6880,MF6780,D1300,DPC995 Series) 1;RC2-6273-000;HINGE, MULTI-PURPOSE, RIGHT;
Canon;Canon imageCLASS D1370;EXTERNAL COVERS, PANELS, ETC.(MF6880,MF6780,D1300,DPC995 Series) 1;RC2-8291-000;HINGE, MULTI-PURPOSE, LEFT;
Canon;Canon imageCLASS D1370;EXTERNAL COVERS, PANELS, ETC.(MF6880,MF6780,D1300,DPC995 Series) 1;RM1-6427-000;MP LIFTING PLATE ASSEMBLY;
Canon;Canon imageCLASS D1370;EXTERNAL COVERS, PANELS, ETC.(MF6880,MF6780,D1300,DPC995 Series) 1;RU5-2895-000;SPRING, TENSION;
Canon;Canon imageCLASS D1370;EXTERNAL COVERS, PANELS, ETC.(MF6880,MF6780,D1300,DPC995 Series) 1;RM1-6441-000;DUPLEXING PAPER FEED ASSY;
Canon;Canon imageCLASS D1370;EXTERNAL COVERS, PANELS, ETC.(MF6880,MF6780,D1300,DPC995 Series) 1;FE2-2412-000;LABEL, CARTRIDGE;CN
Canon;Canon imageCLASS D1370;EXTERNAL COVERS, PANELS, ETC.(MF6880,MF6780,D1300,DPC995 Series) 1;FE3-3780-000;LABEL, PORT;FAX model JP
Canon;Canon imageCLASS D1370;EXTERNAL COVERS, PANELS, ETC.(MF6880,MF6780,D1300,DPC995 Series) 2;FL3-6695-000;EMBLEM;DPC995
Canon;Canon imageCLASS D1370;EXTERNAL COVERS, PANELS, ETC.(MF6880,MF6780,D1300,DPC995 Series) 2;FC5-5256-000;EMBLEM;Satera
Canon;Canon imageCLASS D1370;EXTERNAL COVERS, PANELS, ETC.(MF6880,MF6780,D1300,DPC995 Series) 2;FC7-0496-000;EMBLEM;imageCLASS
Canon;Canon imageCLASS D1370;EXTERNAL COVERS, PANELS, ETC.(MF6880,MF6780,D1300,DPC995 Series) 2;FC0-4168-000;COVER, UPPER;
Canon;Canon imageCLASS D1370;EXTERNAL COVERS, PANELS, ETC.(MF6880,MF6780,D1300,DPC995 Series) 2;FC9-2007-000;COVER, MULTI FEED;
Canon;Canon imageCLASS D1370;EXTERNAL COVERS, PANELS, ETC.(MF6880,MF6780,D1300,DPC995 Series) 2;FC0-4170-000;COVER, MULTI FEED UPPER;
Canon;Canon imageCLASS D1370;EXTERNAL COVERS, PANELS, ETC.(MF6880,MF6780,D1300,DPC995 Series) 2;FC0-3132-000;COVER, LEFT;
Canon;Canon imageCLASS D1370;EXTERNAL COVERS, PANELS, ETC.(MF6880,MF6780,D1300,DPC995 Series) 2;FC9-2018-000;COVER, FRONT, LEFT;DPC995
Canon;Canon imageCLASS D1370;EXTERNAL COVERS, PANELS, ETC.(MF6880,MF6780,D1300,DPC995 Series) 2;FL3-5852-000;COVER, FRONT, LEFT;EXCEPT DPC995
Canon;Canon imageCLASS D1370;EXTERNAL COVERS, PANELS, ETC.(MF6880,MF6780,D1300,DPC995 Series) 2;FC0-3133-000;COVER, LEFT, REAR;FAX model
Canon;Canon imageCLASS D1370;EXTERNAL COVERS, PANELS, ETC.(MF6880,MF6780,D1300,DPC995 Series) 2;FC0-3134-000;COVER, LEFT, REAR;DPC995
Canon;Canon imageCLASS D1370;EXTERNAL COVERS, PANELS, ETC.(MF6880,MF6780,D1300,DPC995 Series) 2;FC0-3162-000;COVER, LEFT, REAR;D1320
Canon;Canon imageCLASS D1370;EXTERNAL COVERS, PANELS, ETC.(MF6880,MF6780,D1300,DPC995 Series) 2;FC9-2055-000;COVER, RIGHT;
Canon;Canon imageCLASS D1370;EXTERNAL COVERS, PANELS, ETC.(MF6880,MF6780,D1300,DPC995 Series) 2;FC9-2056-000;COVER, REAR RIGHT;
Canon;Canon imageCLASS D1370;EXTERNAL COVERS, PANELS, ETC.(MF6880,MF6780,D1300,DPC995 Series) 2;FC0-4169-000;COVER, RIGHT, UPPER;
Canon;Canon imageCLASS D1370;EXTERNAL COVERS, PANELS, ETC.(MF6880,MF6780,D1300,DPC995 Series) 2;FC9-8944-000;ELIMINATOR, STATIC CHARGE;
Canon;Canon imageCLASS D1370;EXTERNAL COVERS, PANELS, ETC.(MF6880,MF6780,D1300,DPC995 Series) 2;FC9-2166-000;SHEET, ELES. PREVENTION;
Canon;Canon imageCLASS D1370;EXTERNAL COVERS, PANELS, ETC.(MF6880,MF6780,D1300,DPC995 Series) 2;FC9-8934-000;LABEL, HIGH TMP. CAUTION;
Canon;Canon imageCLASS D1370;EXTERNAL COVERS, PANELS, ETC.(MF6880,MF6780,D1300,DPC995 Series) 2;FC9-8943-000;LABEL, HIGH TMP. CAUTION;
Canon;Canon imageCLASS D1370;EXTERNAL COVERS, PANELS, ETC.(MF6880,MF6780,D1300,DPC995 Series) 2;FC0-3196-000;LABEL, USB;EXCEPT DPC995
Canon;Canon imageCLASS D1370;EXTERNAL COVERS, PANELS, ETC.(MF6880,MF6780,D1300,DPC995 Series) 2;FU7-8091-000;LABEL,GROUNDING CAUTION;JP
Canon;Canon imageCLASS D1370;EXTERNAL COVERS, PANELS, ETC.(MF6880,MF6780,D1300,DPC995 Series) 2;HB1-5537-000;SHEET,BLANKING;
Canon;Canon imageCLASS D1370;EXTERNAL COVERS, PANELS, ETC.(MF6880,MF6780,D1300,DPC995 Series) 2;FC9-4897-000;LABEL, SIZE EXCHANGE;
Canon;Canon imageCLASS D1370;EXTERNAL COVERS, PANELS, ETC.(MF6880,MF6780,D1300,DPC995 Series) 2;XA9-1671-000;SCREW, D, M3X8;
Canon;Canon imageCLASS D1370;EXTERNAL COVERS, PANELS, ETC.(MF6880,MF6780,D1300,DPC995 Series) 2;FC0-6761-000;LABEL, SIZE, MANUAL FEED;JP
Canon;Canon imageCLASS D1370;EXTERNAL COVERS, PANELS, ETC.(MF6880,MF6780,D1300,DPC995 Series) 2;FC9-7005-000;LABEL, SIZE, MANUAL FEED;EXCEPT JP
Canon;Canon imageCLASS D1370;EXTERNAL COVERS, PANELS, ETC.(MF6880,MF6780,D1300,DPC995 Series) 2;FM1-D779-000;REAR COVER ASSEMBLY;MF6880dw
Canon;Canon imageCLASS D1370;EXTERNAL COVERS, PANELS, ETC.(MF6880,MF6780,D1300,DPC995 Series) 2;FM0-3613-000;REAR COVER ASSEMBLY;EXCEPT MF6880dw
Canon;Canon imageCLASS D1370;EXTERNAL COVERS, PANELS, ETC.(MF6880,MF6780,D1300,DPC995 Series) 2;FM4-9829-000;EXPANSION TRAY ASSEMBLY;JP
Canon;Canon imageCLASS D1370;EXTERNAL COVERS, PANELS, ETC.(MF6880,MF6780,D1300,DPC995 Series) 2;FM3-9793-000;EXPANSION TRAY ASSEMBLY;EXCEPT JP
Canon;Canon imageCLASS D1370;EXTERNAL COVERS, PANELS, ETC.(MF6880,MF6780,D1300,DPC995 Series) 2;FM4-9783-000;INNER COVER ASSEMBLY;
Canon;Canon imageCLASS D1370;EXTERNAL COVERS, PANELS, ETC.(MF6880,MF6780,D1300,DPC995 Series) 2;FC9-2016-000;COVER, FRONT, LOWER;
Canon;Canon imageCLASS D1370;EXTERNAL COVERS, PANELS, ETC.(MF6880,MF6780,D1300,DPC995 Series) 2;FM1-C357-000;CONTROL PANEL ASSEMBLY;MF6880dw
Canon;Canon imageCLASS D1370;EXTERNAL COVERS, PANELS, ETC.(MF6880,MF6780,D1300,DPC995 Series) 2;FM4-9772-010;CONTROL PANEL ASSEMBLY;MF6780dw
Canon;Canon imageCLASS D1370;EXTERNAL COVERS, PANELS, ETC.(MF6880,MF6780,D1300,DPC995 Series) 2;FM4-9773-010;CONTROL PANEL ASSEMBLY;D1380
Canon;Canon imageCLASS D1370;EXTERNAL COVERS, PANELS, ETC.(MF6880,MF6780,D1300,DPC995 Series) 2;FM4-9770-010;CONTROL PANEL ASSEMBLY;D1370
Canon;Canon imageCLASS D1370;EXTERNAL COVERS, PANELS, ETC.(MF6880,MF6780,D1300,DPC995 Series) 2;FM4-9774-010;CONTROL PANEL ASSEMBLY;D1350 TW
Canon;Canon imageCLASS D1370;EXTERNAL COVERS, PANELS, ETC.(MF6880,MF6780,D1300,DPC995 Series) 2;FM4-9771-010;CONTROL PANEL ASSEMBLY;D1350 US,CA,LTN
Canon;Canon imageCLASS D1370;EXTERNAL COVERS, PANELS, ETC.(MF6880,MF6780,D1300,DPC995 Series) 2;FM4-9775-000;CONTROL PANEL ASSEMBLY;D1320
Canon;Canon imageCLASS D1370;EXTERNAL COVERS, PANELS, ETC.(MF6880,MF6780,D1300,DPC995 Series) 2;FM4-9776-000;CONTROL PANEL ASSEMBLY;DPC995
Canon;Canon imageCLASS D1370;EXTERNAL COVERS, PANELS, ETC.(MF6880,MF6780,D1300,DPC995 Series) 2;FM3-9816-000;HINGE ASSEMBLY;
Canon;Canon imageCLASS D1370;EXTERNAL COVERS, PANELS, ETC.(MF6880,MF6780,D1300,DPC995 Series) 2;FC0-4143-000;COVER, ONE-TOUCH;FAX model JP
Canon;Canon imageCLASS D1370;EXTERNAL COVERS, PANELS, ETC.(MF6880,MF6780,D1300,DPC995 Series) 2;FC0-4141-000;COVER, ONE-TOUCH;FAX model US D1370
Canon;Canon imageCLASS D1370;EXTERNAL COVERS, PANELS, ETC.(MF6880,MF6780,D1300,DPC995 Series) 2;FC0-4142-000;COVER, ONE-TOUCH;FAX model US,CA, LTN D1350
Canon;Canon imageCLASS D1370;EXTERNAL COVERS, PANELS, ETC.(MF6880,MF6780,D1300,DPC995 Series) 2;FC0-4144-000;COVER, ONE-TOUCH;FAX model CN
Canon;Canon imageCLASS D1370;EXTERNAL COVERS, PANELS, ETC.(MF6880,MF6780,D1300,DPC995 Series) 2;FC0-4145-000;COVER, ONE-TOUCH;FAX model TW
Canon;Canon imageCLASS D1370;EXTERNAL COVERS, PANELS, ETC.(MF6880,MF6780,D1300,DPC995 Series) 2;FC0-3108-000;COVER, ONE-TOUCH;EXCEPT FAX model
Canon;Canon imageCLASS D1370;EXTERNAL COVERS, PANELS, ETC.(MF6880,MF6780,D1300,DPC995 Series) 2;RC2-6273-000;HINGE, MULTI-PURPOSE, RIGHT;
Canon;Canon imageCLASS D1370;EXTERNAL COVERS, PANELS, ETC.(MF6880,MF6780,D1300,DPC995 Series) 2;RC2-8291-000;HINGE, MULTI-PURPOSE, LEFT;
Canon;Canon imageCLASS D1370;EXTERNAL COVERS, PANELS, ETC.(MF6880,MF6780,D1300,DPC995 Series) 2;RM1-6427-000;MP LIFTING PLATE ASSEMBLY;
Canon;Canon imageCLASS D1370;EXTERNAL COVERS, PANELS, ETC.(MF6880,MF6780,D1300,DPC995 Series) 2;RU5-2895-000;SPRING, TENSION;
Canon;Canon imageCLASS D1370;EXTERNAL COVERS, PANELS, ETC.(MF6880,MF6780,D1300,DPC995 Series) 2;RM1-6441-000;DUPLEXING PAPER FEED ASSY;
Canon;Canon imageCLASS D1370;EXTERNAL COVERS, PANELS, ETC.(MF6880,MF6780,D1300,DPC995 Series) 2;FE2-2412-000;LABEL, CARTRIDGE;CN
Canon;Canon imageCLASS D1370;EXTERNAL COVERS, PANELS, ETC.(MF6880,MF6780,D1300,DPC995 Series) 2;FE3-3780-000;LABEL, PORT;FAX model JP
Canon;Canon imageCLASS D1370;INTERNAL COMPONENTS 1;RM1-6421-000;MAIN DRIVE ASSY;MF5900 Series
Canon;Canon imageCLASS D1370;INTERNAL COMPONENTS 1;FM3-9797-000;MAIN DRIVE ASSEMBLY;MF6880, MF6780, D1300,DPC995 Series
Canon;Canon imageCLASS D1370;INTERNAL COMPONENTS 1;FM3-9088-000;FIXING ASSY;100V H201, PS915, TH201 , TP1
Canon;Canon imageCLASS D1370;INTERNAL COMPONENTS 1;RM1-6405-000;FIXING ASSY;120V H201, PS915, TH201 , TP1
Canon;Canon imageCLASS D1370;INTERNAL COMPONENTS 1;RM1-6406-000;FIXING ASSY;230V H2010, PS9150, TH2010, TP11
Canon;Canon imageCLASS D1370;INTERNAL COMPONENTS 1;RM1-7691-000;PAPER RETAINING DELIVERY ASSY;
Canon;Canon imageCLASS D1370;INTERNAL COMPONENTS 1;RM1-6445-000;REVERSE SENSOR ASSY;PS201
Canon;Canon imageCLASS D1370;INTERNAL COMPONENTS 1;XA9-1503-000;SCREW, TAP, M3X6;
Canon;Canon imageCLASS D1370;INTERNAL COMPONENTS 1;XA9-1671-000;SCREW, D, M3X8;
Canon;Canon imageCLASS D1370;INTERNAL COMPONENTS 1;RU6-2610-000;SPRING, COMPRESSION;
Canon;Canon imageCLASS D1370;INTERNAL COMPONENTS 1;RL1-2111-000;FACE-DOWN ROLLER UNIT;
Canon;Canon imageCLASS D1370;INTERNAL COMPONENTS 1;RL1-2112-000;ROLLER, FACE-DOWN;
Canon;Canon imageCLASS D1370;INTERNAL COMPONENTS 1;RC2-6237-000;BUSHING;
Canon;Canon imageCLASS D1370;INTERNAL COMPONENTS 2;RC2-6130-000;ROLLER, CASSETTE PAPER PICK-UP;
Canon;Canon imageCLASS D1370;INTERNAL COMPONENTS 2;XA9-0994-000;SCREW, TP, M4X6;
Canon;Canon imageCLASS D1370;INTERNAL COMPONENTS 2;RU5-2898-000;SPRING, TENSION;
Canon;Canon imageCLASS D1370;INTERNAL COMPONENTS 2;RL1-2115-000;PAD, MULTI-PURPOSE SEPARATION;
Canon;Canon imageCLASS D1370;INTERNAL COMPONENTS 2;RM1-1301-000;PAPER PICK-UP GEAR ASSY;
Canon;Canon imageCLASS D1370;INTERNAL COMPONENTS 2;RM1-6350-000;MULTI-PURPOSE SENSOR PCB ASSY;PS202
Canon;Canon imageCLASS D1370;INTERNAL COMPONENTS 2;RM1-6378-000;MAIN MOTOR ASSY;M201
Canon;Canon imageCLASS D1370;INTERNAL COMPONENTS 2;RM1-6414-000;PAPER PICK-UP ROLLER ASSY;
Canon;Canon imageCLASS D1370;INTERNAL COMPONENTS 2;XA9-1671-000;SCREW, D, M3X8;
Canon;Canon imageCLASS D1370;INTERNAL COMPONENTS 2;FM4-9787-000;MAIN SWITCH UNIT;MF6880dw, MF6780dw SW10
Canon;Canon imageCLASS D1370;INTERNAL COMPONENTS 2;FM4-5367-000;MAIN SWITCH UNIT;EXCEPT MF6880dw, MF6780dw SW1
Canon;Canon imageCLASS D1370;INTERNAL COMPONENTS 2;FM4-9055-000;INLET CABLE ASSEMBLY;MF6880dw, MF6780dw P10
Canon;Canon imageCLASS D1370;INTERNAL COMPONENTS 2;FM4-5386-000;INLET CABLE ASSEMBLY;EXCEPT MF6880dw, MF6780dw P1
Canon;Canon imageCLASS D1370;INTERNAL COMPONENTS 3;RM1-6402-000;PAPER FEED GUIDE ASSY;
Canon;Canon imageCLASS D1370;INTERNAL COMPONENTS 3;FM4-1659-000;REGISTRATION ASSY;
Canon;Canon imageCLASS D1370;INTERNAL COMPONENTS 3;RM1-6424-000;SCANNER ASSY;M202
Canon;Canon imageCLASS D1370;INTERNAL COMPONENTS 3;XA9-1420-000;SCREW, W/WASHER, M3X8;
Canon;Canon imageCLASS D1370;INTERNAL COMPONENTS 3;XA9-1671-000;SCREW, D, M3X8;
Canon;Canon imageCLASS D1370;INTERNAL COMPONENTS 3;FK3-0730-000;CABLE, FLAT;
Canon;Canon imageCLASS D1370;INTERNAL COMPONENTS 3;RM1-6450-000;TRANSFER ROLLER ASSY;
Canon;Canon imageCLASS D1370;INTERNAL COMPONENTS 4;FC9-2142-000;PLATE, USB GROUNDING;
Canon;Canon imageCLASS D1370;INTERNAL COMPONENTS 4;FK2-2064-000;FAN;FM201
Canon;Canon imageCLASS D1370;INTERNAL COMPONENTS 4;FK3-0732-000;FAN;FM03
Canon;Canon imageCLASS D1370;INTERNAL COMPONENTS 4;FM4-3989-000;USB PCB ASSEMBLY;
Canon;Canon imageCLASS D1370;INTERNAL COMPONENTS 4;FM4-9009-010;ENGINE CONTROLLER PCB ASSY;MF6100, MF5900 Series 120V
Canon;Canon imageCLASS D1370;INTERNAL COMPONENTS 4;FM4-9010-000;ENGINE CONTROLLER PCB ASSY;MF6100, MF5900 Series 230V
Canon;Canon imageCLASS D1370;INTERNAL COMPONENTS 4;FM4-9011-000;ENGINE CONTROLLER PCB ASSY;EXCEPT MF6100, MF5900 Series 100V, 120V
Canon;Canon imageCLASS D1370;INTERNAL COMPONENTS 4;FM4-9012-000;ENGINE CONTROLLER PCB ASSY;EXCEPT MF6100, MF5900 Series 230V
Canon;Canon imageCLASS D1370;INTERNAL COMPONENTS 4;RK2-2729-000;SOLENOID;SL201
Canon;Canon imageCLASS D1370;INTERNAL COMPONENTS 4;RK2-2731-000;SOLENOID;SL203
Canon;Canon imageCLASS D1370;INTERNAL COMPONENTS 4;RK2-2733-000;SOLENOID;SL202
Canon;Canon imageCLASS D1370;INTERNAL COMPONENTS 4;RL1-2120-000;ROLLER,MULTI-PURPOSE PICK-UP;
Canon;Canon imageCLASS D1370;INTERNAL COMPONENTS 4;RM1-4275-000;PAPER PICK-UP GEAR ASSY;
Canon;Canon imageCLASS D1370;INTERNAL COMPONENTS 4;RM1-6423-000;REVERSE DRIVE ASSY;
Canon;Canon imageCLASS D1370;INTERNAL COMPONENTS 4;VS1-7177-003;CONNECTOR, SNAP TIGHT, BK;
Canon;Canon imageCLASS D1370;INTERNAL COMPONENTS 4;WC4-5171-000;MICROSWITCH;SW2
Canon;Canon imageCLASS D1370;INTERNAL COMPONENTS 4;XA9-1671-000;SCREW, D, M3X8;
Canon;Canon imageCLASS D1370;INTERNAL COMPONENTS 4;FC9-8942-000;SHEET, PROTECTIVE;
Canon;Canon imageCLASS D1370;INTERNAL COMPONENTS 4;FM4-1605-000;CONNECTING PCB ASSY;
Canon;Canon imageCLASS D1370;INTERNAL COMPONENTS 4;XA9-1503-000;SCREW, TAP, M3X6;
Canon;Canon imageCLASS D1370;INTERNAL COMPONENTS 4;RC2-1568-000;PLATE, GROUNDING;MF6100, MF5900 Series
Canon;Canon imageCLASS D1370;INTERNAL COMPONENTS 5;FC0-3182-000;SHEET, CABLE PROTECTION;FAX model
Canon;Canon imageCLASS D1370;INTERNAL COMPONENTS 5;XA9-1671-000;SCREW, D, M3X8;
Canon;Canon imageCLASS D1370;INTERNAL COMPONENTS 5;FK3-1826-000;SPEAKER;FAX model SP202
Canon;Canon imageCLASS D1370;INTERNAL COMPONENTS 5;FK3-1626-000;BATTERY, NI-MH;FAX model
Canon;Canon imageCLASS D1370;INTERNAL COMPONENTS 5;FM4-8967-000;P-CI PCB ASSEMBLY;FAX model MF6880dw, MF6780dw
Canon;Canon imageCLASS D1370;INTERNAL COMPONENTS 5;FM4-8968-000;OFFHOOK PCB ASSEMBLY;FAX model EXCEPT MF6880dw, MF6780dw
Canon;Canon imageCLASS D1370;INTERNAL COMPONENTS 5;FM1-E999-000;MAIN CONTROLLER PCB ASSEMBLY;MF6880dw
Canon;Canon imageCLASS D1370;INTERNAL COMPONENTS 5;FM4-9214-000;MAIN CONTROLLER PCB ASSEMBLY;MF6780dw
Canon;Canon imageCLASS D1370;INTERNAL COMPONENTS 5;FM1-E990-000;MAIN CONTROLLER PCB ASSEMBLY;MF6180dw
Canon;Canon imageCLASS D1370;INTERNAL COMPONENTS 5;FM1-E991-000;MAIN CONTROLLER PCB ASSEMBLY;MF6160dw
Canon;Canon imageCLASS D1370;INTERNAL COMPONENTS 5;FM4-9211-000;MAIN CONTROLLER PCB ASSEMBLY;MF5980dw
Canon;Canon imageCLASS D1370;INTERNAL COMPONENTS 5;FM4-9209-000;MAIN CONTROLLER PCB ASSEMBLY;MF5960dn
Canon;Canon imageCLASS D1370;INTERNAL COMPONENTS 5;FM4-9210-000;MAIN CONTROLLER PCB ASSEMBLY;MF5950dw
Canon;Canon imageCLASS D1370;INTERNAL COMPONENTS 5;FM4-9208-000;MAIN CONTROLLER PCB ASSEMBLY;MF5940dn
Canon;Canon imageCLASS D1370;INTERNAL COMPONENTS 5;FM4-9207-000;MAIN CONTROLLER PCB ASSEMBLY;MF5930dn
Canon;Canon imageCLASS D1370;INTERNAL COMPONENTS 5;FM4-9212-000;MAIN CONTROLLER PCB ASSEMBLY;D1380
Canon;Canon imageCLASS D1370;INTERNAL COMPONENTS 5;FM4-9213-000;MAIN CONTROLLER PCB ASSEMBLY;D1370
Canon;Canon imageCLASS D1370;INTERNAL COMPONENTS 5;FM4-8947-000;MAIN CONTROLLER PCB ASSEMBLY;D1350
Canon;Canon imageCLASS D1370;INTERNAL COMPONENTS 5;FM4-8946-000;MAIN CONTROLLER PCB ASSEMBLY;D1320
Canon;Canon imageCLASS D1370;INTERNAL COMPONENTS 5;FM4-8945-000;MAIN CONTROLLER PCB ASSEMBLY;DPC995
Canon;Canon imageCLASS D1370;INTERNAL COMPONENTS 5;FM4-8963-000;NCU PCB ASSEMBLY;FAX model JP
Canon;Canon imageCLASS D1370;INTERNAL COMPONENTS 5;FM4-8965-000;NCU PCB ASSEMBLY;FAX model EUR
Canon;Canon imageCLASS D1370;INTERNAL COMPONENTS 5;FM4-8964-000;NCU PCB ASSEMBLY;FAX model EXCEPT JP,EUR, MF6180dw, MF6160dw
Canon;Canon imageCLASS D1370;INTERNAL COMPONENTS 5;FM1-E992-000;NCU PCB ASSEMBLY;FAX model MF6180dw, MF6160dw
Canon;Canon imageCLASS D1370;INTERNAL COMPONENTS 5;FK3-1820-000;CABLE, FLAT;FAX model EXCEPT MF6180dw, MF6160dw
Canon;Canon imageCLASS D1370;INTERNAL COMPONENTS 5;FK4-1145-000;CABLE, FLAT;FAX model MF6180dw, MF6160dw
Canon;Canon imageCLASS D1370;INTERNAL COMPONENTS 5;FM4-9008-000;ARRESTOR PCB ASSEMBLY;MF6780dw
Canon;Canon imageCLASS D1370;INTERNAL COMPONENTS 5;FK3-1821-000;CABLE, FLAT;WIRELESS model
Canon;Canon imageCLASS D1370;INTERNAL COMPONENTS 5;FM4-9831-000;WIRELESS LAN PCB ASSEMBLY;WIRELESS model
Canon;Canon imageCLASS D1370;INTERNAL COMPONENTS 6 (MF6100,MF5900 Series);FM0-4723-000;CASSETTE ASSY;
Canon;Canon imageCLASS D1370;INTERNAL COMPONENTS 6 (MF6100,MF5900 Series);RM1-6397-000;SEPARATION PAD HOLDER ASSY;
Canon;Canon imageCLASS D1370;INTERNAL COMPONENTS 6 (MF6100,MF5900 Series);XA9-1671-000;SCREW, D, M3X8;
Canon;Canon imageCLASS D1370;INTERNAL COMPONENTS 6 (MF6880,MF6780,D1300,DPC995 Series);FC9-2068-000;GUIDE, CASSETTE, RIGHT;
Canon;Canon imageCLASS D1370;INTERNAL COMPONENTS 6 (MF6880,MF6780,D1300,DPC995 Series);FC9-2069-000;GUIDE, CASSETTE, LEFT;
Canon;Canon imageCLASS D1370;INTERNAL COMPONENTS 6 (MF6880,MF6780,D1300,DPC995 Series);FC9-2071-000;SPRING, LEAF;
Canon;Canon imageCLASS D1370;INTERNAL COMPONENTS 6 (MF6880,MF6780,D1300,DPC995 Series);FC9-4891-000;LABEL, EXCHANGE CONTROL PANEL;
Canon;Canon imageCLASS D1370;INTERNAL COMPONENTS 6 (MF6880,MF6780,D1300,DPC995 Series);XA9-1671-000;SCREW, D, M3X8;
Canon;Canon imageCLASS D1370;INTERNAL COMPONENTS 6 (MF6880,MF6780,D1300,DPC995 Series);FM3-9798-000;CASSETTE ASSEMBLY;
Canon;Canon imageCLASS D1370;INTERNAL COMPONENTS 6 (MF6880,MF6780,D1300,DPC995 Series);RM1-6454-000;SEPARATION PAD ASSY;
Canon;Canon imageCLASS D1370;READER/ADF ASSEMBLY (MF6100,MF5900 Series);FC7-6189-000;ROLLER, PICK-UP;
Canon;Canon imageCLASS D1370;READER/ADF ASSEMBLY (MF6100,MF5900 Series);FC7-6320-000;BUSHING;
Canon;Canon imageCLASS D1370;READER/ADF ASSEMBLY (MF6100,MF5900 Series);FC7-6321-000;FLAG, DOCUMENT SCANNER;
Canon;Canon imageCLASS D1370;READER/ADF ASSEMBLY (MF6100,MF5900 Series);FM4-1876-000;DOCUMENT TRAY ASSEMBLY;
Canon;Canon imageCLASS D1370;READER/ADF ASSEMBLY (MF6100,MF5900 Series);FC9-1494-000;LABEL, COPY PROHIBITION;US,CA, LTN,EUR
Canon;Canon imageCLASS D1370;READER/ADF ASSEMBLY (MF6100,MF5900 Series);FC9-5111-000;LABEL, COPY PROHIBITION;LTN,SG, AU,CN,KR
Canon;Canon imageCLASS D1370;READER/ADF ASSEMBLY (MF6100,MF5900 Series);VS1-7177-002;CONNECTOR, SNAP TIGHT, BK;
Canon;Canon imageCLASS D1370;READER/ADF ASSEMBLY (MF6100,MF5900 Series);FC9-1532-000;COVER, REAR;
Canon;Canon imageCLASS D1370;READER/ADF ASSEMBLY (MF6100,MF5900 Series);FC9-1533-000;COVER, FRONT UPPER;
Canon;Canon imageCLASS D1370;READER/ADF ASSEMBLY (MF6100,MF5900 Series);VS1-7207-004;CONNECTOR, SNAP TIGHT, BK;
Canon;Canon imageCLASS D1370;READER/ADF ASSEMBLY (MF6100,MF5900 Series);FC9-1535-000;TRAY, SUB DOCUMENT;
Canon;Canon imageCLASS D1370;READER/ADF ASSEMBLY (MF6100,MF5900 Series);FC9-1536-000;PANEL, OPEN/CLOSE;
Canon;Canon imageCLASS D1370;READER/ADF ASSEMBLY (MF6100,MF5900 Series);FC9-1539-000;SHEET, WHITE;
Canon;Canon imageCLASS D1370;READER/ADF ASSEMBLY (MF6100,MF5900 Series);FC9-5109-000;PLATE, PAPER SIZE;A SIZE
Canon;Canon imageCLASS D1370;READER/ADF ASSEMBLY (MF6100,MF5900 Series);FC9-7575-000;PLATE, PAPER SIZE;INCH/A SIZE
Canon;Canon imageCLASS D1370;READER/ADF ASSEMBLY (MF6100,MF5900 Series);FC9-7576-000;PLATE, PAPER SIZE;INCH/AB SIZE
Canon;Canon imageCLASS D1370;READER/ADF ASSEMBLY (MF6100,MF5900 Series);FC9-5655-000;TRAY, SUB;
Canon;Canon imageCLASS D1370;READER/ADF ASSEMBLY (MF6100,MF5900 Series);HU1-1022-000;BUSHING;
Canon;Canon imageCLASS D1370;READER/ADF ASSEMBLY (MF6100,MF5900 Series);XA9-0831-000;SCREW,M3X10;
Canon;Canon imageCLASS D1370;READER/ADF ASSEMBLY (MF6100,MF5900 Series);FC9-7563-000;LABEL, SIZE INDEX;A SIZE
Canon;Canon imageCLASS D1370;READER/ADF ASSEMBLY (MF6100,MF5900 Series);FC9-7562-000;LABEL, SIZE INDEX;INCH/A SIZE
Canon;Canon imageCLASS D1370;READER/ADF ASSEMBLY (MF6100,MF5900 Series);FC9-7564-000;LABEL, SIZE INDEX;INCH/AB SIZE
Canon;Canon imageCLASS D1370;READER/ADF ASSEMBLY (MF6100,MF5900 Series);FC9-7567-000;LABEL, GLASS CLEANING;A SIZE
Canon;Canon imageCLASS D1370;READER/ADF ASSEMBLY (MF6100,MF5900 Series);FC9-7566-000;LABEL, GLASS CLEANING;INCH/A SIZE
Canon;Canon imageCLASS D1370;READER/ADF ASSEMBLY (MF6100,MF5900 Series);FC9-7568-000;LABEL, GLASS CLEANING;INCH/AB SIZE
Canon;Canon imageCLASS D1370;READER/ADF ASSEMBLY (MF6100,MF5900 Series);FL2-6637-000;ROLLER, SEPARATION;[DP]
Canon;Canon imageCLASS D1370;READER/ADF ASSEMBLY (MF6100,MF5900 Series);FL3-2453-000;HINGE, ADF;
Canon;Canon imageCLASS D1370;READER/ADF ASSEMBLY (MF6100,MF5900 Series);FL3-3539-000;HOLDER, DOCUMENT,RELEASE SHEET;
Canon;Canon imageCLASS D1370;READER/ADF ASSEMBLY (MF6100,MF5900 Series);FM3-9538-000;SEPARATION ROLLER ASSEMBLY;
Canon;Canon imageCLASS D1370;READER/ADF ASSEMBLY (MF6100,MF5900 Series);HC1-0586-000;RETAINING RING;
Canon;Canon imageCLASS D1370;READER/ADF ASSEMBLY (MF6100,MF5900 Series);FU7-0672-000;GEAR, 24T;
Canon;Canon imageCLASS D1370;READER/ADF ASSEMBLY (MF6100,MF5900 Series);FU7-2018-000;SPRING, COMPRESSION;
Canon;Canon imageCLASS D1370;READER/ADF ASSEMBLY (MF6100,MF5900 Series);FM4-1883-000;PAPER FEED GUIDE ASSEMBLY;
Canon;Canon imageCLASS D1370;READER/ADF ASSEMBLY (MF6880,MF6780,D1300,DPC995 Series);FC7-6189-000;ROLLER, PICK-UP;
Canon;Canon imageCLASS D1370;READER/ADF ASSEMBLY (MF6880,MF6780,D1300,DPC995 Series);FC7-6320-000;BUSHING;
Canon;Canon imageCLASS D1370;READER/ADF ASSEMBLY (MF6880,MF6780,D1300,DPC995 Series);FC7-6321-000;FLAG, DOCUMENT SCANNER;
Canon;Canon imageCLASS D1370;READER/ADF ASSEMBLY (MF6880,MF6780,D1300,DPC995 Series);VS1-7177-002;CONNECTOR, SNAP TIGHT, BK;
Canon;Canon imageCLASS D1370;READER/ADF ASSEMBLY (MF6880,MF6780,D1300,DPC995 Series);FC9-1496-000;COVER, ADF, FRONT LOWER;
Canon;Canon imageCLASS D1370;READER/ADF ASSEMBLY (MF6880,MF6780,D1300,DPC995 Series);FC9-1497-000;COVER, ADF, FRONT UPPER;DPC995
Canon;Canon imageCLASS D1370;READER/ADF ASSEMBLY (MF6880,MF6780,D1300,DPC995 Series);FC9-4998-000;COVER, ADF, FRONT UPPER;EXCEPT DPC995
Canon;Canon imageCLASS D1370;READER/ADF ASSEMBLY (MF6880,MF6780,D1300,DPC995 Series);FC9-1486-000;PLATE, PAPER SIZE;INCH/A SIZE
Canon;Canon imageCLASS D1370;READER/ADF ASSEMBLY (MF6880,MF6780,D1300,DPC995 Series);FC9-5110-000;PLATE, PAPER SIZE;INCH/AB SIZE
Canon;Canon imageCLASS D1370;READER/ADF ASSEMBLY (MF6880,MF6780,D1300,DPC995 Series);FC9-5115-000;PLATE, PAPER SIZE;A/B SIZE
Canon;Canon imageCLASS D1370;READER/ADF ASSEMBLY (MF6880,MF6780,D1300,DPC995 Series);FC9-1494-000;LABEL, COPY PROHIBITION;US,CA,LTN
Canon;Canon imageCLASS D1370;READER/ADF ASSEMBLY (MF6880,MF6780,D1300,DPC995 Series);FC9-5111-000;LABEL, COPY PROHIBITION;JP,TW,CN
Canon;Canon imageCLASS D1370;READER/ADF ASSEMBLY (MF6880,MF6780,D1300,DPC995 Series);FC9-1499-000;SHEET, WHITE;
Canon;Canon imageCLASS D1370;READER/ADF ASSEMBLY (MF6880,MF6780,D1300,DPC995 Series);VS1-7207-004;CONNECTOR, SNAP TIGHT, BK;
Canon;Canon imageCLASS D1370;READER/ADF ASSEMBLY (MF6880,MF6780,D1300,DPC995 Series);XA9-0831-000;SCREW,M3X10;
Canon;Canon imageCLASS D1370;READER/ADF ASSEMBLY (MF6880,MF6780,D1300,DPC995 Series);HU1-1022-000;BUSHING;
Canon;Canon imageCLASS D1370;READER/ADF ASSEMBLY (MF6880,MF6780,D1300,DPC995 Series);FC9-1504-000;PANEL, OPEN/CLOSE;DPC995
Canon;Canon imageCLASS D1370;READER/ADF ASSEMBLY (MF6880,MF6780,D1300,DPC995 Series);FC9-4999-000;PANEL, OPEN/CLOSE;EXCEPT DPC995
Canon;Canon imageCLASS D1370;READER/ADF ASSEMBLY (MF6880,MF6780,D1300,DPC995 Series);FU7-8987-000;LABEL, GLASS CLEANING;INCH/A SIZE
Canon;Canon imageCLASS D1370;READER/ADF ASSEMBLY (MF6880,MF6780,D1300,DPC995 Series);FU7-8988-000;LABEL, GLASS CLEANING;INCH/AB SIZE
Canon;Canon imageCLASS D1370;READER/ADF ASSEMBLY (MF6880,MF6780,D1300,DPC995 Series);FU7-8986-000;LABEL, GLASS CLEANING;A/B SIZE MF6780dw
Canon;Canon imageCLASS D1370;READER/ADF ASSEMBLY (MF6880,MF6780,D1300,DPC995 Series);FU7-8990-000;LABEL, GLASS CLEANING;A/B SIZE DPC995
Canon;Canon imageCLASS D1370;READER/ADF ASSEMBLY (MF6880,MF6780,D1300,DPC995 Series);FC9-5660-000;CUSHION;
Canon;Canon imageCLASS D1370;READER/ADF ASSEMBLY (MF6880,MF6780,D1300,DPC995 Series);FC9-5661-000;CUSHION;
Canon;Canon imageCLASS D1370;READER/ADF ASSEMBLY (MF6880,MF6780,D1300,DPC995 Series);FL2-6637-000;ROLLER, SEPARATION;[DP]
Canon;Canon imageCLASS D1370;READER/ADF ASSEMBLY (MF6880,MF6780,D1300,DPC995 Series);FL3-3539-000;HOLDER, DOCUMENT,RELEASE SHEET;
Canon;Canon imageCLASS D1370;READER/ADF ASSEMBLY (MF6880,MF6780,D1300,DPC995 Series);FL3-1430-000;HINGE, ADF;
Canon;Canon imageCLASS D1370;READER/ADF ASSEMBLY (MF6880,MF6780,D1300,DPC995 Series);FL3-1439-000;ADF REAR COVER ASSY;
Canon;Canon imageCLASS D1370;READER/ADF ASSEMBLY (MF6880,MF6780,D1300,DPC995 Series);FM3-9534-000;DOCUMENT TRAY ASSEMBLY;DPC995
Canon;Canon imageCLASS D1370;READER/ADF ASSEMBLY (MF6880,MF6780,D1300,DPC995 Series);FM4-1888-000;DOCUMENT TRAY ASSEMBLY;EXCEPT DPC995
Canon;Canon imageCLASS D1370;READER/ADF ASSEMBLY (MF6880,MF6780,D1300,DPC995 Series);HC1-0586-000;RETAINING RING;
Canon;Canon imageCLASS D1370;READER/ADF ASSEMBLY (MF6880,MF6780,D1300,DPC995 Series);FM3-9538-000;SEPARATION ROLLER ASSEMBLY;
Canon;Canon imageCLASS D1370;READER/ADF ASSEMBLY (MF6880,MF6780,D1300,DPC995 Series);FU7-0672-000;GEAR, 24T;
Canon;Canon imageCLASS D1370;READER/ADF ASSEMBLY (MF6880,MF6780,D1300,DPC995 Series);FU7-2018-000;SPRING, COMPRESSION;
Canon;Canon imageCLASS D1370;READER/ADF ASSEMBLY (MF6880,MF6780,D1300,DPC995 Series);FM4-1883-000;PAPER FEED GUIDE ASSEMBLY;
Canon;Canon imageCLASS D1370;PAPER FEEDER ASSEMBLY;FC7-6052-010;RATCHET, PAPER FEED ROLLER;
Canon;Canon imageCLASS D1370;PAPER FEEDER ASSEMBLY;FC7-6182-000;LEVER, ROLLER RELEASE;
Canon;Canon imageCLASS D1370;PAPER FEEDER ASSEMBLY;FC7-6278-000;FLAPPER, PAPER DELIVERY;
Canon;Canon imageCLASS D1370;PAPER FEEDER ASSEMBLY;FC7-6281-000;SPRING, ARM;
Canon;Canon imageCLASS D1370;PAPER FEEDER ASSEMBLY;FC7-6297-000;PAD, SEPARATION;[DP]
Canon;Canon imageCLASS D1370;PAPER FEEDER ASSEMBLY;FC9-5654-000;SHEET, SEPARATION PAD;
Canon;Canon imageCLASS D1370;PAPER FEEDER ASSEMBLY;FC7-6299-000;HOLDER, SEPARATION PAD;
Canon;Canon imageCLASS D1370;PAPER FEEDER ASSEMBLY;FC7-6300-000;CLAMP, SEPARATION PAD;
Canon;Canon imageCLASS D1370;PAPER FEEDER ASSEMBLY;FC9-1512-000;LEVER, RELEASE;
Canon;Canon imageCLASS D1370;PAPER FEEDER ASSEMBLY;FL3-1431-000;ARM, SEPARATION SWING;
Canon;Canon imageCLASS D1370;PAPER FEEDER ASSEMBLY;FL3-1437-000;GUIDE LOWER ASSEMBLY;
Canon;Canon imageCLASS D1370;PAPER FEEDER ASSEMBLY;FM4-1885-000;PAPER FEED ROLLER ASSEMBLY;
Canon;Canon imageCLASS D1370;PAPER FEEDER ASSEMBLY;FM3-9541-000;PAPER DELIVERY ASSEMBLY;
Canon;Canon imageCLASS D1370;PAPER FEEDER ASSEMBLY;FM3-9542-000;DRIVE PLATE ASSEMBLY;
Canon;Canon imageCLASS D1370;PAPER FEEDER ASSEMBLY;FM3-9543-000;SOLENOID ASSEMBLY;SL701
Canon;Canon imageCLASS D1370;PAPER FEEDER ASSEMBLY;FM4-8853-000;MOTOR DRIVE ASSEMBLY;M702
Canon;Canon imageCLASS D1370;PAPER FEEDER ASSEMBLY;FM4-1873-000;GUIDE ASSEMBLY, UPPER;
Canon;Canon imageCLASS D1370;PAPER FEEDER ASSEMBLY;FL3-2458-000;PAPER DELIVERY ROLLER ASSY;
Canon;Canon imageCLASS D1370;PAPER FEEDER ASSEMBLY;FU5-6992-000;ROLLER, AUXILIARY;
Canon;Canon imageCLASS D1370;PAPER FEEDER ASSEMBLY;FU6-2998-000;SPRING, COMPRESSION;
Canon;Canon imageCLASS D1370;PAPER FEEDER ASSEMBLY;FU6-2999-000;SPRING, TENSION;
Canon;Canon imageCLASS D1370;PAPER FEEDER ASSEMBLY;FU7-0667-000;GEAR, 20T;
Canon;Canon imageCLASS D1370;PAPER FEEDER ASSEMBLY;FU7-0668-000;GEAR, 54T;
Canon;Canon imageCLASS D1370;PAPER FEEDER ASSEMBLY;FU7-0669-000;GEAR, 46T/23T;
Canon;Canon imageCLASS D1370;PAPER FEEDER ASSEMBLY;FU7-0671-000;GEAR, 36T;
Canon;Canon imageCLASS D1370;PAPER FEEDER ASSEMBLY;FU7-0676-000;GEAR, 21T/42T;
Canon;Canon imageCLASS D1370;PAPER FEEDER ASSEMBLY;FU7-0678-000;GEAR, 51T/17T;
Canon;Canon imageCLASS D1370;PAPER FEEDER ASSEMBLY;FU7-2016-000;SPRING, COMPRESSION;
Canon;Canon imageCLASS D1370;PAPER FEEDER ASSEMBLY;FU7-2021-000;SPRING, COMPRESSION;
Canon;Canon imageCLASS D1370;PAPER FEEDER ASSEMBLY;FU8-2008-000;SPRING, COMPRESSION;
Canon;Canon imageCLASS D1370;PAPER FEEDER ASSEMBLY;HC1-0586-000;RETAINING RING;
Canon;Canon imageCLASS D1370;PAPER FEEDER ASSEMBLY;HU1-1022-000;BUSHING;
Canon;Canon imageCLASS D1370;PAPER FEEDER ASSEMBLY;WG8-5696-000;PHOTO INTERRUPTER, TLP1243;PS702,PS703
Canon;Canon imageCLASS D1370;PAPER FEEDER ASSEMBLY;FC9-1537-000;PLATE, SEPARATION GUIDE;
Canon;Canon imageCLASS D1370;READER ASSEMBLY (MF6100,MF5900 Series);VS1-7177-004;CONNECTOR, SNAP TIGHT, BK;
Canon;Canon imageCLASS D1370;READER ASSEMBLY (MF6100,MF5900 Series);FL3-5850-000;CABLE, FLAT;
Canon;Canon imageCLASS D1370;READER ASSEMBLY (MF6100,MF5900 Series);FC9-7574-000;SPACER, CIS;
Canon;Canon imageCLASS D1370;READER ASSEMBLY (MF6100,MF5900 Series);FK3-1904-000;CONTACT IMAGE SENSOR;CIS
Canon;Canon imageCLASS D1370;READER ASSEMBLY (MF6100,MF5900 Series);FM0-3579-000;READER COVER UNIT;
Canon;Canon imageCLASS D1370;READER ASSEMBLY (MF6100,MF5900 Series);FM4-9070-000;DC MOTOR ASSEMBLY;M701
Canon;Canon imageCLASS D1370;READER ASSEMBLY (MF6100,MF5900 Series);WG8-5696-000;PHOTO INTERRUPTER, TLP1243;PS701
Canon;Canon imageCLASS D1370;READER ASSEMBLY (MF6100,MF5900 Series);XA9-0476-000;SCREW,TP M3X8;
Canon;Canon imageCLASS D1370;READER ASSEMBLY (MF6100,MF5900 Series);FK3-1907-000;CABLE, FLAT;
Canon;Canon imageCLASS D1370;READER ASSEMBLY (MF6100,MF5900 Series);FM0-3578-000;READER ASSEMBLY;MF6100, MF5900 Series
Canon;Canon imageCLASS D1370;READER ASSEMBLY (MF6880,MF6780,D1300,DPC995 Series);VS1-7177-004;CONNECTOR, SNAP TIGHT, BK;
Canon;Canon imageCLASS D1370;READER ASSEMBLY (MF6880,MF6780,D1300,DPC995 Series);FL3-5849-000;CABLE, FLAT;
Canon;Canon imageCLASS D1370;READER ASSEMBLY (MF6880,MF6780,D1300,DPC995 Series);FC9-7574-000;SPACER, CIS;
Canon;Canon imageCLASS D1370;READER ASSEMBLY (MF6880,MF6780,D1300,DPC995 Series);FK3-1904-000;CONTACT IMAGE SENSOR;CIS
Canon;Canon imageCLASS D1370;READER ASSEMBLY (MF6880,MF6780,D1300,DPC995 Series);FM4-9072-000;READER COVER UNIT;
Canon;Canon imageCLASS D1370;READER ASSEMBLY (MF6880,MF6780,D1300,DPC995 Series);FM4-9071-000;DC MOTOR ASSEMBLY;M701
Canon;Canon imageCLASS D1370;READER ASSEMBLY (MF6880,MF6780,D1300,DPC995 Series);WG8-5696-000;PHOTO INTERRUPTER, TLP1243;PS701
Canon;Canon imageCLASS D1370;READER ASSEMBLY (MF6880,MF6780,D1300,DPC995 Series);XA9-0476-000;SCREW,TP M3X8;
Canon;Canon imageCLASS D1370;READER ASSEMBLY (MF6880,MF6780,D1300,DPC995 Series);FK3-1908-000;CABLE, FLAT;
Canon;Canon imageCLASS D1370;READER ASSEMBLY (MF6880,MF6780,D1300,DPC995 Series);FC0-4177-000;SHEET, CABLE PROTECTION;
Canon;Canon imageCLASS D1370;READER ASSEMBLY (MF6880,MF6780,D1300,DPC995 Series);FM4-8841-000;READER ASSEMBLY;MF6880, MF6780, D1300, DPC995 Series
