Canon;Canon i-SENSYS MF4310;EXTERNAL COVERS, PANELS, ETC.(ADF model EXCEPT MF4370);FC6-5204-000;SHEET, HANDSET;
Canon;Canon i-SENSYS MF4310;EXTERNAL COVERS, PANELS, ETC.(ADF model EXCEPT MF4370);FC7-3565-000;COVER UNIT, FRONT;MF4300 Series
Canon;Canon i-SENSYS MF4310;EXTERNAL COVERS, PANELS, ETC.(ADF model EXCEPT MF4370);FC9-1296-000;COVER UNIT, FRONT;D400 Series
Canon;Canon i-SENSYS MF4310;EXTERNAL COVERS, PANELS, ETC.(ADF model EXCEPT MF4370);FL2-5620-000;HOLDER, DOCUMENT RELEASE SHEET;
Canon;Canon i-SENSYS MF4310;EXTERNAL COVERS, PANELS, ETC.(ADF model EXCEPT MF4370);FC7-3554-010;COVER, CRG;MF4300 Series
Canon;Canon i-SENSYS MF4310;EXTERNAL COVERS, PANELS, ETC.(ADF model EXCEPT MF4370);FC9-1281-000;COVER, CRG;D400 Series
Canon;Canon i-SENSYS MF4310;EXTERNAL COVERS, PANELS, ETC.(ADF model EXCEPT MF4370);XA9-1495-000;SCREW, RS, M3X6;
Canon;Canon i-SENSYS MF4310;EXTERNAL COVERS, PANELS, ETC.(ADF model EXCEPT MF4370);FC7-3561 -010;COVER, REAR;MF4350
Canon;Canon i-SENSYS MF4310;EXTERNAL COVERS, PANELS, ETC.(ADF model EXCEPT MF4370);FC7-3743-000;COVER, REAR;MF4330,D440
Canon;Canon i-SENSYS MF4310;EXTERNAL COVERS, PANELS, ETC.(ADF model EXCEPT MF4370);FC7-3566-010;COVER, RIGHT;EXCEPT JP
Canon;Canon i-SENSYS MF4310;EXTERNAL COVERS, PANELS, ETC.(ADF model EXCEPT MF4370);FC7-3744-000;COVER, RIGHT;JP
Canon;Canon i-SENSYS MF4310;EXTERNAL COVERS, PANELS, ETC.(ADF model EXCEPT MF4370);FM2-8923-000;LEFT COVER ASSY;EXCEPT JP
Canon;Canon i-SENSYS MF4310;EXTERNAL COVERS, PANELS, ETC.(ADF model EXCEPT MF4370);FM2-8924-000;LEFT COVER ASSY;JP
Canon;Canon i-SENSYS MF4310;EXTERNAL COVERS, PANELS, ETC.(ADF model EXCEPT MF4370);FC7-3648-000;SHEET, PAPER FEED;
Canon;Canon i-SENSYS MF4310;EXTERNAL COVERS, PANELS, ETC.(ADF model EXCEPT MF4370);FC7-3649-000;CAP, SHEET;MF4300 Series
Canon;Canon i-SENSYS MF4310;EXTERNAL COVERS, PANELS, ETC.(ADF model EXCEPT MF4370);FC9-1288-000;CAP, SHEET;D400 Series
Canon;Canon i-SENSYS MF4310;EXTERNAL COVERS, PANELS, ETC.(ADF model EXCEPT MF4370);FC7-3638-000;PLATE, PAPER SIZE;MF4350,4330 AB SIZE
Canon;Canon i-SENSYS MF4310;EXTERNAL COVERS, PANELS, ETC.(ADF model EXCEPT MF4370);FC7-3710-000;PLATE, PAPER SIZE;MF4350,4330 A SIZE
Canon;Canon i-SENSYS MF4310;EXTERNAL COVERS, PANELS, ETC.(ADF model EXCEPT MF4370);FC7-3711-000;PLATE, PAPER SIZE;MF4350,D440 A/INCH SIZE
Canon;Canon i-SENSYS MF4310;EXTERNAL COVERS, PANELS, ETC.(ADF model EXCEPT MF4370);FC7-3712-000;PLATE, PAPER SIZE;MF4352,4350,4330 AB/ INCH SIZE
Canon;Canon i-SENSYS MF4310;EXTERNAL COVERS, PANELS, ETC.(ADF model EXCEPT MF4370);FC7-3714-000;RETAINER, STAY;
Canon;Canon i-SENSYS MF4310;EXTERNAL COVERS, PANELS, ETC.(ADF model EXCEPT MF4370);FC7-3728-000;EMBLEM, LASER SHOT;EXCEPT JP
Canon;Canon i-SENSYS MF4310;EXTERNAL COVERS, PANELS, ETC.(ADF model EXCEPT MF4370);FC5-4820-000;EMBLEM, SATERA;JP
Canon;Canon i-SENSYS MF4310;EXTERNAL COVERS, PANELS, ETC.(ADF model EXCEPT MF4370);FC7-3821 -000;MAGNET;
Canon;Canon i-SENSYS MF4310;EXTERNAL COVERS, PANELS, ETC.(ADF model EXCEPT MF4370);FC7-3751-000;SHEET, GLASS CLEANING;MF4350,D440 US
Canon;Canon i-SENSYS MF4310;EXTERNAL COVERS, PANELS, ETC.(ADF model EXCEPT MF4370);FC7-3752-000;SHEET, GLASS CLEANING;MF4350,4330 EUR
Canon;Canon i-SENSYS MF4310;EXTERNAL COVERS, PANELS, ETC.(ADF model EXCEPT MF4370);FC7-3753-000;SHEET, GLASS CLEANING;MF4352 KR, MF4350, 4330 ASIA, AU, CN, JP,KR, TW
Canon;Canon i-SENSYS MF4310;EXTERNAL COVERS, PANELS, ETC.(ADF model EXCEPT MF4370);FM2-8870-000;DUPLEXING COVER UNIT;
Canon;Canon i-SENSYS MF4310;EXTERNAL COVERS, PANELS, ETC.(ADF model EXCEPT MF4370);FM2-8883-000;PAPER PICK-UP TRAY ASSY;MF4300 Series
Canon;Canon i-SENSYS MF4310;EXTERNAL COVERS, PANELS, ETC.(ADF model EXCEPT MF4370);FM3-9507-000;PAPER PICK-UP TRAY ASSY;D400 Series
Canon;Canon i-SENSYS MF4310;EXTERNAL COVERS, PANELS, ETC.(ADF model EXCEPT MF4370);FC7-3639-000;PLATE, EXTENSION;MF4300 Series
Canon;Canon i-SENSYS MF4310;EXTERNAL COVERS, PANELS, ETC.(ADF model EXCEPT MF4370);FC9-1299-000;PLATE, EXTENSION;D400 Series
Canon;Canon i-SENSYS MF4310;EXTERNAL COVERS, PANELS, ETC.(ADF model EXCEPT MF4370);FC7-3656-000;STOPER, PAPER;
Canon;Canon i-SENSYS MF4310;EXTERNAL COVERS, PANELS, ETC.(ADF model EXCEPT MF4370);FC7-3657-000;STOPER, CARD;
Canon;Canon i-SENSYS MF4310;EXTERNAL COVERS, PANELS, ETC.(ADF model EXCEPT MF4370);FM4-2004-000;CONTROL PANEL ASSY;MF4352 KR
Canon;Canon i-SENSYS MF4310;EXTERNAL COVERS, PANELS, ETC.(ADF model EXCEPT MF4370);FM3-8656-000;CONTROL PANEL ASSY;MF4350 US
Canon;Canon i-SENSYS MF4310;EXTERNAL COVERS, PANELS, ETC.(ADF model EXCEPT MF4370);FM3-8657-000;CONTROL PANEL ASSY;MF4350 EUR
Canon;Canon i-SENSYS MF4310;EXTERNAL COVERS, PANELS, ETC.(ADF model EXCEPT MF4370);FM3-8658-000;CONTROL PANEL ASSY;MF4350 ASIA,AU
Canon;Canon i-SENSYS MF4310;EXTERNAL COVERS, PANELS, ETC.(ADF model EXCEPT MF4370);FM3-8660-000;CONTROL PANEL ASSY;MF4350 CN
Canon;Canon i-SENSYS MF4310;EXTERNAL COVERS, PANELS, ETC.(ADF model EXCEPT MF4370);FM3-8661-000;CONTROL PANEL ASSY;MF4350 KR
Canon;Canon i-SENSYS MF4310;EXTERNAL COVERS, PANELS, ETC.(ADF model EXCEPT MF4370);FM3-8662-000;CONTROL PANEL ASSY;MF4350 TW
Canon;Canon i-SENSYS MF4310;EXTERNAL COVERS, PANELS, ETC.(ADF model EXCEPT MF4370);FM3-9506-000;CONTROL PANEL ASSY;MF4350 JP
Canon;Canon i-SENSYS MF4310;EXTERNAL COVERS, PANELS, ETC.(ADF model EXCEPT MF4370);FM3-8693-000;CONTROL PANEL ASSY;MF4330 ASIA
Canon;Canon i-SENSYS MF4310;EXTERNAL COVERS, PANELS, ETC.(ADF model EXCEPT MF4370);FM3-8694-000;CONTROL PANEL ASSY;MF4330 EUR
Canon;Canon i-SENSYS MF4310;EXTERNAL COVERS, PANELS, ETC.(ADF model EXCEPT MF4370);FM4-2001-000;CONTROL PANEL ASSY;MF4330 KR
Canon;Canon i-SENSYS MF4310;EXTERNAL COVERS, PANELS, ETC.(ADF model EXCEPT MF4370);FM3-8698-000;CONTROL PANEL ASSY;MF4330 CN
Canon;Canon i-SENSYS MF4310;EXTERNAL COVERS, PANELS, ETC.(ADF model EXCEPT MF4370);FM3-9520-000;CONTROL PANEL ASSY;MF4330 JP
Canon;Canon i-SENSYS MF4310;EXTERNAL COVERS, PANELS, ETC.(ADF model EXCEPT MF4370);FM3-9503-000;CONTROL PANEL ASSY;D440 US
Canon;Canon i-SENSYS MF4310;EXTERNAL COVERS, PANELS, ETC.(ADF model EXCEPT MF4370);FM2-8908-000;FRONT COVER ASSY;MF4300 Series
Canon;Canon i-SENSYS MF4310;EXTERNAL COVERS, PANELS, ETC.(ADF model EXCEPT MF4370);FM3-9498-000;FRONT COVER ASSY;D400 Series
Canon;Canon i-SENSYS MF4310;EXTERNAL COVERS, PANELS, ETC.(ADF model EXCEPT MF4370);FC7-3596-000;TRAY, PAPER DELIVERY;MF4300 Series
Canon;Canon i-SENSYS MF4310;EXTERNAL COVERS, PANELS, ETC.(ADF model EXCEPT MF4370);FC9-1289-000;TRAY, PAPER DELIVERY;D400 Series
Canon;Canon i-SENSYS MF4310;EXTERNAL COVERS, PANELS, ETC.(ADF model EXCEPT MF4370);FC7-3597-000;TRAY, PAPER DELIVERY EXTENSION;MF4300 Series
Canon;Canon i-SENSYS MF4310;EXTERNAL COVERS, PANELS, ETC.(ADF model EXCEPT MF4370);FC9-1290-000;TRAY, PAPER DELIVERY EXTENSION;D400 Series
Canon;Canon i-SENSYS MF4310;EXTERNAL COVERS, PANELS, ETC.(ADF model EXCEPT MF4370);FC7-3598-000;STOPPER, PAPER DELIVERY;MF4300 Series
Canon;Canon i-SENSYS MF4310;EXTERNAL COVERS, PANELS, ETC.(ADF model EXCEPT MF4370);FC9-1291-000;STOPPER, PAPER DELIVERY;D400 Series
Canon;Canon i-SENSYS MF4310;EXTERNAL COVERS, PANELS, ETC.(ADF model EXCEPT MF4370);FC7-3726-000;COVER, PAPER DELIVERY TRAY;MF4300 Series
Canon;Canon i-SENSYS MF4310;EXTERNAL COVERS, PANELS, ETC.(ADF model EXCEPT MF4370);FC9-1297-000;COVER, PAPER DELIVERY TRAY;D400 Series
Canon;Canon i-SENSYS MF4310;EXTERNAL COVERS, PANELS, ETC.(ADF model EXCEPT MF4370);FL2-5630-000;DUST COVER ASSEMBLY;
Canon;Canon i-SENSYS MF4310;EXTERNAL COVERS, PANELS, ETC.(ADF model EXCEPT MF4370);FC7-3764-010;LABEL, JAM CLEARING;MF4300 Series EXCEPT JP
Canon;Canon i-SENSYS MF4310;EXTERNAL COVERS, PANELS, ETC.(ADF model EXCEPT MF4370);FC9-1278-000;LABEL, JAM CLEARING;D400 Series EXCEPT JP
Canon;Canon i-SENSYS MF4310;EXTERNAL COVERS, PANELS, ETC.(ADF model EXCEPT MF4370);FC9-5075-000;LABEL, JAM CLEARING;JP
Canon;Canon i-SENSYS MF4310;EXTERNAL COVERS, PANELS, ETC.(ADF model EXCEPT MF4370);FC7-3766-000;LABEL, JAM CLEARING, ADF2;
Canon;Canon i-SENSYS MF4310;EXTERNAL COVERS, PANELS, ETC.(ADF model EXCEPT MF4370);FC7-3817-000;CAP, COVER, REAR;
Canon;Canon i-SENSYS MF4310;EXTERNAL COVERS, PANELS, ETC.(ADF model EXCEPT MF4370);FC7-3816-000;LABEL, SIZE INSTRUCTION;
Canon;Canon i-SENSYS MF4310;EXTERNAL COVERS, PANELS, ETC.(ADF model EXCEPT MF4370);XA9-0476-000;SCREW,TP M3X8;
Canon;Canon i-SENSYS MF4310;EXTERNAL COVERS, PANELS, ETC.(ADF model MF4370);FC8-0690-000;SHEET, HANDSET;
Canon;Canon i-SENSYS MF4310;EXTERNAL COVERS, PANELS, ETC.(ADF model MF4370);FL2-7040-000;COVER UNIT, FRONT;
Canon;Canon i-SENSYS MF4310;EXTERNAL COVERS, PANELS, ETC.(ADF model MF4370);FL2-8495-000;HOLDER, DOCUMENT RELEASE SHEET;
Canon;Canon i-SENSYS MF4310;EXTERNAL COVERS, PANELS, ETC.(ADF model MF4370);FC7-3554-010;COVER, CRG;
Canon;Canon i-SENSYS MF4310;EXTERNAL COVERS, PANELS, ETC.(ADF model MF4370);FC7-7296-000;COVER,FRONT,PAPER SUPPLY TRAY;
Canon;Canon i-SENSYS MF4310;EXTERNAL COVERS, PANELS, ETC.(ADF model MF4370);FC8-1389-000;COVER, REAR;
Canon;Canon i-SENSYS MF4310;EXTERNAL COVERS, PANELS, ETC.(ADF model MF4370);FC8-0651-000;COVER, RIGHT;EXCEPT JP
Canon;Canon i-SENSYS MF4310;EXTERNAL COVERS, PANELS, ETC.(ADF model MF4370);FC8-1425-000;COVER, RIGHT;JP
Canon;Canon i-SENSYS MF4310;EXTERNAL COVERS, PANELS, ETC.(ADF model MF4370);FM3-4103-000;LEFT COVER ASSY;EXCEPT JP
Canon;Canon i-SENSYS MF4310;EXTERNAL COVERS, PANELS, ETC.(ADF model MF4370);FM3-4496-000;LEFT COVER ASSY;JP
Canon;Canon i-SENSYS MF4310;EXTERNAL COVERS, PANELS, ETC.(ADF model MF4370);FC7-3648-000;SHEET, PAPER FEED;
Canon;Canon i-SENSYS MF4310;EXTERNAL COVERS, PANELS, ETC.(ADF model MF4370);FC7-3649-000;CAP, SHEET;
Canon;Canon i-SENSYS MF4310;EXTERNAL COVERS, PANELS, ETC.(ADF model MF4370);FC8-0659-000;PLATE, PAPER SIZE;A SIZE
Canon;Canon i-SENSYS MF4310;EXTERNAL COVERS, PANELS, ETC.(ADF model MF4370);FC8-1392-000;PLATE, PAPER SIZE;A/INCH SIZE
Canon;Canon i-SENSYS MF4310;EXTERNAL COVERS, PANELS, ETC.(ADF model MF4370);FC8-1393-000;PLATE, PAPER SIZE;AB/INCH SIZE
Canon;Canon i-SENSYS MF4310;EXTERNAL COVERS, PANELS, ETC.(ADF model MF4370);FC8-1394-000;PLATE, PAPER SIZE;AB SIZE
Canon;Canon i-SENSYS MF4310;EXTERNAL COVERS, PANELS, ETC.(ADF model MF4370);FC7-3714-000;RETAINER, STAY;
Canon;Canon i-SENSYS MF4310;EXTERNAL COVERS, PANELS, ETC.(ADF model MF4370);FC7-9572-000;COVER, USB;EXCEPT JP
Canon;Canon i-SENSYS MF4310;EXTERNAL COVERS, PANELS, ETC.(ADF model MF4370);FC9-1319-000;COVER, USB;JP
Canon;Canon i-SENSYS MF4310;EXTERNAL COVERS, PANELS, ETC.(ADF model MF4370);FC7-3821 -000;MAGNET;
Canon;Canon i-SENSYS MF4310;EXTERNAL COVERS, PANELS, ETC.(ADF model MF4370);FC8-1541-000;SHEET, GLASS CLEANING;ASIA,AU,CN,JP,KR,TW
Canon;Canon i-SENSYS MF4310;EXTERNAL COVERS, PANELS, ETC.(ADF model MF4370);FC8-1542-000;SHEET, GLASS CLEANING;US
Canon;Canon i-SENSYS MF4310;EXTERNAL COVERS, PANELS, ETC.(ADF model MF4370);FC8-1543-000;SHEET, GLASS CLEANING;EUR
Canon;Canon i-SENSYS MF4310;EXTERNAL COVERS, PANELS, ETC.(ADF model MF4370);FM3-4488-000;DUPLEXING COVER UNIT;
Canon;Canon i-SENSYS MF4310;EXTERNAL COVERS, PANELS, ETC.(ADF model MF4370);FM3-1930-000;PAPER PICK-UP TRAY ASSY;
Canon;Canon i-SENSYS MF4310;EXTERNAL COVERS, PANELS, ETC.(ADF model MF4370);FC7-3639-000;PLATE, EXTENSION;
Canon;Canon i-SENSYS MF4310;EXTERNAL COVERS, PANELS, ETC.(ADF model MF4370);FC7-7301-000;STOPER, PAPER;
Canon;Canon i-SENSYS MF4310;EXTERNAL COVERS, PANELS, ETC.(ADF model MF4370);FC7-3657-000;STOPER, CARD;
Canon;Canon i-SENSYS MF4310;EXTERNAL COVERS, PANELS, ETC.(ADF model MF4370);FM3-9509-000;CONTROL PANEL ASSY;TW
Canon;Canon i-SENSYS MF4310;EXTERNAL COVERS, PANELS, ETC.(ADF model MF4370);FM3-9510-000;CONTROL PANEL ASSY;US
Canon;Canon i-SENSYS MF4310;EXTERNAL COVERS, PANELS, ETC.(ADF model MF4370);FM3-9511-000;CONTROL PANEL ASSY;ASIA,AU
Canon;Canon i-SENSYS MF4310;EXTERNAL COVERS, PANELS, ETC.(ADF model MF4370);FM3-9512-000;CONTROL PANEL ASSY;CN
Canon;Canon i-SENSYS MF4310;EXTERNAL COVERS, PANELS, ETC.(ADF model MF4370);FM3-9513-000;CONTROL PANEL ASSY;KR
Canon;Canon i-SENSYS MF4310;EXTERNAL COVERS, PANELS, ETC.(ADF model MF4370);FM3-9514-000;CONTROL PANEL ASSY;JP
Canon;Canon i-SENSYS MF4310;EXTERNAL COVERS, PANELS, ETC.(ADF model MF4370);FM3-9515-000;CONTROL PANEL ASSY;EUR
Canon;Canon i-SENSYS MF4310;EXTERNAL COVERS, PANELS, ETC.(ADF model MF4370);FM3-1931-000;FRONT COVER ASSY;
Canon;Canon i-SENSYS MF4310;EXTERNAL COVERS, PANELS, ETC.(ADF model MF4370);FC7-3596-000;TRAY, PAPER DELIVERY;
Canon;Canon i-SENSYS MF4310;EXTERNAL COVERS, PANELS, ETC.(ADF model MF4370);FC7-3597-000;TRAY, PAPER DELIVERY EXTENSION;
Canon;Canon i-SENSYS MF4310;EXTERNAL COVERS, PANELS, ETC.(ADF model MF4370);FC7-3598-000;STOPPER, PAPER DELIVERY;
Canon;Canon i-SENSYS MF4310;EXTERNAL COVERS, PANELS, ETC.(ADF model MF4370);FC7-7300-000;COVER, PAPER DELIVERY TRAY;
Canon;Canon i-SENSYS MF4310;EXTERNAL COVERS, PANELS, ETC.(ADF model MF4370);FL2-7043-000;DUST COVER ASSEMBLY;EXCEPT JP
Canon;Canon i-SENSYS MF4310;EXTERNAL COVERS, PANELS, ETC.(ADF model MF4370);FL2-7044-000;DUST COVER ASSEMBLY;JP
Canon;Canon i-SENSYS MF4310;EXTERNAL COVERS, PANELS, ETC.(ADF model MF4370);FC8-1544-000;LABEL, JAM CLEARING;EXCEPT JP
Canon;Canon i-SENSYS MF4310;EXTERNAL COVERS, PANELS, ETC.(ADF model MF4370);FC9-5075-000;LABEL, JAM CLEARING;JP
Canon;Canon i-SENSYS MF4310;EXTERNAL COVERS, PANELS, ETC.(ADF model MF4370);FC8-1546-000;LABEL, JAM CLEARING, ADF2;
Canon;Canon i-SENSYS MF4310;EXTERNAL COVERS, PANELS, ETC.(ADF model MF4370);FC8-1403-000;CAP, COVER, REAR;
Canon;Canon i-SENSYS MF4310;EXTERNAL COVERS, PANELS, ETC.(ADF model MF4370);FC7-7334-000;LABEL, SIZE INSTRUCTION;
Canon;Canon i-SENSYS MF4310;EXTERNAL COVERS, PANELS, ETC.(ADF model MF4370);FC7-3728-000;EMBLEM, LASER SHOT;EXCEPT JP
Canon;Canon i-SENSYS MF4310;EXTERNAL COVERS, PANELS, ETC.(ADF model MF4370);FC5-4820-000;EMBLEM, SATERA;JP
Canon;Canon i-SENSYS MF4310;EXTERNAL COVERS, PANELS, ETC.(ADF model MF4370);XA9-0476-000;SCREW,TP M3X8;
Canon;Canon i-SENSYS MF4310;EXTERNAL COVERS, PANELS, ETC.(ADF model MF4370);XA9-1495-000;SCREW, RS, M3X6;
Canon;Canon i-SENSYS MF4310;EXTERNAL COVERS, PANELS, ETC.(COPYBOARD model);FC6-5204-000;SHEET, HANDSET;
Canon;Canon i-SENSYS MF4310;EXTERNAL COVERS, PANELS, ETC.(COPYBOARD model);FC7-3565-000;COVER UNIT, FRONT;MF4300 Series
Canon;Canon i-SENSYS MF4310;EXTERNAL COVERS, PANELS, ETC.(COPYBOARD model);FC9-1296-000;COVER UNIT, FRONT;D400 Series
Canon;Canon i-SENSYS MF4310;EXTERNAL COVERS, PANELS, ETC.(COPYBOARD model);XA9-1495-000;SCREW, RS, M3X6;
Canon;Canon i-SENSYS MF4310;EXTERNAL COVERS, PANELS, ETC.(COPYBOARD model);FC7-3554-010;COVER, CRG;MF4300 Series
Canon;Canon i-SENSYS MF4310;EXTERNAL COVERS, PANELS, ETC.(COPYBOARD model);FC9-1281-000;COVER, CRG;D400 Series
Canon;Canon i-SENSYS MF4310;EXTERNAL COVERS, PANELS, ETC.(COPYBOARD model);FM2-8933-000;COPYBOARD COVER ASSY;EXCEPT MF4322
Canon;Canon i-SENSYS MF4310;EXTERNAL COVERS, PANELS, ETC.(COPYBOARD model);FM3-4107-000;COPYBOARD COVER ASSY;MF4322
Canon;Canon i-SENSYS MF4310;EXTERNAL COVERS, PANELS, ETC.(COPYBOARD model);FC7-3561 -010;COVER, REAR;MF4340
Canon;Canon i-SENSYS MF4310;EXTERNAL COVERS, PANELS, ETC.(COPYBOARD model);FC7-3743-000;COVER, REAR;MF4322,4320,D420
Canon;Canon i-SENSYS MF4310;EXTERNAL COVERS, PANELS, ETC.(COPYBOARD model);FC7-3566-010;COVER, RIGHT;
Canon;Canon i-SENSYS MF4310;EXTERNAL COVERS, PANELS, ETC.(COPYBOARD model);FM2-8923-000;LEFT COVER ASSY;
Canon;Canon i-SENSYS MF4310;EXTERNAL COVERS, PANELS, ETC.(COPYBOARD model);FC7-3648-000;SHEET, PAPER FEED;
Canon;Canon i-SENSYS MF4310;EXTERNAL COVERS, PANELS, ETC.(COPYBOARD model);FC7-3649-000;CAP, SHEET;MF4300 Series
Canon;Canon i-SENSYS MF4310;EXTERNAL COVERS, PANELS, ETC.(COPYBOARD model);FC9-1288-000;CAP, SHEET;D400 Series
Canon;Canon i-SENSYS MF4310;EXTERNAL COVERS, PANELS, ETC.(COPYBOARD model);FC7-3710-000;PLATE, PAPER SIZE;MF4340,4320 A SIZE
Canon;Canon i-SENSYS MF4310;EXTERNAL COVERS, PANELS, ETC.(COPYBOARD model);FC7-3711-000;PLATE, PAPER SIZE;D420 A/INCH SIZE
Canon;Canon i-SENSYS MF4310;EXTERNAL COVERS, PANELS, ETC.(COPYBOARD model);FC7-3712-000;PLATE, PAPER SIZE;MF4340,4322,4320 AB/INCH SIZE
Canon;Canon i-SENSYS MF4310;EXTERNAL COVERS, PANELS, ETC.(COPYBOARD model);FC7-3714-000;RETAINER, STAY;
Canon;Canon i-SENSYS MF4310;EXTERNAL COVERS, PANELS, ETC.(COPYBOARD model);FC7-3728-000;EMBLEM, LASER SHOT;
Canon;Canon i-SENSYS MF4310;EXTERNAL COVERS, PANELS, ETC.(COPYBOARD model);FC7-3821 -000;MAGNET;
Canon;Canon i-SENSYS MF4310;EXTERNAL COVERS, PANELS, ETC.(COPYBOARD model);XA9-0476-000;SCREW,TP M3X8;
Canon;Canon i-SENSYS MF4310;EXTERNAL COVERS, PANELS, ETC.(COPYBOARD model);FM2-8870-000;DUPLEXING COVER UNIT;
Canon;Canon i-SENSYS MF4310;EXTERNAL COVERS, PANELS, ETC.(COPYBOARD model);FM2-8883-000;PAPER PICK-UP TRAY ASSY;MF4300 Series
Canon;Canon i-SENSYS MF4310;EXTERNAL COVERS, PANELS, ETC.(COPYBOARD model);FM3-9507-000;PAPER PICK-UP TRAY ASSY;D400 Series
Canon;Canon i-SENSYS MF4310;EXTERNAL COVERS, PANELS, ETC.(COPYBOARD model);FC7-3639-000;PLATE, EXTENSION;MF4300 Series
Canon;Canon i-SENSYS MF4310;EXTERNAL COVERS, PANELS, ETC.(COPYBOARD model);FC9-1299-000;PLATE, EXTENSION;D400 Series
Canon;Canon i-SENSYS MF4310;EXTERNAL COVERS, PANELS, ETC.(COPYBOARD model);FC7-3656-000;STOPER, PAPER;
Canon;Canon i-SENSYS MF4310;EXTERNAL COVERS, PANELS, ETC.(COPYBOARD model);FC7-3657-000;STOPER, CARD;
Canon;Canon i-SENSYS MF4310;EXTERNAL COVERS, PANELS, ETC.(COPYBOARD model);FM3-8663-000;CONTROL PANEL ASSY;MF4340 EUR
Canon;Canon i-SENSYS MF4310;EXTERNAL COVERS, PANELS, ETC.(COPYBOARD model);FM3-8664-000;CONTROL PANEL ASSY;MF4340 AU
Canon;Canon i-SENSYS MF4310;EXTERNAL COVERS, PANELS, ETC.(COPYBOARD model);FM3-8665-000;CONTROL PANEL ASSY;MF4340 KR
Canon;Canon i-SENSYS MF4310;EXTERNAL COVERS, PANELS, ETC.(COPYBOARD model);FM3-8697-000;CONTROL PANEL ASSY;MF4322 CN
Canon;Canon i-SENSYS MF4310;EXTERNAL COVERS, PANELS, ETC.(COPYBOARD model);FM3-8695-000;CONTROL PANEL ASSY;MF4320 EUR
Canon;Canon i-SENSYS MF4310;EXTERNAL COVERS, PANELS, ETC.(COPYBOARD model);FM3-8696-000;CONTROL PANEL ASSY;MF4320 ASIA
Canon;Canon i-SENSYS MF4310;EXTERNAL COVERS, PANELS, ETC.(COPYBOARD model);FM3-9505-000;CONTROL PANEL ASSY;MF4320 CN
Canon;Canon i-SENSYS MF4310;EXTERNAL COVERS, PANELS, ETC.(COPYBOARD model);FM4-2002-000;CONTROL PANEL ASSY;MF4320 KR
Canon;Canon i-SENSYS MF4310;EXTERNAL COVERS, PANELS, ETC.(COPYBOARD model);FM3-9504-000;CONTROL PANEL ASSY;D420 US
Canon;Canon i-SENSYS MF4310;EXTERNAL COVERS, PANELS, ETC.(COPYBOARD model);FM2-8908-000;FRONT COVER ASSY;MF4300 Series
Canon;Canon i-SENSYS MF4310;EXTERNAL COVERS, PANELS, ETC.(COPYBOARD model);FM3-9498-000;FRONT COVER ASSY;D400 Series
Canon;Canon i-SENSYS MF4310;EXTERNAL COVERS, PANELS, ETC.(COPYBOARD model);FC7-3596-000;TRAY, PAPER DELIVERY;MF4300 Series
Canon;Canon i-SENSYS MF4310;EXTERNAL COVERS, PANELS, ETC.(COPYBOARD model);FC9-1289-000;TRAY, PAPER DELIVERY;D400 Series
Canon;Canon i-SENSYS MF4310;EXTERNAL COVERS, PANELS, ETC.(COPYBOARD model);FC7-3597-000;TRAY, PAPER DELIVERY EXTENSION;MF4300 Series
Canon;Canon i-SENSYS MF4310;EXTERNAL COVERS, PANELS, ETC.(COPYBOARD model);FC9-1290-000;TRAY, PAPER DELIVERY EXTENSION;D400 Series
Canon;Canon i-SENSYS MF4310;EXTERNAL COVERS, PANELS, ETC.(COPYBOARD model);FC9-1291-000;STOPPER, PAPER DELIVERY;D400 Series
Canon;Canon i-SENSYS MF4310;EXTERNAL COVERS, PANELS, ETC.(COPYBOARD model);FC7-3598-000;STOPPER, PAPER DELIVERY;MF4300 Series
Canon;Canon i-SENSYS MF4310;EXTERNAL COVERS, PANELS, ETC.(COPYBOARD model);FC7-3726-000;COVER, PAPER DELIVERY TRAY;MF4300 Series
Canon;Canon i-SENSYS MF4310;EXTERNAL COVERS, PANELS, ETC.(COPYBOARD model);FC9-1297-000;COVER, PAPER DELIVERY TRAY;D400 Series
Canon;Canon i-SENSYS MF4310;EXTERNAL COVERS, PANELS, ETC.(COPYBOARD model);FL2-5630-000;DUST COVER ASSEMBLY;
Canon;Canon i-SENSYS MF4310;EXTERNAL COVERS, PANELS, ETC.(COPYBOARD model);FC7-3764-010;LABEL, JAM CLEARING;MF4300 Series
Canon;Canon i-SENSYS MF4310;EXTERNAL COVERS, PANELS, ETC.(COPYBOARD model);FC9-1278-000;LABEL, JAM CLEARING;D400 Series
Canon;Canon i-SENSYS MF4310;EXTERNAL COVERS, PANELS, ETC.(COPYBOARD model);FC7-3827-000;LABEL, JAM CLEARING, P2;
Canon;Canon i-SENSYS MF4310;EXTERNAL COVERS, PANELS, ETC.(COPYBOARD model);FC7-3817-000;CAP, COVER, REAR;
Canon;Canon i-SENSYS MF4310;EXTERNAL COVERS, PANELS, ETC.(COPYBOARD model);FC7-3816-000;LABEL, SIZE INSTRUCTION;
Canon;Canon i-SENSYS MF4310;EXTERNAL COVERS, PANELS, ETC.(COPYBOARD model);FC8-0654-000;PANEL, COPYBOARD;
Canon;Canon i-SENSYS MF4310;EXTERNAL COVERS, PANELS, ETC.(DADF model);FC8-0690-000;SHEET, HANDSET;MF4300 Series
Canon;Canon i-SENSYS MF4310;EXTERNAL COVERS, PANELS, ETC.(DADF model);FC6-5204-000;SHEET, HANDSET;D400 Series
Canon;Canon i-SENSYS MF4310;EXTERNAL COVERS, PANELS, ETC.(DADF model);FL2-7040-000;COVER UNIT, FRONT;MF4300 Series
Canon;Canon i-SENSYS MF4310;EXTERNAL COVERS, PANELS, ETC.(DADF model);FL3-1394-000;COVER UNIT, FRONT;D400 Series
Canon;Canon i-SENSYS MF4310;EXTERNAL COVERS, PANELS, ETC.(DADF model);FL2-8495-000;HOLDER, DOCUMENT RELEASE SHEET;MF4300 Series
Canon;Canon i-SENSYS MF4310;EXTERNAL COVERS, PANELS, ETC.(DADF model);FL2-5620-000;HOLDER, DOCUMENT RELEASE SHEET;D400 Series
Canon;Canon i-SENSYS MF4310;EXTERNAL COVERS, PANELS, ETC.(DADF model);FC7-3554-010;COVER, CRG;MF4300 Series
Canon;Canon i-SENSYS MF4310;EXTERNAL COVERS, PANELS, ETC.(DADF model);FC9-1281-000;COVER, CRG;D400 Series
Canon;Canon i-SENSYS MF4310;EXTERNAL COVERS, PANELS, ETC.(DADF model);FC7-7296-000;COVER,FRONT,PAPER SUPPLY TRAY;MF4300 Series
Canon;Canon i-SENSYS MF4310;EXTERNAL COVERS, PANELS, ETC.(DADF model);FC9-1283-000;COVER,FRONT,PAPER SUPPLY TRAY;D400 Series
Canon;Canon i-SENSYS MF4310;EXTERNAL COVERS, PANELS, ETC.(DADF model);FC8-9231 -000;COVER, REAR;MF4380
Canon;Canon i-SENSYS MF4310;EXTERNAL COVERS, PANELS, ETC.(DADF model);FC9-1274-000;COVER, REAR;D480
Canon;Canon i-SENSYS MF4310;EXTERNAL COVERS, PANELS, ETC.(DADF model);FC9-1275-000;COVER, REAR;D460
Canon;Canon i-SENSYS MF4310;EXTERNAL COVERS, PANELS, ETC.(DADF model);FC9-1276-000;COVER, REAR;D450
Canon;Canon i-SENSYS MF4310;EXTERNAL COVERS, PANELS, ETC.(DADF model);FC8-0651-000;COVER, RIGHT;MF4300 Series EXCEPTJP
Canon;Canon i-SENSYS MF4310;EXTERNAL COVERS, PANELS, ETC.(DADF model);FC8-1425-000;COVER, RIGHT;MF4380 JP
Canon;Canon i-SENSYS MF4310;EXTERNAL COVERS, PANELS, ETC.(DADF model);FC7-3566-010;COVER, RIGHT;D400 Series EXCEPT JP
Canon;Canon i-SENSYS MF4310;EXTERNAL COVERS, PANELS, ETC.(DADF model);FC7-3744-000;COVER, RIGHT;D450 JP
Canon;Canon i-SENSYS MF4310;EXTERNAL COVERS, PANELS, ETC.(DADF model);FM4-1995-000;LEFT COVER ASSY;MF4300 Series EXCEPTJP
Canon;Canon i-SENSYS MF4310;EXTERNAL COVERS, PANELS, ETC.(DADF model);FM4-1996-000;LEFT COVER ASSY;MF4380 JP
Canon;Canon i-SENSYS MF4310;EXTERNAL COVERS, PANELS, ETC.(DADF model);FM2-8923-000;LEFT COVER ASSY;D460,450 EXCEPT JP
Canon;Canon i-SENSYS MF4310;EXTERNAL COVERS, PANELS, ETC.(DADF model);FM4-1993-000;LEFT COVER ASSY;D480
Canon;Canon i-SENSYS MF4310;EXTERNAL COVERS, PANELS, ETC.(DADF model);FM4-1994-000;LEFT COVER ASSY;D450 JP
Canon;Canon i-SENSYS MF4310;EXTERNAL COVERS, PANELS, ETC.(DADF model);FC7-3648-000;SHEET, PAPER FEED;
Canon;Canon i-SENSYS MF4310;EXTERNAL COVERS, PANELS, ETC.(DADF model);FC7-3649-000;CAP, SHEET;MF4300 Series
Canon;Canon i-SENSYS MF4310;EXTERNAL COVERS, PANELS, ETC.(DADF model);FC9-1288-000;CAP, SHEET;D400 Series
Canon;Canon i-SENSYS MF4310;EXTERNAL COVERS, PANELS, ETC.(DADF model);FC8-0659-000;PLATE, PAPER SIZE;MF4380 A SIZE
Canon;Canon i-SENSYS MF4310;EXTERNAL COVERS, PANELS, ETC.(DADF model);FC8-1392-000;PLATE, PAPER SIZE;MF4380 A/INCH SIZE
Canon;Canon i-SENSYS MF4310;EXTERNAL COVERS, PANELS, ETC.(DADF model);FC8-1393-000;PLATE, PAPER SIZE;MF4380 AB/INCH SIZE
Canon;Canon i-SENSYS MF4310;EXTERNAL COVERS, PANELS, ETC.(DADF model);FC8-1394-000;PLATE, PAPER SIZE;MF4380 AB SIZE
Canon;Canon i-SENSYS MF4310;EXTERNAL COVERS, PANELS, ETC.(DADF model);FC7-3711-000;PLATE, PAPER SIZE;D480,460 A/INCH SIZE
Canon;Canon i-SENSYS MF4310;EXTERNAL COVERS, PANELS, ETC.(DADF model);FC7-3710-000;PLATE, PAPER SIZE;D450 A SIZE
Canon;Canon i-SENSYS MF4310;EXTERNAL COVERS, PANELS, ETC.(DADF model);FC7-3638-000;PLATE, PAPER SIZE;D450 AB SIZE
Canon;Canon i-SENSYS MF4310;EXTERNAL COVERS, PANELS, ETC.(DADF model);FC7-3714-000;RETAINER, STAY;
Canon;Canon i-SENSYS MF4310;EXTERNAL COVERS, PANELS, ETC.(DADF model);FC7-9572-000;COVER, USB;MF4300 Series EXCEPTJP
Canon;Canon i-SENSYS MF4310;EXTERNAL COVERS, PANELS, ETC.(DADF model);FC9-1319-000;COVER, USB;MF4380 JP
Canon;Canon i-SENSYS MF4310;EXTERNAL COVERS, PANELS, ETC.(DADF model);FC9-1285-000;COVER, USB;D400 Series EXCEPT JP
Canon;Canon i-SENSYS MF4310;EXTERNAL COVERS, PANELS, ETC.(DADF model);FC9-5031 -000;COVER, USB;D450 JP
Canon;Canon i-SENSYS MF4310;EXTERNAL COVERS, PANELS, ETC.(DADF model);FC7-3821 -000;MAGNET;
Canon;Canon i-SENSYS MF4310;EXTERNAL COVERS, PANELS, ETC.(DADF model);FC8-9299-000;SHEET, GLASS CLEANING;MF4380 EUR
Canon;Canon i-SENSYS MF4310;EXTERNAL COVERS, PANELS, ETC.(DADF model);FC8-9300-000;SHEET, GLASS CLEANING;MF4380 US
Canon;Canon i-SENSYS MF4310;EXTERNAL COVERS, PANELS, ETC.(DADF model);FC8-9301-000;SHEET, GLASS CLEANING;MF4380 ASIA,AU,JP,KR
Canon;Canon i-SENSYS MF4310;EXTERNAL COVERS, PANELS, ETC.(DADF model);FC9-1262-000;SHEET, GLASS CLEANING;D450 EUR
Canon;Canon i-SENSYS MF4310;EXTERNAL COVERS, PANELS, ETC.(DADF model);FC9-1337-000;SHEET, GLASS CLEANING;D450 JP
Canon;Canon i-SENSYS MF4310;EXTERNAL COVERS, PANELS, ETC.(DADF model);FC9-1263-000;SHEET, GLASS CLEANING;D480,460 US
Canon;Canon i-SENSYS MF4310;EXTERNAL COVERS, PANELS, ETC.(DADF model);FM3-4488-000;DUPLEXING COVER UNIT;MF4300 Series
Canon;Canon i-SENSYS MF4310;EXTERNAL COVERS, PANELS, ETC.(DADF model);FM2-8870-000;DUPLEXING COVER UNIT;D400 Series
Canon;Canon i-SENSYS MF4310;EXTERNAL COVERS, PANELS, ETC.(DADF model);FM3-1930-000;PAPER PICK-UP TRAY ASSY;MF4300 Series
Canon;Canon i-SENSYS MF4310;EXTERNAL COVERS, PANELS, ETC.(DADF model);FM3-9499-000;PAPER PICK-UP TRAY ASSY;D400 Series
Canon;Canon i-SENSYS MF4310;EXTERNAL COVERS, PANELS, ETC.(DADF model);FC7-3639-000;PLATE, EXTENSION;MF4300 Series
Canon;Canon i-SENSYS MF4310;EXTERNAL COVERS, PANELS, ETC.(DADF model);FC9-1299-000;PLATE, EXTENSION;D400 Series
Canon;Canon i-SENSYS MF4310;EXTERNAL COVERS, PANELS, ETC.(DADF model);FC7-7301-000;STOPER, PAPER;
Canon;Canon i-SENSYS MF4310;EXTERNAL COVERS, PANELS, ETC.(DADF model);FC7-3657-000;STOPER, CARD;
Canon;Canon i-SENSYS MF4310;EXTERNAL COVERS, PANELS, ETC.(DADF model);FM4-2003-000;CONTROL PANEL ASSY;MF4383 KR
Canon;Canon i-SENSYS MF4310;EXTERNAL COVERS, PANELS, ETC.(DADF model);FM3-8649-000;CONTROL PANEL ASSY;MF4380 US
Canon;Canon i-SENSYS MF4310;EXTERNAL COVERS, PANELS, ETC.(DADF model);FM3-8650-000;CONTROL PANEL ASSY;MF4380 EUR
Canon;Canon i-SENSYS MF4310;EXTERNAL COVERS, PANELS, ETC.(DADF model);FM3-8651-000;CONTROL PANEL ASSY;MF4380 ASIA,AU
Canon;Canon i-SENSYS MF4310;EXTERNAL COVERS, PANELS, ETC.(DADF model);FM3-8654-000;CONTROL PANEL ASSY;MF4380 KR
Canon;Canon i-SENSYS MF4310;EXTERNAL COVERS, PANELS, ETC.(DADF model);FM3-9522-000;CONTROL PANEL ASSY;MF4380 JP
Canon;Canon i-SENSYS MF4310;EXTERNAL COVERS, PANELS, ETC.(DADF model);FM3-9500-000;CONTROL PANEL ASSY;D460 US
Canon;Canon i-SENSYS MF4310;EXTERNAL COVERS, PANELS, ETC.(DADF model);FM3-9501-000;CONTROL PANEL ASSY;D480 US
Canon;Canon i-SENSYS MF4310;EXTERNAL COVERS, PANELS, ETC.(DADF model);FM3-9502-000;CONTROL PANEL ASSY;D450 EUR
Canon;Canon i-SENSYS MF4310;EXTERNAL COVERS, PANELS, ETC.(DADF model);FM4-1997-000;CONTROL PANEL ASSY;D450 JP
Canon;Canon i-SENSYS MF4310;EXTERNAL COVERS, PANELS, ETC.(DADF model);FM3-1931-000;FRONT COVER ASSY;MF4300 Series
Canon;Canon i-SENSYS MF4310;EXTERNAL COVERS, PANELS, ETC.(DADF model);FM3-9487-000;FRONT COVER ASSY;D400 Series
Canon;Canon i-SENSYS MF4310;EXTERNAL COVERS, PANELS, ETC.(DADF model);FC7-3596-000;TRAY, PAPER DELIVERY;MF4300 Series
Canon;Canon i-SENSYS MF4310;EXTERNAL COVERS, PANELS, ETC.(DADF model);FC9-1289-000;TRAY, PAPER DELIVERY;D400 Series
Canon;Canon i-SENSYS MF4310;EXTERNAL COVERS, PANELS, ETC.(DADF model);FC7-3597-000;TRAY, PAPER DELIVERY EXTENSION;MF4300 Series
Canon;Canon i-SENSYS MF4310;EXTERNAL COVERS, PANELS, ETC.(DADF model);FC9-1290-000;TRAY, PAPER DELIVERY EXTENSION;D400 Series
Canon;Canon i-SENSYS MF4310;EXTERNAL COVERS, PANELS, ETC.(DADF model);FC7-3598-000;STOPPER, PAPER DELIVERY;MF4300 Series
Canon;Canon i-SENSYS MF4310;EXTERNAL COVERS, PANELS, ETC.(DADF model);FC9-1291-000;STOPPER, PAPER DELIVERY;D400 Series
Canon;Canon i-SENSYS MF4310;EXTERNAL COVERS, PANELS, ETC.(DADF model);FC7-7300-000;COVER, PAPER DELIVERY TRAY;MF4300 Series
Canon;Canon i-SENSYS MF4310;EXTERNAL COVERS, PANELS, ETC.(DADF model);FC9-1292-000;COVER, PAPER DELIVERY TRAY;D400 Series
Canon;Canon i-SENSYS MF4310;EXTERNAL COVERS, PANELS, ETC.(DADF model);FL2-7043-000;DUST COVER ASSEMBLY;EXCEPT JP
Canon;Canon i-SENSYS MF4310;EXTERNAL COVERS, PANELS, ETC.(DADF model);FL2-7044-000;DUST COVER ASSEMBLY;JP
Canon;Canon i-SENSYS MF4310;EXTERNAL COVERS, PANELS, ETC.(DADF model);FC8-1544-000;LABEL, JAM CLEARING;MF4300 Series EXCEPTJP
Canon;Canon i-SENSYS MF4310;EXTERNAL COVERS, PANELS, ETC.(DADF model);FC9-1264-000;LABEL, JAM CLEARING;D400 Series EXCEPT JP
Canon;Canon i-SENSYS MF4310;EXTERNAL COVERS, PANELS, ETC.(DADF model);FC9-5075-000;LABEL, JAM CLEARING;JP
Canon;Canon i-SENSYS MF4310;EXTERNAL COVERS, PANELS, ETC.(DADF model);FC8-9304-000;LABEL, JAM CLEARING, DADF2;MF4300 Series
Canon;Canon i-SENSYS MF4310;EXTERNAL COVERS, PANELS, ETC.(DADF model);FC9-1269-000;LABEL, JAM CLEARING, DADF2;D400 Series
Canon;Canon i-SENSYS MF4310;EXTERNAL COVERS, PANELS, ETC.(DADF model);FC8-1403-000;CAP, COVER, REAR;MF4300 Series
Canon;Canon i-SENSYS MF4310;EXTERNAL COVERS, PANELS, ETC.(DADF model);FC7-3817-000;CAP, COVER, REAR;D400 Series
Canon;Canon i-SENSYS MF4310;EXTERNAL COVERS, PANELS, ETC.(DADF model);FC7-7334-000;LABEL, SIZE INSTRUCTION;
Canon;Canon i-SENSYS MF4310;EXTERNAL COVERS, PANELS, ETC.(DADF model);FC7-3728-000;EMBLEM, LASER SHOT;EXCEPT JP
Canon;Canon i-SENSYS MF4310;EXTERNAL COVERS, PANELS, ETC.(DADF model);FC5-4820-000;EMBLEM, SATERA;JP
Canon;Canon i-SENSYS MF4310;EXTERNAL COVERS, PANELS, ETC.(DADF model);XA9-0476-000;SCREW,TP M3X8;
Canon;Canon i-SENSYS MF4310;EXTERNAL COVERS, PANELS, ETC.(DADF model);XA9-1495-000;SCREW, RS, M3X6;
Canon;Canon i-SENSYS MF4310;INTERNAL COMPONENTS 1;FC7-3558-000;GUIDE, INNER FEED;
Canon;Canon i-SENSYS MF4310;INTERNAL COMPONENTS 1;FC8-9295-000;SHEET, INSULATING;
Canon;Canon i-SENSYS MF4310;INTERNAL COMPONENTS 1;FL2-5629-000;DUPLEXING FEED ROLLER ASSY;
Canon;Canon i-SENSYS MF4310;INTERNAL COMPONENTS 1;XA9-1420-000;SCREW, W/WASHER, M3X8;
Canon;Canon i-SENSYS MF4310;INTERNAL COMPONENTS 1;FM2-8912-000;TRANSFER GUIDE ASSY;
Canon;Canon i-SENSYS MF4310;INTERNAL COMPONENTS 1;FM2-8874-000;SEPARATION PAD ASSY;
Canon;Canon i-SENSYS MF4310;INTERNAL COMPONENTS 1;FM2-8914-000;TRANSFER ROLLER ASSY;
Canon;Canon i-SENSYS MF4310;INTERNAL COMPONENTS 1;FM3-8739-000;HVT PCB ASSY;100V
Canon;Canon i-SENSYS MF4310;INTERNAL COMPONENTS 1;FM2-9911-000;HVT PCB ASSY;120V
Canon;Canon i-SENSYS MF4310;INTERNAL COMPONENTS 1;FM2-9912-000;HVT PCB ASSY;230V
Canon;Canon i-SENSYS MF4310;INTERNAL COMPONENTS 1;FK2-7608-000;POWER SUPPLY ASSEMBLY;100V DADF model
Canon;Canon i-SENSYS MF4310;INTERNAL COMPONENTS 1;FK2-7609-000;POWER SUPPLY ASSEMBLY;120V DADF model
Canon;Canon i-SENSYS MF4310;INTERNAL COMPONENTS 1;FK2-7610-000;POWER SUPPLY ASSEMBLY;230V DADF model
Canon;Canon i-SENSYS MF4310;INTERNAL COMPONENTS 1;FK2-7611-000;POWER SUPPLY ASSEMBLY;100V ADF,COPYBOARD model
Canon;Canon i-SENSYS MF4310;INTERNAL COMPONENTS 1;FK2-7612-000;POWER SUPPLY ASSEMBLY;120V ADF,COPYBOARD model
Canon;Canon i-SENSYS MF4310;INTERNAL COMPONENTS 1;FK2-7613-000;POWER SUPPLY ASSEMBLY;230V ADF,COPYBOARD model
Canon;Canon i-SENSYS MF4310;INTERNAL COMPONENTS 1;FM2-9914-000;SENSOR PCB ASSY;PS801,PS802
Canon;Canon i-SENSYS MF4310;INTERNAL COMPONENTS 1;FM2-9916-000;SENSOR PCB ASSY;PS803
Canon;Canon i-SENSYS MF4310;INTERNAL COMPONENTS 1;FC8-9303-000;LABEL, JAM CLEARING, DADF1;MF4383,4380 EXCEPT JP
Canon;Canon i-SENSYS MF4310;INTERNAL COMPONENTS 1;FC9-1266-000;LABEL, JAM CLEARING, DADF1;D480,460,450 EXCEPT JP
Canon;Canon i-SENSYS MF4310;INTERNAL COMPONENTS 1;FC7-3765-000;LABEL, JAM CLEARING, ADF1;MF4352, 4350, 4330 EXCEPT JP
Canon;Canon i-SENSYS MF4310;INTERNAL COMPONENTS 1;FC8-9305-000;LABEL, JAM CLEARING, ADF1;MF4370 EXCEPT JP
Canon;Canon i-SENSYS MF4310;INTERNAL COMPONENTS 1;FC9-1267-000;LABEL, JAM CLEARING, ADF1;D440
Canon;Canon i-SENSYS MF4310;INTERNAL COMPONENTS 1;FC7-3767-000;LABEL, JAM CLEARING, P1;MF4340, 4322, 4320
Canon;Canon i-SENSYS MF4310;INTERNAL COMPONENTS 1;FC9-1268-000;LABEL, JAM CLEARING, P1;D420
Canon;Canon i-SENSYS MF4310;INTERNAL COMPONENTS 1;FC9-5077-000;LABEL, JAM CLEARING, P1;JP
Canon;Canon i-SENSYS MF4310;INTERNAL COMPONENTS 1;FC7-3727-000;LABEL, HIGH TMP. CAUTION;
Canon;Canon i-SENSYS MF4310;INTERNAL COMPONENTS 1;FM3-1494-000;CABLE, SOLENOID;
Canon;Canon i-SENSYS MF4310;INTERNAL COMPONENTS 1;VS1-7177-002;CONNECTOR, SNAP TIGHT, BK;
Canon;Canon i-SENSYS MF4310;INTERNAL COMPONENTS 1;XA9-1495-000;SCREW, RS, M3X10;
Canon;Canon i-SENSYS MF4310;INTERNAL COMPONENTS 1;FK2-4390-000;CORD, POWER;100V JP
Canon;Canon i-SENSYS MF4310;INTERNAL COMPONENTS 1;FK2-4393-000;CORD, POWER;120V US
Canon;Canon i-SENSYS MF4310;INTERNAL COMPONENTS 1;FK2-1311-000;CORD, POWER;120V TW
Canon;Canon i-SENSYS MF4310;INTERNAL COMPONENTS 1;FK2-6890-000;CORD, POWER;230V EUR, ASIA, KR
Canon;Canon i-SENSYS MF4310;INTERNAL COMPONENTS 1;FK2-1317-000;CORD, POWER;230V AU
Canon;Canon i-SENSYS MF4310;INTERNAL COMPONENTS 1;FK2-1316-000;CORD, POWER;230V CN
Canon;Canon i-SENSYS MF4310;INTERNAL COMPONENTS 2;FC8-1321-000;CROSSMEMBER, ENGINE CONTROLLER;
Canon;Canon i-SENSYS MF4310;INTERNAL COMPONENTS 2;FC7-3700-000;COVER, FRONT LOWER;MF4300 Series
Canon;Canon i-SENSYS MF4310;INTERNAL COMPONENTS 2;FC9-1287-000;COVER, FRONT LOWER;D400 Series
Canon;Canon i-SENSYS MF4310;INTERNAL COMPONENTS 2;FM2-8882-000;TONER SENSOR ASSY;
Canon;Canon i-SENSYS MF4310;INTERNAL COMPONENTS 2;FC7-3666-000;ARM, SHUTTER;
Canon;Canon i-SENSYS MF4310;INTERNAL COMPONENTS 2;FC6-5210-000;RETAINING RING (E-TYPE);
Canon;Canon i-SENSYS MF4310;INTERNAL COMPONENTS 2;FM3-9066-000;LASER SCANNER ASSY;
Canon;Canon i-SENSYS MF4310;INTERNAL COMPONENTS 2;FC7-3646-000;ROLLER, PAPER FEED;
Canon;Canon i-SENSYS MF4310;INTERNAL COMPONENTS 2;XA9-1501-000;SCREW, RS, M3X10;
Canon;Canon i-SENSYS MF4310;INTERNAL COMPONENTS 2;FU5-1804-000;BUSHING, ROLLER, LEFT;
Canon;Canon i-SENSYS MF4310;INTERNAL COMPONENTS 2;FU5-1805-000;BUSHING, ROLLER, RIGHT;
Canon;Canon i-SENSYS MF4310;INTERNAL COMPONENTS 2;RU5-2492-000;SPRING, COMPRESSION;
Canon;Canon i-SENSYS MF4310;INTERNAL COMPONENTS 2;FM3-8729-000;DCNT PCB ASSY;
Canon;Canon i-SENSYS MF4310;INTERNAL COMPONENTS 2;FM3-4099-000;PAPER FEED COVER ASSY;MF4383, 4380, 4370
Canon;Canon i-SENSYS MF4310;INTERNAL COMPONENTS 2;FM2-8884-010;PAPER FEED COVER ASSY;EXCEPT MF4383, 4380, 4370
Canon;Canon i-SENSYS MF4310;INTERNAL COMPONENTS 2;XA9-1495-000;SCREW, RS, M3X6;
Canon;Canon i-SENSYS MF4310;INTERNAL COMPONENTS 2;XA9-1420-000;SCREW, W/WASHER, M3X8;
Canon;Canon i-SENSYS MF4310;INTERNAL COMPONENTS 3;RA0-1019-000;BUSHING;
Canon;Canon i-SENSYS MF4310;INTERNAL COMPONENTS 3;RC1-1953-000;BUSHING;
Canon;Canon i-SENSYS MF4310;INTERNAL COMPONENTS 3;RC1-1954-000;BUSHING;
Canon;Canon i-SENSYS MF4310;INTERNAL COMPONENTS 3;RC1-1955-000;CAM, COUPLING;
Canon;Canon i-SENSYS MF4310;INTERNAL COMPONENTS 3;FM4-1265-000;SCNT PCB ASSY;MF4383,MF4380 EXCEPT AU, JP
Canon;Canon i-SENSYS MF4310;INTERNAL COMPONENTS 3;FM4-1267-000;SCNT PCB ASSY;MF4380 AU
Canon;Canon i-SENSYS MF4310;INTERNAL COMPONENTS 3;FM4-1268-000;SCNT PCB ASSY;MF4380 JP
Canon;Canon i-SENSYS MF4310;INTERNAL COMPONENTS 3;FM4-1269-000;SCNT PCB ASSY;MF4370 EXCEPT AU, CN,JP
Canon;Canon i-SENSYS MF4310;INTERNAL COMPONENTS 3;FM4-1270-000;SCNT PCB ASSY;MF4370 CN
Canon;Canon i-SENSYS MF4310;INTERNAL COMPONENTS 3;FM4-1271-000;SCNT PCB ASSY;MF4370 AU
Canon;Canon i-SENSYS MF4310;INTERNAL COMPONENTS 3;FM4-1272-000;SCNT PCB ASSY;MF4370 JP
Canon;Canon i-SENSYS MF4310;INTERNAL COMPONENTS 3;FM4-1273-000;SCNT PCB ASSY;MF4352, MF4350 EXCEPT AU, CN, JP
Canon;Canon i-SENSYS MF4310;INTERNAL COMPONENTS 3;FM4-1274-000;SCNT PCB ASSY;MF4350 CN
Canon;Canon i-SENSYS MF4310;INTERNAL COMPONENTS 3;FM4-1275-000;SCNT PCB ASSY;MF4350 AU
Canon;Canon i-SENSYS MF4310;INTERNAL COMPONENTS 3;FM4-1276-000;SCNT PCB ASSY;MF4350 JP
Canon;Canon i-SENSYS MF4310;INTERNAL COMPONENTS 3;FM4-1277-000;SCNT PCB ASSY;MF4340 EUR,KR
Canon;Canon i-SENSYS MF4310;INTERNAL COMPONENTS 3;FM4-1278-000;SCNT PCB ASSY;MF4340 AU
Canon;Canon i-SENSYS MF4310;INTERNAL COMPONENTS 3;FK2-7660-000;SCNT PCB ASSY;MF4330 EXCEPT CN
Canon;Canon i-SENSYS MF4310;INTERNAL COMPONENTS 3;FM4-0140-000;SCNT PCB ASSY;MF4330 CN
Canon;Canon i-SENSYS MF4310;INTERNAL COMPONENTS 3;FM3-9243-000;SCNT PCB ASSY;MF4322
Canon;Canon i-SENSYS MF4310;INTERNAL COMPONENTS 3;FK2-7661-000;SCNT PCB ASSY;MF4320 EXCEPT CN
Canon;Canon i-SENSYS MF4310;INTERNAL COMPONENTS 3;FM4-1643-000;SCNT PCB ASSY;MF4320 CN
Canon;Canon i-SENSYS MF4310;INTERNAL COMPONENTS 3;FM4-2091-000;SCNT PCB ASSY;D480
Canon;Canon i-SENSYS MF4310;INTERNAL COMPONENTS 3;FK2-7664-000;SCNT PCB ASSY;D460
Canon;Canon i-SENSYS MF4310;INTERNAL COMPONENTS 3;FK2-7663-000;SCNT PCB ASSY;D450
Canon;Canon i-SENSYS MF4310;INTERNAL COMPONENTS 3;FK2-8618-000;SCNT PCB ASSY;D440
Canon;Canon i-SENSYS MF4310;INTERNAL COMPONENTS 3;FK2-8619-000;SCNT PCB ASSY;D420
Canon;Canon i-SENSYS MF4310;INTERNAL COMPONENTS 3;FC7-3621-000;STOPPER;
Canon;Canon i-SENSYS MF4310;INTERNAL COMPONENTS 3;RC1-1959-000;BUSHING;
Canon;Canon i-SENSYS MF4310;INTERNAL COMPONENTS 3;FC7-3690-000;GUIDE, CARTRIDGE, RIGHT;
Canon;Canon i-SENSYS MF4310;INTERNAL COMPONENTS 3;XA9-1495-000;SCREW, RS, M3X6;
Canon;Canon i-SENSYS MF4310;INTERNAL COMPONENTS 3;RU5-0503-000;GEAR, 166T/87T;
Canon;Canon i-SENSYS MF4310;INTERNAL COMPONENTS 3;FK2-3510-000;SOLENOID;SL2
Canon;Canon i-SENSYS MF4310;INTERNAL COMPONENTS 3;FM2-8879-000;CARTRIDGE GUIDE LEFT ASSY;
Canon;Canon i-SENSYS MF4310;INTERNAL COMPONENTS 3;RU5-0505-000;GEAR, 74T;
Canon;Canon i-SENSYS MF4310;INTERNAL COMPONENTS 3;RU5-0174-000;GEAR, 117T;
Canon;Canon i-SENSYS MF4310;INTERNAL COMPONENTS 3;RU5-0175-000;GEAR, 108T;
Canon;Canon i-SENSYS MF4310;INTERNAL COMPONENTS 3;RU5-0176-000;GEAR, 129T;
Canon;Canon i-SENSYS MF4310;INTERNAL COMPONENTS 3;RU5-0506-000;GEAR, 35T/18T;
Canon;Canon i-SENSYS MF4310;INTERNAL COMPONENTS 3;RA0-1172-000;GEAR, 17T;
Canon;Canon i-SENSYS MF4310;INTERNAL COMPONENTS 3;RU5-0179-000;GEAR, 66T/25T;
Canon;Canon i-SENSYS MF4310;INTERNAL COMPONENTS 3;FC7-3647-000;ARM, CARTRIDGE;
Canon;Canon i-SENSYS MF4310;INTERNAL COMPONENTS 3;FC7-3653-000;ARM, SOLENOID;
Canon;Canon i-SENSYS MF4310;INTERNAL COMPONENTS 3;FC6-5210-000;RETAINING RING (E-TYPE);
Canon;Canon i-SENSYS MF4310;INTERNAL COMPONENTS 3;FU7-0541-000;GEAR, 32T;
Canon;Canon i-SENSYS MF4310;INTERNAL COMPONENTS 3;FK2-7617-000;MOTOR, STEPPING, DC;M1
Canon;Canon i-SENSYS MF4310;INTERNAL COMPONENTS 3;FU7-0544-000;GEAR, 29T;
Canon;Canon i-SENSYS MF4310;INTERNAL COMPONENTS 3;RC1-3579-000;BUSHING;
Canon;Canon i-SENSYS MF4310;INTERNAL COMPONENTS 3;FU6-2254-000;SPRING, COMPRESSION;
Canon;Canon i-SENSYS MF4310;INTERNAL COMPONENTS 3;FU6-2255-000;SPRING, COMPRESSION;
Canon;Canon i-SENSYS MF4310;INTERNAL COMPONENTS 3;FU7-0538-000;GEAR, 68/17T;
Canon;Canon i-SENSYS MF4310;INTERNAL COMPONENTS 3;FU7-0539-000;GEAR, 28T;
Canon;Canon i-SENSYS MF4310;INTERNAL COMPONENTS 3;FU7-0540-000;GEAR, 37T;
Canon;Canon i-SENSYS MF4310;INTERNAL COMPONENTS 3;FU7-0542-000;GEAR, 30T;
Canon;Canon i-SENSYS MF4310;INTERNAL COMPONENTS 3;FU7-0543-000;GEAR, 31T;
Canon;Canon i-SENSYS MF4310;INTERNAL COMPONENTS 3;FU7-0545-000;GEAR, 38T;
Canon;Canon i-SENSYS MF4310;INTERNAL COMPONENTS 3;RU5-0312-000;GEAR;
Canon;Canon i-SENSYS MF4310;INTERNAL COMPONENTS 3;RU5-0313-000;GEAR;
Canon;Canon i-SENSYS MF4310;INTERNAL COMPONENTS 3;RU5-0314-000;GEAR;
Canon;Canon i-SENSYS MF4310;INTERNAL COMPONENTS 3;FU8-0470-000;GEAR;
Canon;Canon i-SENSYS MF4310;INTERNAL COMPONENTS 3;FK2-6287-000;SPEAKER;FAX model SP1
Canon;Canon i-SENSYS MF4310;INTERNAL COMPONENTS 3;FU7-0546-000;GEAR, 23T;
Canon;Canon i-SENSYS MF4310;INTERNAL COMPONENTS 3;FU7-0547-000;GEAR, 29T;
Canon;Canon i-SENSYS MF4310;INTERNAL COMPONENTS 3;FK2-4392-000;SPACER,MODULAR;FAX model JP,KR,US
Canon;Canon i-SENSYS MF4310;INTERNAL COMPONENTS 3;HH2-2824-000;MODULAR CORD;FAX model EXCEPT AU
Canon;Canon i-SENSYS MF4310;INTERNAL COMPONENTS 3;HK1-0559-000;MODULAR CORD;FAX model AU
Canon;Canon i-SENSYS MF4310;INTERNAL COMPONENTS 3;HK1-0547-000;MODULAR CORD;FAX model EUR1 FR
Canon;Canon i-SENSYS MF4310;INTERNAL COMPONENTS 3;HK1-0550-000;MODULAR CORD;FAX model EUR1 IT
Canon;Canon i-SENSYS MF4310;INTERNAL COMPONENTS 3;HK1-0544-000;MODULAR CORD;FAX model EUR1 DE
Canon;Canon i-SENSYS MF4310;INTERNAL COMPONENTS 3;FK2-7595-000;CABLE, USB;EXCEPT US
Canon;Canon i-SENSYS MF4310;INTERNAL COMPONENTS 3;FM3-8736-000;CABLE, DCNT-SCNT;
Canon;Canon i-SENSYS MF4310;INTERNAL COMPONENTS 3;XA9-1503-000;SCREW, TP, M3X6;FAX model
Canon;Canon i-SENSYS MF4310;INTERNAL COMPONENTS 3;FM3-5378-000;PSEUDO CI PCB ASSEMBLY;FAX model JP
Canon;Canon i-SENSYS MF4310;BASE PLATE ASSY;FM3-8670-000;CENTER PLATE GUIDE RAIL ASSY;MF4300 Series
Canon;Canon i-SENSYS MF4310;BASE PLATE ASSY;FM3-9495-000;CENTER PLATE GUIDE RAIL ASSY;D400 Series
Canon;Canon i-SENSYS MF4310;BASE PLATE ASSY;FM2-8877-000;FEED GUIDE RAIL ASSY;MF4300 Series
Canon;Canon i-SENSYS MF4310;BASE PLATE ASSY;FM3-9494-000;FEED GUIDE RAIL ASSY;D400 Series
Canon;Canon i-SENSYS MF4310;BASE PLATE ASSY;FM2-8910-000;LIFTING PLATE ASSY;
Canon;Canon i-SENSYS MF4310;BASE PLATE ASSY;XA9-1495-000;SCREW, RS, M3X6;
Canon;Canon i-SENSYS MF4310;ADF ASSY (ADF model);FC8-1407-000;COVER, ADF, UPPER;MF4370 EXCEPT JP
Canon;Canon i-SENSYS MF4310;ADF ASSY (ADF model);FC8-1426-000;COVER, ADF, UPPER;MF4370 JP
Canon;Canon i-SENSYS MF4310;ADF ASSY (ADF model);FC7-3544-000;COVER, ADF, UPPER;MF4352, 4350, 4330 EXCEPT JP D440
Canon;Canon i-SENSYS MF4310;ADF ASSY (ADF model);FC7-3741-000;COVER, ADF, UPPER;MF4350,4330 JP
Canon;Canon i-SENSYS MF4310;ADF ASSY (ADF model);FC8-1408-000;COVER, ADF, REAR;MF4370 EXCEPT JP
Canon;Canon i-SENSYS MF4310;ADF ASSY (ADF model);FC8-1427-000;COVER, ADF, REAR;MF4370 JP
Canon;Canon i-SENSYS MF4310;ADF ASSY (ADF model);FC7-3549-000;COVER, ADF, REAR;MF4352, 4350, 4330 EXCEPT JP D440
Canon;Canon i-SENSYS MF4310;ADF ASSY (ADF model);FC7-3742-000;COVER, ADF, REAR;MF4350,4330 JP
Canon;Canon i-SENSYS MF4310;ADF ASSY (ADF model);FC8-1390-000;TRAY, DOCUMENT;MF4370
Canon;Canon i-SENSYS MF4310;ADF ASSY (ADF model);FC7-3548-000;TRAY, DOCUMENT;EXCEPT MF4370
Canon;Canon i-SENSYS MF4310;ADF ASSY (ADF model);FM3-4491-000;DOCUMENT FEED UNDER ASSY;MF4370
Canon;Canon i-SENSYS MF4310;ADF ASSY (ADF model);FM2-8861-000;DOCUMENT FEED UNDER ASSY;EXCEPT MF4370
Canon;Canon i-SENSYS MF4310;ADF ASSY (ADF model);FM3-4492-000;DOCUMENT GUIDE ASSY;MF4370
Canon;Canon i-SENSYS MF4310;ADF ASSY (ADF model);FM2-8862-000;DOCUMENT GUIDE ASSY;EXCEPT MF4370
Canon;Canon i-SENSYS MF4310;ADF ASSY (ADF model);FM3-4493-000;DOCUMENT FEED UPPER ASSY;MF4370
Canon;Canon i-SENSYS MF4310;ADF ASSY (ADF model);FM2-8864-000;DOCUMENT FEED UPPER ASSY;EXCEPT MF4370
Canon;Canon i-SENSYS MF4310;ADF ASSY (ADF model);FM3-4494-000;ADF BASE ASSY;MF4370
Canon;Canon i-SENSYS MF4310;ADF ASSY (ADF model);FM2-8926-000;ADF BASE ASSY;EXCEPT MF4370
Canon;Canon i-SENSYS MF4310;ADF ASSY (ADF model);FC8-0697-000;HINGE, ADF;MF4370
Canon;Canon i-SENSYS MF4310;ADF ASSY (ADF model);FC7-3637-000;HINGE, ADF;EXCEPT MF4370
Canon;Canon i-SENSYS MF4310;ADF ASSY (ADF model);FC7-3702-000;HINGE, ADF;
Canon;Canon i-SENSYS MF4310;ADF ASSY (ADF model);FC7-3607-000;PANEL, COPYBOARD;
Canon;Canon i-SENSYS MF4310;ADF ASSY (DADF model);FC8-9207-000;COVER, DF, FRONT;MF4300 Series EXCEPT JP
Canon;Canon i-SENSYS MF4310;ADF ASSY (DADF model);FC8-9234-000;COVER, DF, FRONT;MF4380 JP
Canon;Canon i-SENSYS MF4310;ADF ASSY (DADF model);FC9-1258-000;COVER, DF, FRONT;D400 Series EXCEPT JP
Canon;Canon i-SENSYS MF4310;ADF ASSY (DADF model);FC9-5032-000;COVER, DF, FRONT;D450 JP
Canon;Canon i-SENSYS MF4310;ADF ASSY (DADF model);FC8-9237-000;COVER, REAR;MF4380 JP
Canon;Canon i-SENSYS MF4310;ADF ASSY (DADF model);FC9-1261-000;COVER, REAR;D400 Series EXCEPT JP
Canon;Canon i-SENSYS MF4310;ADF ASSY (DADF model);FC9-5034-000;COVER, REAR;D450 JP
Canon;Canon i-SENSYS MF4310;ADF ASSY (DADF model);FC8-9208-000;COVER, REAR;MF4300 Series EXCEPT JP
Canon;Canon i-SENSYS MF4310;ADF ASSY (DADF model);FU7-2018-000;SPRING, COMPRESSION;
Canon;Canon i-SENSYS MF4310;ADF ASSY (DADF model);FC8-9259-000;COVER, FRONT UPPER;MF4300 Series EXCEPT JP
Canon;Canon i-SENSYS MF4310;ADF ASSY (DADF model);FC8-9235-000;COVER, FRONT UPPER;MF4380 JP
Canon;Canon i-SENSYS MF4310;ADF ASSY (DADF model);FC9-1259-000;COVER, FRONT UPPER;D400 Series EXCEPT JP
Canon;Canon i-SENSYS MF4310;ADF ASSY (DADF model);FC9-5033-000;COVER, FRONT UPPER;D450 JP
Canon;Canon i-SENSYS MF4310;ADF ASSY (DADF model);FM3-8672-000;DOCUMENT TRAY ASSEMBLY;MF4300 Series
Canon;Canon i-SENSYS MF4310;ADF ASSY (DADF model);FM3-9486-000;DOCUMENT TRAY ASSEMBLY;D400 Series
Canon;Canon i-SENSYS MF4310;ADF ASSY (DADF model);FC7-6322-000;ELIMINATOR, STATIC CHARGE;
Canon;Canon i-SENSYS MF4310;ADF ASSY (DADF model);FC8-9211-000;TRAY, DOCUMENT;MF4300 Series
Canon;Canon i-SENSYS MF4310;ADF ASSY (DADF model);FC9-1254-000;TRAY, DOCUMENT;D400 Series
Canon;Canon i-SENSYS MF4310;ADF ASSY (DADF model);FC8-9212-000;GUIDE, DOCUMENT, FRONT;MF4300 Series
Canon;Canon i-SENSYS MF4310;ADF ASSY (DADF model);FC9-1255-000;GUIDE, DOCUMENT, FRONT;D400 Series
Canon;Canon i-SENSYS MF4310;ADF ASSY (DADF model);FC8-9213-000;GUIDE, DOCUMENT, REAR;MF4300 Series
Canon;Canon i-SENSYS MF4310;ADF ASSY (DADF model);FC9-1256-000;GUIDE, DOCUMENT, REAR;D400 Series
Canon;Canon i-SENSYS MF4310;ADF ASSY (DADF model);FC8-9242-000;PLATE, STATIC CHARGE GROUNDING;
Canon;Canon i-SENSYS MF4310;ADF ASSY (DADF model);FC8-9243-000;TRAY, DOCUMENT SUB;MF4300 Series
Canon;Canon i-SENSYS MF4310;ADF ASSY (DADF model);FC9-1257-000;TRAY, DOCUMENT SUB;D400 Series
Canon;Canon i-SENSYS MF4310;ADF ASSY (DADF model);FU6-0831-000;GEAR, 18T;
Canon;Canon i-SENSYS MF4310;ADF ASSY (DADF model);FU6-2248-000;SPRING, SLIDER;
Canon;Canon i-SENSYS MF4310;ADF ASSY (DADF model);XA9-0476-000;SCREW,TP M3X8;
Canon;Canon i-SENSYS MF4310;ADF ASSY (DADF model);FC8-9209-000;COVER, UPPER;MF4300 Series
Canon;Canon i-SENSYS MF4310;ADF ASSY (DADF model);FC9-1253-000;COVER, UPPER;D400 Series
Canon;Canon i-SENSYS MF4310;ADF ASSY (DADF model);FC8-9241 -000;CAP;MF4300 Series
Canon;Canon i-SENSYS MF4310;ADF ASSY (DADF model);FC9-1271-000;CAP;D400 Series
Canon;Canon i-SENSYS MF4310;ADF ASSY (DADF model);FL3-1021-000;HINGE, ADF;
Canon;Canon i-SENSYS MF4310;ADF ASSY (DADF model);FM3-8677-000;OPEN/CLOSE PANEL ASSEMBLY;
Canon;Canon i-SENSYS MF4310;ADF ASSY (DADF model);FC6-5210-000;RETAINING RING (E-TYPE);
Canon;Canon i-SENSYS MF4310;ADF ASSY (DADF model);FC7-6320-000;BUSHING;
Canon;Canon i-SENSYS MF4310;ADF ASSY (DADF model);FC7-6321-000;FLAG, DOCUMENT SCANNER;
Canon;Canon i-SENSYS MF4310;ADF ASSY (DADF model);FC8-9233-000;COVER, ADF;MF4300 Series
Canon;Canon i-SENSYS MF4310;ADF ASSY (DADF model);FC9-1260-000;COVER, ADF;D400 Series
Canon;Canon i-SENSYS MF4310;ADF ASSY (DADF model);FM3-8679-000;SEPARATION ROLLER ASSY;
Canon;Canon i-SENSYS MF4310;ADF ASSY (DADF model);FC8-9251 -000;ROLLER, PICK-UP;
Canon;Canon i-SENSYS MF4310;ADF ASSY (DADF model);FL3-1023-000;ROLLER, SEPARATION;
Canon;Canon i-SENSYS MF4310;ADF ASSY (DADF model);FU5-1552-000;BUSHING;
Canon;Canon i-SENSYS MF4310;ADF ASSY (DADF model);FU7-0672-000;GEAR, 24T;
Canon;Canon i-SENSYS MF4310;ADF ASSY (DADF model);FC8-9210-000;PANEL, COPYBOARD;
Canon;Canon i-SENSYS MF4310;ADF PAPER FEED ASSY (DADF model);FC6-5210-000;RETAINING RING (E-TYPE);
Canon;Canon i-SENSYS MF4310;ADF PAPER FEED ASSY (DADF model);FC7-6052-000;RATCHET, PAPER FEED ROLLER;
Canon;Canon i-SENSYS MF4310;ADF PAPER FEED ASSY (DADF model);FC7-6182-000;LEVER, ROLLER RELEASE;
Canon;Canon i-SENSYS MF4310;ADF PAPER FEED ASSY (DADF model);FC7-6278-000;FLAPPER_PAPER DELIVERY;
Canon;Canon i-SENSYS MF4310;ADF PAPER FEED ASSY (DADF model);FC9-1325-000;SPRING,SEPARATION SWING ARM;
Canon;Canon i-SENSYS MF4310;ADF PAPER FEED ASSY (DADF model);FC8-9214-000;LEVER, RELEASE;
Canon;Canon i-SENSYS MF4310;ADF PAPER FEED ASSY (DADF model);FL3-1018-000;ARM, SEPARATION SWING;
Canon;Canon i-SENSYS MF4310;ADF PAPER FEED ASSY (DADF model);FM3-8681-000;PAPER FEED ROLLER ASSEMBLY;
Canon;Canon i-SENSYS MF4310;ADF PAPER FEED ASSY (DADF model);FM3-8682-000;PAPER DELIVERY ASSY;
Canon;Canon i-SENSYS MF4310;ADF PAPER FEED ASSY (DADF model);FM3-8683-000;DRIVE PLATE ASSY;
Canon;Canon i-SENSYS MF4310;ADF PAPER FEED ASSY (DADF model);FM3-8684-000;SOLENOID ASSY;SL3
Canon;Canon i-SENSYS MF4310;ADF PAPER FEED ASSY (DADF model);FM3-8685-000;MOTOR DRIVE ASSY;M3
Canon;Canon i-SENSYS MF4310;ADF PAPER FEED ASSY (DADF model);FM3-8686-000;GUIDE ASSEMBLY, UPPER;MF4300 Series
Canon;Canon i-SENSYS MF4310;ADF PAPER FEED ASSY (DADF model);FM3-9491-000;GUIDE ASSEMBLY, UPPER;D400 Series
Canon;Canon i-SENSYS MF4310;ADF PAPER FEED ASSY (DADF model);FM3-8690-000;PAPER DELIVERY ROLLER ASSY;
Canon;Canon i-SENSYS MF4310;ADF PAPER FEED ASSY (DADF model);FM3-8733-000;CABLE, GROUNDING;MF4300 Series
Canon;Canon i-SENSYS MF4310;ADF PAPER FEED ASSY (DADF model);FM3-8742-000;CABLE, GROUNDING;D400 Series
Canon;Canon i-SENSYS MF4310;ADF PAPER FEED ASSY (DADF model);FU5-1552-000;BUSHING;
Canon;Canon i-SENSYS MF4310;ADF PAPER FEED ASSY (DADF model);FU6-2249-000;SPRING, COMPRESSION;
Canon;Canon i-SENSYS MF4310;ADF PAPER FEED ASSY (DADF model);FU6-2998-000;SPRING, COMPRESSION;
Canon;Canon i-SENSYS MF4310;ADF PAPER FEED ASSY (DADF model);FU6-2999-000;SPRING, TENSION;
Canon;Canon i-SENSYS MF4310;ADF PAPER FEED ASSY (DADF model);FU7-0668-000;GEAR, 54T;
Canon;Canon i-SENSYS MF4310;ADF PAPER FEED ASSY (DADF model);FU7-0669-000;GEAR, 46T/23T;
Canon;Canon i-SENSYS MF4310;ADF PAPER FEED ASSY (DADF model);FU7-0671-000;GEAR, 36T;
Canon;Canon i-SENSYS MF4310;ADF PAPER FEED ASSY (DADF model);FU7-0676-000;GEAR, 21T/42T;
Canon;Canon i-SENSYS MF4310;ADF PAPER FEED ASSY (DADF model);FU7-0678-000;GEAR, 51T/17T;
Canon;Canon i-SENSYS MF4310;ADF PAPER FEED ASSY (DADF model);FU7-2021-000;SPRING, COMPRESSION;
Canon;Canon i-SENSYS MF4310;ADF PAPER FEED ASSY (DADF model);FU7-0667-000;GEAR, 20T;
Canon;Canon i-SENSYS MF4310;ADF PAPER FEED ASSY (DADF model);WG8-5696-000;PHOTO INTERRUPTER, TLP1243;PS808,PS807
Canon;Canon i-SENSYS MF4310;ADF PAPER FEED ASSY (DADF model);FM3-8680-000;PAPER FEEDER ASSEMBLY;DADF model MF4300Series
Canon;Canon i-SENSYS MF4310;ADF PAPER FEED ASSY (DADF model);FM3-9490-000;PAPER FEEDER ASSEMBLY;DADF model D400 Series
Canon;Canon i-SENSYS MF4310;PAPER PICK-UP ASSY;FK2-3508-000;SOLENOID;
Canon;Canon i-SENSYS MF4310;PAPER PICK-UP ASSY;FM2-8872-000;FEED CROSSMEMBER ASSY;
Canon;Canon i-SENSYS MF4310;PAPER PICK-UP ASSY;FM2-8911-000;PAPER PICK-UP SHAFT ASSY;
Canon;Canon i-SENSYS MF4310;PAPER PICK-UP ASSY;RC1-1960-000;RATCHET;
Canon;Canon i-SENSYS MF4310;PAPER PICK-UP ASSY;RC1-1990-000;BUSHING;
Canon;Canon i-SENSYS MF4310;PAPER PICK-UP ASSY;RC1-1993-000;SPRING, TORSION;
Canon;Canon i-SENSYS MF4310;PAPER PICK-UP ASSY;RC1-1994-000;SPRING, TORSION;
Canon;Canon i-SENSYS MF4310;PAPER PICK-UP ASSY;FC7-3823-000;SPRING, LEAF;
Canon;Canon i-SENSYS MF4310;PAPER PICK-UP ASSY;RC1-2040-000;FLAG, REGIST. SENSOR;
Canon;Canon i-SENSYS MF4310;PAPER PICK-UP ASSY;RC1-2041-000;SPRING, TORSION;
Canon;Canon i-SENSYS MF4310;PAPER PICK-UP ASSY;FC8-9172-000;FLAG, PAPER WIDTH SENSOR;
Canon;Canon i-SENSYS MF4310;PAPER PICK-UP ASSY;RC1-2043-000;SPRING, TORSION;
Canon;Canon i-SENSYS MF4310;PAPER PICK-UP ASSY;RC1-2044-000;BUSHING;
Canon;Canon i-SENSYS MF4310;PAPER PICK-UP ASSY;FU6-2255-000;SPRING, COMPRESSION1;
Canon;Canon i-SENSYS MF4310;PAPER PICK-UP ASSY;RC1-5550-000;PLATE,TRANSFER GROUNDING,FRONT;
Canon;Canon i-SENSYS MF4310;PAPER PICK-UP ASSY;RC1-5551-000;PAD, SUB;
Canon;Canon i-SENSYS MF4310;PAPER PICK-UP ASSY;RC1-5552-000;LEVER, CARTRIDGE DETECT;
Canon;Canon i-SENSYS MF4310;PAPER PICK-UP ASSY;RC1-5553-000;SPRING, TORSION;
Canon;Canon i-SENSYS MF4310;PAPER PICK-UP ASSY;RL1-0266-000;ROLLER, PICK-UP;
Canon;Canon i-SENSYS MF4310;PAPER PICK-UP ASSY;RL1-0268-000;ROLLER, FEED;
Canon;Canon i-SENSYS MF4310;PAPER PICK-UP ASSY;RM1-2046-000;PAPER PICK-UP GEAR ASSY;
Canon;Canon i-SENSYS MF4310;PAPER PICK-UP ASSY;RU5-0180-000;GEAR, 21T/29T;
Canon;Canon i-SENSYS MF4310;PAPER PICK-UP ASSY;XA9-1495-000;SCREW, RS, M3X6;
Canon;Canon i-SENSYS MF4310;PAPER PICK-UP ASSY;XB4-5401-009;SCREW, TAP, M4X10;
Canon;Canon i-SENSYS MF4310;PAPER PICK-UP ASSY;FM2-8871-010;PAPER PICK-UP ASSY;SL1
Canon;Canon i-SENSYS MF4310;READER ASSY (ADF model);FC7-3615-000;STAY, READER;
Canon;Canon i-SENSYS MF4310;READER ASSY (ADF model);FC7-3616-000;RETAINER, DAMPER;
Canon;Canon i-SENSYS MF4310;READER ASSY (ADF model);FC7-3623-000;SPACER, CIS;
Canon;Canon i-SENSYS MF4310;READER ASSY (ADF model);FC7-3630-000;BELT, TIMING;
Canon;Canon i-SENSYS MF4310;READER ASSY (ADF model);FC7-3713-000;HOLDER, DAMPER;
Canon;Canon i-SENSYS MF4310;READER ASSY (ADF model);FK2-2869-000;CONTACT IMAGE SENSOR ASSY;
Canon;Canon i-SENSYS MF4310;READER ASSY (ADF model);FK2-4642-000;CABLE, FLAT, SCNT-CIS;
Canon;Canon i-SENSYS MF4310;READER ASSY (ADF model);FK2-3765-000;CABLE, FLAT, SCNT-OP;
Canon;Canon i-SENSYS MF4310;READER ASSY (ADF model);FL2-8496-000;COPYBOARD GLASS ASSY;
Canon;Canon i-SENSYS MF4310;READER ASSY (ADF model);FM2-8868-000;CIS DRIVE MOTOR ASSY;M2
Canon;Canon i-SENSYS MF4310;READER ASSY (ADF model);XA9-0476-000;SCREW,TP M3X8;
Canon;Canon i-SENSYS MF4310;READER ASSY (ADF model);FC8-0657-000;GUIDE, CABLE;MF4370
Canon;Canon i-SENSYS MF4310;READER ASSY (ADF model);FC7-3553-000;GUIDE, CABLE;EXCEPT MF4370
Canon;Canon i-SENSYS MF4310;READER ASSY (ADF model);FC8-9307-000;LABEL, COPY PROHIBITION;EXCEPT ASIA, AU, CN,JP, KR,TW
Canon;Canon i-SENSYS MF4310;READER ASSY (ADF model);FC9-1324-000;LABEL, COPY PROHIBITION;ASIA,AU, CN,JP, KR,TW
Canon;Canon i-SENSYS MF4310;READER ASSY (ADF model);XB4-5401-009;SCREW, TAP, M4X10;
Canon;Canon i-SENSYS MF4310;READER ASSY (ADF model);XB4-7300-807;SCREW, TAPPING, BINDING HEAD;
Canon;Canon i-SENSYS MF4310;READER ASSY (ADF model);FM3-4495-000;READER ASSY;ADF model MF4370
Canon;Canon i-SENSYS MF4310;READER ASSY (ADF model);FM3-8692-000;READER ASSY;ADF model EXCEPT MF4370
Canon;Canon i-SENSYS MF4310;READER ASSY (COPYBOARD model);FC7-3615-000;STAY, READER;
Canon;Canon i-SENSYS MF4310;READER ASSY (COPYBOARD model);FC7-3616-000;RETAINER, DAMPER;
Canon;Canon i-SENSYS MF4310;READER ASSY (COPYBOARD model);FC7-3623-000;SPACER, CIS;
Canon;Canon i-SENSYS MF4310;READER ASSY (COPYBOARD model);FC7-3630-000;BELT, TIMING;
Canon;Canon i-SENSYS MF4310;READER ASSY (COPYBOARD model);FC7-3713-000;HOLDER, DAMPER;
Canon;Canon i-SENSYS MF4310;READER ASSY (COPYBOARD model);FK2-2869-000;CONTACT IMAGE SENSOR ASSY;
Canon;Canon i-SENSYS MF4310;READER ASSY (COPYBOARD model);FK2-3764-000;CABLE, FLAT, SCNT-CIS;
Canon;Canon i-SENSYS MF4310;READER ASSY (COPYBOARD model);FK2-3765-000;CABLE, FLAT, SCNT-OP;
Canon;Canon i-SENSYS MF4310;READER ASSY (COPYBOARD model);FL2-5621-000;COPYBOARD GLASS ASSY;
Canon;Canon i-SENSYS MF4310;READER ASSY (COPYBOARD model);FM2-8868-000;CIS DRIVE MOTOR ASSY;M2
Canon;Canon i-SENSYS MF4310;READER ASSY (COPYBOARD model);XA9-0476-000;SCREW,TP M3X8;
Canon;Canon i-SENSYS MF4310;READER ASSY (COPYBOARD model);FC7-3553-000;GUIDE, CABLE;
Canon;Canon i-SENSYS MF4310;READER ASSY (COPYBOARD model);FC8-9307-000;LABEL, COPY PROHIBITION;EXCEPT ASIA,AU,CN,KR
Canon;Canon i-SENSYS MF4310;READER ASSY (COPYBOARD model);FC9-1324-000;LABEL, COPY PROHIBITION;ASIA,AU,CN,KR
Canon;Canon i-SENSYS MF4310;READER ASSY (COPYBOARD model);FM3-4111-000;READER ASSY;COPYBOARD model
Canon;Canon i-SENSYS MF4310;READER ASSY (DADF model);XA9-0476-000;SCREW,TP M3X8;
Canon;Canon i-SENSYS MF4310;READER ASSY (DADF model);FM3-8688-000;CIS DRIVE MOTOR ASSY;M2
Canon;Canon i-SENSYS MF4310;READER ASSY (DADF model);FC7-3623-000;SPACER, CIS;
Canon;Canon i-SENSYS MF4310;READER ASSY (DADF model);FC7-3630-000;BELT, TIMING;
Canon;Canon i-SENSYS MF4310;READER ASSY (DADF model);FC8-9239-000;GUIDE, CABLE;MF4300 Series
Canon;Canon i-SENSYS MF4310;READER ASSY (DADF model);FC9-1270-000;GUIDE, CABLE;D400 Series
Canon;Canon i-SENSYS MF4310;READER ASSY (DADF model);FK2-2869-000;CONTACT IMAGE SENSOR ASSY;
Canon;Canon i-SENSYS MF4310;READER ASSY (DADF model);FK2-4642-000;CABLE, FLAT, SCNT-CIS;
Canon;Canon i-SENSYS MF4310;READER ASSY (DADF model);FK2-3765-000;CABLE, FLAT, SCNT-OP;
Canon;Canon i-SENSYS MF4310;READER ASSY (DADF model);FL2-8496-000;COPYBOARD GLASS ASSY;
Canon;Canon i-SENSYS MF4310;READER ASSY (DADF model);FC8-9307-000;LABEL, COPY PROHIBITION;EXCEPT ASIA, AU,JP, KR
Canon;Canon i-SENSYS MF4310;READER ASSY (DADF model);FC9-1324-000;LABEL, COPY PROHIBITION;ASIA, AU, JP,KR
Canon;Canon i-SENSYS MF4310;READER ASSY (DADF model);FM3-8675-000;READER ASSY;DADF model MF4300Series
Canon;Canon i-SENSYS MF4310;READER ASSY (DADF model);FM3-9488-000;READER ASSY;DADF model D400 Series
Canon;Canon i-SENSYS MF4310;FIXING ASSY;FC7-3557-000;GUIDE, SEPARATION;
Canon;Canon i-SENSYS MF4310;FIXING ASSY;FC7-3641-010;GUIDE, ENTRANCE;MF4300 Series
Canon;Canon i-SENSYS MF4310;FIXING ASSY;FC9-1293-000;GUIDE, ENTRANCE;D400 Series
Canon;Canon i-SENSYS MF4310;FIXING ASSY;FC7-3642-000;LEVER, PRESSURE RELEASE, LEFT;
Canon;Canon i-SENSYS MF4310;FIXING ASSY;FC7-3643-000;LEVER, PRESSURE RELEASE, RIGHT;
Canon;Canon i-SENSYS MF4310;FIXING ASSY;FC7-3644-000;FLAG, PAPER DELIVERY SENSOR;
Canon;Canon i-SENSYS MF4310;FIXING ASSY;FC7-3645-000;BUSHING;
Canon;Canon i-SENSYS MF4310;FIXING ASSY;FC7-3652-000;FLAG, PAPER WIDTH SENSOR;
Canon;Canon i-SENSYS MF4310;FIXING ASSY;FM2-8885-000;FIXING COVER UNIT;
Canon;Canon i-SENSYS MF4310;FIXING ASSY;FM2-8917-000;FIXING FILM ASSY;100V
Canon;Canon i-SENSYS MF4310;FIXING ASSY;FM2-8915-000;FIXING FILM ASSY;120V
Canon;Canon i-SENSYS MF4310;FIXING ASSY;FM2-8916-000;FIXING FILM ASSY;230V
Canon;Canon i-SENSYS MF4310;FIXING ASSY;FM3-0255-000;SENSOR PCB ASSY;PS804
Canon;Canon i-SENSYS MF4310;FIXING ASSY;FU6-2875-000;SPRING, TENSION;
Canon;Canon i-SENSYS MF4310;FIXING ASSY;FC7-3826-000;PLATE, PRESSURE, LEFT;
Canon;Canon i-SENSYS MF4310;FIXING ASSY;FC7-3825-000;PLATE, PRESSURE, RIGHT;
Canon;Canon i-SENSYS MF4310;FIXING ASSY;RC1-2079-000;BUSHING;
Canon;Canon i-SENSYS MF4310;FIXING ASSY;RC1-2097-000;GUIDE, ENTRANCE;
Canon;Canon i-SENSYS MF4310;FIXING ASSY;RC1-2098-000;SPRING, TORSION;
Canon;Canon i-SENSYS MF4310;FIXING ASSY;RC1-2139-000;BUSHING;
Canon;Canon i-SENSYS MF4310;FIXING ASSY;RU5-0523-000;GEAR, 37T;
Canon;Canon i-SENSYS MF4310;FIXING ASSY;RU5-2178-000;SPRING, TENSION;
Canon;Canon i-SENSYS MF4310;FIXING ASSY;FM2-8890-000;FIXING ASSY;100V MF4300 Series
Canon;Canon i-SENSYS MF4310;FIXING ASSY;FM2-8891-000;FIXING ASSY;120V MF4300 Series
Canon;Canon i-SENSYS MF4310;FIXING ASSY;FM2-8892-000;FIXING ASSY;230V MF4300 Series
Canon;Canon i-SENSYS MF4310;FIXING ASSY;FM4-1998-000;FIXING ASSY;100V D400 Series
Canon;Canon i-SENSYS MF4310;FIXING ASSY;FM3-9496-000;FIXING ASSY;120V D400 Series
Canon;Canon i-SENSYS MF4310;FIXING ASSY;FM3-9497-000;FIXING ASSY;230V D400 Series
