Canon;Canon i-SENSYS LBP6670dn;100 EXTERNAL COVERS, PANELS, ETC.;FC0-4235-000;LABEL, DUPLEXING SIZE CONTROL;
Canon;Canon i-SENSYS LBP6670dn;100 EXTERNAL COVERS, PANELS, ETC.;FC0-4236-000;COVER, RIGHT, UPPER;LBP6600
Canon;Canon i-SENSYS LBP6670dn;100 EXTERNAL COVERS, PANELS, ETC.;FC0-4282-000;COVER, RIGHT, UPPER;i-SENSYS LBP6680x
Canon;Canon i-SENSYS LBP6670dn;100 EXTERNAL COVERS, PANELS, ETC.;FC0-4283-000;COVER, RIGHT, UPPER;i-SENSYS LBP6670dn
Canon;Canon i-SENSYS LBP6670dn;100 EXTERNAL COVERS, PANELS, ETC.;FC0-4285-000;COVER, RIGHT, UPPER;imageCLASS LBP6670dn
Canon;Canon i-SENSYS LBP6670dn;100 EXTERNAL COVERS, PANELS, ETC.;FC0-4287-000;COVER, RIGHT, UPPER;imageCLASS LBP6680x
Canon;Canon i-SENSYS LBP6670dn;100 EXTERNAL COVERS, PANELS, ETC.;FC8-9837-000;COVER, FRONT;
Canon;Canon i-SENSYS LBP6670dn;100 EXTERNAL COVERS, PANELS, ETC.;FC0-4252-000;COVER, RIGHT;
Canon;Canon i-SENSYS LBP6670dn;100 EXTERNAL COVERS, PANELS, ETC.;FC0-4239-000;LABEL, MP, SIZE;EXCEPT JP
Canon;Canon i-SENSYS LBP6670dn;100 EXTERNAL COVERS, PANELS, ETC.;FC0-4241-000;LABEL, MP, SIZE;JP
Canon;Canon i-SENSYS LBP6670dn;100 EXTERNAL COVERS, PANELS, ETC.;FC8-9896-000;LABEL, ATTENTION;
Canon;Canon i-SENSYS LBP6670dn;100 EXTERNAL COVERS, PANELS, ETC.;FC0-4251-000;COVER, LEFT;
Canon;Canon i-SENSYS LBP6670dn;100 EXTERNAL COVERS, PANELS, ETC.;FM4-8671-000;REAR COVER ASSY;
Canon;Canon i-SENSYS LBP6670dn;100 EXTERNAL COVERS, PANELS, ETC.;FM4-8677-000;OPERATION PANEL ASSY;i-SENSYS LBP6680x
Canon;Canon i-SENSYS LBP6670dn;100 EXTERNAL COVERS, PANELS, ETC.;FM4-8678-000;OPERATION PANEL ASSY;imageCLASS LBP6680x
Canon;Canon i-SENSYS LBP6670dn;100 EXTERNAL COVERS, PANELS, ETC.;FM4-8679-000;OPERATION PANEL ASSY;Satera LBP6600
Canon;Canon i-SENSYS LBP6670dn;100 EXTERNAL COVERS, PANELS, ETC.;FM4-8680-000;OPERATION PANEL ASSY;i-SENSYS LBP6670dn
Canon;Canon i-SENSYS LBP6670dn;100 EXTERNAL COVERS, PANELS, ETC.;FM4-8681-000;OPERATION PANEL ASSY;imageCLASS LBP6670dn US
Canon;Canon i-SENSYS LBP6670dn;100 EXTERNAL COVERS, PANELS, ETC.;FM4-8683-000;CARTRIDGE DOOR ASSY;
Canon;Canon i-SENSYS LBP6670dn;100 EXTERNAL COVERS, PANELS, ETC.;RC2-6273-000;HINGE, MULTI-PURPOSE, RIGHT;
Canon;Canon i-SENSYS LBP6670dn;100 EXTERNAL COVERS, PANELS, ETC.;RC2-8291-000;HINGE, MULTI-PURPOSE, LEFT;
Canon;Canon i-SENSYS LBP6670dn;100 EXTERNAL COVERS, PANELS, ETC.;RU5-2895-000;SPRING, TENSION;
Canon;Canon i-SENSYS LBP6670dn;100 EXTERNAL COVERS, PANELS, ETC.;FC8-9985-000;LABEL, GROUNDING CAUTION;JP
Canon;Canon i-SENSYS LBP6670dn;100 EXTERNAL COVERS, PANELS, ETC.;FC0-4281-000;LABEL, CAUTION;
Canon;Canon i-SENSYS LBP6670dn;100 EXTERNAL COVERS, PANELS, ETC.;FC0-4270-000;COVER, SWITCH;
Canon;Canon i-SENSYS LBP6670dn;100 EXTERNAL COVERS, PANELS, ETC.;XA9-1671-000;SCREW, D, M3X8;
Canon;Canon i-SENSYS LBP6670dn;100 EXTERNAL COVERS, PANELS, ETC.;XA9-1503-000;SCREW, TAP, M3X6;
Canon;Canon i-SENSYS LBP6670dn;100 EXTERNAL COVERS, PANELS, ETC.;FC0-4275-000;COVER, USB;EXCEPT LBP6680x
Canon;Canon i-SENSYS LBP6670dn;100 EXTERNAL COVERS, PANELS, ETC.;FC0-4269-000;COVER, USB;LBP6680x
Canon;Canon i-SENSYS LBP6670dn;100 EXTERNAL COVERS, PANELS, ETC.;FM4-8674-000;TOP COVER ASSY;
Canon;Canon i-SENSYS LBP6670dn;100 EXTERNAL COVERS, PANELS, ETC.;FC0-4268-000;COVER, DIMM;
Canon;Canon i-SENSYS LBP6670dn;100 EXTERNAL COVERS, PANELS, ETC.;NPN;EXTERNAL COVERS, PANELS, ETC.;
Canon;Canon i-SENSYS LBP6670dn;101 INTERNAL COMPONENTS 1;FM3-9088-000;FIXING ASSY;100V
Canon;Canon i-SENSYS LBP6670dn;101 INTERNAL COMPONENTS 1;RM1-6405-000;FIXING ASSY;120V
Canon;Canon i-SENSYS LBP6670dn;101 INTERNAL COMPONENTS 1;RM1-6406-000;FIXING ASSY;230V
Canon;Canon i-SENSYS LBP6670dn;101 INTERNAL COMPONENTS 1;RM1-6401-000;PAPER RETAINING DELIVERY ASSY;
Canon;Canon i-SENSYS LBP6670dn;101 INTERNAL COMPONENTS 1;RM1-6421-000;MAIN DRIVE ASSY;
Canon;Canon i-SENSYS LBP6670dn;101 INTERNAL COMPONENTS 1;RM1-6445-000;REVERSE SENSOR ASSY;PS917
Canon;Canon i-SENSYS LBP6670dn;101 INTERNAL COMPONENTS 1;XA9-1503-000;SCREW, TAP, M3X6;
Canon;Canon i-SENSYS LBP6670dn;101 INTERNAL COMPONENTS 1;XA9-1671-000;SCREW, D, M3X8;
Canon;Canon i-SENSYS LBP6670dn;101 INTERNAL COMPONENTS 1;RC2-8349-000;PIN LARGE GEAR;
Canon;Canon i-SENSYS LBP6670dn;101 INTERNAL COMPONENTS 1;RL1-2112-000;ROLLER, FACE-DOWN;
Canon;Canon i-SENSYS LBP6670dn;101 INTERNAL COMPONENTS 1;RL1-2111-000;FACE-DOWN ROLLER UNIT;
Canon;Canon i-SENSYS LBP6670dn;101 INTERNAL COMPONENTS 1;RU6-2610-000;SPRING, COMPRESSION;
Canon;Canon i-SENSYS LBP6670dn;101 INTERNAL COMPONENTS 1;RC2-6198-000;ARM, LINK, 1;
Canon;Canon i-SENSYS LBP6670dn;101 INTERNAL COMPONENTS 1;NPN;INTERNAL COMPONENTS 1;
Canon;Canon i-SENSYS LBP6670dn;102 INTERNAL COMPONENTS 2;RL1-2115-000;PAD, MULTI-PURPOSE SEPARATION;
Canon;Canon i-SENSYS LBP6670dn;102 INTERNAL COMPONENTS 2;RM1-1301-000;PAPER PICK-UP GEAR ASSY;
Canon;Canon i-SENSYS LBP6670dn;102 INTERNAL COMPONENTS 2;RM1-6350-000;MULTI-PURPOSE SENSOR PCB ASSY;PS915
Canon;Canon i-SENSYS LBP6670dn;102 INTERNAL COMPONENTS 2;FM0-1141-000;INLET AC RELAY CABLE;
Canon;Canon i-SENSYS LBP6670dn;102 INTERNAL COMPONENTS 2;RM1-6378-000;MAIN MOTOR ASSY;M1
Canon;Canon i-SENSYS LBP6670dn;102 INTERNAL COMPONENTS 2;RM1-6414-000;PAPER PICK-UP ROLLER ASSY;
Canon;Canon i-SENSYS LBP6670dn;102 INTERNAL COMPONENTS 2;XA9-1671-000;SCREW, D, M3X8;
Canon;Canon i-SENSYS LBP6670dn;102 INTERNAL COMPONENTS 2;NPN;INTERNAL COMPONENTS 2;
Canon;Canon i-SENSYS LBP6670dn;103 INTERNAL COMPONENTS 3;FM4-8672-000;TOP SENSOR ASSY;PS912,PS922
Canon;Canon i-SENSYS LBP6670dn;103 INTERNAL COMPONENTS 3;RM1-6424-000;SCANNER ASSY;
Canon;Canon i-SENSYS LBP6670dn;103 INTERNAL COMPONENTS 3;RM1-6450-000;TRANSFER ROLLER ASSY;
Canon;Canon i-SENSYS LBP6670dn;103 INTERNAL COMPONENTS 3;RK2-3708-000;CABLE, LASER FLEXIBLE FLAT;
Canon;Canon i-SENSYS LBP6670dn;103 INTERNAL COMPONENTS 3;RM1-6402-000;PAPER FEED GUIDE ASSY;
Canon;Canon i-SENSYS LBP6670dn;103 INTERNAL COMPONENTS 3;RM1-6419-000;REGISTRATION ASSY;
Canon;Canon i-SENSYS LBP6670dn;103 INTERNAL COMPONENTS 3;XA9-1420-000;SCREW, W/WASHER, M3X8;
Canon;Canon i-SENSYS LBP6670dn;103 INTERNAL COMPONENTS 3;XA9-1671-000;SCREW, D, M3X8;
Canon;Canon i-SENSYS LBP6670dn;103 INTERNAL COMPONENTS 3;NPN;INTERNAL COMPONENTS 3;
Canon;Canon i-SENSYS LBP6670dn;104 INTERNAL COMPONENTS 4;FM3-8839-000;CASSETTE ASSY;
Canon;Canon i-SENSYS LBP6670dn;104 INTERNAL COMPONENTS 4;FM0-1140-000;POWER SWITCH PCB ASSY;
Canon;Canon i-SENSYS LBP6670dn;104 INTERNAL COMPONENTS 4;FM0-1149-000;DUPLEX DRIVER PCB ASSY;
Canon;Canon i-SENSYS LBP6670dn;104 INTERNAL COMPONENTS 4;RK2-2728-000;FAN;FM1
Canon;Canon i-SENSYS LBP6670dn;104 INTERNAL COMPONENTS 4;RK2-2729-000;SOLENOID;SL2
Canon;Canon i-SENSYS LBP6670dn;104 INTERNAL COMPONENTS 4;RK2-2731-000;SOLENOID;SL1
Canon;Canon i-SENSYS LBP6670dn;104 INTERNAL COMPONENTS 4;RL1-2120-000;ROLLER, MULTI-PURPOSE PICK-UP;
Canon;Canon i-SENSYS LBP6670dn;104 INTERNAL COMPONENTS 4;RM1-4275-020;PAPER PICK-UP GEAR ASSY;
Canon;Canon i-SENSYS LBP6670dn;104 INTERNAL COMPONENTS 4;RM1-6397-000;SEPARATION PAD HOLDER ASSY;
Canon;Canon i-SENSYS LBP6670dn;104 INTERNAL COMPONENTS 4;WC4-5171-000;MICROSWITCH;SW301
Canon;Canon i-SENSYS LBP6670dn;104 INTERNAL COMPONENTS 4;XA9-1671-000;SCREW, D, M3X8;
Canon;Canon i-SENSYS LBP6670dn;104 INTERNAL COMPONENTS 4;FC7-9850-000;LABEL, PROHIBITION DOCUMENT;
Canon;Canon i-SENSYS LBP6670dn;104 INTERNAL COMPONENTS 4;FM0-1139-000;AC RELAY ASSY;
Canon;Canon i-SENSYS LBP6670dn;104 INTERNAL COMPONENTS 4;FK3-1986-000;EVERYNIGHT POWER PCB ASSEMBLY;
Canon;Canon i-SENSYS LBP6670dn;104 INTERNAL COMPONENTS 4;NPN;INTERNAL COMPONENTS 4;
Canon;Canon i-SENSYS LBP6670dn;105 INTERNAL COMPONENTS 5;FC0-4309-000;COVER, SD CARD;
Canon;Canon i-SENSYS LBP6670dn;105 INTERNAL COMPONENTS 5;RK2-2733-000;SOLENOID;SL3
Canon;Canon i-SENSYS LBP6670dn;105 INTERNAL COMPONENTS 5;RM1-6423-000;REVERSE DRIVE ASSY;
Canon;Canon i-SENSYS LBP6670dn;105 INTERNAL COMPONENTS 5;RM1-6441-000;DUPLEXING PAPER FEED ASSY;
Canon;Canon i-SENSYS LBP6670dn;105 INTERNAL COMPONENTS 5;XA9-1503-000;SCREW, TAP, M3X6;
Canon;Canon i-SENSYS LBP6670dn;105 INTERNAL COMPONENTS 5;XA9-1671-000;SCREW, D, M3X8;
Canon;Canon i-SENSYS LBP6670dn;105 INTERNAL COMPONENTS 5;FM0-1138-000;SLEEP IF ASSY;
Canon;Canon i-SENSYS LBP6670dn;105 INTERNAL COMPONENTS 5;XA9-1420-000;SCREW, W/WASHER, M3X8;
Canon;Canon i-SENSYS LBP6670dn;105 INTERNAL COMPONENTS 5;FK3-2710-000;CABLE USB;LBP6680x
Canon;Canon i-SENSYS LBP6670dn;105 INTERNAL COMPONENTS 5;NPN;INTERNAL COMPONENTS 5;
Canon;Canon i-SENSYS LBP6670dn;900 MAIN CONTROLLER PCB ASSY;FM0-1296-000;MAIN CONTROLLER PCB ASSEMBLY;LBP6680x
Canon;Canon i-SENSYS LBP6670dn;900 MAIN CONTROLLER PCB ASSY;FM0-1297-000;MAIN CONTROLLER PCB ASSEMBLY;LBP6670dn
Canon;Canon i-SENSYS LBP6670dn;900 MAIN CONTROLLER PCB ASSY;FM0-0908-000;MAIN CONTROLLER PCB ASSEMBLY;LBP6600
Canon;Canon i-SENSYS LBP6670dn;901 ENGINE CONTROLLER ASSY;RK2-0549-000;IC, STR-W6735C RP, REGULATOR;100V,120V
Canon;Canon i-SENSYS LBP6670dn;901 ENGINE CONTROLLER ASSY;RK2-0550-000;IC, STR-W6765C RP, REGULATOR;230V
Canon;Canon i-SENSYS LBP6670dn;901 ENGINE CONTROLLER ASSY;FM0-1136-000;ENGINE CONTROLLER ASSY;100V,120V
Canon;Canon i-SENSYS LBP6670dn;901 ENGINE CONTROLLER ASSY;FM0-1137-000;ENGINE CONTROLLER ASSY;230V
