Canon;Canon imageCLASS LBP312x;100B - External Covers (LBP312Cdn);FE8-0822-000;TRAY, PAPER DELIVERY;
Canon;Canon imageCLASS LBP312x;100B - External Covers (LBP312Cdn);FE8-0827-000;BUSHING, M.P. COVER;
Canon;Canon imageCLASS LBP312x;100B - External Covers (LBP312Cdn);FE8-0829-000;COVER, RIGHT;
Canon;Canon imageCLASS LBP312x;100B - External Covers (LBP312Cdn);FE8-0867-000;COVER, WINDOW, RIGHT;
Canon;Canon imageCLASS LBP312x;100B - External Covers (LBP312Cdn);FM1-N759-000;CARTRIDGE DOOR ASSY;
Canon;Canon imageCLASS LBP312x;100B - External Covers (LBP312Cdn);RC4-3002-000;SHAFT, SUPPORT;
Canon;Canon imageCLASS LBP312x;100B - External Covers (LBP312Cdn);RC4-4479-000;LINK, PRESSURE RELEASE;
Canon;Canon imageCLASS LBP312x;100B - External Covers (LBP312Cdn);FM1-N489-000;TOP COVER ASSY;
Canon;Canon imageCLASS LBP312x;100B - External Covers (LBP312Cdn);FM1-N490-000;REAR DOOR ASSY;
Canon;Canon imageCLASS LBP312x;100B - External Covers (LBP312Cdn);FM1-N491 -000;LEFT COVER ASSY;
Canon;Canon imageCLASS LBP312x;100B - External Covers (LBP312Cdn);FM1-N496-000;OPERATION PANEL ASSY;
Canon;Canon imageCLASS LBP312x;100B - External Covers (LBP312Cdn);FU2-1858-000;LABEL, CASSETTE OPERATOR;
Canon;Canon imageCLASS LBP312x;100B - External Covers (LBP312Cdn);FU2-1860-000;LABEL, HIGH TMP. CAUTION;
Canon;Canon imageCLASS LBP312x;100B - External Covers (LBP312Cdn);FE8-0835-000;COVER, IOT;
Canon;Canon imageCLASS LBP312x;100B - External Covers (LBP312Cdn);XA9-1503-000;SCREW, TAP, M3X6;
Canon;Canon imageCLASS LBP312x;100B - External Covers (LBP312Cdn);NPN;EXTERNAL COVERS, PANELS, ETC.;LBP312dn
Canon;Canon imageCLASS LBP312x;100C - External Covers (LBP312x);FE8-0822-000;TRAY, PAPER DELIVERY;
Canon;Canon imageCLASS LBP312x;100C - External Covers (LBP312x);FE8-0827-000;BUSHING, M.P. COVER;
Canon;Canon imageCLASS LBP312x;100C - External Covers (LBP312x);FE8-0829-000;COVER, RIGHT;
Canon;Canon imageCLASS LBP312x;100C - External Covers (LBP312x);FE8-0867-000;COVER, WINDOW, RIGHT;
Canon;Canon imageCLASS LBP312x;100C - External Covers (LBP312x);FM1-N759-000;CARTRIDGE DOOR ASSY;
Canon;Canon imageCLASS LBP312x;100C - External Covers (LBP312x);RC4-3002-000;SHAFT, SUPPORT;
Canon;Canon imageCLASS LBP312x;100C - External Covers (LBP312x);RC4-4479-000;LINK, PRESSURE RELEASE;
Canon;Canon imageCLASS LBP312x;100C - External Covers (LBP312x);FM1-N489-000;TOP COVER ASSY;
Canon;Canon imageCLASS LBP312x;100C - External Covers (LBP312x);FM1-N490-000;REAR DOOR ASSY;
Canon;Canon imageCLASS LBP312x;100C - External Covers (LBP312x);FM1-N491 -000;LEFT COVER ASSY;
Canon;Canon imageCLASS LBP312x;100C - External Covers (LBP312x);FM1-N496-000;OPERATION PANEL ASSY;
Canon;Canon imageCLASS LBP312x;100C - External Covers (LBP312x);FU2-1858-000;LABEL, CASSETTE OPERATOR;
Canon;Canon imageCLASS LBP312x;100C - External Covers (LBP312x);FU2-1860-000;LABEL, HIGH TMP. CAUTION;
Canon;Canon imageCLASS LBP312x;100C - External Covers (LBP312x);FE8-0835-000;COVER, IOT;
Canon;Canon imageCLASS LBP312x;100C - External Covers (LBP312x);XA9-1503-000;SCREW, TAP, M3X6;
Canon;Canon imageCLASS LBP312x;100C - External Covers (LBP312x);NPN;EXTERNAL COVERS, PANELS, ETC.;LBP312x
Canon;Canon imageCLASS LBP312x;101 - Internal Components 1;RK2-0534-000;MICROSWITCH;SW2
Canon;Canon imageCLASS LBP312x;101 - Internal Components 1;RK2-1378-000;FAN;FM1
Canon;Canon imageCLASS LBP312x;101 - Internal Components 1;RK2-6259-000;CABLE, FLEXIBLE FLAT;
Canon;Canon imageCLASS LBP312x;101 - Internal Components 1;RK2-6260-000;CABLE, FLEXIBLE FLAT;
Canon;Canon imageCLASS LBP312x;101 - Internal Components 1;RM2-7945-000;H.V. POWER SUPPLY PCB ASSY;
Canon;Canon imageCLASS LBP312x;101 - Internal Components 1;RM2-5528-000;LASER SCANNER ASSY;M3
Canon;Canon imageCLASS LBP312x;101 - Internal Components 1;RM2-5702-000;TAG CABLE ASSY;
Canon;Canon imageCLASS LBP312x;101 - Internal Components 1;XA9-1420-000;SCREW, W/WASHER, M3X8;
Canon;Canon imageCLASS LBP312x;101 - Internal Components 1;XA9-1670-000;SCREW, D, M3X6;
Canon;Canon imageCLASS LBP312x;101 - Internal Components 1;NPN;INTERNAL COMPONENTS 1;
Canon;Canon imageCLASS LBP312x;102B - Internal Components 2 (120V);RM2-5679-000;FIXING ASSY;H1, TP1, TH1, PS13, FU1, FU2
Canon;Canon imageCLASS LBP312x;102B - Internal Components 2 (120V);FM1-N488-000;CASSETTE ASSY;
Canon;Canon imageCLASS LBP312x;102B - Internal Components 2 (120V);FU2-1855-000;LABEL, CST. PAPER SIZE;
Canon;Canon imageCLASS LBP312x;102B - Internal Components 2 (120V);RM2-5745-000;SEPARATION ROLLER ASSY;
Canon;Canon imageCLASS LBP312x;102B - Internal Components 2 (120V);RM2-5746-000;BACK END LIMIT ASSEMBLY;
Canon;Canon imageCLASS LBP312x;102B - Internal Components 2 (120V);FE8-0847-000;LEVER, SWITCH;
Canon;Canon imageCLASS LBP312x;102B - Internal Components 2 (120V);FK4-4043-000;CABLE, USB INTERFACE;
Canon;Canon imageCLASS LBP312x;102B - Internal Components 2 (120V);FM1-V946-000;SWITCH PCB ASSY;SW1
Canon;Canon imageCLASS LBP312x;102B - Internal Components 2 (120V);FM1-X808-000;CABLE, MAIN SWITCH;
Canon;Canon imageCLASS LBP312x;102B - Internal Components 2 (120V);XA9-1503-000;SCREW, TAP, M3X6;
Canon;Canon imageCLASS LBP312x;102B - Internal Components 2 (120V);XA9-1670-000;SCREW, D, M3X6;
Canon;Canon imageCLASS LBP312x;102B - Internal Components 2 (120V);RC4-3219-000;COVER, FULL DETECT SENSOR;
Canon;Canon imageCLASS LBP312x;102B - Internal Components 2 (120V);RM2-5689-000;FILM BIAS ASSY;
Canon;Canon imageCLASS LBP312x;102B - Internal Components 2 (120V);RM2-8514-000;PAPER RE-PICK UP CLUTCH ASSY;CL2
Canon;Canon imageCLASS LBP312x;102B - Internal Components 2 (120V);RM2-8684-000;MAIN MOTOR ASSY;M1
Canon;Canon imageCLASS LBP312x;102B - Internal Components 2 (120V);NPN;INTERNAL COMPONENTS 2;120V
Canon;Canon imageCLASS LBP312x;102C - Internal Components 2 (230V);RM2-5692-000;FIXING ASSY;H1, TP1, TH1, PS13, FU1, FU2
Canon;Canon imageCLASS LBP312x;102C - Internal Components 2 (230V);FM1-N488-000;CASSETTE ASSY;
Canon;Canon imageCLASS LBP312x;102C - Internal Components 2 (230V);FU2-1855-000;LABEL, CST. PAPER SIZE;
Canon;Canon imageCLASS LBP312x;102C - Internal Components 2 (230V);RM2-5745-000;SEPARATION ROLLER ASSY;
Canon;Canon imageCLASS LBP312x;102C - Internal Components 2 (230V);RM2-5746-000;BACK END LIMIT ASSEMBLY;
Canon;Canon imageCLASS LBP312x;102C - Internal Components 2 (230V);FE8-0847-000;LEVER, SWITCH;
Canon;Canon imageCLASS LBP312x;102C - Internal Components 2 (230V);FK4-4043-000;CABLE, USB INTERFACE;
Canon;Canon imageCLASS LBP312x;102C - Internal Components 2 (230V);FM1-V946-000;SWITCH PCB ASSY;SW1
Canon;Canon imageCLASS LBP312x;102C - Internal Components 2 (230V);FM1-X808-000;CABLE, MAIN SWITCH;
Canon;Canon imageCLASS LBP312x;102C - Internal Components 2 (230V);XA9-1503-000;SCREW, TAP, M3X6;
Canon;Canon imageCLASS LBP312x;102C - Internal Components 2 (230V);XA9-1670-000;SCREW, D, M3X6;
Canon;Canon imageCLASS LBP312x;102C - Internal Components 2 (230V);RC4-3219-000;COVER, FULL DETECT SENSOR;
Canon;Canon imageCLASS LBP312x;102C - Internal Components 2 (230V);RM2-5689-000;FILM BIAS ASSY;
Canon;Canon imageCLASS LBP312x;102C - Internal Components 2 (230V);RM2-8514-000;PAPER RE-PICK UP CLUTCH ASSY;CL2
Canon;Canon imageCLASS LBP312x;102C - Internal Components 2 (230V);RM2-8684-000;MAIN MOTOR ASSY;M1
Canon;Canon imageCLASS LBP312x;102C - Internal Components 2 (230V);NPN;INTERNAL COMPONENTS 2;230V
Canon;Canon imageCLASS LBP312x;103 - Internal Components 3;RM1-4023-000;ROLLER, TRANSFER;
Canon;Canon imageCLASS LBP312x;103 - Internal Components 3;RC4-3133-000;HOLDER, TRANSFER ROLLER, RIGHT;
Canon;Canon imageCLASS LBP312x;103 - Internal Components 3;RC4-3134-000;HOLDER, TRANSFER ROLLER, LEFT;
Canon;Canon imageCLASS LBP312x;103 - Internal Components 3;RM2-5741 -000;PAPER PICK-UP ROLLER ASSY;
Canon;Canon imageCLASS LBP312x;103 - Internal Components 3;RU8-2935-000;SPRING, COMPRESSION;
Canon;Canon imageCLASS LBP312x;103 - Internal Components 3;RL2-0656-000;ROLLER, MULTI-PURPOSE;
Canon;Canon imageCLASS LBP312x;103 - Internal Components 3;RL2-0657-000;PAD, MULTI-PURPOSE SEPARATION;
Canon;Canon imageCLASS LBP312x;103 - Internal Components 3;FM1-N761-000;REGISTRATION ASSY;
Canon;Canon imageCLASS LBP312x;103 - Internal Components 3;RM2-5700-000;MULTI-PURPOSE GEAR ASSY;
Canon;Canon imageCLASS LBP312x;103 - Internal Components 3;RM1-5421 -000;SOLENOID ASSY;SL3
Canon;Canon imageCLASS LBP312x;103 - Internal Components 3;RC4-3010-000;HINGE, CARTRIDGE DOOR, LEFT;
Canon;Canon imageCLASS LBP312x;103 - Internal Components 3;FM1-Y914-000;DC CONTROLLER PCB ASSY;
Canon;Canon imageCLASS LBP312x;103 - Internal Components 3;FK4-4044-000;CABLE, FLEXIBLE FLAT;
Canon;Canon imageCLASS LBP312x;103 - Internal Components 3;XA9-1670-000;SCREW, D, M3X6;
Canon;Canon imageCLASS LBP312x;103 - Internal Components 3;NPN;INTERNAL COMPONENTS 3;
Canon;Canon imageCLASS LBP312x;104A - Internal Components 4 (LBP312i, LBP312dn);FC5-7039-000;SCREW, FIXED;
Canon;Canon imageCLASS LBP312x;104A - Internal Components 4 (LBP312i, LBP312dn);FM1-V987-000;FIXING POWER SUPPLY PCB ASSY;
Canon;Canon imageCLASS LBP312x;104A - Internal Components 4 (LBP312i, LBP312dn);FM1-V995-000;L.V.POWER SUPPLY PCB ASSY;
Canon;Canon imageCLASS LBP312x;104A - Internal Components 4 (LBP312i, LBP312dn);FM1-X807-000;CABLE, LVPS;
Canon;Canon imageCLASS LBP312x;104A - Internal Components 4 (LBP312i, LBP312dn);RK2-1378-000;FAN;FM2
Canon;Canon imageCLASS LBP312x;104A - Internal Components 4 (LBP312i, LBP312dn);RM2-5715-000;PAPER FEED DRIVE ASSY;
Canon;Canon imageCLASS LBP312x;104A - Internal Components 4 (LBP312i, LBP312dn);XA9-1503-000;SCREW, TAP, M3X6;
Canon;Canon imageCLASS LBP312x;104A - Internal Components 4 (LBP312i, LBP312dn);XA9-1420-000;SCREW, W/WASHER, M3X8;
Canon;Canon imageCLASS LBP312x;104A - Internal Components 4 (LBP312i, LBP312dn);NPN;INTERNAL COMPONENTS 4;LBP312i, LBP312dn
Canon;Canon imageCLASS LBP312x;104B - Internal Components 4 (LBP312x);FC5-7039-000;SCREW, FIXED;
Canon;Canon imageCLASS LBP312x;104B - Internal Components 4 (LBP312x);FM1-V988-000;FIXING POWER SUPPLY PCB ASSY;
Canon;Canon imageCLASS LBP312x;104B - Internal Components 4 (LBP312x);FM1-V997-000;L.V.POWER SUPPLY PCB ASSY;
Canon;Canon imageCLASS LBP312x;104B - Internal Components 4 (LBP312x);FM1-X807-000;CABLE, LVPS;
Canon;Canon imageCLASS LBP312x;104B - Internal Components 4 (LBP312x);RK2-1378-000;FAN;FM2
Canon;Canon imageCLASS LBP312x;104B - Internal Components 4 (LBP312x);RM2-5715-000;PAPER FEED DRIVE ASSY;
Canon;Canon imageCLASS LBP312x;104B - Internal Components 4 (LBP312x);XA9-1503-000;SCREW, TAP, M3X6;
Canon;Canon imageCLASS LBP312x;104B - Internal Components 4 (LBP312x);XA9-1420-000;SCREW, W/WASHER, M3X8;
Canon;Canon imageCLASS LBP312x;104B - Internal Components 4 (LBP312x);NPN;INTERNAL COMPONENTS 4;LBP312x
Canon;Canon imageCLASS LBP312x;930B - Main Controller PCB;FK3-1800-000;IC, ASIC, MB8AA4241EPBH-GE1;IC13
Canon;Canon imageCLASS LBP312x;930B - Main Controller PCB;FK2-7852-000;IC, T6TH5EFG-0002(0), STANDARD;IC4
Canon;Canon imageCLASS LBP312x;930B - Main Controller PCB;FM1-X890-000;MAIN CONTROLLER PCB ASSEMBLY;
