Canon;Canon imageCLASS LBP251dw;100D EXTERNAL COVERS, PANELS, ETC. (LBP253dw);FC0-4235-000;LABEL, DUPLEXING SIZE CONTROL;
Canon;Canon imageCLASS LBP251dw;100D EXTERNAL COVERS, PANELS, ETC. (LBP253dw);FE4-7381-000;COVER, RIGHT, UPPER;
Canon;Canon imageCLASS LBP251dw;100D EXTERNAL COVERS, PANELS, ETC. (LBP253dw);FC8-9837-000;COVER, FRONT;
Canon;Canon imageCLASS LBP251dw;100D EXTERNAL COVERS, PANELS, ETC. (LBP253dw);FC0-4252-000;COVER, RIGHT;
Canon;Canon imageCLASS LBP251dw;100D EXTERNAL COVERS, PANELS, ETC. (LBP253dw);FC0-4239-000;LABEL, MP, SIZE;
Canon;Canon imageCLASS LBP251dw;100D EXTERNAL COVERS, PANELS, ETC. (LBP253dw);FC8-9896-000;LABEL, H.V. CAUTION;
Canon;Canon imageCLASS LBP251dw;100D EXTERNAL COVERS, PANELS, ETC. (LBP253dw);FE4-4748-000;COVER, LEFT;
Canon;Canon imageCLASS LBP251dw;100D EXTERNAL COVERS, PANELS, ETC. (LBP253dw);FM4-8671-000;REAR COVER ASSY;
Canon;Canon imageCLASS LBP251dw;100D EXTERNAL COVERS, PANELS, ETC. (LBP253dw);FM1-H793-000;OPERATION PANEL ASSY;
Canon;Canon imageCLASS LBP251dw;100D EXTERNAL COVERS, PANELS, ETC. (LBP253dw);FM1-H775-000;CARTRIDGE DOOR ASSY;
Canon;Canon imageCLASS LBP251dw;100D EXTERNAL COVERS, PANELS, ETC. (LBP253dw);RC2-6273-000;HINGE, MULTI-PURPOSE, RIGHT;
Canon;Canon imageCLASS LBP251dw;100D EXTERNAL COVERS, PANELS, ETC. (LBP253dw);RC2-8291-000;HINGE, MULTI-PURPOSE, LEFT;
Canon;Canon imageCLASS LBP251dw;100D EXTERNAL COVERS, PANELS, ETC. (LBP253dw);RU5-2895-000;SPRING, TENSION;
Canon;Canon imageCLASS LBP251dw;100D EXTERNAL COVERS, PANELS, ETC. (LBP253dw);FM1-H774-000;TOP COVER ASSY;
Canon;Canon imageCLASS LBP251dw;100D EXTERNAL COVERS, PANELS, ETC. (LBP253dw);FC0-4281-000;LABEL, CAUTION;
Canon;Canon imageCLASS LBP251dw;100D EXTERNAL COVERS, PANELS, ETC. (LBP253dw);FC0-4270-000;COVER, SWITCH;
Canon;Canon imageCLASS LBP251dw;100D EXTERNAL COVERS, PANELS, ETC. (LBP253dw);XA9-1671-000;SCREW, D, M3X8;
Canon;Canon imageCLASS LBP251dw;100D EXTERNAL COVERS, PANELS, ETC. (LBP253dw);XA9-1503-000;SCREW, TAP, M3X6;
Canon;Canon imageCLASS LBP251dw;100D EXTERNAL COVERS, PANELS, ETC. (LBP253dw);XA9-1454-000;SCREW, W/WASHER, M3X10;
Canon;Canon imageCLASS LBP251dw;100D EXTERNAL COVERS, PANELS, ETC. (LBP253dw);FE4-4753-000;BASE, PANEL;
Canon;Canon imageCLASS LBP251dw;100D EXTERNAL COVERS, PANELS, ETC. (LBP253dw);FE4-7375-000;SPRING, COMPRESSION;
Canon;Canon imageCLASS LBP251dw;100D EXTERNAL COVERS, PANELS, ETC. (LBP253dw);FK4-2943-000;CABLE, USB;
Canon;Canon imageCLASS LBP251dw;100D EXTERNAL COVERS, PANELS, ETC. (LBP253dw);FK4-2942-000;CABLE, FLAT;
Canon;Canon imageCLASS LBP251dw;100D EXTERNAL COVERS, PANELS, ETC. (LBP253dw);NPN;EXTERNAL COVERS, PANELS, ETC.;LBP253dw
Canon;Canon imageCLASS LBP251dw;100E EXTERNAL COVERS, PANELS, ETC. (LBP251dw);FC0-4235-000;LABEL, DUPLEXING SIZE CONTROL;
Canon;Canon imageCLASS LBP251dw;100E EXTERNAL COVERS, PANELS, ETC. (LBP251dw);FE4-7387-000;COVER, RIGHT, UPPER;
Canon;Canon imageCLASS LBP251dw;100E EXTERNAL COVERS, PANELS, ETC. (LBP251dw);FC8-9837-000;COVER, FRONT;
Canon;Canon imageCLASS LBP251dw;100E EXTERNAL COVERS, PANELS, ETC. (LBP251dw);FC0-4252-000;COVER, RIGHT;
Canon;Canon imageCLASS LBP251dw;100E EXTERNAL COVERS, PANELS, ETC. (LBP251dw);FC0-4239-000;LABEL, MP, SIZE;
Canon;Canon imageCLASS LBP251dw;100E EXTERNAL COVERS, PANELS, ETC. (LBP251dw);FC8-9896-000;LABEL, H.V. CAUTION;
Canon;Canon imageCLASS LBP251dw;100E EXTERNAL COVERS, PANELS, ETC. (LBP251dw);FE4-4748-000;COVER, LEFT;
Canon;Canon imageCLASS LBP251dw;100E EXTERNAL COVERS, PANELS, ETC. (LBP251dw);FM4-8671-000;REAR COVER ASSY;
Canon;Canon imageCLASS LBP251dw;100E EXTERNAL COVERS, PANELS, ETC. (LBP251dw);FM1-H786-000;OPERATION PANEL ASSY;
Canon;Canon imageCLASS LBP251dw;100E EXTERNAL COVERS, PANELS, ETC. (LBP251dw);FM1-H775-000;CARTRIDGE DOOR ASSY;
Canon;Canon imageCLASS LBP251dw;100E EXTERNAL COVERS, PANELS, ETC. (LBP251dw);RC2-6273-000;HINGE, MULTI-PURPOSE, RIGHT;
Canon;Canon imageCLASS LBP251dw;100E EXTERNAL COVERS, PANELS, ETC. (LBP251dw);RC2-8291-000;HINGE, MULTI-PURPOSE, LEFT;
Canon;Canon imageCLASS LBP251dw;100E EXTERNAL COVERS, PANELS, ETC. (LBP251dw);RU5-2895-000;SPRING, TENSION;
Canon;Canon imageCLASS LBP251dw;100E EXTERNAL COVERS, PANELS, ETC. (LBP251dw);FM1-H774-000;TOP COVER ASSY;
Canon;Canon imageCLASS LBP251dw;100E EXTERNAL COVERS, PANELS, ETC. (LBP251dw);FC0-4281-000;LABEL, CAUTION;
Canon;Canon imageCLASS LBP251dw;100E EXTERNAL COVERS, PANELS, ETC. (LBP251dw);FC0-4270-000;COVER, SWITCH;
Canon;Canon imageCLASS LBP251dw;100E EXTERNAL COVERS, PANELS, ETC. (LBP251dw);XA9-1671-000;SCREW, D, M3X8;
Canon;Canon imageCLASS LBP251dw;100E EXTERNAL COVERS, PANELS, ETC. (LBP251dw);XA9-1503-000;SCREW, TAP, M3X6;
Canon;Canon imageCLASS LBP251dw;100E EXTERNAL COVERS, PANELS, ETC. (LBP251dw);FM1-P973-000;CABLE, 5LINE PANEL;
Canon;Canon imageCLASS LBP251dw;100E EXTERNAL COVERS, PANELS, ETC. (LBP251dw);NPN;EXTERNAL COVERS, PANELS, ETC.;LBP251dw
Canon;Canon imageCLASS LBP251dw;100F EXTERNAL COVERS, PANELS, ETC. (LBP253x);FC0-4235-000;LABEL, DUPLEXING SIZE CONTROL;
Canon;Canon imageCLASS LBP251dw;100F EXTERNAL COVERS, PANELS, ETC. (LBP253x);FE4-7382-000;COVER, RIGHT, UPPER;
Canon;Canon imageCLASS LBP251dw;100F EXTERNAL COVERS, PANELS, ETC. (LBP253x);FC8-9837-000;COVER, FRONT;
Canon;Canon imageCLASS LBP251dw;100F EXTERNAL COVERS, PANELS, ETC. (LBP253x);FC0-4252-000;COVER, RIGHT;
Canon;Canon imageCLASS LBP251dw;100F EXTERNAL COVERS, PANELS, ETC. (LBP253x);FC0-4239-000;LABEL, MP, SIZE;
Canon;Canon imageCLASS LBP251dw;100F EXTERNAL COVERS, PANELS, ETC. (LBP253x);FC8-9896-000;LABEL, H.V. CAUTION;
Canon;Canon imageCLASS LBP251dw;100F EXTERNAL COVERS, PANELS, ETC. (LBP253x);FE4-4748-000;COVER, LEFT;
Canon;Canon imageCLASS LBP251dw;100F EXTERNAL COVERS, PANELS, ETC. (LBP253x);FM4-8671-000;REAR COVER ASSY;
Canon;Canon imageCLASS LBP251dw;100F EXTERNAL COVERS, PANELS, ETC. (LBP253x);FM1-H793-000;OPERATION PANEL ASSY;
Canon;Canon imageCLASS LBP251dw;100F EXTERNAL COVERS, PANELS, ETC. (LBP253x);FM1-H775-000;CARTRIDGE DOOR ASSY;
Canon;Canon imageCLASS LBP251dw;100F EXTERNAL COVERS, PANELS, ETC. (LBP253x);RC2-6273-000;HINGE, MULTI-PURPOSE, RIGHT;
Canon;Canon imageCLASS LBP251dw;100F EXTERNAL COVERS, PANELS, ETC. (LBP253x);RC2-8291-000;HINGE, MULTI-PURPOSE, LEFT;
Canon;Canon imageCLASS LBP251dw;100F EXTERNAL COVERS, PANELS, ETC. (LBP253x);RU5-2895-000;SPRING, TENSION;
Canon;Canon imageCLASS LBP251dw;100F EXTERNAL COVERS, PANELS, ETC. (LBP253x);FM1-H774-000;TOP COVER ASSY;
Canon;Canon imageCLASS LBP251dw;100F EXTERNAL COVERS, PANELS, ETC. (LBP253x);FC0-4281-000;LABEL, CAUTION;
Canon;Canon imageCLASS LBP251dw;100F EXTERNAL COVERS, PANELS, ETC. (LBP253x);FC0-4270-000;COVER, SWITCH;
Canon;Canon imageCLASS LBP251dw;100F EXTERNAL COVERS, PANELS, ETC. (LBP253x);XA9-1671-000;SCREW, D, M3X8;
Canon;Canon imageCLASS LBP251dw;100F EXTERNAL COVERS, PANELS, ETC. (LBP253x);XA9-1503-000;SCREW, TAP, M3X6;
Canon;Canon imageCLASS LBP251dw;100F EXTERNAL COVERS, PANELS, ETC. (LBP253x);XA9-1454-000;SCREW, W/WASHER, M3X10;
Canon;Canon imageCLASS LBP251dw;100F EXTERNAL COVERS, PANELS, ETC. (LBP253x);FE4-4753-000;BASE, PANEL;
Canon;Canon imageCLASS LBP251dw;100F EXTERNAL COVERS, PANELS, ETC. (LBP253x);FE4-7375-000;SPRING, COMPRESSION;
Canon;Canon imageCLASS LBP251dw;100F EXTERNAL COVERS, PANELS, ETC. (LBP253x);FK4-2943-000;CABLE, USB;
Canon;Canon imageCLASS LBP251dw;100F EXTERNAL COVERS, PANELS, ETC. (LBP253x);FK4-2942-000;CABLE, FLAT;
Canon;Canon imageCLASS LBP251dw;100F EXTERNAL COVERS, PANELS, ETC. (LBP253x);NPN;EXTERNAL COVERS, PANELS, ETC.;LBP253x
Canon;Canon imageCLASS LBP251dw;101B INTERNAL COMPONENTS 1 (120V);RM1-6405-000;FIXING ASSY;
Canon;Canon imageCLASS LBP251dw;101B INTERNAL COMPONENTS 1 (120V);RM1-7691-000;PAPER RETAINING DELIVERY ASSY;
Canon;Canon imageCLASS LBP251dw;101B INTERNAL COMPONENTS 1 (120V);RM1-6421-000;MAIN DRIVE ASSY;
Canon;Canon imageCLASS LBP251dw;101B INTERNAL COMPONENTS 1 (120V);RM1-6445-000;REVERSE SENSOR ASSY;PS917
Canon;Canon imageCLASS LBP251dw;101B INTERNAL COMPONENTS 1 (120V);XA9-1503-000;SCREW, TAP, M3X6;
Canon;Canon imageCLASS LBP251dw;101B INTERNAL COMPONENTS 1 (120V);XA9-1671-000;SCREW, D, M3X8;
Canon;Canon imageCLASS LBP251dw;101B INTERNAL COMPONENTS 1 (120V);RC2-8349-000;PIN, LARGE GEAR;
Canon;Canon imageCLASS LBP251dw;101B INTERNAL COMPONENTS 1 (120V);RL1-2112-000;ROLLER, FACE-DOWN;
Canon;Canon imageCLASS LBP251dw;101B INTERNAL COMPONENTS 1 (120V);RL1-2111-000;FACE-DOWN ROLLER UNIT;
Canon;Canon imageCLASS LBP251dw;101B INTERNAL COMPONENTS 1 (120V);RU6-2610-000;SPRING, COMPRESSION;
Canon;Canon imageCLASS LBP251dw;101B INTERNAL COMPONENTS 1 (120V);RC2-6198-000;ARM, LINK, 1;
Canon;Canon imageCLASS LBP251dw;101B INTERNAL COMPONENTS 1 (120V);RU6-0688-000;GEAR, 21T;
Canon;Canon imageCLASS LBP251dw;101B INTERNAL COMPONENTS 1 (120V);RU6-0690-000;GEAR, 27T;
Canon;Canon imageCLASS LBP251dw;101B INTERNAL COMPONENTS 1 (120V);RU6-0693-000;GEAR, 17T;
Canon;Canon imageCLASS LBP251dw;101B INTERNAL COMPONENTS 1 (120V);RU6-0674-000;GEAR, 145T;
Canon;Canon imageCLASS LBP251dw;101B INTERNAL COMPONENTS 1 (120V);RC2-6217-000;COVER, GEAR RETAINING;
Canon;Canon imageCLASS LBP251dw;101B INTERNAL COMPONENTS 1 (120V);RC2-6042-000;FRAME, GEAR SUPPORTING;
Canon;Canon imageCLASS LBP251dw;101B INTERNAL COMPONENTS 1 (120V);NPN;INTERNAL COMPONENTS 1;120V
Canon;Canon imageCLASS LBP251dw;101C INTERNAL COMPONENTS 1 (230V);RM1-6406-000;FIXING ASSY;
Canon;Canon imageCLASS LBP251dw;101C INTERNAL COMPONENTS 1 (230V);RM1-7691-000;PAPER RETAINING DELIVERY ASSY;
Canon;Canon imageCLASS LBP251dw;101C INTERNAL COMPONENTS 1 (230V);RM1-6421-000;MAIN DRIVE ASSY;
Canon;Canon imageCLASS LBP251dw;101C INTERNAL COMPONENTS 1 (230V);RM1-6445-000;REVERSE SENSOR ASSY;PS917
Canon;Canon imageCLASS LBP251dw;101C INTERNAL COMPONENTS 1 (230V);XA9-1503-000;SCREW, TAP, M3X6;
Canon;Canon imageCLASS LBP251dw;101C INTERNAL COMPONENTS 1 (230V);XA9-1671-000;SCREW, D, M3X8;
Canon;Canon imageCLASS LBP251dw;101C INTERNAL COMPONENTS 1 (230V);RC2-8349-000;PIN, LARGE GEAR;
Canon;Canon imageCLASS LBP251dw;101C INTERNAL COMPONENTS 1 (230V);RL1-2112-000;ROLLER, FACE-DOWN;
Canon;Canon imageCLASS LBP251dw;101C INTERNAL COMPONENTS 1 (230V);RL1-2111-000;FACE-DOWN ROLLER UNIT;
Canon;Canon imageCLASS LBP251dw;101C INTERNAL COMPONENTS 1 (230V);RU6-2610-000;SPRING, COMPRESSION;
Canon;Canon imageCLASS LBP251dw;101C INTERNAL COMPONENTS 1 (230V);RC2-6198-000;ARM, LINK, 1;
Canon;Canon imageCLASS LBP251dw;101C INTERNAL COMPONENTS 1 (230V);RU6-0688-000;GEAR, 21T;
Canon;Canon imageCLASS LBP251dw;101C INTERNAL COMPONENTS 1 (230V);RU6-0690-000;GEAR, 27T;
Canon;Canon imageCLASS LBP251dw;101C INTERNAL COMPONENTS 1 (230V);RU6-0693-000;GEAR, 17T;
Canon;Canon imageCLASS LBP251dw;101C INTERNAL COMPONENTS 1 (230V);RU6-0674-000;GEAR, 145T;
Canon;Canon imageCLASS LBP251dw;101C INTERNAL COMPONENTS 1 (230V);RC2-6217-000;COVER, GEAR RETAINING;
Canon;Canon imageCLASS LBP251dw;101C INTERNAL COMPONENTS 1 (230V);RC2-6042-000;FRAME, GEAR SUPPORTING;
Canon;Canon imageCLASS LBP251dw;101C INTERNAL COMPONENTS 1 (230V);NPN;INTERNAL COMPONENTS 1;230V
Canon;Canon imageCLASS LBP251dw;102 INTERNAL COMPONENTS 2;RL1-2115-000;PAD, MULTI-PURPOSE SEPARATION;
Canon;Canon imageCLASS LBP251dw;102 INTERNAL COMPONENTS 2;RM1-1301-000;PAPER PICK-UP GEAR ASSY;
Canon;Canon imageCLASS LBP251dw;102 INTERNAL COMPONENTS 2;RM1-6350-000;MULTI-PURPOSE SENSOR PCB ASSY;PS915
Canon;Canon imageCLASS LBP251dw;102 INTERNAL COMPONENTS 2;FM0-1141-000;INLET AC RELAY CABLE;
Canon;Canon imageCLASS LBP251dw;102 INTERNAL COMPONENTS 2;RM1-6378-000;MAIN MOTOR ASSY;M1
Canon;Canon imageCLASS LBP251dw;102 INTERNAL COMPONENTS 2;RM1-6414-000;PAPER PICK-UP ROLLER ASSY;
Canon;Canon imageCLASS LBP251dw;102 INTERNAL COMPONENTS 2;XA9-1671-000;SCREW, D, M3X8;
Canon;Canon imageCLASS LBP251dw;102 INTERNAL COMPONENTS 2;RC2-6130-000;ROLLER, CASSETTE PAPER PICK-UP;
Canon;Canon imageCLASS LBP251dw;102 INTERNAL COMPONENTS 2;RC2-8263-000;BUSHING;
Canon;Canon imageCLASS LBP251dw;102 INTERNAL COMPONENTS 2;RC1-3481-000;ROLLER, IDLER;
Canon;Canon imageCLASS LBP251dw;102 INTERNAL COMPONENTS 2;RC2-6131-000;BUSHING;
Canon;Canon imageCLASS LBP251dw;102 INTERNAL COMPONENTS 2;NPN;INTERNAL COMPONENTS 2;
Canon;Canon imageCLASS LBP251dw;103 INTERNAL COMPONENTS 3;FM1-H781-000;TOP SENSOR ASSY;PS912,PS922
Canon;Canon imageCLASS LBP251dw;103 INTERNAL COMPONENTS 3;RM1-6424-000;SCANNER ASSY;
Canon;Canon imageCLASS LBP251dw;103 INTERNAL COMPONENTS 3;RM1-6450-000;TRANSFER ROLLER ASSY;
Canon;Canon imageCLASS LBP251dw;103 INTERNAL COMPONENTS 3;RK2-3708-000;CABLE, LASER FLEXIBLE FLAT;
Canon;Canon imageCLASS LBP251dw;103 INTERNAL COMPONENTS 3;RM1-6402-000;PAPER FEED GUIDE ASSY;
Canon;Canon imageCLASS LBP251dw;103 INTERNAL COMPONENTS 3;RM1-6419-000;REGISTRATION ASSY;
Canon;Canon imageCLASS LBP251dw;103 INTERNAL COMPONENTS 3;XA9-1420-000;SCREW, W/WASHER, M3X8;
Canon;Canon imageCLASS LBP251dw;103 INTERNAL COMPONENTS 3;XA9-1671-000;SCREW, D, M3X8;
Canon;Canon imageCLASS LBP251dw;103 INTERNAL COMPONENTS 3;NPN;INTERNAL COMPONENTS 3;
Canon;Canon imageCLASS LBP251dw;104A INTERNAL COMPONENTS 4;FM0-4723-000;CASSETTE ASSY;
Canon;Canon imageCLASS LBP251dw;104A INTERNAL COMPONENTS 4;FM0-1140-000;POWER SWITCH PCB ASSY;SW1001
Canon;Canon imageCLASS LBP251dw;104A INTERNAL COMPONENTS 4;RM1-6396-000;BACK END LIMIT ASSEMBLY;
Canon;Canon imageCLASS LBP251dw;104A INTERNAL COMPONENTS 4;RK2-2728-000;FAN;FM1
Canon;Canon imageCLASS LBP251dw;104A INTERNAL COMPONENTS 4;RK2-2729-000;SOLENOID;SL2
Canon;Canon imageCLASS LBP251dw;104A INTERNAL COMPONENTS 4;RK2-2731-000;SOLENOID;SL1
Canon;Canon imageCLASS LBP251dw;104A INTERNAL COMPONENTS 4;RL1-2120-000;ROLLER,MULTI-PURPOSE PICK-UP;
Canon;Canon imageCLASS LBP251dw;104A INTERNAL COMPONENTS 4;RM1-4275-020;PAPER PICK-UP GEAR ASSY;
Canon;Canon imageCLASS LBP251dw;104A INTERNAL COMPONENTS 4;RM1-6397-000;SEPARATION PAD HOLDER ASSY;
Canon;Canon imageCLASS LBP251dw;104A INTERNAL COMPONENTS 4;WC4-5171-000;MICROSWITCH;SW301
Canon;Canon imageCLASS LBP251dw;104A INTERNAL COMPONENTS 4;XA9-1671-000;SCREW, D, M3X8;
Canon;Canon imageCLASS LBP251dw;104A INTERNAL COMPONENTS 4;FC7-9850-000;LABEL, PROHIBITION DOCUMENT;
Canon;Canon imageCLASS LBP251dw;104A INTERNAL COMPONENTS 4;FM0-1139-000;AC RELAY ASSY;
Canon;Canon imageCLASS LBP251dw;104A INTERNAL COMPONENTS 4;FK3-1986-000;A.N. POWER SUPPLY PCB ASSEMBLY;
Canon;Canon imageCLASS LBP251dw;104A INTERNAL COMPONENTS 4;RC2-6136-000;SHAFT, PAPER PICK-UP;
Canon;Canon imageCLASS LBP251dw;104A INTERNAL COMPONENTS 4;VS1-7258-007;CONNECTOR, DRAWER;
Canon;Canon imageCLASS LBP251dw;104A INTERNAL COMPONENTS 4;FM1-P903-000;DUPLEX DRIVER PCB ASSY;
Canon;Canon imageCLASS LBP251dw;104A INTERNAL COMPONENTS 4;NPN;INTERNAL COMPONENTS 4;
Canon;Canon imageCLASS LBP251dw;105A INTERNAL COMPONENTS 5 (LBP253 SERIES 100V,120V);FK4-1248-020;MODULE, WLAN;
Canon;Canon imageCLASS LBP251dw;105A INTERNAL COMPONENTS 5 (LBP253 SERIES 100V,120V);RK2-2733-000;SOLENOID;SL3
Canon;Canon imageCLASS LBP251dw;105A INTERNAL COMPONENTS 5 (LBP253 SERIES 100V,120V);RM1-6423-000;REVERSE DRIVE ASSY;
Canon;Canon imageCLASS LBP251dw;105A INTERNAL COMPONENTS 5 (LBP253 SERIES 100V,120V);RM1-6441-000;DUPLEXING PAPER FEED ASSY;
Canon;Canon imageCLASS LBP251dw;105A INTERNAL COMPONENTS 5 (LBP253 SERIES 100V,120V);XA9-1503-000;SCREW, TAP, M3X6;
Canon;Canon imageCLASS LBP251dw;105A INTERNAL COMPONENTS 5 (LBP253 SERIES 100V,120V);XA9-1671-000;SCREW, D, M3X8;
Canon;Canon imageCLASS LBP251dw;105A INTERNAL COMPONENTS 5 (LBP253 SERIES 100V,120V);FM0-1138-000;SLEEP IF PCB ASSY;
Canon;Canon imageCLASS LBP251dw;105A INTERNAL COMPONENTS 5 (LBP253 SERIES 100V,120V);XA9-1420-000;SCREW, W/WASHER, M3X8;
Canon;Canon imageCLASS LBP251dw;105A INTERNAL COMPONENTS 5 (LBP253 SERIES 100V,120V);FM1-P900-000;ENGINE CONTROLLER ASSY;
Canon;Canon imageCLASS LBP251dw;105A INTERNAL COMPONENTS 5 (LBP253 SERIES 100V,120V);FK4-2944-000;CABLE, FLAT;
Canon;Canon imageCLASS LBP251dw;105A INTERNAL COMPONENTS 5 (LBP253 SERIES 100V,120V);NPN;INTERNAL COMPONENTS 5;LBP253 SERIES 100V,120V
Canon;Canon imageCLASS LBP251dw;105B INTERNAL COMPONENTS 5 (LBP252,LBP251 SERIES 100V,120V);FK4-1248-020;MODULE, WLAN;
Canon;Canon imageCLASS LBP251dw;105B INTERNAL COMPONENTS 5 (LBP252,LBP251 SERIES 100V,120V);RK2-2733-000;SOLENOID;SL3
Canon;Canon imageCLASS LBP251dw;105B INTERNAL COMPONENTS 5 (LBP252,LBP251 SERIES 100V,120V);RM1-6423-000;REVERSE DRIVE ASSY;
Canon;Canon imageCLASS LBP251dw;105B INTERNAL COMPONENTS 5 (LBP252,LBP251 SERIES 100V,120V);RM1-6441-000;DUPLEXING PAPER FEED ASSY;
Canon;Canon imageCLASS LBP251dw;105B INTERNAL COMPONENTS 5 (LBP252,LBP251 SERIES 100V,120V);XA9-1503-000;SCREW, TAP, M3X6;
Canon;Canon imageCLASS LBP251dw;105B INTERNAL COMPONENTS 5 (LBP252,LBP251 SERIES 100V,120V);XA9-1671-000;SCREW, D, M3X8;
Canon;Canon imageCLASS LBP251dw;105B INTERNAL COMPONENTS 5 (LBP252,LBP251 SERIES 100V,120V);FM0-1138-000;SLEEP IF PCB ASSY;
Canon;Canon imageCLASS LBP251dw;105B INTERNAL COMPONENTS 5 (LBP252,LBP251 SERIES 100V,120V);XA9-1420-000;SCREW, W/WASHER, M3X8;
Canon;Canon imageCLASS LBP251dw;105B INTERNAL COMPONENTS 5 (LBP252,LBP251 SERIES 100V,120V);FM1-P900-000;ENGINE CONTROLLER ASSY;
Canon;Canon imageCLASS LBP251dw;105B INTERNAL COMPONENTS 5 (LBP252,LBP251 SERIES 100V,120V);FK4-2944-000;CABLE, FLAT;
Canon;Canon imageCLASS LBP251dw;105B INTERNAL COMPONENTS 5 (LBP252,LBP251 SERIES 100V,120V);NPN;INTERNAL COMPONENTS 5;LBP252,LBP251 SERIES 100V,120V
Canon;Canon imageCLASS LBP251dw;105C INTERNAL COMPONENTS 5 (LBP253 SERIES 230V);FK4-1248-020;MODULE, WLAN;
Canon;Canon imageCLASS LBP251dw;105C INTERNAL COMPONENTS 5 (LBP253 SERIES 230V);RK2-2733-000;SOLENOID;SL3
Canon;Canon imageCLASS LBP251dw;105C INTERNAL COMPONENTS 5 (LBP253 SERIES 230V);RM1-6423-000;REVERSE DRIVE ASSY;
Canon;Canon imageCLASS LBP251dw;105C INTERNAL COMPONENTS 5 (LBP253 SERIES 230V);RM1-6441-000;DUPLEXING PAPER FEED ASSY;
Canon;Canon imageCLASS LBP251dw;105C INTERNAL COMPONENTS 5 (LBP253 SERIES 230V);XA9-1503-000;SCREW, TAP, M3X6;
Canon;Canon imageCLASS LBP251dw;105C INTERNAL COMPONENTS 5 (LBP253 SERIES 230V);XA9-1671-000;SCREW, D, M3X8;
Canon;Canon imageCLASS LBP251dw;105C INTERNAL COMPONENTS 5 (LBP253 SERIES 230V);FM0-1138-000;SLEEP IF PCB ASSY;
Canon;Canon imageCLASS LBP251dw;105C INTERNAL COMPONENTS 5 (LBP253 SERIES 230V);XA9-1420-000;SCREW, W/WASHER, M3X8;
Canon;Canon imageCLASS LBP251dw;105C INTERNAL COMPONENTS 5 (LBP253 SERIES 230V);FM1-P901-000;ENGINE CONTROLLER ASSY;
Canon;Canon imageCLASS LBP251dw;105C INTERNAL COMPONENTS 5 (LBP253 SERIES 230V);FK4-2944-000;CABLE, FLAT;
Canon;Canon imageCLASS LBP251dw;105C INTERNAL COMPONENTS 5 (LBP253 SERIES 230V);NPN;INTERNAL COMPONENTS 5;LBP253 SERIES 230V
Canon;Canon imageCLASS LBP251dw;105D INTERNAL COMPONENTS 5 (LBP252,LBP251 SERIES 230V);FK4-1248-020;MODULE, WLAN;
Canon;Canon imageCLASS LBP251dw;105D INTERNAL COMPONENTS 5 (LBP252,LBP251 SERIES 230V);RK2-2733-000;SOLENOID;SL3
Canon;Canon imageCLASS LBP251dw;105D INTERNAL COMPONENTS 5 (LBP252,LBP251 SERIES 230V);RM1-6423-000;REVERSE DRIVE ASSY;
Canon;Canon imageCLASS LBP251dw;105D INTERNAL COMPONENTS 5 (LBP252,LBP251 SERIES 230V);RM1-6441-000;DUPLEXING PAPER FEED ASSY;
Canon;Canon imageCLASS LBP251dw;105D INTERNAL COMPONENTS 5 (LBP252,LBP251 SERIES 230V);XA9-1503-000;SCREW, TAP, M3X6;
Canon;Canon imageCLASS LBP251dw;105D INTERNAL COMPONENTS 5 (LBP252,LBP251 SERIES 230V);XA9-1671-000;SCREW, D, M3X8;
Canon;Canon imageCLASS LBP251dw;105D INTERNAL COMPONENTS 5 (LBP252,LBP251 SERIES 230V);FM0-1138-000;SLEEP IF PCB ASSY;
Canon;Canon imageCLASS LBP251dw;105D INTERNAL COMPONENTS 5 (LBP252,LBP251 SERIES 230V);XA9-1420-000;SCREW, W/WASHER, M3X8;
Canon;Canon imageCLASS LBP251dw;105D INTERNAL COMPONENTS 5 (LBP252,LBP251 SERIES 230V);FM1-P901-000;ENGINE CONTROLLER ASSY;
Canon;Canon imageCLASS LBP251dw;105D INTERNAL COMPONENTS 5 (LBP252,LBP251 SERIES 230V);FK4-2944-000;CABLE, FLAT;
Canon;Canon imageCLASS LBP251dw;105D INTERNAL COMPONENTS 5 (LBP252,LBP251 SERIES 230V);NPN;INTERNAL COMPONENTS 5;LBP252,LBP251 SERIES 230V
Canon;Canon imageCLASS LBP251dw;900A MAIN CONTROLLER PCB ASSY (LBP253 SERIES);FM1-P966-000;MAIN CONTROLLER PCB ASSEMBLY;LBP253 SERIES
Canon;Canon imageCLASS LBP251dw;900E MAIN CONTROLLER PCB ASSY (LBP251 SERIES);FM1-P968-000;MAIN CONTROLLER PCB ASSEMBLY;LBP251 SERIES
