Canon;Canon imageCLASS D1150;100 EXTERNAL COVERS, PANELS, ETC.;FC7-0496-000;EMBLEM;
Canon;Canon imageCLASS D1150;100 EXTERNAL COVERS, PANELS, ETC.;FC9-1999-000;COVER, UPPER;
Canon;Canon imageCLASS D1150;100 EXTERNAL COVERS, PANELS, ETC.;FC9-2007-000;COVER, MULTI FEED;
Canon;Canon imageCLASS D1150;100 EXTERNAL COVERS, PANELS, ETC.;FC9-2008-000;COVER, FRONT UPPER;FAX model
Canon;Canon imageCLASS D1150;100 EXTERNAL COVERS, PANELS, ETC.;FC9-4919-000;COVER, FRONT UPPER;EXCEPT FAX model
Canon;Canon imageCLASS D1150;100 EXTERNAL COVERS, PANELS, ETC.;FC9-2017-000;COVER, LEFT;
Canon;Canon imageCLASS D1150;100 EXTERNAL COVERS, PANELS, ETC.;FC9-2018-000;COVER, FRONT, LEFT;
Canon;Canon imageCLASS D1150;100 EXTERNAL COVERS, PANELS, ETC.;FC9-2020-000;COVER, REAR LEFT;FAX model
Canon;Canon imageCLASS D1150;100 EXTERNAL COVERS, PANELS, ETC.;FC9-4916-000;COVER, REAR LEFT;EXCEPT FAX model
Canon;Canon imageCLASS D1150;100 EXTERNAL COVERS, PANELS, ETC.;FC9-2055-000;COVER, RIGHT;
Canon;Canon imageCLASS D1150;100 EXTERNAL COVERS, PANELS, ETC.;FC9-2056-000;COVER, REAR RIGHT;
Canon;Canon imageCLASS D1150;100 EXTERNAL COVERS, PANELS, ETC.;FC9-2057-000;COVER, RIGHT UPPER;FAX model
Canon;Canon imageCLASS D1150;100 EXTERNAL COVERS, PANELS, ETC.;FC9-6977-000;COVER, RIGHT UPPER;EXCEPT FAX model
Canon;Canon imageCLASS D1150;100 EXTERNAL COVERS, PANELS, ETC.;FC9-2120-000;ELIMINATOR, STATIC CHARGE;
Canon;Canon imageCLASS D1150;100 EXTERNAL COVERS, PANELS, ETC.;FC9-2166-000;SHEET, ELES. PREVENTION;
Canon;Canon imageCLASS D1150;100 EXTERNAL COVERS, PANELS, ETC.;FC9-4892-000;LABEL, PRESSURE RELEASE;
Canon;Canon imageCLASS D1150;100 EXTERNAL COVERS, PANELS, ETC.;FC9-4893-000;LABEL, JAM CLEARING;
Canon;Canon imageCLASS D1150;100 EXTERNAL COVERS, PANELS, ETC.;FC9-4894-000;LABEL, PREVENTION;
Canon;Canon imageCLASS D1150;100 EXTERNAL COVERS, PANELS, ETC.;FC9-4895-000;LABEL, RELEASE LEVER;
Canon;Canon imageCLASS D1150;100 EXTERNAL COVERS, PANELS, ETC.;FC9-4897-000;LABEL, PAPER SIZE SETTING;
Canon;Canon imageCLASS D1150;100 EXTERNAL COVERS, PANELS, ETC.;FC9-4896-000;LABEL, HIGH TMP. CAUTION;
Canon;Canon imageCLASS D1150;100 EXTERNAL COVERS, PANELS, ETC.;FC9-6978-000;LABEL, SET;
Canon;Canon imageCLASS D1150;100 EXTERNAL COVERS, PANELS, ETC.;FC9-6979-000;LABEL, SIZE INSTRUCTION;
Canon;Canon imageCLASS D1150;100 EXTERNAL COVERS, PANELS, ETC.;FM3-9791-000;REAR COVER ASSEMBLY;
Canon;Canon imageCLASS D1150;100 EXTERNAL COVERS, PANELS, ETC.;FM3-9793-000;EXPANSION TRAY ASSEMBLY;
Canon;Canon imageCLASS D1150;100 EXTERNAL COVERS, PANELS, ETC.;FM3-9794-000;INNER COVER ASSEMBLY;
Canon;Canon imageCLASS D1150;100 EXTERNAL COVERS, PANELS, ETC.;FM3-9795-000;FRONT COVER ASSEMBLY;
Canon;Canon imageCLASS D1150;100 EXTERNAL COVERS, PANELS, ETC.;FM3-9803-000;CONTROL PANEL ASSEMBLY;D1180
Canon;Canon imageCLASS D1150;100 EXTERNAL COVERS, PANELS, ETC.;FM3-9817-000;CONTROL PANEL ASSEMBLY;D1170
Canon;Canon imageCLASS D1150;100 EXTERNAL COVERS, PANELS, ETC.;FM3-9818-000;CONTROL PANEL ASSEMBLY;D1150 US,CA,LTN
Canon;Canon imageCLASS D1150;100 EXTERNAL COVERS, PANELS, ETC.;FM3-9819-000;CONTROL PANEL ASSEMBLY;D1120
Canon;Canon imageCLASS D1150;100 EXTERNAL COVERS, PANELS, ETC.;FM3-9816-000;HINGE, ASSMBLY;
Canon;Canon imageCLASS D1150;100 EXTERNAL COVERS, PANELS, ETC.;RC2-0314-000;SHEET, INSULATOR;
Canon;Canon imageCLASS D1150;100 EXTERNAL COVERS, PANELS, ETC.;RC2-6273-000;HINGE, MULTI-PURPOSE, RIGHT;
Canon;Canon imageCLASS D1150;100 EXTERNAL COVERS, PANELS, ETC.;RC2-8291-000;HINGE, MULTI-PURPOSE, LEFT;
Canon;Canon imageCLASS D1150;100 EXTERNAL COVERS, PANELS, ETC.;RM1-6427-000;MP LIFTING PLATE ASSMBLY;
Canon;Canon imageCLASS D1150;100 EXTERNAL COVERS, PANELS, ETC.;RU5-2895-000;SPRING, TENSION;
Canon;Canon imageCLASS D1150;100 EXTERNAL COVERS, PANELS, ETC.;RM1-6441-000;DUPLEXING PAPER FEED ASSY;
Canon;Canon imageCLASS D1150;100 EXTERNAL COVERS, PANELS, ETC.;XA9-1671-000;SCREW, D, M3X8;
Canon;Canon imageCLASS D1150;100 EXTERNAL COVERS, PANELS, ETC.;NPN;EXTERNAL COVERS, PANELS, ETC.;
Canon;Canon imageCLASS D1150;100 EXTERNAL COVERS, PANELS, ETC. 2;FC7-0496-000;EMBLEM;
Canon;Canon imageCLASS D1150;100 EXTERNAL COVERS, PANELS, ETC. 2;FC9-1999-000;COVER, UPPER;
Canon;Canon imageCLASS D1150;100 EXTERNAL COVERS, PANELS, ETC. 2;FC9-2007-000;COVER, MULTI FEED;
Canon;Canon imageCLASS D1150;100 EXTERNAL COVERS, PANELS, ETC. 2;FC9-2008-000;COVER, FRONT UPPER;FAX model
Canon;Canon imageCLASS D1150;100 EXTERNAL COVERS, PANELS, ETC. 2;FC9-4919-000;COVER, FRONT UPPER;EXCEPT FAX model
Canon;Canon imageCLASS D1150;100 EXTERNAL COVERS, PANELS, ETC. 2;FC9-2017-000;COVER, LEFT;
Canon;Canon imageCLASS D1150;100 EXTERNAL COVERS, PANELS, ETC. 2;FC9-2018-000;COVER, FRONT, LEFT;
Canon;Canon imageCLASS D1150;100 EXTERNAL COVERS, PANELS, ETC. 2;FC9-2020-000;COVER, REAR LEFT;FAX model
Canon;Canon imageCLASS D1150;100 EXTERNAL COVERS, PANELS, ETC. 2;FC9-4916-000;COVER, REAR LEFT;EXCEPT FAX model
Canon;Canon imageCLASS D1150;100 EXTERNAL COVERS, PANELS, ETC. 2;FC9-2055-000;COVER, RIGHT;
Canon;Canon imageCLASS D1150;100 EXTERNAL COVERS, PANELS, ETC. 2;FC9-2056-000;COVER, REAR RIGHT;
Canon;Canon imageCLASS D1150;100 EXTERNAL COVERS, PANELS, ETC. 2;FC9-2057-000;COVER, RIGHT UPPER;FAX model
Canon;Canon imageCLASS D1150;100 EXTERNAL COVERS, PANELS, ETC. 2;FC9-6977-000;COVER, RIGHT UPPER;EXCEPT FAX model
Canon;Canon imageCLASS D1150;100 EXTERNAL COVERS, PANELS, ETC. 2;FC9-2120-000;ELIMINATOR, STATIC CHARGE;
Canon;Canon imageCLASS D1150;100 EXTERNAL COVERS, PANELS, ETC. 2;FC9-2166-000;SHEET, ELES. PREVENTION;
Canon;Canon imageCLASS D1150;100 EXTERNAL COVERS, PANELS, ETC. 2;FC9-4892-000;LABEL, PRESSURE RELEASE;
Canon;Canon imageCLASS D1150;100 EXTERNAL COVERS, PANELS, ETC. 2;FC9-4893-000;LABEL, JAM CLEARING;
Canon;Canon imageCLASS D1150;100 EXTERNAL COVERS, PANELS, ETC. 2;FC9-4894-000;LABEL, PREVENTION;
Canon;Canon imageCLASS D1150;100 EXTERNAL COVERS, PANELS, ETC. 2;FC9-4895-000;LABEL, RELEASE LEVER;
Canon;Canon imageCLASS D1150;100 EXTERNAL COVERS, PANELS, ETC. 2;FC9-4897-000;LABEL, PAPER SIZE SETTING;
Canon;Canon imageCLASS D1150;100 EXTERNAL COVERS, PANELS, ETC. 2;FC9-4896-000;LABEL, HIGH TMP. CAUTION;
Canon;Canon imageCLASS D1150;100 EXTERNAL COVERS, PANELS, ETC. 2;FC9-6978-000;LABEL, SET;
Canon;Canon imageCLASS D1150;100 EXTERNAL COVERS, PANELS, ETC. 2;FC9-6979-000;LABEL, SIZE INSTRUCTION;
Canon;Canon imageCLASS D1150;100 EXTERNAL COVERS, PANELS, ETC. 2;FM3-9791-000;REAR COVER ASSEMBLY;
Canon;Canon imageCLASS D1150;100 EXTERNAL COVERS, PANELS, ETC. 2;FM3-9793-000;EXPANSION TRAY ASSEMBLY;
Canon;Canon imageCLASS D1150;100 EXTERNAL COVERS, PANELS, ETC. 2;FM3-9794-000;INNER COVER ASSEMBLY;
Canon;Canon imageCLASS D1150;100 EXTERNAL COVERS, PANELS, ETC. 2;FM3-9795-000;FRONT COVER ASSEMBLY;
Canon;Canon imageCLASS D1150;100 EXTERNAL COVERS, PANELS, ETC. 2;FM3-9803-000;CONTROL PANEL ASSEMBLY;D1180
Canon;Canon imageCLASS D1150;100 EXTERNAL COVERS, PANELS, ETC. 2;FM3-9817-000;CONTROL PANEL ASSEMBLY;D1170
Canon;Canon imageCLASS D1150;100 EXTERNAL COVERS, PANELS, ETC. 2;FM3-9818-000;CONTROL PANEL ASSEMBLY;D1150 US,CA,LTN
Canon;Canon imageCLASS D1150;100 EXTERNAL COVERS, PANELS, ETC. 2;FM3-9819-000;CONTROL PANEL ASSEMBLY;D1120
Canon;Canon imageCLASS D1150;100 EXTERNAL COVERS, PANELS, ETC. 2;FM3-9816-000;HINGE, ASSMBLY;
Canon;Canon imageCLASS D1150;100 EXTERNAL COVERS, PANELS, ETC. 2;RC2-0314-000;SHEET, INSULATOR;
Canon;Canon imageCLASS D1150;100 EXTERNAL COVERS, PANELS, ETC. 2;RC2-6273-000;HINGE, MULTI-PURPOSE, RIGHT;
Canon;Canon imageCLASS D1150;100 EXTERNAL COVERS, PANELS, ETC. 2;RC2-8291-000;HINGE, MULTI-PURPOSE, LEFT;
Canon;Canon imageCLASS D1150;100 EXTERNAL COVERS, PANELS, ETC. 2;RM1-6427-000;MP LIFTING PLATE ASSMBLY;
Canon;Canon imageCLASS D1150;100 EXTERNAL COVERS, PANELS, ETC. 2;RU5-2895-000;SPRING, TENSION;
Canon;Canon imageCLASS D1150;100 EXTERNAL COVERS, PANELS, ETC. 2;RM1-6441-000;DUPLEXING PAPER FEED ASSY;
Canon;Canon imageCLASS D1150;100 EXTERNAL COVERS, PANELS, ETC. 2;XA9-1671-000;SCREW, D, M3X8;
Canon;Canon imageCLASS D1150;100 EXTERNAL COVERS, PANELS, ETC. 2;NPN;EXTERNAL COVERS, PANELS, ETC.;
Canon;Canon imageCLASS D1150;101 INTERNAL COMPONENTS 1;FM3-9797-000;MAIN DRIVE ASSEMBLY;
Canon;Canon imageCLASS D1150;101 INTERNAL COMPONENTS 1;FM4-3436-000;FIXING ASSY;120V H201,PS915,TH201 ,TP1
Canon;Canon imageCLASS D1150;101 INTERNAL COMPONENTS 1;RM1-6401-000;PAPER RETAINING DELIVERY ASSY;
Canon;Canon imageCLASS D1150;101 INTERNAL COMPONENTS 1;RM1-6445-000;REVERSE SENSOR ASSY;PS201
Canon;Canon imageCLASS D1150;101 INTERNAL COMPONENTS 1;XA9-1503-000;SCREW, TAP, M3X6;
Canon;Canon imageCLASS D1150;101 INTERNAL COMPONENTS 1;XA9-1671-000;SCREW, D, M3X8;
Canon;Canon imageCLASS D1150;101 INTERNAL COMPONENTS 1;XD3-2300-322;PIN;
Canon;Canon imageCLASS D1150;101 INTERNAL COMPONENTS 1;NPN;INTERNAL COMPONENTS 1;
Canon;Canon imageCLASS D1150;102 INTERNAL COMPONENTS 2;FC9-2167-000;CUSHION, 1;
Canon;Canon imageCLASS D1150;102 INTERNAL COMPONENTS 2;FC9-2168-000;CUSHION, 2;
Canon;Canon imageCLASS D1150;102 INTERNAL COMPONENTS 2;FM4-1656-000;MAIN SWITCH UNIT;SW1
Canon;Canon imageCLASS D1150;102 INTERNAL COMPONENTS 2;RL1-2115-000;PAD, MULTI-PURPOSE SEPARATION;
Canon;Canon imageCLASS D1150;102 INTERNAL COMPONENTS 2;RM1-1301-000;PAPER PICK-UP GEAR ASSEMBLY;
Canon;Canon imageCLASS D1150;102 INTERNAL COMPONENTS 2;RM1-6350-000;MULTI-PURPOSE SENSOR PCB ASSY;PS202
Canon;Canon imageCLASS D1150;102 INTERNAL COMPONENTS 2;RM1-6378-000;MAIN MOTOR ASSEMBLY;M201
Canon;Canon imageCLASS D1150;102 INTERNAL COMPONENTS 2;RM1-6414-000;PAPER PICK-UP ROLLER ASSY;
Canon;Canon imageCLASS D1150;102 INTERNAL COMPONENTS 2;XA9-1671-000;SCREW, D, M3X8;
Canon;Canon imageCLASS D1150;102 INTERNAL COMPONENTS 2;XA9-0994-000;SCREW, TP, M4X6;
Canon;Canon imageCLASS D1150;102 INTERNAL COMPONENTS 2;FM4-1607-000;INLET CABLE ASSEMBLY;P1
Canon;Canon imageCLASS D1150;102 INTERNAL COMPONENTS 2;XD1-3100-407;LOCK-WASHER, SPRING;
Canon;Canon imageCLASS D1150;102 INTERNAL COMPONENTS 2;NPN;INTERNAL COMPONENTS 2;
Canon;Canon imageCLASS D1150;103 INTERNAL COMPONENTS 3;FK2-8524-000;CABLE, FLAT;
Canon;Canon imageCLASS D1150;103 INTERNAL COMPONENTS 3;RM1-6402-000;PAPER FEED GUIDE ASSY;
Canon;Canon imageCLASS D1150;103 INTERNAL COMPONENTS 3;RM1-6419-000;REGISTRATION ASSY;
Canon;Canon imageCLASS D1150;103 INTERNAL COMPONENTS 3;RM1-6424-000;SCANNER ASSY;M202
Canon;Canon imageCLASS D1150;103 INTERNAL COMPONENTS 3;XA9-1420-000;SCREW, W/WASHER, M3X8;
Canon;Canon imageCLASS D1150;103 INTERNAL COMPONENTS 3;XA9-1671-000;SCREW, D, M3X8;
Canon;Canon imageCLASS D1150;103 INTERNAL COMPONENTS 3;RM1-6450-000;TRANSFER ROLLER ASSY;
Canon;Canon imageCLASS D1150;103 INTERNAL COMPONENTS 3;NPN;INTERNAL COMPONENTS 3;
Canon;Canon imageCLASS D1150;104 INTERNAL COMPONENTS 4;FK2-2064-000;FAN;FM201
Canon;Canon imageCLASS D1150;104 INTERNAL COMPONENTS 4;RK2-2729-000;SOLENOID;SL201
Canon;Canon imageCLASS D1150;104 INTERNAL COMPONENTS 4;RK2-2731-000;SOLENOID;SL203
Canon;Canon imageCLASS D1150;104 INTERNAL COMPONENTS 4;RK2-2733-000;SOLENOID;SL202
Canon;Canon imageCLASS D1150;104 INTERNAL COMPONENTS 4;RL1-2120-000;ROLLER,MULTI-PURPOSE PICK-UP;
Canon;Canon imageCLASS D1150;104 INTERNAL COMPONENTS 4;RM1-4275-000;PAPER PICK-UP GEAR ASSY;
Canon;Canon imageCLASS D1150;104 INTERNAL COMPONENTS 4;RM1-6423-000;REVERSE DRIVE ASSY;
Canon;Canon imageCLASS D1150;104 INTERNAL COMPONENTS 4;FM4-1487-000;ENGINE CONTROLLER PCB ASSY;120V
Canon;Canon imageCLASS D1150;104 INTERNAL COMPONENTS 4;FM4-1605-000;CONNECTING PCB ASSY;
Canon;Canon imageCLASS D1150;104 INTERNAL COMPONENTS 4;WC4-5171-000;MICROSWITCH;SW2
Canon;Canon imageCLASS D1150;104 INTERNAL COMPONENTS 4;XA9-1420-000;SCREW, W/WASHER, M3X8;
Canon;Canon imageCLASS D1150;104 INTERNAL COMPONENTS 4;XA9-1503-000;SCREW, TAP, M3X6;
Canon;Canon imageCLASS D1150;104 INTERNAL COMPONENTS 4;XA9-1671-000;SCREW, D, M3X8;
Canon;Canon imageCLASS D1150;104 INTERNAL COMPONENTS 4;VS1-7177-003;CONNECTOR, SNAP TIGHT, BK;
Canon;Canon imageCLASS D1150;104 INTERNAL COMPONENTS 4;NPN;INTERNAL COMPONENTS 4;
Canon;Canon imageCLASS D1150;105 INTERNAL COMPONENTS 5;FK2-0472-010;FAN;FM3,FM202
Canon;Canon imageCLASS D1150;105 INTERNAL COMPONENTS 5;FK2-6324-000;ALL DAY POWER PCB ASSEMBLY;120V
Canon;Canon imageCLASS D1150;105 INTERNAL COMPONENTS 5;FK2-8572-000;SPEAKER;SP202
Canon;Canon imageCLASS D1150;105 INTERNAL COMPONENTS 5;FK2-8574-000;CABLE, FLAT;FAX model
Canon;Canon imageCLASS D1150;105 INTERNAL COMPONENTS 5;FK2-8629-000;POWER SUPPLY PCB ASSEMBLY;120V
Canon;Canon imageCLASS D1150;105 INTERNAL COMPONENTS 5;XA9-1671-000;SCREW, D, M3X8;
Canon;Canon imageCLASS D1150;105 INTERNAL COMPONENTS 5;FM4-1613-000;SCNT PCB ASSEMBLY;D1180,
Canon;Canon imageCLASS D1150;105 INTERNAL COMPONENTS 5;FM4-1614-000;SCNT PCB ASSEMBLY;D1170
Canon;Canon imageCLASS D1150;105 INTERNAL COMPONENTS 5;FM4-1615-000;SCNT PCB ASSEMBLY;D1150
Canon;Canon imageCLASS D1150;105 INTERNAL COMPONENTS 5;FM4-2669-000;SCNT PCB ASSEMBLY;D1120
Canon;Canon imageCLASS D1150;105 INTERNAL COMPONENTS 5;FM4-1620-000;NCU BOARD PCB ASSY;FAX model US
Canon;Canon imageCLASS D1150;105 INTERNAL COMPONENTS 5;FM4-1624-000;CAPASITOR PCB ASSY;EXCEPT D1120
Canon;Canon imageCLASS D1150;105 INTERNAL COMPONENTS 5;FM4-2085-000;ADF/READER DRIVER PCB ASSY;
Canon;Canon imageCLASS D1150;105 INTERNAL COMPONENTS 5;VS1-7177-003;CONNECTOR, SNAP TIGHT, BK;
Canon;Canon imageCLASS D1150;105 INTERNAL COMPONENTS 5;XA9-1420-000;SCREW, W/WASHER, M3X8;
Canon;Canon imageCLASS D1150;105 INTERNAL COMPONENTS 5;NPN;INTERNAL COMPONENTS 5;
Canon;Canon imageCLASS D1150;106 INTERNAL COMPONENTS 6;FC9-2068-000;GUIDE, CASSETTE, RIGHT;
Canon;Canon imageCLASS D1150;106 INTERNAL COMPONENTS 6;FC9-2069-000;GUIDE, CASSETTE, LEFT;
Canon;Canon imageCLASS D1150;106 INTERNAL COMPONENTS 6;FC9-2071-000;SPRING, LEAF;
Canon;Canon imageCLASS D1150;106 INTERNAL COMPONENTS 6;FC9-4891-000;LABEL, PAPER EXCHANGE;
Canon;Canon imageCLASS D1150;106 INTERNAL COMPONENTS 6;XA9-1671-000;SCREW, D, M3X8;
Canon;Canon imageCLASS D1150;106 INTERNAL COMPONENTS 6;XA9-1503-000;SCREW, TAP, M3X6;
Canon;Canon imageCLASS D1150;106 INTERNAL COMPONENTS 6;NPN;INTERNAL COMPONENTS 6;
Canon;Canon imageCLASS D1150;160 READER/ADF ASSEMBLY;FC7-6189-000;ROLLER, PICK-UP;
Canon;Canon imageCLASS D1150;160 READER/ADF ASSEMBLY;FC7-6320-000;BUSHING;
Canon;Canon imageCLASS D1150;160 READER/ADF ASSEMBLY;FC7-6321-000;FLAG, DOCUMENT SCANNER;
Canon;Canon imageCLASS D1150;160 READER/ADF ASSEMBLY;FC7-6322-000;ELIMINATOR, STATIC CHARGE;
Canon;Canon imageCLASS D1150;160 READER/ADF ASSEMBLY;FC9-1496-000;COVER, ADF, FRONT LOWER;
Canon;Canon imageCLASS D1150;160 READER/ADF ASSEMBLY;FC9-1497-000;COVER, ADF, FRONT UPPER;
Canon;Canon imageCLASS D1150;160 READER/ADF ASSEMBLY;FC9-1486-000;PLATE, PAPER SIZE;A/INCH SIZE
Canon;Canon imageCLASS D1150;160 READER/ADF ASSEMBLY;FC9-1494-000;LABEL, COPY PROHIBITION;US,CA,LTN,EUR
Canon;Canon imageCLASS D1150;160 READER/ADF ASSEMBLY;FC9-1499-000;SHEET, WHITE;
Canon;Canon imageCLASS D1150;160 READER/ADF ASSEMBLY;FC9-1500-000;TRAY, DOCUMENT;
Canon;Canon imageCLASS D1150;160 READER/ADF ASSEMBLY;FC9-1501-000;GUIDE, DOCUMENT, FRONT;
Canon;Canon imageCLASS D1150;160 READER/ADF ASSEMBLY;FC9-1502-000;GUIDE, DOCUMENT, REAR;
Canon;Canon imageCLASS D1150;160 READER/ADF ASSEMBLY;FC9-1504-000;PANEL, OPEN/CLOSE;
Canon;Canon imageCLASS D1150;160 READER/ADF ASSEMBLY;FC9-4990-000;LABEL, GLASS CLEANING;A/INCH SIZE
Canon;Canon imageCLASS D1150;160 READER/ADF ASSEMBLY;FC9-5660-000;CUSHION;
Canon;Canon imageCLASS D1150;160 READER/ADF ASSEMBLY;FC9-5661-000;CUSHION;
Canon;Canon imageCLASS D1150;160 READER/ADF ASSEMBLY;FL2-6637-000;ROLLER, SEPARATION;[DP]
Canon;Canon imageCLASS D1150;160 READER/ADF ASSEMBLY;FL3-1421-000;HOLDER, DOCUMENT,RELEASE SHEET;
Canon;Canon imageCLASS D1150;160 READER/ADF ASSEMBLY;FL3-1430-000;HINGE, ADF;
Canon;Canon imageCLASS D1150;160 READER/ADF ASSEMBLY;FL3-1439-000;ADF REAR COVER ASSY;
Canon;Canon imageCLASS D1150;160 READER/ADF ASSEMBLY;FM3-9534-000;DOCUMENT TRAY ASSEMBLY;
Canon;Canon imageCLASS D1150;160 READER/ADF ASSEMBLY;FM3-9536-000;PAPER FEED GUIDE ASSEMBLY;
Canon;Canon imageCLASS D1150;160 READER/ADF ASSEMBLY;FM3-9538-000;SEPARATION ROLLER ASSEMBLY;
Canon;Canon imageCLASS D1150;160 READER/ADF ASSEMBLY;FU7-0672-000;GEAR, 24T;
Canon;Canon imageCLASS D1150;160 READER/ADF ASSEMBLY;FU7-2018-000;SPRING, COMPRESSION;
Canon;Canon imageCLASS D1150;160 READER/ADF ASSEMBLY;FU8-0895-000;GEAR, 18T;
Canon;Canon imageCLASS D1150;160 READER/ADF ASSEMBLY;FU8-2007-000;SPRING, COMPRESSION;
Canon;Canon imageCLASS D1150;160 READER/ADF ASSEMBLY;HC1-0586-000;RETAINING RING;
Canon;Canon imageCLASS D1150;160 READER/ADF ASSEMBLY;HU1-1022-000;BUSHING;
Canon;Canon imageCLASS D1150;160 READER/ADF ASSEMBLY;XA9-0476-000;SCREW,TP M3X8;
Canon;Canon imageCLASS D1150;160 READER/ADF ASSEMBLY;XA9-0831-000;SCREW, P, M3X10;
Canon;Canon imageCLASS D1150;160 READER/ADF ASSEMBLY;NPN;READER/ADF ASSEMBLY;
Canon;Canon imageCLASS D1150;162 PAPER FEEDER ASSEMBLY;FC7-6052-000;RATCHET, PAPER FEED ROLLER;
Canon;Canon imageCLASS D1150;162 PAPER FEEDER ASSEMBLY;FC7-6182-000;LEVER, ROLLER RELEASE;
Canon;Canon imageCLASS D1150;162 PAPER FEEDER ASSEMBLY;FC7-6278-000;FLAPPER, PAPER DELIVERY;
Canon;Canon imageCLASS D1150;162 PAPER FEEDER ASSEMBLY;FC7-6281-000;SPRING, ARM;
Canon;Canon imageCLASS D1150;162 PAPER FEEDER ASSEMBLY;FC7-6297-000;PAD, SEPARATION;[DP]
Canon;Canon imageCLASS D1150;162 PAPER FEEDER ASSEMBLY;FC9-5654-000;SHEET, SEPARATION PAD;
Canon;Canon imageCLASS D1150;162 PAPER FEEDER ASSEMBLY;FC7-6299-000;HOLDER, SEPARATION PAD;
Canon;Canon imageCLASS D1150;162 PAPER FEEDER ASSEMBLY;FC7-6300-000;CLAMP, SEPARATION PAD;
Canon;Canon imageCLASS D1150;162 PAPER FEEDER ASSEMBLY;FC9-1512-000;LEVER, RELEASE;
Canon;Canon imageCLASS D1150;162 PAPER FEEDER ASSEMBLY;FL3-1431-000;ARM, SEPARATION SWING;
Canon;Canon imageCLASS D1150;162 PAPER FEEDER ASSEMBLY;FL3-1437-000;GUIDE, LOWER ASSEMBLY;
Canon;Canon imageCLASS D1150;162 PAPER FEEDER ASSEMBLY;FM3-9540-000;PAPER FEED ROLLER ASSEMBLY;
Canon;Canon imageCLASS D1150;162 PAPER FEEDER ASSEMBLY;FM3-9541-000;PAPER DELIVERY ASSEMBLY;
Canon;Canon imageCLASS D1150;162 PAPER FEEDER ASSEMBLY;FM3-9542-000;DRIVE PLATE ASSEMBLY;
Canon;Canon imageCLASS D1150;162 PAPER FEEDER ASSEMBLY;FM3-9543-000;SOLENOID ASSEMBLY;SL701
Canon;Canon imageCLASS D1150;162 PAPER FEEDER ASSEMBLY;FM4-1872-000;MOTOR DRIVE ASSEMBLY;M702
Canon;Canon imageCLASS D1150;162 PAPER FEEDER ASSEMBLY;FM4-1873-000;GUIDE ASSEMBLY, UPPER;
Canon;Canon imageCLASS D1150;162 PAPER FEEDER ASSEMBLY;FM4-1875-000;PAPER DELIVERY ROLLER ASSY;
Canon;Canon imageCLASS D1150;162 PAPER FEEDER ASSEMBLY;FU5-6992-000;ROLLER, AUXILIARY;
Canon;Canon imageCLASS D1150;162 PAPER FEEDER ASSEMBLY;FU6-2998-000;SPRING, COMPRESSION;
Canon;Canon imageCLASS D1150;162 PAPER FEEDER ASSEMBLY;FU6-2999-000;SPRING, TENSION;
Canon;Canon imageCLASS D1150;162 PAPER FEEDER ASSEMBLY;FU7-0667-000;GEAR, 20T;
Canon;Canon imageCLASS D1150;162 PAPER FEEDER ASSEMBLY;FU7-0668-000;GEAR, 54T;
Canon;Canon imageCLASS D1150;162 PAPER FEEDER ASSEMBLY;FU7-0669-000;GEAR, 46T/23T;
Canon;Canon imageCLASS D1150;162 PAPER FEEDER ASSEMBLY;FU7-0671-000;GEAR, 36T;
Canon;Canon imageCLASS D1150;162 PAPER FEEDER ASSEMBLY;FU7-0676-000;GEAR, 21T/42T;
Canon;Canon imageCLASS D1150;162 PAPER FEEDER ASSEMBLY;FU7-0678-000;GEAR, 51T/17T;
Canon;Canon imageCLASS D1150;162 PAPER FEEDER ASSEMBLY;FU7-2016-000;SPRING, COMPRESSION;
Canon;Canon imageCLASS D1150;162 PAPER FEEDER ASSEMBLY;FU7-2021-000;SPRING, COMPRESSION;
Canon;Canon imageCLASS D1150;162 PAPER FEEDER ASSEMBLY;FU8-2008-000;SPRING, COMPRESSION;
Canon;Canon imageCLASS D1150;162 PAPER FEEDER ASSEMBLY;HC1-0586-000;RETAINING RING;
Canon;Canon imageCLASS D1150;162 PAPER FEEDER ASSEMBLY;HU1-1022-000;BUSHING;
Canon;Canon imageCLASS D1150;162 PAPER FEEDER ASSEMBLY;VS1-7177-002;CONNECTOR, SNAP TIGHT, BK;
Canon;Canon imageCLASS D1150;162 PAPER FEEDER ASSEMBLY;VS1-7207-004;CONNECTOR, SNAP TIGHT, BK;
Canon;Canon imageCLASS D1150;162 PAPER FEEDER ASSEMBLY;WG8-5696-000;PHOTO INTERRUPTER, TLP1243;PS702,PS703
Canon;Canon imageCLASS D1150;162 PAPER FEEDER ASSEMBLY;FM3-9539-000;PAPER FEEDER ASSEMBLY;
Canon;Canon imageCLASS D1150;300 CASSETTE ASSEMBLY;FC9-2032-000;COVER, FRONT;
Canon;Canon imageCLASS D1150;300 CASSETTE ASSEMBLY;FC9-2034-000;ARM, REMNANT INDICATION;
Canon;Canon imageCLASS D1150;300 CASSETTE ASSEMBLY;FC9-2035-000;LEVER, REMNANT INDICATION;
Canon;Canon imageCLASS D1150;300 CASSETTE ASSEMBLY;FC9-2072-000;SPRING, GROUNDING;
Canon;Canon imageCLASS D1150;300 CASSETTE ASSEMBLY;FC9-2074-000;STOPPER, LEFT;
Canon;Canon imageCLASS D1150;300 CASSETTE ASSEMBLY;FC9-2075-000;STOPPER, RIGHT;
Canon;Canon imageCLASS D1150;300 CASSETTE ASSEMBLY;FC9-2076-000;COVER, STOPPER, LEFT;
Canon;Canon imageCLASS D1150;300 CASSETTE ASSEMBLY;FC9-2077-000;COVER, STOPPER, RIGHT;
Canon;Canon imageCLASS D1150;300 CASSETTE ASSEMBLY;FC9-2078-000;LEVER, LOCK;
Canon;Canon imageCLASS D1150;300 CASSETTE ASSEMBLY;FC9-2089-000;SPRING, TENSION;
Canon;Canon imageCLASS D1150;300 CASSETTE ASSEMBLY;FC9-2090-000;SPRING, COMPRESSION;
Canon;Canon imageCLASS D1150;300 CASSETTE ASSEMBLY;FC9-2091-000;SPRING, COMPRESSION;
Canon;Canon imageCLASS D1150;300 CASSETTE ASSEMBLY;FL3-1504-000;PLATE, PAPER LIFTING;
Canon;Canon imageCLASS D1150;300 CASSETTE ASSEMBLY;FM3-9800-000;PAPER SIDE END LEFT ASSEMBLY;
Canon;Canon imageCLASS D1150;300 CASSETTE ASSEMBLY;FM3-9801-000;PAPER SIDE END RIGHT ASSEMBLY;
Canon;Canon imageCLASS D1150;300 CASSETTE ASSEMBLY;FM3-9802-000;BACK END LIMIT ASSEMBLY;
Canon;Canon imageCLASS D1150;300 CASSETTE ASSEMBLY;FS7-0980-000;GEAR,16T;
Canon;Canon imageCLASS D1150;300 CASSETTE ASSEMBLY;RC1-3507-000;STOPPER, CASSETTE, RIGHT;
Canon;Canon imageCLASS D1150;300 CASSETTE ASSEMBLY;RC1-3508-000;STOPPER, CASSETTE, LEFT;
Canon;Canon imageCLASS D1150;300 CASSETTE ASSEMBLY;RM1-6454-000;SEPARATION PAD ASSEMBLY;
Canon;Canon imageCLASS D1150;300 CASSETTE ASSEMBLY;RU5-2327-000;SPRING, COMPRESSION;
Canon;Canon imageCLASS D1150;300 CASSETTE ASSEMBLY;FM3-9798-000;CASSETTE ASSEMBLY;
Canon;Canon imageCLASS D1150;400 READER ASSEMBLY;FC9-1162-000;SPACER, CIS;
Canon;Canon imageCLASS D1150;400 READER ASSEMBLY;FC9-1493-000;BELT, TIMING;
Canon;Canon imageCLASS D1150;400 READER ASSEMBLY;FC9-2101-000;MOUNT, SUPPORTER;
Canon;Canon imageCLASS D1150;400 READER ASSEMBLY;FK2-8573-000;CABLE, FLAT;
Canon;Canon imageCLASS D1150;400 READER ASSEMBLY;FK2-8634-000;CONTACT IMAGE SENSOR;CIS
Canon;Canon imageCLASS D1150;400 READER ASSEMBLY;FK2-8635-000;CABLE, FLAT;
Canon;Canon imageCLASS D1150;400 READER ASSEMBLY;FL3-1420-000;COPYBOARD GLASS ASSEMBLY;
Canon;Canon imageCLASS D1150;400 READER ASSEMBLY;FM3-9527-000;DC MOTOR ASSEMBLY;M701
Canon;Canon imageCLASS D1150;400 READER ASSEMBLY;WG8-5696-000;PHOTO INTERRUPTER, TLP1243;PS701
Canon;Canon imageCLASS D1150;400 READER ASSEMBLY;XA9-0476-000;SCREW,TP M3X8;
Canon;Canon imageCLASS D1150;400 READER ASSEMBLY;FM3-9525-000;READER ASSEMBLY;
