Canon;Canon i-SENSYS MF4150;001 ACCESSORIES;FK2-5233-000;CD-ROM, USER SOFTWARE;JVM US
Canon;Canon i-SENSYS MF4150;001 ACCESSORIES;FK2-4558-000;CD-ROM, USER SOFTWARE;JVP/JVR/JV
Canon;Canon i-SENSYS MF4150;001 ACCESSORIES;FK2-4647-000;CD-ROM, USER SOFTWARE;KVT
Canon;Canon i-SENSYS MF4150;001 ACCESSORIES;FK2-4560-000;CD-ROM, USER SOFTWARE;KVU/KVY/KVZ/STC/STD/STW/SUB/SUC/SUD/SUE
Canon;Canon i-SENSYS MF4150;001 ACCESSORIES;HC1-2034-000;RIVET;KVU/STC
Canon;Canon i-SENSYS MF4150;001 ACCESSORIES;FK2-4391-000;HANDSET UNIT;KVU
Canon;Canon i-SENSYS MF4150;001 ACCESSORIES;FK2-4389-000;HANDSET UNIT;STC
Canon;Canon i-SENSYS MF4150;001 ACCESSORIES;HB1-4978-000;HOLDER, HANDSET CRADLE;KVU
Canon;Canon i-SENSYS MF4150;001 ACCESSORIES;HC1-2012-000;HOLDER,HANDSET CRADLE;STC
Canon;Canon i-SENSYS MF4150;001 ACCESSORIES;FK2-4561-000;CD-ROM, UTILITY;EU
Canon;Canon i-SENSYS MF4150;100 EXTERNAL COVERS, PANELS, ETC.;FC6-5204-000;SHEET, HANDSET;
Canon;Canon i-SENSYS MF4150;100 EXTERNAL COVERS, PANELS, ETC.;FL2-5626-000;COVER UNIT, FRONT;
Canon;Canon i-SENSYS MF4150;100 EXTERNAL COVERS, PANELS, ETC.;FL2-5620-000;HOLDER, DOCUMENT RELEASE SHEET;
Canon;Canon i-SENSYS MF4150;100 EXTERNAL COVERS, PANELS, ETC.;FC7-3554-000;COVER, CRGH;
Canon;Canon i-SENSYS MF4150;100 EXTERNAL COVERS, PANELS, ETC.;FM2-8907-000;COPYBORD COVER ASS'Y;
Canon;Canon i-SENSYS MF4150;100 EXTERNAL COVERS, PANELS, ETC.;FC7-3743-000;COVER, REAR;MF4130/4122/4120
Canon;Canon i-SENSYS MF4150;100 EXTERNAL COVERS, PANELS, ETC.;FC7-3561-000;COVER, REAR;MF4150
Canon;Canon i-SENSYS MF4150;100 EXTERNAL COVERS, PANELS, ETC.;FC7-3744-000;COVER, RIGHT;100V
Canon;Canon i-SENSYS MF4150;100 EXTERNAL COVERS, PANELS, ETC.;FC7-3566-000;COVER, RIGHT;120/230VP
Canon;Canon i-SENSYS MF4150;100 EXTERNAL COVERS, PANELS, ETC.;FM2-8924-000;LEFT COVER ASS'Y;100V
Canon;Canon i-SENSYS MF4150;100 EXTERNAL COVERS, PANELS, ETC.;FM2-8923-000;LEFT COVER ASS'Y;120/230V
Canon;Canon i-SENSYS MF4150;100 EXTERNAL COVERS, PANELS, ETC.;FC7-3648-000;SHEET, PAPER FEED;
Canon;Canon i-SENSYS MF4150;100 EXTERNAL COVERS, PANELS, ETC.;FC7-3649-000;CAP, SHEETH;
Canon;Canon i-SENSYS MF4150;100 EXTERNAL COVERS, PANELS, ETC.;FC7-3710-000;PLATE, PAPER SIZE;A
Canon;Canon i-SENSYS MF4150;100 EXTERNAL COVERS, PANELS, ETC.;FC7-3638-000;PLATE, PAPER SIZE;AB
Canon;Canon i-SENSYS MF4150;100 EXTERNAL COVERS, PANELS, ETC.;FC7-3711-000;PLATE, PAPER SIZE;INCH
Canon;Canon i-SENSYS MF4150;100 EXTERNAL COVERS, PANELS, ETC.;FC7-3712-000;PLATE, PAPER SIZE;INCH/AB
Canon;Canon i-SENSYS MF4150;100 EXTERNAL COVERS, PANELS, ETC.;FC7-3714-000;RETAINER, STAY;
Canon;Canon i-SENSYS MF4150;100 EXTERNAL COVERS, PANELS, ETC.;FC5-4820-000;EMBLEM, SATERA;100V
Canon;Canon i-SENSYS MF4150;100 EXTERNAL COVERS, PANELS, ETC.;FC713-3728-000;EMBLEM, LASER SHOT;120/230V
Canon;Canon i-SENSYS MF4150;100 EXTERNAL COVERS, PANELS, ETC.;FC7-3729-000;MAGNET;
Canon;Canon i-SENSYS MF4150;100 EXTERNAL COVERS, PANELS, ETC.;FC7-3753-000;SHEET, GLASS CLEANING;ADF MODEL 100V
Canon;Canon i-SENSYS MF4150;100 EXTERNAL COVERS, PANELS, ETC.;FC7-3752-000;SHEET, GLASS CLEANING;ADF MODEL i-SENSYS MF4150 230V
Canon;Canon i-SENSYS MF4150;100 EXTERNAL COVERS, PANELS, ETC.;FC7-3751-000;SHEET, GLASS CLEANING;ADF MODEL imageCLASS MF4150 120/230V
Canon;Canon i-SENSYS MF4150;100 EXTERNAL COVERS, PANELS, ETC.;FM2-8870-000;DUPLEXING COVER UNIT;
Canon;Canon i-SENSYS MF4150;100 EXTERNAL COVERS, PANELS, ETC.;FM2-8883-000;PAPER PICK-UP TRAY ASS'Y;
Canon;Canon i-SENSYS MF4150;100 EXTERNAL COVERS, PANELS, ETC.;FC7-3639-000;PLATE, EXTENSION;
Canon;Canon i-SENSYS MF4150;100 EXTERNAL COVERS, PANELS, ETC.;FC7-3656-000;STOPPER, PAPER;
Canon;Canon i-SENSYS MF4150;100 EXTERNAL COVERS, PANELS, ETC.;FC7-3657-000;STOPPER, CARD;
Canon;Canon i-SENSYS MF4150;100 EXTERNAL COVERS, PANELS, ETC.;FM2-8903-000;CONTROL PANEL ASS'Y;
Canon;Canon i-SENSYS MF4150;100 EXTERNAL COVERS, PANELS, ETC.;FM2-8919-000;CONTROL PANEL ASS'Y;
Canon;Canon i-SENSYS MF4150;100 EXTERNAL COVERS, PANELS, ETC.;FM2-8905-000;CONTROL PANEL ASS'Y;
Canon;Canon i-SENSYS MF4150;100 EXTERNAL COVERS, PANELS, ETC.;FM2-8920-000;CONTROL PANEL ASS'Y;
Canon;Canon i-SENSYS MF4150;100 EXTERNAL COVERS, PANELS, ETC.;FM2-8904-000;CONTROL PANEL ASS'Y;
Canon;Canon i-SENSYS MF4150;100 EXTERNAL COVERS, PANELS, ETC.;FM2-8906-000;CONTROL PANEL ASS'Y;
Canon;Canon i-SENSYS MF4150;100 EXTERNAL COVERS, PANELS, ETC.;FM2-8922-000;CONTROL PANEL ASS'Y;
Canon;Canon i-SENSYS MF4150;100 EXTERNAL COVERS, PANELS, ETC.;FM2-8918-000;CONTROL PANEL ASS'Y;
Canon;Canon i-SENSYS MF4150;100 EXTERNAL COVERS, PANELS, ETC.;FK2-8899-000;CONTROL PANEL ASS'Y;
Canon;Canon i-SENSYS MF4150;100 EXTERNAL COVERS, PANELS, ETC.;FM2-8898-000;CONTROL PANEL ASS'Y;
Canon;Canon i-SENSYS MF4150;100 EXTERNAL COVERS, PANELS, ETC.;FM2-8869-000;CONTROL PANEL ASS'Y;
Canon;Canon i-SENSYS MF4150;100 EXTERNAL COVERS, PANELS, ETC.;FM2-8901-000;CONTROL PANEL ASS'Y;
Canon;Canon i-SENSYS MF4150;100 EXTERNAL COVERS, PANELS, ETC.;FM2-8900-000;CONTROL PANEL ASS'Y;
Canon;Canon i-SENSYS MF4150;100 EXTERNAL COVERS, PANELS, ETC.;FM2-8902-000;CONTROL PANEL ASS'Y;
Canon;Canon i-SENSYS MF4150;100 EXTERNAL COVERS, PANELS, ETC.;FM2-8897-000;CONTROL PANEL ASS'Y;MF4150 US ENGLISH
Canon;Canon i-SENSYS MF4150;100 EXTERNAL COVERS, PANELS, ETC.;FM2-8908-000;FRONT COVER ASS'Y;
Canon;Canon i-SENSYS MF4150;100 EXTERNAL COVERS, PANELS, ETC.;FC7-3596-000;TRAY, PAPER DELIVERY;
Canon;Canon i-SENSYS MF4150;100 EXTERNAL COVERS, PANELS, ETC.;FC7-3597-000;TRAY, PAPER DELIVERY EXTENSION;
Canon;Canon i-SENSYS MF4150;100 EXTERNAL COVERS, PANELS, ETC.;FC7-3598-000;STOPPER, PAPER DELIVERY;
Canon;Canon i-SENSYS MF4150;100 EXTERNAL COVERS, PANELS, ETC.;FC7-3726-000;COVER, PAPER DELIVERY TRAY;
Canon;Canon i-SENSYS MF4150;100 EXTERNAL COVERS, PANELS, ETC.;FL2-3573-000;COVER, DUST;
Canon;Canon i-SENSYS MF4150;100 EXTERNAL COVERS, PANELS, ETC.;FC7-3788-000;LABEL, DESTINATION;
Canon;Canon i-SENSYS MF4150;100 EXTERNAL COVERS, PANELS, ETC.;FC7-3764-000;LABEL, JAM CLEARING;
Canon;Canon i-SENSYS MF4150;100 EXTERNAL COVERS, PANELS, ETC.;FC7-3817-000;CAP, COVER, REAR;
Canon;Canon i-SENSYS MF4150;100 EXTERNAL COVERS, PANELS, ETC.;XB4-7300-807;AR SCREW, TAP TIGHT, BINDING HEAD;
Canon;Canon i-SENSYS MF4150;101 INTERNAL COMPONENTS 1;FC7-3558-000;GUIDE, INNER FEED;
Canon;Canon i-SENSYS MF4150;101 INTERNAL COMPONENTS 1;FC7-3679-000;SHEET, INSULATING;
Canon;Canon i-SENSYS MF4150;101 INTERNAL COMPONENTS 1;FL2-5629-000;DUPLEXING FEED ROLLER ASS'Y;
Canon;Canon i-SENSYS MF4150;101 INTERNAL COMPONENTS 1;XA9-1420-000;SCREW, W/WASHER, M3X8;
Canon;Canon i-SENSYS MF4150;101 INTERNAL COMPONENTS 1;FM2-8912-000;TRANSFER GUIDE ASS'Y;
Canon;Canon i-SENSYS MF4150;101 INTERNAL COMPONENTS 1;FM2-8874-000;SEPARATION PAD ASS'Y;
Canon;Canon i-SENSYS MF4150;101 INTERNAL COMPONENTS 1;FM2-8914-000;TRANSFER ROLLER ASS'Y;
Canon;Canon i-SENSYS MF4150;101 INTERNAL COMPONENTS 1;FM2-9910-000;HVT PCB ASS'Y;100V
Canon;Canon i-SENSYS MF4150;101 INTERNAL COMPONENTS 1;FM2-9911-000;HVT PCB ASS'Y;120V
Canon;Canon i-SENSYS MF4150;101 INTERNAL COMPONENTS 1;FM2-9912-000;HVT PCB ASS'Y;230V
Canon;Canon i-SENSYS MF4150;101 INTERNAL COMPONENTS 1;FK2-3492-000;POWER SUPPLY ASSEMBLY;100V
Canon;Canon i-SENSYS MF4150;101 INTERNAL COMPONENTS 1;FK2-3502-000;POWER SUPPLY ASSEMBLY;120V
Canon;Canon i-SENSYS MF4150;101 INTERNAL COMPONENTS 1;FK2-3494-000;POWER SUPPLY ASSEMBLY;230V
Canon;Canon i-SENSYS MF4150;101 INTERNAL COMPONENTS 1;FM2-9914-000;SENSOR PCB ASS'Y;
Canon;Canon i-SENSYS MF4150;101 INTERNAL COMPONENTS 1;FM2-9916-000;SENSOR PCB ASS'Y;
Canon;Canon i-SENSYS MF4150;101 INTERNAL COMPONENTS 1;FK2-1313-000;CORD, POWER;US
Canon;Canon i-SENSYS MF4150;101 INTERNAL COMPONENTS 1;FK2-1311-000;CORD, POWER;TW
Canon;Canon i-SENSYS MF4150;101 INTERNAL COMPONENTS 1;FK2-1314-000;CORD, POWER;ASIA/EUR/KR
Canon;Canon i-SENSYS MF4150;101 INTERNAL COMPONENTS 1;FK2-1317-000;CORD, POWER;AU
Canon;Canon i-SENSYS MF4150;101 INTERNAL COMPONENTS 1;FK2-1316-000;CORD, POWER;CN
Canon;Canon i-SENSYS MF4150;101 INTERNAL COMPONENTS 1;FC7-3727-000;LABEL, HIGH TMP. CAUTION;
Canon;Canon i-SENSYS MF4150;101 INTERNAL COMPONENTS 1;FK2-4390-000;POWER CORD;JP
Canon;Canon i-SENSYS MF4150;101 INTERNAL COMPONENTS 1;XB4-5401-009;SCREW, TAP, M4X10;
Canon;Canon i-SENSYS MF4150;102 INTERNAL COMPONENTS 2;RC1-1999-000;CROSSMEMBER, ENGINE CONTROLLER;
Canon;Canon i-SENSYS MF4150;102 INTERNAL COMPONENTS 2;FC7-3700-000;COVER, FRONT LOWER;
Canon;Canon i-SENSYS MF4150;102 INTERNAL COMPONENTS 2;FM2-8882-000;TONER SENSOR ASS'Y;
Canon;Canon i-SENSYS MF4150;102 INTERNAL COMPONENTS 2;FC7-3666-000;ARM, SHUTTER;
Canon;Canon i-SENSYS MF4150;102 INTERNAL COMPONENTS 2;FC6-5210-000;RETAINING RING (E-TYRE);
Canon;Canon i-SENSYS MF4150;102 INTERNAL COMPONENTS 2;FM2-9907-000;LASER SCANNER ASS'Y;
Canon;Canon i-SENSYS MF4150;102 INTERNAL COMPONENTS 2;FC7-3646-000;ROLLER, PAPER FEED;
Canon;Canon i-SENSYS MF4150;102 INTERNAL COMPONENTS 2;XA9-1501-000;SCREW, RS, M3X10;
Canon;Canon i-SENSYS MF4150;102 INTERNAL COMPONENTS 2;FU5-1804-000;BUSHING, ROLLER, LEFT;
Canon;Canon i-SENSYS MF4150;102 INTERNAL COMPONENTS 2;FU5-1805-000;BUSHING, ROLLER, RIGHT;
Canon;Canon i-SENSYS MF4150;102 INTERNAL COMPONENTS 2;RU5-2492-000;SPRING, COMPRESSION;
Canon;Canon i-SENSYS MF4150;102 INTERNAL COMPONENTS 2;FM2-9909-000;DCNT PCB ASS'Y;
Canon;Canon i-SENSYS MF4150;102 INTERNAL COMPONENTS 2;FM2-8884-000;PAPER FEED COVER ASS'Y;
Canon;Canon i-SENSYS MF4150;102 INTERNAL COMPONENTS 2;XA9-1495-000;SCREW, RS, M3X6;
Canon;Canon i-SENSYS MF4150;103 INTERNAL COMPONENTS 3;RA0-1019-000;BUSHING;
Canon;Canon i-SENSYS MF4150;103 INTERNAL COMPONENTS 3;RC1-1953-000;BUSHING;
Canon;Canon i-SENSYS MF4150;103 INTERNAL COMPONENTS 3;RC1-1954-000;BUSHING;
Canon;Canon i-SENSYS MF4150;103 INTERNAL COMPONENTS 3;RC1-1955-000;CAM, COUPLING;
Canon;Canon i-SENSYS MF4150;103 INTERNAL COMPONENTS 3;FM3-2185-000;SCNT PCB ASS'Y;
Canon;Canon i-SENSYS MF4150;103 INTERNAL COMPONENTS 3;RC1-1957-000;STOPPER;
Canon;Canon i-SENSYS MF4150;103 INTERNAL COMPONENTS 3;RC1-1959-000;BUSHING;
Canon;Canon i-SENSYS MF4150;103 INTERNAL COMPONENTS 3;FC7-3690-000;GUIDE, CARTRIDGE, RIGHT;
Canon;Canon i-SENSYS MF4150;103 INTERNAL COMPONENTS 3;XA9-1495-000;SCREW, RS, M3X6;
Canon;Canon i-SENSYS MF4150;103 INTERNAL COMPONENTS 3;RU5-0503-000;GEAR, 166T/87T;
Canon;Canon i-SENSYS MF4150;103 INTERNAL COMPONENTS 3;FK2-3510-000;SOLENOID;
Canon;Canon i-SENSYS MF4150;103 INTERNAL COMPONENTS 3;FM2-8879-000;CARTRIDGE GUIDE LEFT ASS'Y;
Canon;Canon i-SENSYS MF4150;103 INTERNAL COMPONENTS 3;RU5-0505-000;GEAR, 74T;
Canon;Canon i-SENSYS MF4150;103 INTERNAL COMPONENTS 3;RU5-0174-000;GEAR, 117T;
Canon;Canon i-SENSYS MF4150;103 INTERNAL COMPONENTS 3;RU5-0175-000;GEAR, 108T;
Canon;Canon i-SENSYS MF4150;103 INTERNAL COMPONENTS 3;RU5-0176-000;GEAR, 129T;
Canon;Canon i-SENSYS MF4150;103 INTERNAL COMPONENTS 3;RU5-0506-000;GEAR, 35T/18T;
Canon;Canon i-SENSYS MF4150;103 INTERNAL COMPONENTS 3;RA0-1172-000;GEAR, 17T;
Canon;Canon i-SENSYS MF4150;103 INTERNAL COMPONENTS 3;RU5-0179-000;GEAR, 66T/25T;
Canon;Canon i-SENSYS MF4150;103 INTERNAL COMPONENTS 3;FC7-3647-000;ARM, CARTRIDGE;
Canon;Canon i-SENSYS MF4150;103 INTERNAL COMPONENTS 3;FC7-3653-000;ARM, SOLENOID;
Canon;Canon i-SENSYS MF4150;103 INTERNAL COMPONENTS 3;FC6-5210-000;RETAINING RING (E-TYRE);
Canon;Canon i-SENSYS MF4150;103 INTERNAL COMPONENTS 3;FU7-0541-000;GEAR, 32T;
Canon;Canon i-SENSYS MF4150;103 INTERNAL COMPONENTS 3;RK2-0777-000;MOTOR, STEPPING, DC;
Canon;Canon i-SENSYS MF4150;103 INTERNAL COMPONENTS 3;FU7-0544-000;GEAR, 29T;
Canon;Canon i-SENSYS MF4150;103 INTERNAL COMPONENTS 3;RC1-3579-000;BUSHING;
Canon;Canon i-SENSYS MF4150;103 INTERNAL COMPONENTS 3;FU6-2254-000;SPRING, COMPRESSION;
Canon;Canon i-SENSYS MF4150;103 INTERNAL COMPONENTS 3;FU6-2255-000;SPRING, COMPRESSION;
Canon;Canon i-SENSYS MF4150;103 INTERNAL COMPONENTS 3;FU7-0538-000;GEAR, 68/17T;
Canon;Canon i-SENSYS MF4150;103 INTERNAL COMPONENTS 3;FU7-0539-000;GEAR, 28T;
Canon;Canon i-SENSYS MF4150;103 INTERNAL COMPONENTS 3;FU7-0540-000;GEAR, 37T;
Canon;Canon i-SENSYS MF4150;103 INTERNAL COMPONENTS 3;FU7-0542-000;GEAR, 30T;
Canon;Canon i-SENSYS MF4150;103 INTERNAL COMPONENTS 3;FU7-0543-000;GEAR, 31T;
Canon;Canon i-SENSYS MF4150;103 INTERNAL COMPONENTS 3;FU7-0545-000;GEAR, 38T;
Canon;Canon i-SENSYS MF4150;103 INTERNAL COMPONENTS 3;RU5-0312-000;GEAR;
Canon;Canon i-SENSYS MF4150;103 INTERNAL COMPONENTS 3;RU5-0313-000;GEAR;
Canon;Canon i-SENSYS MF4150;103 INTERNAL COMPONENTS 3;RU5-0314-000;GEAR;
Canon;Canon i-SENSYS MF4150;103 INTERNAL COMPONENTS 3;RU5-0315-000;GEAR;
Canon;Canon i-SENSYS MF4150;103 INTERNAL COMPONENTS 3;FK2-3506-000;SPEAKER;MF4150
Canon;Canon i-SENSYS MF4150;103 INTERNAL COMPONENTS 3;FU7-0546-000;GEAR, 23T;
Canon;Canon i-SENSYS MF4150;103 INTERNAL COMPONENTS 3;FU7-0547-000;GEAR, 29T;
Canon;Canon i-SENSYS MF4150;103 INTERNAL COMPONENTS 3;FK2-3702-000;NCU PCB ASS'Y;MF4150
Canon;Canon i-SENSYS MF4150;103 INTERNAL COMPONENTS 3;HH2-2824-000;MODULAR CORD;US
Canon;Canon i-SENSYS MF4150;103 INTERNAL COMPONENTS 3;FK2-3049-000;CABLE, USB;EU/AU/ASIA/CN/KR/JP
Canon;Canon i-SENSYS MF4150;103 INTERNAL COMPONENTS 3;FM2-9925-000;CABLE, DUPLEX;
Canon;Canon i-SENSYS MF4150;103 INTERNAL COMPONENTS 3;FM2-9926-000;CABLE, RELAY BOARD;
Canon;Canon i-SENSYS MF4150;103 INTERNAL COMPONENTS 3;FM2-9929-000;CABLE, DCNT-SCNT;
Canon;Canon i-SENSYS MF4150;104 BASE PLATE ASS'Y;FM2-8876-000;CENTER PLATE GUIDE RAIL ASS'Y;
Canon;Canon i-SENSYS MF4150;104 BASE PLATE ASS'Y;FM2-8877-000;FEED GUIDE RAIL ASS'Y;
Canon;Canon i-SENSYS MF4150;104 BASE PLATE ASS'Y;FM2-8910-000;LIFTING PLATE ASS'Y;
Canon;Canon i-SENSYS MF4150;104 BASE PLATE ASS'Y;XA9-1495-000;SCREW, RS, M3X6;
Canon;Canon i-SENSYS MF4150;310 PAPER PICK-UP ASS'Y;FK2-3508-000;SOLENOID;
Canon;Canon i-SENSYS MF4150;310 PAPER PICK-UP ASS'Y;FM2-8872-000;FEED CROSSMEMBER ASS'Y;
Canon;Canon i-SENSYS MF4150;310 PAPER PICK-UP ASS'Y;FM2-8911-000;PAPER PICK-UP SHAFT ASS'Y;
Canon;Canon i-SENSYS MF4150;310 PAPER PICK-UP ASS'Y;RC1-1960-000;RATCHET;
Canon;Canon i-SENSYS MF4150;310 PAPER PICK-UP ASS'Y;RC1-1990-000;BUSHING;
Canon;Canon i-SENSYS MF4150;310 PAPER PICK-UP ASS'Y;RC1-1993-000;SPRING, TORSION;
Canon;Canon i-SENSYS MF4150;310 PAPER PICK-UP ASS'Y;RC1-1994-000;SPRING, TORSION;
Canon;Canon i-SENSYS MF4150;310 PAPER PICK-UP ASS'Y;RC1-2012-000;SPRING, LEAF;
Canon;Canon i-SENSYS MF4150;310 PAPER PICK-UP ASS'Y;RC1-2040-000;FLAG, REGIST. SENSOR;
Canon;Canon i-SENSYS MF4150;310 PAPER PICK-UP ASS'Y;RC1-2041-000;SPRING, TORSION;
Canon;Canon i-SENSYS MF4150;310 PAPER PICK-UP ASS'Y;FC7-3813-000;FLAG, PAPER WIDTH SENSOR;
Canon;Canon i-SENSYS MF4150;310 PAPER PICK-UP ASS'Y;RC1-2043-000;SPRING, TORSION;
Canon;Canon i-SENSYS MF4150;310 PAPER PICK-UP ASS'Y;RC1-2044-000;BUSHING;
Canon;Canon i-SENSYS MF4150;310 PAPER PICK-UP ASS'Y;FU6-2255-000;SPRING, COMPRESSION1;
Canon;Canon i-SENSYS MF4150;310 PAPER PICK-UP ASS'Y;RC1-5550-000;PLATE,TRANSFER GROUNDING,FRONT;
Canon;Canon i-SENSYS MF4150;310 PAPER PICK-UP ASS'Y;RC1-5551-000;PAD, SUB;
Canon;Canon i-SENSYS MF4150;310 PAPER PICK-UP ASS'Y;RC1-5552-000;LEVER, CARTRIDGE DETECT;
Canon;Canon i-SENSYS MF4150;310 PAPER PICK-UP ASS'Y;RC1-5553-000;SPRING, TORSION;
Canon;Canon i-SENSYS MF4150;310 PAPER PICK-UP ASS'Y;RL1-0266-000;ROLLER, PICK-UP;
Canon;Canon i-SENSYS MF4150;310 PAPER PICK-UP ASS'Y;RL1-0268-000;ROLLER, FEED;
Canon;Canon i-SENSYS MF4150;310 PAPER PICK-UP ASS'Y;RM1-2046-000;PAPER PICK-UP GEAR ASS'Y;
Canon;Canon i-SENSYS MF4150;310 PAPER PICK-UP ASS'Y;RU5-0180-000;GEAR, 21T/29T;
Canon;Canon i-SENSYS MF4150;310 PAPER PICK-UP ASS'Y;XA9-1503-000;SCREW, TAP, M3X6;
Canon;Canon i-SENSYS MF4150;310 PAPER PICK-UP ASS'Y;XB4-5401-009;SCREW, TAP, M4X10;
Canon;Canon i-SENSYS MF4150;310 PAPER PICK-UP ASS'Y;FM2-8871-0000;PAPER PICK-UP ASS'Y;
Canon;Canon i-SENSYS MF4150;400 READER ASS'Y;FC7-3615-000;STAY, READER;
Canon;Canon i-SENSYS MF4150;400 READER ASS'Y;FC7-3616-000;RETAINER, DAMPER;
Canon;Canon i-SENSYS MF4150;400 READER ASS'Y;FC7-3623-000;SPACER, CIS;
Canon;Canon i-SENSYS MF4150;400 READER ASS'Y;FC7-3630-000;BELT, TIMING;
Canon;Canon i-SENSYS MF4150;400 READER ASS'Y;FC7-3713-000;HOLDER, DAMPER;
Canon;Canon i-SENSYS MF4150;400 READER ASS'Y;FK2-2869-000;CONTACT IMAGE SENSOR ASS'Y;
Canon;Canon i-SENSYS MF4150;400 READER ASS'Y;FK2-3516-000;CABLE, FLAT, SCNT-CIS;
Canon;Canon i-SENSYS MF4150;400 READER ASS'Y;FK2-3517-000;CABLE, FLAT, SCNT-OP;
Canon;Canon i-SENSYS MF4150;400 READER ASS'Y;FL2-5621-000;COPYBOARD GLASS ASS'Y;
Canon;Canon i-SENSYS MF4150;400 READER ASS'Y;FM2-8868-000;CIS DRIVE MOTOR ASS'Y;
Canon;Canon i-SENSYS MF4150;400 READER ASS'Y;XA9-0476-000;SCREW,TP M3X8;
Canon;Canon i-SENSYS MF4150;400 READER ASS'Y;FC7-3553-000;GUIDE, CABLE;
Canon;Canon i-SENSYS MF4150;400 READER ASS'Y;XB4-5401-000;SCREW, TAP, M4X10;
Canon;Canon i-SENSYS MF4150;400 READER ASS'Y;FM2-8867-000;READER ASS'Y;
Canon;Canon i-SENSYS MF4150;810 FIXING ASS'Y;FC7-3557-000;GUIDE, SEPARATION;
Canon;Canon i-SENSYS MF4150;810 FIXING ASS'Y;FC7-3641-000;GUIDE, ENTRANCE;
Canon;Canon i-SENSYS MF4150;810 FIXING ASS'Y;FC7-3642-000;LEVER, PRESSURE RELEASE, LEFT;
Canon;Canon i-SENSYS MF4150;810 FIXING ASS'Y;FC7-3643-000;LEVER, PRESSURE RELEASE, RIGHT;
Canon;Canon i-SENSYS MF4150;810 FIXING ASS'Y;FC7-3644-000;FLAG, PAPER DELIVERY SENSOR;
Canon;Canon i-SENSYS MF4150;810 FIXING ASS'Y;FC7-3645-000;BUSHING;
Canon;Canon i-SENSYS MF4150;810 FIXING ASS'Y;FC7-3652-000;FLAG, PAPER WIDTH SENSOR;
Canon;Canon i-SENSYS MF4150;810 FIXING ASS'Y;FM2-8885-000;FIXING COVER UNIT;
Canon;Canon i-SENSYS MF4150;810 FIXING ASS'Y;FM2-8917-000;FIXING FILM ASS'Y;100V
Canon;Canon i-SENSYS MF4150;810 FIXING ASS'Y;FM2-8915-000;FIXING FILM ASS'Y;120V
Canon;Canon i-SENSYS MF4150;810 FIXING ASS'Y;FM2-8916-000;FIXING FILM ASS'Y;230V
Canon;Canon i-SENSYS MF4150;810 FIXING ASS'Y;FM2-8889-000;SENSOR PCB ASS'Y;
Canon;Canon i-SENSYS MF4150;810 FIXING ASS'Y;FU6-2875-000;SPRING, TENSION;
Canon;Canon i-SENSYS MF4150;810 FIXING ASS'Y;RC1-2066-000;PLATE, PRESSURE, LEFT;
Canon;Canon i-SENSYS MF4150;810 FIXING ASS'Y;RC1-2067-000;PLATE, PRESSURE, RIGHT;
Canon;Canon i-SENSYS MF4150;810 FIXING ASS'Y;RC1-2079-000;BUSHING;
Canon;Canon i-SENSYS MF4150;810 FIXING ASS'Y;RC1-2097-000;GUIDE, ENTRANCE;
Canon;Canon i-SENSYS MF4150;810 FIXING ASS'Y;RC1-2098-000;SPRING, TORSION;
Canon;Canon i-SENSYS MF4150;810 FIXING ASS'Y;RC1-2139-000;BUSHING;
Canon;Canon i-SENSYS MF4150;810 FIXING ASS'Y;RC1-5572-000;ROLLER, PRESSURE;
Canon;Canon i-SENSYS MF4150;810 FIXING ASS'Y;RU5-0523-000;GEAR, 37T;
Canon;Canon i-SENSYS MF4150;810 FIXING ASS'Y;RU5-2178-000;SPRING, TENSION;
Canon;Canon i-SENSYS MF4150;810 FIXING ASS'Y;XB2-8300-609;SCREW, RS, M3X6;
Canon;Canon i-SENSYS MF4150;810 FIXING ASS'Y;FM2-8890-000;FIXING ASS'Y;100V
Canon;Canon i-SENSYS MF4150;810 FIXING ASS'Y;FM2-8891-000;FIXING ASS'Y;120V
Canon;Canon i-SENSYS MF4150;810 FIXING ASS'Y;FM2-8892-000;FIXING ASS'Y;230V
Canon;Canon i-SENSYS MF4150;A10 ADF ASS'Y (MF4150/4130);FC7-3544-000;COVER, ADF, UPPER;
Canon;Canon i-SENSYS MF4150;A10 ADF ASS'Y (MF4150/4130);FC7-3549-000;COVER, ADF, REAR;
Canon;Canon i-SENSYS MF4150;A10 ADF ASS'Y (MF4150/4130);XA9-0476-000;SCREW, TP M3X8;
Canon;Canon i-SENSYS MF4150;A10 ADF ASS'Y (MF4150/4130);FM2-8861-000;DOCUMENT FEED UNDER ASS'Y;
Canon;Canon i-SENSYS MF4150;A10 ADF ASS'Y (MF4150/4130);FM2-8862-000;DOCUMENT GUIDE ASS'Y;
Canon;Canon i-SENSYS MF4150;A10 ADF ASS'Y (MF4150/4130);FM2-8864-000;DOCUMENT FEED UPPER ASS'Y;
Canon;Canon i-SENSYS MF4150;A10 ADF ASS'Y (MF4150/4130);FM2-8865-000;ADF BASE ASS'Y;
Canon;Canon i-SENSYS MF4150;A10 ADF ASS'Y (MF4150/4130);FC7-3637-000;HINGE, ADF;
Canon;Canon i-SENSYS MF4150;A10 ADF ASS'Y (MF4150/4130);FC7-3702-000;HINGE, ADF;
Canon;Canon i-SENSYS MF4150;A10 ADF ASS'Y (MF4150/4130);FC7-3548-000;TRAY, DOCUMENT;
Canon;Canon i-SENSYS MF4150;A10 ADF ASS'Y (MF4150/4130);XB4-5401-000;SCREW, TAP, M4X10;
Canon;Canon i-SENSYS MF4150;A10 ADF ASS'Y (MF4150/4130);XB4-7300-807;SCREW, TP BH M3X8;
Canon;Canon i-SENSYS MF4150;A10 ADF ASS'Y (MF4150/4130);NPN;ADF ASS'Y;MF4150
