Canon;Canon Color imageCLASS LBP654Cdw;100D - External Covers (LBP654Cdw);FE8-3017-000;LID, MODULAR;
Canon;Canon Color imageCLASS LBP654Cdw;100D - External Covers (LBP654Cdw);FE8-3170-000;COVER, DELIVERY;
Canon;Canon Color imageCLASS LBP654Cdw;100D - External Covers (LBP654Cdw);FE8-3189-000;LID, USB, UPPER;
Canon;Canon Color imageCLASS LBP654Cdw;100D - External Covers (LBP654Cdw);FE8-3224-000;COVER, USB;
Canon;Canon Color imageCLASS LBP654Cdw;100D - External Covers (LBP654Cdw);FL1-0525-000;SHEET, HANDSET;
Canon;Canon Color imageCLASS LBP654Cdw;100D - External Covers (LBP654Cdw);FM1-P235-000;CONTROL PANEL ASSEMBLY;
Canon;Canon Color imageCLASS LBP654Cdw;100D - External Covers (LBP654Cdw);FM1-P404-000;DUPLEXING DOOR ASSY;
Canon;Canon Color imageCLASS LBP654Cdw;100D - External Covers (LBP654Cdw);FE8-3007-000;COVER,CASSETTE;
Canon;Canon Color imageCLASS LBP654Cdw;100D - External Covers (LBP654Cdw);FE8-3016-000;BUTTON, DOOR, FRONT;
Canon;Canon Color imageCLASS LBP654Cdw;100D - External Covers (LBP654Cdw);FM1-P425-000;COVER, RIGHT;
Canon;Canon Color imageCLASS LBP654Cdw;100D - External Covers (LBP654Cdw);FM1-P426-000;COVER, LEFT;
Canon;Canon Color imageCLASS LBP654Cdw;100D - External Covers (LBP654Cdw);FM1-P427-000;FRONT DOOR ASSY;
Canon;Canon Color imageCLASS LBP654Cdw;100D - External Covers (LBP654Cdw);FM1-P429-000;TOP COVER ASSY;
Canon;Canon Color imageCLASS LBP654Cdw;100D - External Covers (LBP654Cdw);FU2-1954-000;LABEL, MP SIZE;
Canon;Canon Color imageCLASS LBP654Cdw;100D - External Covers (LBP654Cdw);FU2-1956-000;LABEL, MP PROHIBITION;
Canon;Canon Color imageCLASS LBP654Cdw;100D - External Covers (LBP654Cdw);FU2-1959-000;LABEL, NETWORK;
Canon;Canon Color imageCLASS LBP654Cdw;100D - External Covers (LBP654Cdw);FU2-1962-000;LABEL, DUPLEXING JAM;
Canon;Canon Color imageCLASS LBP654Cdw;100D - External Covers (LBP654Cdw);XA9-1671-000;SCREW, D, M3X8;
Canon;Canon Color imageCLASS LBP654Cdw;100D - External Covers (LBP654Cdw);XA9-1835-000;SCREW, D, M3X6;
Canon;Canon Color imageCLASS LBP654Cdw;100D - External Covers (LBP654Cdw);FE8-3069-000;COVER, PANEL, REAR UPPER;
Canon;Canon Color imageCLASS LBP654Cdw;100D - External Covers (LBP654Cdw);FE8-3070-000;COVER, PANEL, REAR UNDER;
Canon;Canon Color imageCLASS LBP654Cdw;100D - External Covers (LBP654Cdw);FE8-3071-000;COVER, PANEL, LOWER;
Canon;Canon Color imageCLASS LBP654Cdw;100D - External Covers (LBP654Cdw);FE8-3194-000;COVER, PANEL ARM,2;
Canon;Canon Color imageCLASS LBP654Cdw;100D - External Covers (LBP654Cdw);FE8-3195-000;COVER, PANEL ARM,3;
Canon;Canon Color imageCLASS LBP654Cdw;100D - External Covers (LBP654Cdw);FE8-3196-000;COVER, PANEL ARM,4;
Canon;Canon Color imageCLASS LBP654Cdw;100D - External Covers (LBP654Cdw);FE8-3198-000;COVER, PANEL ARM,5;
Canon;Canon Color imageCLASS LBP654Cdw;100D - External Covers (LBP654Cdw);FE8-3263-000;COVER, PANEL, REAR;
Canon;Canon Color imageCLASS LBP654Cdw;100D - External Covers (LBP654Cdw);FM1-P442-000;HINGE ASSEMBLY;
Canon;Canon Color imageCLASS LBP654Cdw;100D - External Covers (LBP654Cdw);NPN;EXTERNAL COVERS, PANELS, ETC.;LBP654Cdw 5-INCH TOUCH PANEL model
Canon;Canon Color imageCLASS LBP654Cdw;100E - External Covers (LBP654Cx);FE8-3017-000;LID, MODULAR;
Canon;Canon Color imageCLASS LBP654Cdw;100E - External Covers (LBP654Cx);FE8-3170-000;COVER, DELIVERY;
Canon;Canon Color imageCLASS LBP654Cdw;100E - External Covers (LBP654Cx);FE8-3189-000;LID, USB, UPPER;
Canon;Canon Color imageCLASS LBP654Cdw;100E - External Covers (LBP654Cx);FE8-3224-000;COVER, USB;
Canon;Canon Color imageCLASS LBP654Cdw;100E - External Covers (LBP654Cx);FL1-0525-000;SHEET, HANDSET;
Canon;Canon Color imageCLASS LBP654Cdw;100E - External Covers (LBP654Cx);FM1-P235-000;CONTROL PANEL ASSEMBLY;
Canon;Canon Color imageCLASS LBP654Cdw;100E - External Covers (LBP654Cx);FM1-P404-000;DUPLEXING DOOR ASSY;
Canon;Canon Color imageCLASS LBP654Cdw;100E - External Covers (LBP654Cx);FE8-3007-000;COVER,CASSETTE;
Canon;Canon Color imageCLASS LBP654Cdw;100E - External Covers (LBP654Cx);FE8-3016-000;BUTTON, DOOR, FRONT;
Canon;Canon Color imageCLASS LBP654Cdw;100E - External Covers (LBP654Cx);FM1-P425-000;COVER, RIGHT;
Canon;Canon Color imageCLASS LBP654Cdw;100E - External Covers (LBP654Cx);FM1-P426-000;COVER, LEFT;
Canon;Canon Color imageCLASS LBP654Cdw;100E - External Covers (LBP654Cx);FM1-P427-000;FRONT DOOR ASSY;
Canon;Canon Color imageCLASS LBP654Cdw;100E - External Covers (LBP654Cx);FM1-P429-000;TOP COVER ASSY;
Canon;Canon Color imageCLASS LBP654Cdw;100E - External Covers (LBP654Cx);FU2-1954-000;LABEL, MP SIZE;
Canon;Canon Color imageCLASS LBP654Cdw;100E - External Covers (LBP654Cx);FU2-1956-000;LABEL, MP PROHIBITION;
Canon;Canon Color imageCLASS LBP654Cdw;100E - External Covers (LBP654Cx);FU2-1959-000;LABEL, NETWORK;
Canon;Canon Color imageCLASS LBP654Cdw;100E - External Covers (LBP654Cx);FU2-1962-000;LABEL, DUPLEXING JAM;
Canon;Canon Color imageCLASS LBP654Cdw;100E - External Covers (LBP654Cx);XA9-1671-000;SCREW, D, M3X8;
Canon;Canon Color imageCLASS LBP654Cdw;100E - External Covers (LBP654Cx);XA9-1835-000;SCREW, D, M3X6;
Canon;Canon Color imageCLASS LBP654Cdw;100E - External Covers (LBP654Cx);FE8-3069-000;COVER, PANEL, REAR UPPER;
Canon;Canon Color imageCLASS LBP654Cdw;100E - External Covers (LBP654Cx);FE8-3070-000;COVER, PANEL, REAR UNDER;
Canon;Canon Color imageCLASS LBP654Cdw;100E - External Covers (LBP654Cx);FE8-3071-000;COVER, PANEL, LOWER;
Canon;Canon Color imageCLASS LBP654Cdw;100E - External Covers (LBP654Cx);FE8-3194-000;COVER, PANEL ARM,2;
Canon;Canon Color imageCLASS LBP654Cdw;100E - External Covers (LBP654Cx);FE8-3195-000;COVER, PANEL ARM,3;
Canon;Canon Color imageCLASS LBP654Cdw;100E - External Covers (LBP654Cx);FE8-3196-000;COVER, PANEL ARM,4;
Canon;Canon Color imageCLASS LBP654Cdw;100E - External Covers (LBP654Cx);FE8-3198-000;COVER, PANEL ARM,5;
Canon;Canon Color imageCLASS LBP654Cdw;100E - External Covers (LBP654Cx);FE8-3263-000;COVER, PANEL, REAR;
Canon;Canon Color imageCLASS LBP654Cdw;100E - External Covers (LBP654Cx);FM1-P442-000;HINGE ASSEMBLY;
Canon;Canon Color imageCLASS LBP654Cdw;100E - External Covers (LBP654Cx);NPN;EXTERNAL COVERS, PANELS, ETC.;LBP654Cx 5-INCH TOUCH PANEL model
Canon;Canon Color imageCLASS LBP654Cdw;101D - Internal Components 1 (LBP654Cdw, LBP654Cx);FE8-3076-000;SPRING, GROUNDING;
Canon;Canon Color imageCLASS LBP654Cdw;101D - Internal Components 1 (LBP654Cdw, LBP654Cx);FK4-1248-020;MODULE, WLAN;
Canon;Canon Color imageCLASS LBP654Cdw;101D - Internal Components 1 (LBP654Cdw, LBP654Cx);FL0-8151-000;CABLE, FLAT;
Canon;Canon Color imageCLASS LBP654Cdw;101D - Internal Components 1 (LBP654Cdw, LBP654Cx);FL0-8149-000;CABLE, FLEXIBLE FLAT;
Canon;Canon Color imageCLASS LBP654Cdw;101D - Internal Components 1 (LBP654Cdw, LBP654Cx);FM1-P414-000;POWER SWITCH ASSY;
Canon;Canon Color imageCLASS LBP654Cdw;101D - Internal Components 1 (LBP654Cdw, LBP654Cx);FK4-4315-000;FAN;FM2
Canon;Canon Color imageCLASS LBP654Cdw;101D - Internal Components 1 (LBP654Cdw, LBP654Cx);FM2-D942-000;CABLE, FLEXIBLE FLAT;
Canon;Canon Color imageCLASS LBP654Cdw;101D - Internal Components 1 (LBP654Cdw, LBP654Cx);FM2-D943-000;CABLE, FLEXIBLE FLAT;
Canon;Canon Color imageCLASS LBP654Cdw;101D - Internal Components 1 (LBP654Cdw, LBP654Cx);RM2-7374-000;MEMORY PCB ASSY;
Canon;Canon Color imageCLASS LBP654Cdw;101D - Internal Components 1 (LBP654Cdw, LBP654Cx);RM2-7889-000;FRONT DOOR SWITCH CABLE ASSY;SW1
Canon;Canon Color imageCLASS LBP654Cdw;101D - Internal Components 1 (LBP654Cdw, LBP654Cx);RM2-7896-000;CASSETTE SWITCH CABLE ASSY;SW6
Canon;Canon Color imageCLASS LBP654Cdw;101D - Internal Components 1 (LBP654Cdw, LBP654Cx);VS1-7207-003;CONNECTOR, SNAP TIGHT, BK;
Canon;Canon Color imageCLASS LBP654Cdw;101D - Internal Components 1 (LBP654Cdw, LBP654Cx);VS1-7258-007;CONNECTOR,DRAWER;
Canon;Canon Color imageCLASS LBP654Cdw;101D - Internal Components 1 (LBP654Cdw, LBP654Cx);FM1-X987-000;MAIN CONTROLLER PCB ASSEMBLY;
Canon;Canon Color imageCLASS LBP654Cdw;101D - Internal Components 1 (LBP654Cdw, LBP654Cx);FM2-D944-000;ENGINE CONTROLLER PCB ASSY;
Canon;Canon Color imageCLASS LBP654Cdw;101D - Internal Components 1 (LBP654Cdw, LBP654Cx);RM2-5612-000;LASER SCANNER ASSY;M10
Canon;Canon Color imageCLASS LBP654Cdw;101D - Internal Components 1 (LBP654Cdw, LBP654Cx);XA9-1671-000;SCREW, D, M3X8;
Canon;Canon Color imageCLASS LBP654Cdw;101D - Internal Components 1 (LBP654Cdw, LBP654Cx);XA9-1835-000;SCREW, D, M3X6;
Canon;Canon Color imageCLASS LBP654Cdw;101D - Internal Components 1 (LBP654Cdw, LBP654Cx);FM1-T672-000;FERRITE CORE UNIT;
Canon;Canon Color imageCLASS LBP654Cdw;101D - Internal Components 1 (LBP654Cdw, LBP654Cx);NPN;INTERNAL COMPONENTS 1;LBP654Cdw, LBP654Cx
Canon;Canon Color imageCLASS LBP654Cdw;102A - Internal Components 2 (120V);RM2-8661 -000;CABLE, FLEXIBLE FLAT;
Canon;Canon Color imageCLASS LBP654Cdw;102A - Internal Components 2 (120V);FK4-4315-000;FAN;FM1
Canon;Canon Color imageCLASS LBP654Cdw;102A - Internal Components 2 (120V);RM2-7369-000;DRIVER PCB ASSY;
Canon;Canon Color imageCLASS LBP654Cdw;102A - Internal Components 2 (120V);XA9-1420-000;SCREW, W/WASHER, M3X8;
Canon;Canon Color imageCLASS LBP654Cdw;102A - Internal Components 2 (120V);FE8-0014-000;PLATE, USB, GROUNDING;
Canon;Canon Color imageCLASS LBP654Cdw;102A - Internal Components 2 (120V);FM1-R870-000;USB RELAY PCB ASSEMBLY;
Canon;Canon Color imageCLASS LBP654Cdw;102A - Internal Components 2 (120V);FM1-P474-000;FIXING POWER SUPPLY PCB ASSY;
Canon;Canon Color imageCLASS LBP654Cdw;102A - Internal Components 2 (120V);FM1-Z821-000;L.V. POWER SUPPLY PCB ASSY;
Canon;Canon Color imageCLASS LBP654Cdw;102A - Internal Components 2 (120V);XA9-1671-000;SCREW, D, M3X8;
Canon;Canon Color imageCLASS LBP654Cdw;102A - Internal Components 2 (120V);XA9-1835-000;SCREW, D, M3X6;
Canon;Canon Color imageCLASS LBP654Cdw;102A - Internal Components 2 (120V);FK4-4092-000;CABLE, MADRID HDMI;
Canon;Canon Color imageCLASS LBP654Cdw;102A - Internal Components 2 (120V);NPN;INTERNAL COMPONENTS 2;100V, 120V 5-INCH TOUCH PANEL model
Canon;Canon Color imageCLASS LBP654Cdw;102C - Internal Components 2 (230V);RM2-8661 -000;CABLE, FLEXIBLE FLAT;
Canon;Canon Color imageCLASS LBP654Cdw;102C - Internal Components 2 (230V);FK4-4315-000;FAN;FM1
Canon;Canon Color imageCLASS LBP654Cdw;102C - Internal Components 2 (230V);RM2-7369-000;DRIVER PCB ASSY;
Canon;Canon Color imageCLASS LBP654Cdw;102C - Internal Components 2 (230V);XA9-1420-000;SCREW, W/WASHER, M3X8;
Canon;Canon Color imageCLASS LBP654Cdw;102C - Internal Components 2 (230V);FE8-0014-000;PLATE, USB, GROUNDING;
Canon;Canon Color imageCLASS LBP654Cdw;102C - Internal Components 2 (230V);FM1-R870-000;USB RELAY PCB ASSEMBLY;
Canon;Canon Color imageCLASS LBP654Cdw;102C - Internal Components 2 (230V);FM1-P443-000;FIXING POWER SUPPLY PCB ASSY;
Canon;Canon Color imageCLASS LBP654Cdw;102C - Internal Components 2 (230V);FM1-Z822-000;L.V. POWER SUPPLY PCB ASSY;
Canon;Canon Color imageCLASS LBP654Cdw;102C - Internal Components 2 (230V);XA9-1671-000;SCREW, D, M3X8;
Canon;Canon Color imageCLASS LBP654Cdw;102C - Internal Components 2 (230V);XA9-1835-000;SCREW, D, M3X6;
Canon;Canon Color imageCLASS LBP654Cdw;102C - Internal Components 2 (230V);FK4-4092-000;CABLE, MADRID HDMI;
Canon;Canon Color imageCLASS LBP654Cdw;102C - Internal Components 2 (230V);NPN;INTERNAL COMPONENTS 2;230V 5-INCH TOUCH PANEL model
Canon;Canon Color imageCLASS LBP654Cdw;103 - Internal Components 3;RL1 -2593-000;ROLLER, PAPER PICK-UP;
Canon;Canon Color imageCLASS LBP654Cdw;103 - Internal Components 3;RM2-6377-000;CASSETTE ASSY;
Canon;Canon Color imageCLASS LBP654Cdw;103 - Internal Components 3;RM2-6406-000;SEPARATION PAD ASSY;
Canon;Canon Color imageCLASS LBP654Cdw;103 - Internal Components 3;RM2-6454-000;INTERMEDIATE TRANS. BELT ASSY;SW4, SL30
Canon;Canon Color imageCLASS LBP654Cdw;103 - Internal Components 3;RM2-7342-000;DRUM MOTOR ASSY;M2
Canon;Canon Color imageCLASS LBP654Cdw;103 - Internal Components 3;RM2-7344-000;DEVELOPING MOTOR ASSY;M3
Canon;Canon Color imageCLASS LBP654Cdw;103 - Internal Components 3;RM2-7349-000;FIXING MOTOR ASSY;M4
Canon;Canon Color imageCLASS LBP654Cdw;103 - Internal Components 3;RM2-7376-000;ENVIRONMENT SENSOR PCB ASSY;
Canon;Canon Color imageCLASS LBP654Cdw;103 - Internal Components 3;RM2-7399-000;DENSITY DETECT SENSOR ASSY;
Canon;Canon Color imageCLASS LBP654Cdw;103 - Internal Components 3;WG8-5935-000;IC, PHOTO INTERRUPTER;SR6
Canon;Canon Color imageCLASS LBP654Cdw;103 - Internal Components 3;FU2-1958-000;LABEL, CASSETTE OPERATOR;
Canon;Canon Color imageCLASS LBP654Cdw;103 - Internal Components 3;XA9-1671-000;SCREW, D, M3X8;
Canon;Canon Color imageCLASS LBP654Cdw;103 - Internal Components 3;XA9-1835-000;SCREW, D, M3X6;
Canon;Canon Color imageCLASS LBP654Cdw;103 - Internal Components 3;NPN;INTERNAL COMPONENTS 3;
Canon;Canon Color imageCLASS LBP654Cdw;104 - Internal Components 4;RM2-5576-000;PAPER PICK-UP ROLLER ASSY;
Canon;Canon Color imageCLASS LBP654Cdw;104 - Internal Components 4;RM2-5577-000;FEED ROLLER ASSY;
Canon;Canon Color imageCLASS LBP654Cdw;104 - Internal Components 4;RM2-5881-000;SEPARATION ROLLER ASSY;
Canon;Canon Color imageCLASS LBP654Cdw;104 - Internal Components 4;RM2-6366-000;FEED GUIDE ASSY, REAR;
Canon;Canon Color imageCLASS LBP654Cdw;104 - Internal Components 4;RM2-6368-000;FEED GUIDE ASSY, FRONT;SR5, SR7, SR8
Canon;Canon Color imageCLASS LBP654Cdw;104 - Internal Components 4;RM2-6370-000;LIFTER DRIVE ASSY;SL5
Canon;Canon Color imageCLASS LBP654Cdw;104 - Internal Components 4;RM2-6372-000;PAPER PICK-UP ASSY;
Canon;Canon Color imageCLASS LBP654Cdw;104 - Internal Components 4;RM2-6374-000;REGISTRATION ASSY;SR1
Canon;Canon Color imageCLASS LBP654Cdw;104 - Internal Components 4;RM2-6401 -000;CARTRIDGE TRAY ASSY;
Canon;Canon Color imageCLASS LBP654Cdw;104 - Internal Components 4;RM2-7350-000;PICK-UP MOTOR ASSY;M1
Canon;Canon Color imageCLASS LBP654Cdw;104 - Internal Components 4;XA9-1671-000;SCREW, D, M3X8;
Canon;Canon Color imageCLASS LBP654Cdw;104 - Internal Components 4;XA9-1835-000;SCREW, D, M3X6;
Canon;Canon Color imageCLASS LBP654Cdw;104 - Internal Components 4;NPN;INTERNAL COMPONENTS 4;
Canon;Canon Color imageCLASS LBP654Cdw;105B - Internal Components 5 (120V);RM2-6418-000;FIXING ASSY;H120, FU1, TH801, TH802, TH803, SR2, SR3, SR4, SR21, SL10, SW5
Canon;Canon Color imageCLASS LBP654Cdw;105B - Internal Components 5 (120V);FU2-1963-000;LABEL, HIGH TMP. CAUTION;
Canon;Canon Color imageCLASS LBP654Cdw;105B - Internal Components 5 (120V);RM2-6387-000;PAPER RE-PICK UP ASSY;SR22, CL1
Canon;Canon Color imageCLASS LBP654Cdw;105B - Internal Components 5 (120V);RM2-6389-000;REVERSE DRIVE ASSY;
Canon;Canon Color imageCLASS LBP654Cdw;105B - Internal Components 5 (120V);RM2-6397-000;SECONDARY TRANSFER ASSY;
Canon;Canon Color imageCLASS LBP654Cdw;105B - Internal Components 5 (120V);RM2-6455-000;2ND TRANSFER ROLLER ASSY;
Canon;Canon Color imageCLASS LBP654Cdw;105B - Internal Components 5 (120V);XA9-1671-000;SCREW, D, M3X8;
Canon;Canon Color imageCLASS LBP654Cdw;105B - Internal Components 5 (120V);NPN;INTERNAL COMPONENTS 5;120V
Canon;Canon Color imageCLASS LBP654Cdw;105C - Internal Components 5 (230V);RM2-6435-000;FIXING ASSY;H240, FU1, TH801, TH802, TH803, SR2, SR3, SR4, SR21, SL10, SW5
Canon;Canon Color imageCLASS LBP654Cdw;105C - Internal Components 5 (230V);FU2-1963-000;LABEL, HIGH TMP. CAUTION;
Canon;Canon Color imageCLASS LBP654Cdw;105C - Internal Components 5 (230V);RM2-6387-000;PAPER RE-PICK UP ASSY;SR22, CL1
Canon;Canon Color imageCLASS LBP654Cdw;105C - Internal Components 5 (230V);RM2-6389-000;REVERSE DRIVE ASSY;
Canon;Canon Color imageCLASS LBP654Cdw;105C - Internal Components 5 (230V);RM2-6397-000;SECONDARY TRANSFER ASSY;
Canon;Canon Color imageCLASS LBP654Cdw;105C - Internal Components 5 (230V);RM2-6455-000;2ND TRANSFER ROLLER ASSY;
Canon;Canon Color imageCLASS LBP654Cdw;105C - Internal Components 5 (230V);XA9-1671-000;SCREW, D, M3X8;
Canon;Canon Color imageCLASS LBP654Cdw;105C - Internal Components 5 (230V);NPN;INTERNAL COMPONENTS 5;230V
