Canon;Canon Fax L380;100 EXTERNAL COVERS,PANELS,ETC;HL1-0470-020;COVER, REAR;Except SPR
Canon;Canon Fax L380;100 EXTERNAL COVERS,PANELS,ETC;FL2-5303-000;COVER, PANEL REAR;SPZ
Canon;Canon Fax L380;100 EXTERNAL COVERS,PANELS,ETC;FC7-1666-000;COVER, FACE-UP;310/L390/L408S
Canon;Canon Fax L380;100 EXTERNAL COVERS,PANELS,ETC;HC1-1943-000;COVER, FACE-UP;L380S/398S/L390S
Canon;Canon Fax L380;100 EXTERNAL COVERS,PANELS,ETC;FM2-6902-000;TOP COVER UNIT;100V/120V
Canon;Canon Fax L380;100 EXTERNAL COVERS,PANELS,ETC;FM2-6864-000;TOP COVER UNIT;230V
Canon;Canon Fax L380;100 EXTERNAL COVERS,PANELS,ETC;FC7-3257-000;TRAY, AUXILIARY;310/L390/L408S
Canon;Canon Fax L380;100 EXTERNAL COVERS,PANELS,ETC;FC7-3258-000;TRAY, AUXILIARY;L380S/L398S/L390S
Canon;Canon Fax L380;100 EXTERNAL COVERS,PANELS,ETC;FC7-1734-000;TRAY, DOCUMENT;310/L390/L408S
Canon;Canon Fax L380;100 EXTERNAL COVERS,PANELS,ETC;HL1-0641-000;TRAY, DOCUMENT;L380S/L398S/L390S
Canon;Canon Fax L380;100 EXTERNAL COVERS,PANELS,ETC;FM2-6869-000;DOCUMET GUIDE UNIT;AE/US/EU/KR/AU
Canon;Canon Fax L380;100 EXTERNAL COVERS,PANELS,ETC;FM2-6878-000;DOCUMET GUIDE UNIT;CN/JP
Canon;Canon Fax L380;100 EXTERNAL COVERS,PANELS,ETC;FC7-1728-000;COVER, RIGHT;310/L390/L408S
Canon;Canon Fax L380;100 EXTERNAL COVERS,PANELS,ETC;HC1-1932-000;COVER, RIGHT;L380S/L398S/L390S
Canon;Canon Fax L380;100 EXTERNAL COVERS,PANELS,ETC;FC7-1727-000;COVER, LEFT;310/L390/L408S
Canon;Canon Fax L380;100 EXTERNAL COVERS,PANELS,ETC;HC1-1931-000;COVER, LEFT;L380S/L398S
Canon;Canon Fax L380;100 EXTERNAL COVERS,PANELS,ETC;HC1-1930-000;COVER, LEFT;L390S
Canon;Canon Fax L380;100 EXTERNAL COVERS,PANELS,ETC;FM2-6892-000;FRONT COVER UNIT;310/L390/L408S
Canon;Canon Fax L380;100 EXTERNAL COVERS,PANELS,ETC;FM2-6865-000;FRONT COVER UNIT;L380S/L398S/L390S
Canon;Canon Fax L380;100 EXTERNAL COVERS,PANELS,ETC;FC7-1654-000;COVER, PANEL REAR;310/L390/L408S
Canon;Canon Fax L380;100 EXTERNAL COVERS,PANELS,ETC;HC1-1928-000;COVER, PANEL REAR;L380S/L398S/L390S
Canon;Canon Fax L380;100 EXTERNAL COVERS,PANELS,ETC;FC7-1735-000;TRAY, DOCUMENT DELIVERY;310/L390/L408S
Canon;Canon Fax L380;100 EXTERNAL COVERS,PANELS,ETC;HC1-1940-000;TRAY, DOCUMENT DELIVERY;L380S/L398S/L390S
Canon;Canon Fax L380;100 EXTERNAL COVERS,PANELS,ETC;FM2-6895-000;OPERATION PANEL UNIT;310
Canon;Canon Fax L380;100 EXTERNAL COVERS,PANELS,ETC;FM2-6875-000;OPERATION PANEL UNIT;JP
Canon;Canon Fax L380;100 EXTERNAL COVERS,PANELS,ETC;FM2-6884-000;OPERATION PANEL UNIT;KR
Canon;Canon Fax L380;100 EXTERNAL COVERS,PANELS,ETC;FM2-6899-000;OPERATION PANEL UNIT;L390
Canon;Canon Fax L380;100 EXTERNAL COVERS,PANELS,ETC;FM2-6882-000;OPERATION PANEL UNIT;L390S
Canon;Canon Fax L380;100 EXTERNAL COVERS,PANELS,ETC;FM2-6883-000;OPERATION PANEL UNIT;L398S
Canon;Canon Fax L380;100 EXTERNAL COVERS,PANELS,ETC;FM2-6897-000;OPERATION PANEL UNIT;L408S
Canon;Canon Fax L380;100 EXTERNAL COVERS,PANELS,ETC;FM2-6868-000;OPERATION PANEL UNIT;SPU/SPR
Canon;Canon Fax L380;100 EXTERNAL COVERS,PANELS,ETC;XA9-1386-000;SCREW,RS, M3X8;
Canon;Canon Fax L380;100 EXTERNAL COVERS,PANELS,ETC;XA9-0476-000;SCREW,TP M3X8;
Canon;Canon Fax L380;100 EXTERNAL COVERS,PANELS,ETC;HC1-2002-000;STOPPER;
Canon;Canon Fax L380;100 EXTERNAL COVERS,PANELS,ETC;FC7-1911-000;SHEET ONE TOUCH DIAL(ENGLISH);AE/AU
Canon;Canon Fax L380;100 EXTERNAL COVERS,PANELS,ETC;FC7-1910-000;SHEET ONE TOUCH DIAL(CHN);CN
Canon;Canon Fax L380;100 EXTERNAL COVERS,PANELS,ETC;FC7-1913-000;SHEET ONE TOUCH DIAL(GERMAN);DE
Canon;Canon Fax L380;100 EXTERNAL COVERS,PANELS,ETC;FC7-1912-000;SHEET ONE TOUCH DIAL(ENGLISH);EU
Canon;Canon Fax L380;100 EXTERNAL COVERS,PANELS,ETC;FC7-1914-000;SHEET ONE TOUCH DIAL(FRENCH);FR
Canon;Canon Fax L380;100 EXTERNAL COVERS,PANELS,ETC;FC7-1908-000;SHEET,ONE TOUCH DIAL(JAPANESE);JP
Canon;Canon Fax L380;100 EXTERNAL COVERS,PANELS,ETC;FC7-1909-000;SHEET ONE TOUCH DIAL(KOREAN);KR
Canon;Canon Fax L380;100 EXTERNAL COVERS,PANELS,ETC;FC7-1907-000;SHEET ONE TOUCH DIAL(ENGLISH);US
Canon;Canon Fax L380;100 EXTERNAL COVERS,PANELS,ETC;HB1-5127-000;LABEL, DESTINATION;
Canon;Canon Fax L380;100 EXTERNAL COVERS,PANELS,ETC;HC1-2013-000;SHEET,SHIELD;AE/EUR/KR/JP
Canon;Canon Fax L380;100 EXTERNAL COVERS,PANELS,ETC;FC7-1921 -000;SHEET, SHIELD;AU
Canon;Canon Fax L380;100 EXTERNAL COVERS,PANELS,ETC;FC7-1649-000;COVER, ONE-TOUCH;
Canon;Canon Fax L380;100 EXTERNAL COVERS,PANELS,ETC;WG8-5593-000;PHOTO-INTERRUPTER TLP1242;
Canon;Canon Fax L380;100 EXTERNAL COVERS,PANELS,ETC;FC7-1730-000;COVER, CASSETTE, UPPER;310/L390/L408S
Canon;Canon Fax L380;100 EXTERNAL COVERS,PANELS,ETC;FC7-1731 -000;COVER, LEFT, LOWER;310/L390/L408S
Canon;Canon Fax L380;100 EXTERNAL COVERS,PANELS,ETC;FC7-1732-000;COVER, RIGHT, LOWER;310/L390/L408S
Canon;Canon Fax L380;100 EXTERNAL COVERS,PANELS,ETC;HC1-2345-000;LABEL,COVER,REAR;
Canon;Canon Fax L380;101 INTERNAL COMPONENTS 1;FC5-4808-000;FLAG, MANUAL FEED SENSOR;
Canon;Canon Fax L380;101 INTERNAL COMPONENTS 1;FC7-1729-000;FLAG, CASSETTE SENSOR;310/390/L408S
Canon;Canon Fax L380;101 INTERNAL COMPONENTS 1;FC5-4814-020;FLAG, CASSETTE SENSOR;L380S/L398S/L390S
Canon;Canon Fax L380;101 INTERNAL COMPONENTS 1;FM2-6474-000;DCNT BOARD ASSY;100/120V
Canon;Canon Fax L380;101 INTERNAL COMPONENTS 1;FM2-6473-000;DCNT BOARD ASSY;230V
Canon;Canon Fax L380;101 INTERNAL COMPONENTS 1;FK2-2076-000;SPEAKER;
Canon;Canon Fax L380;101 INTERNAL COMPONENTS 1;XA9-1386-000;SCREW,RS, M3X8;
Canon;Canon Fax L380;101 INTERNAL COMPONENTS 1;HH2-3292-000;CABLE, FLAT, 10P;
Canon;Canon Fax L380;102 INTERNAL COMPONENTS 2;FC5-4775-000;ARM, LASER SHUTTER;
Canon;Canon Fax L380;102 INTERNAL COMPONENTS 2;FM2-1853-000;LASER/SCANNER UNIT;
Canon;Canon Fax L380;102 INTERNAL COMPONENTS 2;FC5-4833-000;GUIDE, FIXING ENTRANCE;
Canon;Canon Fax L380;102 INTERNAL COMPONENTS 2;XA9-1386-000;SCREW,RS,M3X8;
Canon;Canon Fax L380;102 INTERNAL COMPONENTS 2;FL2-1043-000;ROLLER, FACE-DOWN DELIVERY;
Canon;Canon Fax L380;102 INTERNAL COMPONENTS 2;FL2-1050-000;COVER, FIXING;
Canon;Canon Fax L380;102 INTERNAL COMPONENTS 2;XA9-1502-000;SCREW,W/WASHER,M4;
Canon;Canon Fax L380;102 INTERNAL COMPONENTS 2;FC5-4778-000;PLATE,GROUNDING;
Canon;Canon Fax L380;102 INTERNAL COMPONENTS 2;FU5-0699-000;GEAR, 19T;
Canon;Canon Fax L380;102 INTERNAL COMPONENTS 2;FC5-4850-000;FLAG,ROLL PREVENTION;
Canon;Canon Fax L380;103 INTERNAL COMPONENTS 3;HC1-1950-000;COVER, SOLENOID;
Canon;Canon Fax L380;103 INTERNAL COMPONENTS 3;FC5-4800-020;GUIDE,U-TURN;
Canon;Canon Fax L380;103 INTERNAL COMPONENTS 3;FC5-4799-000;FLAG, REGIST. SENSOR;
Canon;Canon Fax L380;103 INTERNAL COMPONENTS 3;FM5-5304-000;TOP SENSOR PCB UNIT;
Canon;Canon Fax L380;103 INTERNAL COMPONENTS 3;FL2-1042-000;ROLLER, FEEDER;
Canon;Canon Fax L380;103 INTERNAL COMPONENTS 3;FL2-1046-000;ROLLER, CASSETTE PICK-UP;
Canon;Canon Fax L380;103 INTERNAL COMPONENTS 3;FC5-4805-000;ROLLER, TRANSFER;
Canon;Canon Fax L380;103 INTERNAL COMPONENTS 3;FC5-4807-000;BUSHING,TRANSFER ROLLER,RIGHT;
Canon;Canon Fax L380;103 INTERNAL COMPONENTS 3;FU5-0716-000;GEAR, 17T;
Canon;Canon Fax L380;103 INTERNAL COMPONENTS 3;HM1-0655-030;TONER SENSOR UNIT;
Canon;Canon Fax L380;103 INTERNAL COMPONENTS 3;FM2-6893-000;COVER SWITCH UNIT;310/L390/L408S
Canon;Canon Fax L380;103 INTERNAL COMPONENTS 3;HM1-0809-000;COVER SWITCH UNIT;L380S/L398/L390
Canon;Canon Fax L380;103 INTERNAL COMPONENTS 3;XA9-1386-000;SCREW,RS,M3X8;
Canon;Canon Fax L380;103 INTERNAL COMPONENTS 3;FC5-4921-000;BUSHING;
Canon;Canon Fax L380;103 INTERNAL COMPONENTS 3;FU5-2435-020;SPRING, COMPRESSION;
Canon;Canon Fax L380;104 INTERNAL COMPONENTS 4;FH6-5132-000;SOLENOID,PICK UP;
Canon;Canon Fax L380;104 INTERNAL COMPONENTS 4;FM2-1069-000;GEAR UNIT;
Canon;Canon Fax L380;104 INTERNAL COMPONENTS 4;FU5-0707-000;GEAR,51T;
Canon;Canon Fax L380;104 INTERNAL COMPONENTS 4;FU5-0709-000;GEAR,17T;
Canon;Canon Fax L380;104 INTERNAL COMPONENTS 4;FH5-1130-000;MOTOR,STEPPING;
Canon;Canon Fax L380;104 INTERNAL COMPONENTS 4;FU5-0700-000;GEAR, 163T;
Canon;Canon Fax L380;104 INTERNAL COMPONENTS 4;FU5-0701-000;GEAR,91T/115T;
Canon;Canon Fax L380;104 INTERNAL COMPONENTS 4;FU5-0702-000;GEAR, 18T/107T;
Canon;Canon Fax L380;104 INTERNAL COMPONENTS 4;FU5-0703-000;GEAR, 17T;
Canon;Canon Fax L380;104 INTERNAL COMPONENTS 4;FU5-0704-000;GEAR, 55T;
Canon;Canon Fax L380;104 INTERNAL COMPONENTS 4;FU5-0714-000;GEAR, 25T;
Canon;Canon Fax L380;104 INTERNAL COMPONENTS 4;XA9-1386-000;SCREW,RS,M3X8;
Canon;Canon Fax L380;104 INTERNAL COMPONENTS 4;FU5-0705-000;GEAR, 22T/86T;
Canon;Canon Fax L380;104 INTERNAL COMPONENTS 4;FU5-0710-000;GEAR, 19T/35T;
Canon;Canon Fax L380;104 INTERNAL COMPONENTS 4;FU5-2429-000;SPRING,DRUM CONTACT PIN;
Canon;Canon Fax L380;104 INTERNAL COMPONENTS 4;FC5-4878-000;PIN,DRUM CONTACT;
Canon;Canon Fax L380;105 INTERNAL COMPONENTS 5;FC5-4827-000;LEVER, PRESSURE RELEASE, R;
Canon;Canon Fax L380;105 INTERNAL COMPONENTS 5;FC5-4828-000;LEVER, PRESSURE RELEASE, L;
Canon;Canon Fax L380;105 INTERNAL COMPONENTS 5;FC5-4829-000;BUSHING, PRESSURE ROLLER, R;
Canon;Canon Fax L380;105 INTERNAL COMPONENTS 5;FC5-4830-000;BUSHING, PRESSURE ROLLER, L;
Canon;Canon Fax L380;105 INTERNAL COMPONENTS 5;FC5-4871-000;ROLLER, PRESSURE;
Canon;Canon Fax L380;105 INTERNAL COMPONENTS 5;FC5-4832-000;GUIDE, PAPER DELIVERY;
Canon;Canon Fax L380;105 INTERNAL COMPONENTS 5;FC5-4834-000;FLAG, DELIVERY SENSOR;
Canon;Canon Fax L380;105 INTERNAL COMPONENTS 5;FC5-4861-000;LEVER, PRSS. RELEASE DETECT,R;
Canon;Canon Fax L380;105 INTERNAL COMPONENTS 5;FC5-4862-000;LEVER, PRSS. RELEASE DETECT,L;
Canon;Canon Fax L380;105 INTERNAL COMPONENTS 5;FM5-5305-000;DELIVERY SENSOR PCB UNIT;
Canon;Canon Fax L380;105 INTERNAL COMPONENTS 5;FM2-6859-000;FILM UNIT, 100V;100V
Canon;Canon Fax L380;105 INTERNAL COMPONENTS 5;FM2-6860-000;FILM UNIT, 120V;120V
Canon;Canon Fax L380;105 INTERNAL COMPONENTS 5;FM2-6861-000;FILM UNIT, 230V;230V
Canon;Canon Fax L380;105 INTERNAL COMPONENTS 5;XA9-1502-000;SCREW,W/WASHER,M4;
Canon;Canon Fax L380;105 INTERNAL COMPONENTS 5;FL2-1044-020;ROLLER, FACE-UP;
Canon;Canon Fax L380;105 INTERNAL COMPONENTS 5;FU5-2425-000;SPRING,PRESSURE GROUNDING;
Canon;Canon Fax L380;105 INTERNAL COMPONENTS 5;FU5-0713-000;GEAR, 29T;
Canon;Canon Fax L380;105 INTERNAL COMPONENTS 5;FU5-0698-000;GEAR, 17T;
Canon;Canon Fax L380;105 INTERNAL COMPONENTS 5;FC5-4860-000;RUBBER RING,CONDUCTIVE;
Canon;Canon Fax L380;105 INTERNAL COMPONENTS 5;XA9-1386-000;SCREW,RS,M3X8;
Canon;Canon Fax L380;110 POWER SUPPLY ASSY;FK2-2079-000;POWER SUPPLY UNIT;100V
Canon;Canon Fax L380;110 POWER SUPPLY ASSY;FK2-2078-000;POWER SUPPLY UNIT;120V
Canon;Canon Fax L380;110 POWER SUPPLY ASSY;FK2-2077-000;POWER SUPPLY UNIT;230V
Canon;Canon Fax L380;110 POWER SUPPLY ASSY;FM2-6475-000;HIGH-VOLTAGE POWER SUPPLY UNIT;
Canon;Canon Fax L380;110 POWER SUPPLY ASSY;XA9-1386-000;SCREW,RS,M3X8;
Canon;Canon Fax L380;110 POWER SUPPLY ASSY;FM5-5292-000;CORD, POWER;AE/EUR/KR
Canon;Canon Fax L380;110 POWER SUPPLY ASSY;FM5-5296-020;CORD, POWER;AU
Canon;Canon Fax L380;110 POWER SUPPLY ASSY;FM5-5294-010;CORD, POWER;CN
Canon;Canon Fax L380;110 POWER SUPPLY ASSY;HG1-4555-000;CORD, POWER;JP
Canon;Canon Fax L380;110 POWER SUPPLY ASSY;FM5-5273-000;CORD, POWER;US
Canon;Canon Fax L380;110 POWER SUPPLY ASSY;HG1-4547-000;CABLE WITH CONNECTOR, 2P;
Canon;Canon Fax L380;110 POWER SUPPLY ASSY;HG1-4549-000;CABLE WITH CONNECTOR, 16P;
Canon;Canon Fax L380;210 DOCUMENT FEED ASSY;FM2-6477-000;DOCUMENT SENSOR UNIT;AE/US/EU/KR/AU
Canon;Canon Fax L380;210 DOCUMENT FEED ASSY;FM2-6478-000;DOCUMENT SENSOR UNIT;CN/JP
Canon;Canon Fax L380;210 DOCUMENT FEED ASSY;HC1-1951-000;GUIDE, DOCUMENT, UPPER;
Canon;Canon Fax L380;210 DOCUMENT FEED ASSY;HL1-0454-000;WHITE SHEET UNIT;
Canon;Canon Fax L380;210 DOCUMENT FEED ASSY;HM1-0818-000;SEPARATION GUIDE UNIT;
Canon;Canon Fax L380;210 DOCUMENT FEED ASSY;HC1-1956-000;ARM, DETECTION (DS);
Canon;Canon Fax L380;210 DOCUMENT FEED ASSY;HC1-1958-000;ARM, DETECTION (DES);
Canon;Canon Fax L380;210 DOCUMENT FEED ASSY;HC1-1963-000;BRUSH, STATIC DISCHARGE;
Canon;Canon Fax L380;210 DOCUMENT FEED ASSY;WG8-5593-000;PHOTO INTERRUPTER TLP1242;
Canon;Canon Fax L380;210 DOCUMENT FEED ASSY;HC1-1957-000;ARM DETECTION(DWS);CN/JP
Canon;Canon Fax L380;210 DOCUMENT FEED ASSY;HC1-1970-000;PLATE,FEED PRESSURE;
Canon;Canon Fax L380;210 DOCUMENT FEED ASSY;HC1-1988-000;CLAW,STOPPER HOOK;
Canon;Canon Fax L380;210 DOCUMENT FEED ASSY;HC1-1987-000;STOPPER;
Canon;Canon Fax L380;210 DOCUMENT FEED ASSY;HU1-2135-000;SPRING;
Canon;Canon Fax L380;211 ADF LOWER ASSY;HU1-1059-000;BUSHING;
Canon;Canon Fax L380;211 ADF LOWER ASSY;FK2-2082-000;MOTOR, REED, STEPPING;AE/US/EUR/KR/AU
Canon;Canon Fax L380;211 ADF LOWER ASSY;HH7-2776-020;MOTOR, READ, STEPPING;CN/JP
Canon;Canon Fax L380;211 ADF LOWER ASSY;FL2-4934-000;CONTACT SENSOR UNIT;AE/US/EUR/KR/AU
Canon;Canon Fax L380;211 ADF LOWER ASSY;FL2-4935-000;CONTACT SENSOR UNIT;CN/JP
Canon;Canon Fax L380;211 ADF LOWER ASSY;HL1-0453-000;DELIVERY ROLLER UNIT;
Canon;Canon Fax L380;211 ADF LOWER ASSY;HM1-0814-000;SEPARATION ASSY;
Canon;Canon Fax L380;211 ADF LOWER ASSY;HC1-1974-000;ROLLER, DOCUMENT FEED;
Canon;Canon Fax L380;211 ADF LOWER ASSY;HG1-4546-000;CABLE WITH CONNECTOR, 7P;AE/US/EUR/KR/AU
Canon;Canon Fax L380;211 ADF LOWER ASSY;HG1-4551-000;CABLE WITH CONNECTOR, 7P;CN/JP
Canon;Canon Fax L380;211 ADF LOWER ASSY;HC1-1952-000;FRAME, READER;
Canon;Canon Fax L380;211 ADF LOWER ASSY;HU1-0158-000;GEAR, 43T/48T;
Canon;Canon Fax L380;211 ADF LOWER ASSY;HU1-0159-000;GEAR, 28T/47T;
Canon;Canon Fax L380;211 ADF LOWER ASSY;HU1-0160-000;GEAR, 47T;
Canon;Canon Fax L380;211 ADF LOWER ASSY;HU1-0161-000;GEAR, 66T;
Canon;Canon Fax L380;211 ADF LOWER ASSY;HM1-0830-000;SEPARATION ROLLER UNIT;
Canon;Canon Fax L380;211 ADF LOWER ASSY;HC1-1983-000;ROLLER,LOADING;
Canon;Canon Fax L380;211 ADF LOWER ASSY;HU1-1058-000;BUSHING;
Canon;Canon Fax L380;300 CASSETTE(250 SHEETS);FC5-4908-000;PLATE,BACK END LIMIT;L380S/L398S/L390S
Canon;Canon Fax L380;300 CASSETTE(250 SHEETS);FC7-1715-000;PLATE,BACK END LIMT;L310/L390/L408S
Canon;Canon Fax L380;300 CASSETTE(250 SHEETS);FC5-4928-030;TRAY, CASSETTE EXTENSION;L380S/L398S/L390S
Canon;Canon Fax L380;300 CASSETTE(250 SHEETS);HC1-2008-000;COVER, CASSETTE UPPER;L380S/L398S/L390S
Canon;Canon Fax L380;300 CASSETTE(250 SHEETS);FM2-6867-000;CASSETTE UNIT;
Canon;Canon Fax L380;300 CASSETTE(250 SHEETS);FC5-4911-020;PLATE, SIDE LIMIT ,RIGHT;
Canon;Canon Fax L380;300 CASSETTE(250 SHEETS);FC5-4913-020;PLATE, SIDE LIMIT, LEFT;
Canon;Canon Fax L380;300 CASSETTE(250 SHEETS);FL2-1047-000;PAD, SEPARATION;
Canon;Canon Fax L380;300 CASSETTE(250 SHEETS);FC7-1659-000;COVER, CASSETTE,FRONT;
Canon;Canon Fax L380;300 CASSETTE(250 SHEETS);FU5-2434-000;SPRING,PAD;
Canon;Canon Fax L380;301 CASSETTE(500 SHEETS);FL2-4938-000;PLATE, BACK END LIMIT;
Canon;Canon Fax L380;301 CASSETTE(500 SHEETS);FM2-6885-000;CASSETTE UNIT;
Canon;Canon Fax L380;301 CASSETTE(500 SHEETS);FL2-1047-000;PAD, SEPARATION;
Canon;Canon Fax L380;301 CASSETTE(500 SHEETS);FL2-4939-000;COVER, CASSETTE, FRONT;
Canon;Canon Fax L380;301 CASSETTE(500 SHEETS);FU5-2434-000;SPRING,PAD;
Canon;Canon Fax L380;301 CASSETTE(500 SHEETS);FC7-3253-000;SHEET, SEPARATION;
Canon;Canon Fax L380;950 SCNT BOARD ASSY;WS1 -5397-000;PLUG, JUMPER;
Canon;Canon Fax L380;950 SCNT BOARD ASSY;WK1-5134-000;BATTERY, LITHIUM, CR2032THJ6;
Canon;Canon Fax L380;950 SCNT BOARD ASSY;HH2-2824-000;MODULAR CORD,2P;
Canon;Canon Fax L380;950 SCNT BOARD ASSY;HK1-0544-000;MODULAR CORD;
Canon;Canon Fax L380;950 SCNT BOARD ASSY;HK1-0559-000;MODULAR CORD;
Canon;Canon Fax L380;950 SCNT BOARD ASSY;HK1-0550-000;MODULAR CORD;
Canon;Canon Fax L380;950 SCNT BOARD ASSY;HK1-0547-000;MODULAR CORD;
Canon;Canon Fax L380;950 SCNT BOARD ASSY;FH2-7200-000;MODULAR CORD;
Canon;Canon Fax L380;950 SCNT BOARD ASSY;HK1-0175-000;MODULAR CORD;
Canon;Canon Fax L380;950 SCNT BOARD ASSY;FH2-7192-000;CABLE, USB;L380S/L398S/L408S
Canon;Canon Fax L380;950 SCNT BOARD ASSY;FM2-6181-000;SCNT BOARD ASSY;310 US
Canon;Canon Fax L380;950 SCNT BOARD ASSY;FM2-6176-000;SCNT BOARD ASSY;L380S AE
Canon;Canon Fax L380;950 SCNT BOARD ASSY;FM2-6173-000;SCNT BOARD ASSY;L380S EUR
Canon;Canon Fax L380;950 SCNT BOARD ASSY;FM2-6174-000;SCNT BOARD ASSY;L380S JP
Canon;Canon Fax L380;950 SCNT BOARD ASSY;FM2-6177-000;SCNT BOARD ASSY;L380S KR
Canon;Canon Fax L380;950 SCNT BOARD ASSY;FM2-6183-000;SCNT BOARD ASSY;L390 AU
Canon;Canon Fax L380;950 SCNT BOARD ASSY;FM2-6180-000;SCNT BOARD ASSY;L390 EUR
Canon;Canon Fax L380;950 SCNT BOARD ASSY;FM2-6179-000;SCNT BOARD ASSY;L390S CN
Canon;Canon Fax L380;950 SCNT BOARD ASSY;FM2-6178-000;SCNT BOARD ASSY;L398S CN
Canon;Canon Fax L380;950 SCNT BOARD ASSY;FM2-6182-000;SCNT BOARD ASSY;L408S CN
