Canon;Canon i-SENSYS LBP7680Cx;100 EXTERNAL COVERS, PANELS, ETC.;FC0-3865-000;COVER, RIGHT FRONT;
Canon;Canon i-SENSYS LBP7680Cx;100 EXTERNAL COVERS, PANELS, ETC.;FC0-3866-000;BUTTON, POWER;
Canon;Canon i-SENSYS LBP7680Cx;100 EXTERNAL COVERS, PANELS, ETC.;FC0-3873-000;PANEL, RIGHT;
Canon;Canon i-SENSYS LBP7680Cx;100 EXTERNAL COVERS, PANELS, ETC.;FC0-3874-000;COVER, RIGHT;
Canon;Canon i-SENSYS LBP7680Cx;100 EXTERNAL COVERS, PANELS, ETC.;FC0-3879-000;COVER, LEFT;
Canon;Canon i-SENSYS LBP7680Cx;100 EXTERNAL COVERS, PANELS, ETC.;FC0-3870-000;COVER, TOP, FRONT;
Canon;Canon i-SENSYS LBP7680Cx;100 EXTERNAL COVERS, PANELS, ETC.;FC0-3871-000;COVER, TOP, REAR;
Canon;Canon i-SENSYS LBP7680Cx;100 EXTERNAL COVERS, PANELS, ETC.;FM4-8505-000;CONTROL PANEL ASSY;JP
Canon;Canon i-SENSYS LBP7680Cx;100 EXTERNAL COVERS, PANELS, ETC.;FM4-8506-000;CONTROL PANEL ASSY;LBP7680Cx EUR
Canon;Canon i-SENSYS LBP7680Cx;100 EXTERNAL COVERS, PANELS, ETC.;FM4-8507-000;CONTROL PANEL ASSY;LBP7660Cdn EUR
Canon;Canon i-SENSYS LBP7680Cx;100 EXTERNAL COVERS, PANELS, ETC.;FM4-8508-000;CONTROL PANEL ASSY;LBP7680Cx ASIA,AU
Canon;Canon i-SENSYS LBP7680Cx;100 EXTERNAL COVERS, PANELS, ETC.;FM4-8509-000;CONTROL PANEL ASSY;LBP7660Cdn US,ASIA
Canon;Canon i-SENSYS LBP7680Cx;100 EXTERNAL COVERS, PANELS, ETC.;FM4-8510-000;CONTROL PANEL ASSY;LBP7660Cdn CN
Canon;Canon i-SENSYS LBP7680Cx;100 EXTERNAL COVERS, PANELS, ETC.;FM4-8501-000;FRONT DOOR ASSY;
Canon;Canon i-SENSYS LBP7680Cx;100 EXTERNAL COVERS, PANELS, ETC.;RC2-3719-000;BUTTON, TEST PRINT SWITCH;
Canon;Canon i-SENSYS LBP7680Cx;100 EXTERNAL COVERS, PANELS, ETC.;FC8-8742-000;LABEL, PAPER SIZE;EXCEPT JP
Canon;Canon i-SENSYS LBP7680Cx;100 EXTERNAL COVERS, PANELS, ETC.;FC8-8745-000;LABEL, PAPER SIZE;JP
Canon;Canon i-SENSYS LBP7680Cx;100 EXTERNAL COVERS, PANELS, ETC.;RK2-2276-000;FAN;FM1
Canon;Canon i-SENSYS LBP7680Cx;100 EXTERNAL COVERS, PANELS, ETC.;FC0-3878-000;COVER, USB INNER;LBP7680Cx
Canon;Canon i-SENSYS LBP7680Cx;100 EXTERNAL COVERS, PANELS, ETC.;FC0-3888-000;COVER, USB;LBP7680Cx
Canon;Canon i-SENSYS LBP7680Cx;100 EXTERNAL COVERS, PANELS, ETC.;FC0-3875-000;COVER, DIMM ASSY;
Canon;Canon i-SENSYS LBP7680Cx;100 EXTERNAL COVERS, PANELS, ETC.;XA9-1671-000;SCREW, D, M3X8;
Canon;Canon i-SENSYS LBP7680Cx;100 EXTERNAL COVERS, PANELS, ETC.;FC0-3887-000;COVER, USB BLANKING;EXCEPT LBP7680Cx
Canon;Canon i-SENSYS LBP7680Cx;100 EXTERNAL COVERS, PANELS, ETC.;FC0-3897-000;COVER, SD;EXCEPT LBP7680Cx
Canon;Canon i-SENSYS LBP7680Cx;100 EXTERNAL COVERS, PANELS, ETC.;NPN;EXTERNAL COVERS, PANELS, ETC.;
Canon;Canon i-SENSYS LBP7680Cx;101 INTERNAL COMPONENTS 1;RK2-3267-000;TEMPERATURE SENSOR UNIT;
Canon;Canon i-SENSYS LBP7680Cx;101 INTERNAL COMPONENTS 1;RM1-4836-000;CARTRIDGE TRAY ASSY;
Canon;Canon i-SENSYS LBP7680Cx;101 INTERNAL COMPONENTS 1;RM1-5294-050;H. V. POWER SUPPLY PCB ASSY;
Canon;Canon i-SENSYS LBP7680Cx;101 INTERNAL COMPONENTS 1;FM4-8869-000;SD SLOT EXTENSION PCB ASSEMBLY;LBP7680Cx
Canon;Canon i-SENSYS LBP7680Cx;101 INTERNAL COMPONENTS 1;RM1-5399-000;ENV. SENSOR CABLE ASSY;
Canon;Canon i-SENSYS LBP7680Cx;101 INTERNAL COMPONENTS 1;RM1-5398-000;SENSOR CABLE ASSY;
Canon;Canon i-SENSYS LBP7680Cx;101 INTERNAL COMPONENTS 1;WG8-5935-000;PHOTO INTERRUPTER, TLP1243;SR14
Canon;Canon i-SENSYS LBP7680Cx;101 INTERNAL COMPONENTS 1;XA9-1420-000;SCREW, W/WASHER, M3X8;
Canon;Canon i-SENSYS LBP7680Cx;101 INTERNAL COMPONENTS 1;XA9-1835-000;SCREW, D, M3X6;
Canon;Canon i-SENSYS LBP7680Cx;101 INTERNAL COMPONENTS 1;XA9-1671-000;SCREW, D, M3X8;
Canon;Canon i-SENSYS LBP7680Cx;101 INTERNAL COMPONENTS 1;RC2-3800-000;RAIL, LEFT;
Canon;Canon i-SENSYS LBP7680Cx;101 INTERNAL COMPONENTS 1;RC2-3801-000;RAIL, RIGHT;
Canon;Canon i-SENSYS LBP7680Cx;101 INTERNAL COMPONENTS 1;FK3-2249-000;CABLE, FLAT;LBP7680Cx
Canon;Canon i-SENSYS LBP7680Cx;101 INTERNAL COMPONENTS 1;FK3-1797-000;CABLE, USB;LBP7680Cx
Canon;Canon i-SENSYS LBP7680Cx;101 INTERNAL COMPONENTS 1;FC0-3919-000;PLATE, GROUNDING;
Canon;Canon i-SENSYS LBP7680Cx;101 INTERNAL COMPONENTS 1;FC0-3905-000;GUIDE;LBP7680Cx
Canon;Canon i-SENSYS LBP7680Cx;101 INTERNAL COMPONENTS 1;FM4-8868-000;MEMORY PCB ASSEMBLY;LBP7680Cx
Canon;Canon i-SENSYS LBP7680Cx;101 INTERNAL COMPONENTS 1;NPN;INTERNAL COMPONENTS 1;
Canon;Canon i-SENSYS LBP7680Cx;102 INTERNAL COMPONENTS 2;RL1-1802-000;ROLLER, PAPER PICK-UP;
Canon;Canon i-SENSYS LBP7680Cx;102 INTERNAL COMPONENTS 2;RM1-4850-000;COLOR MISREGIST. SENSOR ASSY;
Canon;Canon i-SENSYS LBP7680Cx;102 INTERNAL COMPONENTS 2;XA9-1671-000;SCREW, D, M3X8;
Canon;Canon i-SENSYS LBP7680Cx;102 INTERNAL COMPONENTS 2;RM1-5420-000;MP SOLENOID ASSY;SL1
Canon;Canon i-SENSYS LBP7680Cx;102 INTERNAL COMPONENTS 2;RC2-3395-000;HINGE, MULTI-PURPOSE COVER;
Canon;Canon i-SENSYS LBP7680Cx;102 INTERNAL COMPONENTS 2;RC2-3396-000;BUSHING;
Canon;Canon i-SENSYS LBP7680Cx;102 INTERNAL COMPONENTS 2;NPN;INTERNAL COMPONENTS 2;
Canon;Canon i-SENSYS LBP7680Cx;103 INTERNAL COMPONENTS 3;FM4-8513-000;REGISTRATION ASSY;
Canon;Canon i-SENSYS LBP7680Cx;103 INTERNAL COMPONENTS 3;RC2-2014-000;COVER, HOLDER;
Canon;Canon i-SENSYS LBP7680Cx;103 INTERNAL COMPONENTS 3;RL1-1785-000;PAD, SEPARATION;
Canon;Canon i-SENSYS LBP7680Cx;103 INTERNAL COMPONENTS 3;RM1-4426-000;PICK-UP ROLLER ASSY;
Canon;Canon i-SENSYS LBP7680Cx;103 INTERNAL COMPONENTS 3;FM4-8514-000;MP PAPER PICK-UP ASSY;
Canon;Canon i-SENSYS LBP7680Cx;103 INTERNAL COMPONENTS 3;RM1-4840-000;SEPARATION ROLLER ASSY;
Canon;Canon i-SENSYS LBP7680Cx;103 INTERNAL COMPONENTS 3;FM4-8511-000;PAPER PICK-UP ASSY;
Canon;Canon i-SENSYS LBP7680Cx;103 INTERNAL COMPONENTS 3;RM1-5428-000;MP CLUTCH ASSY;CL1
Canon;Canon i-SENSYS LBP7680Cx;103 INTERNAL COMPONENTS 3;WG8-5935-000;PHOTO INTERRUPTER, TLP1243;SR7
Canon;Canon i-SENSYS LBP7680Cx;103 INTERNAL COMPONENTS 3;XA9-1835-000;SCREW, D, M3X6;
Canon;Canon i-SENSYS LBP7680Cx;103 INTERNAL COMPONENTS 3;XA9-1671-000;SCREW, D, M3X8;
Canon;Canon i-SENSYS LBP7680Cx;103 INTERNAL COMPONENTS 3;FC8-8748-000;LABEL, MOTOR CAUTION;
Canon;Canon i-SENSYS LBP7680Cx;103 INTERNAL COMPONENTS 3;FC0-3944-000;SHEET, GUIDE, RIGHT;
Canon;Canon i-SENSYS LBP7680Cx;103 INTERNAL COMPONENTS 3;RC2-3386-000;ARM, TRAY, LEFT;
Canon;Canon i-SENSYS LBP7680Cx;103 INTERNAL COMPONENTS 3;RC2-3387-000;ARM, TRAY, RIGHT;
Canon;Canon i-SENSYS LBP7680Cx;103 INTERNAL COMPONENTS 3;RC2-3388-000;ARM, TRAY;
Canon;Canon i-SENSYS LBP7680Cx;103 INTERNAL COMPONENTS 3;FC0-3943-000;SHEET, GUIDE, LEFT;
Canon;Canon i-SENSYS LBP7680Cx;103 INTERNAL COMPONENTS 3;NPN;INTERNAL COMPONENTS 3;
Canon;Canon i-SENSYS LBP7680Cx;104 INTERNAL COMPONENTS 4;FM4-9356-000;DC CONTROLLER PCB ASSY;
Canon;Canon i-SENSYS LBP7680Cx;104 INTERNAL COMPONENTS 4;RK2-2302-000;CABLE, FLAT;
Canon;Canon i-SENSYS LBP7680Cx;104 INTERNAL COMPONENTS 4;FK3-2146-000;CABLE, FLAT;
Canon;Canon i-SENSYS LBP7680Cx;104 INTERNAL COMPONENTS 4;RL1-1800-000;MOTOR, DC;M2
Canon;Canon i-SENSYS LBP7680Cx;104 INTERNAL COMPONENTS 4;RL1-3053-000;MOTOR, DC;M1
Canon;Canon i-SENSYS LBP7680Cx;104 INTERNAL COMPONENTS 4;FM4-9372-000;DRIVER PCB ASSY;
Canon;Canon i-SENSYS LBP7680Cx;104 INTERNAL COMPONENTS 4;RM1-5293-000;RELAY PCB ASSY;
Canon;Canon i-SENSYS LBP7680Cx;104 INTERNAL COMPONENTS 4;RM1-5368-000;INLET CABLE ASSY;
Canon;Canon i-SENSYS LBP7680Cx;104 INTERNAL COMPONENTS 4;RM1-5385-000;SENSOR CABLE ASSY;
Canon;Canon i-SENSYS LBP7680Cx;104 INTERNAL COMPONENTS 4;RM1-5393-000;DRAM MOTOR CABLE ASSY;
Canon;Canon i-SENSYS LBP7680Cx;104 INTERNAL COMPONENTS 4;RM1-5394-000;DEVELOPING MOTOR CABLE ASSY;
Canon;Canon i-SENSYS LBP7680Cx;104 INTERNAL COMPONENTS 4;RM1-5395-000;FEED MOTOR CABLE ASSY;
Canon;Canon i-SENSYS LBP7680Cx;104 INTERNAL COMPONENTS 4;RM1-5400-000;SENSOR CABLE ASSY;
Canon;Canon i-SENSYS LBP7680Cx;104 INTERNAL COMPONENTS 4;FM4-9357-000;POWER SUPPLY ASSY;100V,120V
Canon;Canon i-SENSYS LBP7680Cx;104 INTERNAL COMPONENTS 4;FM4-9358-000;POWER SUPPLY ASSY;230V
Canon;Canon i-SENSYS LBP7680Cx;104 INTERNAL COMPONENTS 4;RM1-5434-000;OPTION CABLE ASSY;
Canon;Canon i-SENSYS LBP7680Cx;104 INTERNAL COMPONENTS 4;RM1-5435-000;RLD CABLE ASSY;
Canon;Canon i-SENSYS LBP7680Cx;104 INTERNAL COMPONENTS 4;RC2-3220-000;HOLDER, CARTRIDGE DOOR SENSOR;
Canon;Canon i-SENSYS LBP7680Cx;104 INTERNAL COMPONENTS 4;RM1-5438-000;FIXING MOTOR CABLE ASSY;
Canon;Canon i-SENSYS LBP7680Cx;104 INTERNAL COMPONENTS 4;WG8-5935-000;PHOTO INTERRUPTER, TLP1243;SR2
Canon;Canon i-SENSYS LBP7680Cx;104 INTERNAL COMPONENTS 4;XA9-0679-000;SCREW, MACH., FLAT HEAD, M3X4;
Canon;Canon i-SENSYS LBP7680Cx;104 INTERNAL COMPONENTS 4;XA9-1420-000;SCREW, W/WASHER, M3X8;
Canon;Canon i-SENSYS LBP7680Cx;104 INTERNAL COMPONENTS 4;XA9-1835-000;SCREW, D, M3X6;
Canon;Canon i-SENSYS LBP7680Cx;104 INTERNAL COMPONENTS 4;XA9-1671-000;SCREW, D, M3X8;
Canon;Canon i-SENSYS LBP7680Cx;104 INTERNAL COMPONENTS 4;XA9-1418-000;SCREW, TP, M3X6;
Canon;Canon i-SENSYS LBP7680Cx;104 INTERNAL COMPONENTS 4;RC2-3221-000;ARM, DOOR SENSOR;
Canon;Canon i-SENSYS LBP7680Cx;104 INTERNAL COMPONENTS 4;RM1-8042-010;MAIN DRIVE ASSY;
Canon;Canon i-SENSYS LBP7680Cx;104 INTERNAL COMPONENTS 4;FK3-1986-000;EVERYNIGHT POWER PCB ASSEMBLY;
Canon;Canon i-SENSYS LBP7680Cx;104 INTERNAL COMPONENTS 4;FM4-9361-000;AC CONNECTING PCB ASSEMBLY;
Canon;Canon i-SENSYS LBP7680Cx;104 INTERNAL COMPONENTS 4;NPN;INTERNAL COMPONENTS 4;
Canon;Canon i-SENSYS LBP7680Cx;105 INTERNAL COMPONENTS 5;XA9-1671-000;SCREW, D, M3X8;
Canon;Canon i-SENSYS LBP7680Cx;105 INTERNAL COMPONENTS 5;FM4-8515-000;PAPER DELIVERY ASSY;
Canon;Canon i-SENSYS LBP7680Cx;105 INTERNAL COMPONENTS 5;RM1-4896-000;FIXING MOTOR UNIT;
Canon;Canon i-SENSYS LBP7680Cx;105 INTERNAL COMPONENTS 5;RM1-7355-000;POWER SUPPLY SUB PCB ASSY;M4
Canon;Canon i-SENSYS LBP7680Cx;105 INTERNAL COMPONENTS 5;RM1-5419-000;REGISTRATION MOTOR ASSY;M5
Canon;Canon i-SENSYS LBP7680Cx;105 INTERNAL COMPONENTS 5;XA9-1418-000;SCREW, TP, M3X6;
Canon;Canon i-SENSYS LBP7680Cx;105 INTERNAL COMPONENTS 5;RM1-7356-000;FUSER CABLE ASSY;
Canon;Canon i-SENSYS LBP7680Cx;105 INTERNAL COMPONENTS 5;XA9-0679-000;SCREW, MACH., FLAT HEAD, M3X4;
Canon;Canon i-SENSYS LBP7680Cx;105 INTERNAL COMPONENTS 5;XA9-1835-000;SCREW, D, M3X6;
Canon;Canon i-SENSYS LBP7680Cx;105 INTERNAL COMPONENTS 5;FC0-3882-000;COVER, REAR, UPPER;
Canon;Canon i-SENSYS LBP7680Cx;105 INTERNAL COMPONENTS 5;FK2-8341-000;DIMM, SMD-E51288HG-6E, SDRAM;
Canon;Canon i-SENSYS LBP7680Cx;105 INTERNAL COMPONENTS 5;FM4-8872-000;ROM PCB ASSEMBLY;Color imageCLASS LBP7660Cdn
Canon;Canon i-SENSYS LBP7680Cx;105 INTERNAL COMPONENTS 5;NPN;INTERNAL COMPONENTS 5;
Canon;Canon i-SENSYS LBP7680Cx;106 INTERNAL COMPONENTS 6;FC0-3881-000;COVER, REAR, LOWER;
Canon;Canon i-SENSYS LBP7680Cx;106 INTERNAL COMPONENTS 6;VS1-7584-006;CONNECTOR, SNAP TIGHT;
Canon;Canon i-SENSYS LBP7680Cx;106 INTERNAL COMPONENTS 6;FM4-8503-000;REAR DOOR ASSY;
Canon;Canon i-SENSYS LBP7680Cx;106 INTERNAL COMPONENTS 6;RC2-3750-000;LINK, DOOR;
Canon;Canon i-SENSYS LBP7680Cx;106 INTERNAL COMPONENTS 6;RC2-3752-000;LINK, GUIDE;
Canon;Canon i-SENSYS LBP7680Cx;106 INTERNAL COMPONENTS 6;RC2-3774-000;CAP, LINK;
Canon;Canon i-SENSYS LBP7680Cx;106 INTERNAL COMPONENTS 6;RK2-2276-000;FAN;FM2
Canon;Canon i-SENSYS LBP7680Cx;106 INTERNAL COMPONENTS 6;RM1-4838-000;PAPER FEED GUIDE ASSY;
Canon;Canon i-SENSYS LBP7680Cx;106 INTERNAL COMPONENTS 6;RM1-4876-000;REAR DOOR RIB ASSY;
Canon;Canon i-SENSYS LBP7680Cx;106 INTERNAL COMPONENTS 6;RM1-4877-000;PAPER RE-PICK UP GUIDE ASSY;
Canon;Canon i-SENSYS LBP7680Cx;106 INTERNAL COMPONENTS 6;RM1-4879-000;DUPLEXING FEED GUIDE ASSY;
Canon;Canon i-SENSYS LBP7680Cx;106 INTERNAL COMPONENTS 6;RM1-4880-000;REVERSE DRIVE ASSY;
Canon;Canon i-SENSYS LBP7680Cx;106 INTERNAL COMPONENTS 6;XA9-1671-000;SCREW, D, M3X8;
Canon;Canon i-SENSYS LBP7680Cx;106 INTERNAL COMPONENTS 6;FU7-8873-000;LABEL, JAM CLEARING;
Canon;Canon i-SENSYS LBP7680Cx;106 INTERNAL COMPONENTS 6;FU7-8875-000;LABEL, GROUNDING CAUTION;JP
Canon;Canon i-SENSYS LBP7680Cx;106 INTERNAL COMPONENTS 6;NPN;INTERNAL COMPONENTS 6;
Canon;Canon i-SENSYS LBP7680Cx;300 CASSETTE;FM4-8504-000;CASSETTE;
Canon;Canon i-SENSYS LBP7680Cx;460 LASER SCANNER ASSY;FM4-3359-000;LASER SCANNER ASSY;
Canon;Canon i-SENSYS LBP7680Cx;530 INTERMEDIATE TRANS. BELT ASSY;RM1-4852-000;INTERMEDIATE TRANS. BELT ASSY;
Canon;Canon i-SENSYS LBP7680Cx;810 FIXING ASSY;FM3-8292-000;FIXING FILM ASSEMBLY;100V
Canon;Canon i-SENSYS LBP7680Cx;810 FIXING ASSY;FM4-3062-000;FIXING FILM ASSEMBLY;120V
Canon;Canon i-SENSYS LBP7680Cx;810 FIXING ASSY;FM4-3063-000;FIXING FILM ASSEMBLY;230V
Canon;Canon i-SENSYS LBP7680Cx;810 FIXING ASSY;FC8-8743-000;LABEL, CAUTION;
Canon;Canon i-SENSYS LBP7680Cx;810 FIXING ASSY;RC2-3367-000;ROLLER, PRESSURE;
Canon;Canon i-SENSYS LBP7680Cx;810 FIXING ASSY;WG8-5696-000;PHOTO INTERRUPTER, TLP1243;SR8,SR9,SR10
Canon;Canon i-SENSYS LBP7680Cx;810 FIXING ASSY;FM3-8293-000;FIXING ASSY;100V
Canon;Canon i-SENSYS LBP7680Cx;810 FIXING ASSY;FM3-8295-000;FIXING ASSY;120V
Canon;Canon i-SENSYS LBP7680Cx;810 FIXING ASSY;FM3-8296-000;FIXING ASSY;230V
Canon;Canon i-SENSYS LBP7680Cx;900 MAIN CONTOROLLER PCB ASSY;FK2-7852-000;IC, T6TH5EFG-0002(0), STANDARD;IC4
Canon;Canon i-SENSYS LBP7680Cx;900 MAIN CONTOROLLER PCB ASSY;FM0-3418-000;MAIN CONTROLLER PCB ASSEMBLY;LBP7680Cx
Canon;Canon i-SENSYS LBP7680Cx;900 MAIN CONTOROLLER PCB ASSY;FM0-3419-000;MAIN CONTROLLER PCB ASSEMBLY;LBP7660Cdn
Canon;Canon i-SENSYS LBP7680Cx;900 MAIN CONTOROLLER PCB ASSY;FM0-3420-000;MAIN CONTROLLER PCB ASSEMBLY;LBP7600C
