Canon;Canon i-SENSYS MF8230Cn;EXTERNAL COVERS, PANELS, ETC.;FC7-9827-000;CAM, FRONT COVER, LEFT;
Canon;Canon i-SENSYS MF8230Cn;EXTERNAL COVERS, PANELS, ETC.;FC9-4440-000;COVER, LEFT;
Canon;Canon i-SENSYS MF8230Cn;EXTERNAL COVERS, PANELS, ETC.;FE2-3593-000;COVER, RIGHT;EXCEPT i-SENSYS MF8230Cn
Canon;Canon i-SENSYS MF8230Cn;EXTERNAL COVERS, PANELS, ETC.;FE2-2381-000;COVER, RIGHT ,L6;i-SENSYS MF8230Cn
Canon;Canon i-SENSYS MF8230Cn;EXTERNAL COVERS, PANELS, ETC.;FE2-2321-000;GUIDE, SIDE, RIGHT;
Canon;Canon i-SENSYS MF8230Cn;EXTERNAL COVERS, PANELS, ETC.;FC9-4443-000;GUIDE, HANDLE;
Canon;Canon i-SENSYS MF8230Cn;EXTERNAL COVERS, PANELS, ETC.;FE2-3429-000;SHEET, BLANKING;
Canon;Canon i-SENSYS MF8230Cn;EXTERNAL COVERS, PANELS, ETC.;FE2-2385-000;COVER, UPPER REAR;
Canon;Canon i-SENSYS MF8230Cn;EXTERNAL COVERS, PANELS, ETC.;FE2-2386-000;COVER, LOWER REAR;
Canon;Canon i-SENSYS MF8230Cn;EXTERNAL COVERS, PANELS, ETC.;FE2-2387-000;GUIDE, REAR;
Canon;Canon i-SENSYS MF8230Cn;EXTERNAL COVERS, PANELS, ETC.;FC9-4454-000;COVER, PAPER PICK-UP SLOT;
Canon;Canon i-SENSYS MF8230Cn;EXTERNAL COVERS, PANELS, ETC.;FM0-4990-000;CONTROL PANEL ASSEMBLY;imageCLASS MF8280Cw SG,HK, LTN
Canon;Canon i-SENSYS MF8230Cn;EXTERNAL COVERS, PANELS, ETC.;FM0-4991-000;CONTROL PANEL ASSEMBLY;i-SENSYS MF8280Cw
Canon;Canon i-SENSYS MF8230Cn;EXTERNAL COVERS, PANELS, ETC.;FM0-4997-000;CONTROL PANEL ASSEMBLY;i-SENSYS MF8230Cn
Canon;Canon i-SENSYS MF8230Cn;EXTERNAL COVERS, PANELS, ETC.;FM0-5000-000;CONTROL PANEL ASSEMBLY;imageCLASS MF8210Cn SG,HK
Canon;Canon i-SENSYS MF8230Cn;EXTERNAL COVERS, PANELS, ETC.;FM0-4989-000;CONTROL PANEL ASSEMBLY;imageCLASS MF8280Cw US, CA, LTN
Canon;Canon i-SENSYS MF8230Cn;EXTERNAL COVERS, PANELS, ETC.;FM4-1493-000;HINGE ASSEMBLY;
Canon;Canon i-SENSYS MF8230Cn;EXTERNAL COVERS, PANELS, ETC.;HB1-5537-000;SHEET,BLANKING;
Canon;Canon i-SENSYS MF8230Cn;EXTERNAL COVERS, PANELS, ETC.;FM0-3545-000;COVER, TOP;
Canon;Canon i-SENSYS MF8230Cn;EXTERNAL COVERS, PANELS, ETC.;FM0-3544-000;COVER UNIT, FRONT;
Canon;Canon i-SENSYS MF8230Cn;EXTERNAL COVERS, PANELS, ETC.;XA9-0476-000;SCREW,TP M3X8;
Canon;Canon i-SENSYS MF8230Cn;EXTERNAL COVERS, PANELS, ETC.;RC2-2015-000;SHAFT, SUPPORT;
Canon;Canon i-SENSYS MF8230Cn;EXTERNAL COVERS, PANELS, ETC.;FU7-8090-000;LABEL, HIGH TMP. CAUTION;
Canon;Canon i-SENSYS MF8230Cn;EXTERNAL COVERS, PANELS, ETC.;XA9-1671-000;SCREW, D, M3X8;
Canon;Canon i-SENSYS MF8230Cn;EXTERNAL COVERS, PANELS, ETC.;FC9-4584-000;COVER, MODULAR;EXCEPT FAX model
Canon;Canon i-SENSYS MF8230Cn;INTERNAL COMPONENTS 1;FC7-9868-000;COVER, SPRING, LEFT;
Canon;Canon i-SENSYS MF8230Cn;INTERNAL COMPONENTS 1;FC7-9869-000;COVER, SPRING, RIGHT;
Canon;Canon i-SENSYS MF8230Cn;INTERNAL COMPONENTS 1;FM3-3441-000;PRIORITY SLOT TRAY ASSY;
Canon;Canon i-SENSYS MF8230Cn;INTERNAL COMPONENTS 1;RL1-1849-000;RAIL, CASSETTE, RIGHT FRONT;
Canon;Canon i-SENSYS MF8230Cn;INTERNAL COMPONENTS 1;RC2-2006-000;HOLDER, MF TRAY, RIGHT;
Canon;Canon i-SENSYS MF8230Cn;INTERNAL COMPONENTS 1;RU6-2016-000;SPRING, TENSION;
Canon;Canon i-SENSYS MF8230Cn;INTERNAL COMPONENTS 1;RU6-2042-000;SPRING, COMPRESSION;
Canon;Canon i-SENSYS MF8230Cn;INTERNAL COMPONENTS 1;RC2-1878-000;RAIL, CASSETTE, LEFT FRONT;
Canon;Canon i-SENSYS MF8230Cn;INTERNAL COMPONENTS 1;RC2-1879-020;RAIL, CASSETTE, LEFT REAR;
Canon;Canon i-SENSYS MF8230Cn;INTERNAL COMPONENTS 1;RU6-8007-000;LABEL, LASER CAUTION;
Canon;Canon i-SENSYS MF8230Cn;INTERNAL COMPONENTS 1;FM0-3542-000;PRIORITY SLOT DRIVE ASSY;SR604,SR605
Canon;Canon i-SENSYS MF8230Cn;INTERNAL COMPONENTS 1;RC2-1993-000;ARM, MF TRAY, LEFT;
Canon;Canon i-SENSYS MF8230Cn;INTERNAL COMPONENTS 1;RC2-1997-000;ARM, MF TRAY, RIGHT;
Canon;Canon i-SENSYS MF8230Cn;INTERNAL COMPONENTS 1;RC2-2007-000;HOLDER, MF TRAY, LEFT;
Canon;Canon i-SENSYS MF8230Cn;INTERNAL COMPONENTS 1;RL1-1850-000;RAIL, CASSETTE, RIGHT REAR;
Canon;Canon i-SENSYS MF8230Cn;INTERNAL COMPONENTS 2;FM4-8968-000;OFFHOOK PCB ASSEMBLY;FAX model
Canon;Canon i-SENSYS MF8230Cn;INTERNAL COMPONENTS 2;FM0-4658-000;FAX-NCU PCB ASSEMBLY;FAX model EUR
Canon;Canon i-SENSYS MF8230Cn;INTERNAL COMPONENTS 2;FM0-4657-000;FAX-NCU PCB ASSEMBLY;FAX model EXCEPT EUR
Canon;Canon i-SENSYS MF8230Cn;INTERNAL COMPONENTS 2;FM0-4739-000;POWER SUPPLY ASSY;120V
Canon;Canon i-SENSYS MF8230Cn;INTERNAL COMPONENTS 2;FM0-4740-000;POWER SUPPLY ASSY;230V
Canon;Canon i-SENSYS MF8230Cn;INTERNAL COMPONENTS 2;RC2-1819-000;GUIDE, CABLE, A;
Canon;Canon i-SENSYS MF8230Cn;INTERNAL COMPONENTS 2;RC2-1922-000;BUSHING;
Canon;Canon i-SENSYS MF8230Cn;INTERNAL COMPONENTS 2;RC2-3071-000;SPRING, TORSION;
Canon;Canon i-SENSYS MF8230Cn;INTERNAL COMPONENTS 2;XA9-1671-000;SCREW, D, M3X8;
Canon;Canon i-SENSYS MF8230Cn;INTERNAL COMPONENTS 2;FM0-3543-000;MAIN DRIVE ASSY;M701
Canon;Canon i-SENSYS MF8230Cn;INTERNAL COMPONENTS 2;RM1-8785-000;SUB DRIVE ASSY;
Canon;Canon i-SENSYS MF8230Cn;INTERNAL COMPONENTS 2;WG8-5935-000;IC, PHOTO INTERRUPTER;SR603
Canon;Canon i-SENSYS MF8230Cn;INTERNAL COMPONENTS 2;XD9-0104-000;PIN, DOWEL;
Canon;Canon i-SENSYS MF8230Cn;INTERNAL COMPONENTS 2;FL3-8566-000;CABLE, FLAT;FAX model
Canon;Canon i-SENSYS MF8230Cn;INTERNAL COMPONENTS 2;RK2-4255-000;FAN;FM1
Canon;Canon i-SENSYS MF8230Cn;INTERNAL COMPONENTS 2;FK2-9583-000;CORD, POWER;120V
Canon;Canon i-SENSYS MF8230Cn;INTERNAL COMPONENTS 2;FH2-7080-000;CORD, POWER, 230V;230V
Canon;Canon i-SENSYS MF8230Cn;INTERNAL COMPONENTS 3;RC2-2014-000;COVER, HOLDER;
Canon;Canon i-SENSYS MF8230Cn;INTERNAL COMPONENTS 3;FE2-1445-000;GUIDE, CABLE, F;
Canon;Canon i-SENSYS MF8230Cn;INTERNAL COMPONENTS 3;RC2-2111-000;BUSHING;
Canon;Canon i-SENSYS MF8230Cn;INTERNAL COMPONENTS 3;RC2-2112-000;BUSHING;
Canon;Canon i-SENSYS MF8230Cn;INTERNAL COMPONENTS 3;XA9-1671-000;SCREW, D, M3X8;
Canon;Canon i-SENSYS MF8230Cn;INTERNAL COMPONENTS 3;RM1-8765-000;SEPARATION ROLLER ASSY;
Canon;Canon i-SENSYS MF8230Cn;INTERNAL COMPONENTS 3;RM1-8047-030;PICK-UP ROLLER ASSY;
Canon;Canon i-SENSYS MF8230Cn;INTERNAL COMPONENTS 3;RC2-2879-000;FLAG, DOOR SENSOR, REAR;
Canon;Canon i-SENSYS MF8230Cn;INTERNAL COMPONENTS 3;RC2-2880-000;SPRING, COMPRESSION;
Canon;Canon i-SENSYS MF8230Cn;INTERNAL COMPONENTS 3;RC2-2881-000;COVER, DOOR SENSOR;
Canon;Canon i-SENSYS MF8230Cn;INTERNAL COMPONENTS 3;RC2-2899-000;SUPPORT, HIGH VOLTAGE PCB;
Canon;Canon i-SENSYS MF8230Cn;INTERNAL COMPONENTS 3;RC2-2902-000;LEVER, CARTRIDGE TRAY PUSH;
Canon;Canon i-SENSYS MF8230Cn;INTERNAL COMPONENTS 3;RC2-2904-000;HOLDER, CARTRIDGE TRAY PUSH;
Canon;Canon i-SENSYS MF8230Cn;INTERNAL COMPONENTS 3;RC2-2906-000;LEVER, CARTRIDGE TRAY PUSH;
Canon;Canon i-SENSYS MF8230Cn;INTERNAL COMPONENTS 3;RC2-2907-000;GUIDE, I.T.B., R;
Canon;Canon i-SENSYS MF8230Cn;INTERNAL COMPONENTS 3;RC2-3100-000;SPRING, GROUNDING;
Canon;Canon i-SENSYS MF8230Cn;INTERNAL COMPONENTS 3;RL1-1844-000;HOLDER, CONTACT SPRING;
Canon;Canon i-SENSYS MF8230Cn;INTERNAL COMPONENTS 3;RL1-1845-000;HOLDER, CONTACT SPRING;
Canon;Canon i-SENSYS MF8230Cn;INTERNAL COMPONENTS 3;RL1-1846-000;HOLDER, CONTACT SPRING;
Canon;Canon i-SENSYS MF8230Cn;INTERNAL COMPONENTS 3;XA9-1830-000;SCREW, D, M3X12;
Canon;Canon i-SENSYS MF8230Cn;INTERNAL COMPONENTS 3;RM1-8779-000;PAPER FEED GUIDE ASSY;
Canon;Canon i-SENSYS MF8230Cn;INTERNAL COMPONENTS 3;RM1-4482-000;I.T.B. LOCK LEVER ASSY, LEFT;
Canon;Canon i-SENSYS MF8230Cn;INTERNAL COMPONENTS 3;RM1-4483-000;I.T.B. LOCK LEVER ASSY, RIGHT;
Canon;Canon i-SENSYS MF8230Cn;INTERNAL COMPONENTS 3;FM0-4744-000;H.V. POWER SUPPLY PCB ASSY;SR607, SR608
Canon;Canon i-SENSYS MF8230Cn;INTERNAL COMPONENTS 3;RM1-4445-000;ROLLER, TRANSFER;
Canon;Canon i-SENSYS MF8230Cn;INTERNAL COMPONENTS 3;RU6-2017-000;SPRING, COMPRESSION;
Canon;Canon i-SENSYS MF8230Cn;INTERNAL COMPONENTS 3;FM0-3541-000;PAPER PICK-UP DRIVE ASSY;SR601, SR602, SL705, M702
Canon;Canon i-SENSYS MF8230Cn;INTERNAL COMPONENTS 3;XA9-1831-000;SCREW, W/WASHER D, M3X8;
Canon;Canon i-SENSYS MF8230Cn;INTERNAL COMPONENTS 4;RM1-8774-000;CARTRIDGE TRAY ASSY;
Canon;Canon i-SENSYS MF8230Cn;INTERNAL COMPONENTS 4;XA9-1671-000;SCREW, D, M3X8;
Canon;Canon i-SENSYS MF8230Cn;INTERNAL COMPONENTS 4;FC9-4455-000;COVER, DOOR SIDE, LEFT;
Canon;Canon i-SENSYS MF8230Cn;INTERNAL COMPONENTS 4;FE2-2388-000;COVER, DOOR SIDE, RIGHT;
Canon;Canon i-SENSYS MF8230Cn;INTERNAL COMPONENTS 4;RM1-8784-000;FIXING DRIVE ASSY;M703
Canon;Canon i-SENSYS MF8230Cn;INTERNAL COMPONENTS 4;RU6-2064-000;SPRING, COMPRESSION;
Canon;Canon i-SENSYS MF8230Cn;INTERNAL COMPONENTS 4;RC2-1871-000;LEVER, RAIL, LEFT;
Canon;Canon i-SENSYS MF8230Cn;INTERNAL COMPONENTS 4;RC2-2871-000;CLAW, FRONT DOOR, LEFT;
Canon;Canon i-SENSYS MF8230Cn;INTERNAL COMPONENTS 4;RC2-1911-000;LEVER, ESTRANGEMENT;
Canon;Canon i-SENSYS MF8230Cn;INTERNAL COMPONENTS 4;RC2-1914-000;STOPPER, LEVER;
Canon;Canon i-SENSYS MF8230Cn;INTERNAL COMPONENTS 4;RC2-3108-000;CLAMP, CARTRIDGE TRAY, LEFT;
Canon;Canon i-SENSYS MF8230Cn;INTERNAL COMPONENTS 4;RC2-3109-000;CLAMP, CARTRIDGE TRAY, RIGHT;
Canon;Canon i-SENSYS MF8230Cn;INTERNAL COMPONENTS 5;FC9-4507-000;PLATE, USB GROUNDING;
Canon;Canon i-SENSYS MF8230Cn;INTERNAL COMPONENTS 5;FK3-3518-000;CABLE, FLAT;
Canon;Canon i-SENSYS MF8230Cn;INTERNAL COMPONENTS 5;FM0-3913-000;DC CONTROLLER PCB ASSY;
Canon;Canon i-SENSYS MF8230Cn;INTERNAL COMPONENTS 5;FM0-4655-000;USB PCB ASSEMBLY;
Canon;Canon i-SENSYS MF8230Cn;INTERNAL COMPONENTS 5;FK3-3944-000;SPEAKER;FAX model SP1
Canon;Canon i-SENSYS MF8230Cn;INTERNAL COMPONENTS 5;FM0-3903-000;CABLE, FIXING AC;
Canon;Canon i-SENSYS MF8230Cn;INTERNAL COMPONENTS 5;FK2-8767-000;CORE, FERRITE;
Canon;Canon i-SENSYS MF8230Cn;INTERNAL COMPONENTS 5;RK2-3125-000;CABLE, FLEXIBLE FLAT;
Canon;Canon i-SENSYS MF8230Cn;INTERNAL COMPONENTS 5;FM0-4741-000;FIXING POWER SUPPLY ASSEMBLY;120V
Canon;Canon i-SENSYS MF8230Cn;INTERNAL COMPONENTS 5;FM0-4742-000;FIXING POWER SUPPLY ASSEMBLY;230V
Canon;Canon i-SENSYS MF8230Cn;INTERNAL COMPONENTS 5;FE2-1444-000;GUIDE, CABLE, E;
Canon;Canon i-SENSYS MF8230Cn;INTERNAL COMPONENTS 5;XA9-1671-000;SCREW, D, M3X8;
Canon;Canon i-SENSYS MF8230Cn;INTERNAL COMPONENTS 5;XA9-1831-000;SCREW, W/WASHER D, M3X8;
Canon;Canon i-SENSYS MF8230Cn;INTERNAL COMPONENTS 5;FK3-1951-000;CABLE, FLAT;WIRELESS model
Canon;Canon i-SENSYS MF8230Cn;INTERNAL COMPONENTS 5;FM4-9831-000;WIRELESS LAN PCB ASSEMBLY;WIRELESS model
Canon;Canon i-SENSYS MF8230Cn;INTERNAL COMPONENTS 5;RM1-8706-000;DRIVER PCB ASSY;
Canon;Canon i-SENSYS MF8230Cn;INTERNAL COMPONENTS 5;RK2-4540-000;CABLE, FLEXIBLE FLAT;
Canon;Canon i-SENSYS MF8230Cn;INTERNAL COMPONENTS 5;FM0-4789-000;POWER SUPPLY SWITCH ASSY;EXCEPT i-SENSYS MF8230Cn SW4
Canon;Canon i-SENSYS MF8230Cn;INTERNAL COMPONENTS 5;FM0-4790-000;POWER SUPPLY SWITCH ASSY, L6;i-SENSYS MF8230Cn SW1
Canon;Canon i-SENSYS MF8230Cn;READER/ ADF ASSEMBLY (ADF model);FC7-6189-000;ROLLER, PICK-UP;
Canon;Canon i-SENSYS MF8230Cn;READER/ ADF ASSEMBLY (ADF model);FC7-6320-000;BUSHING;
Canon;Canon i-SENSYS MF8230Cn;READER/ ADF ASSEMBLY (ADF model);FC7-6321-000;FLAG, DOCUMENT SCANNER;
Canon;Canon i-SENSYS MF8230Cn;READER/ ADF ASSEMBLY (ADF model);FC7-6322-000;ELIMINATOR, STATIC CHARGE;
Canon;Canon i-SENSYS MF8230Cn;READER/ ADF ASSEMBLY (ADF model);FC9-1503-000;PLATE, GROUNDING;
Canon;Canon i-SENSYS MF8230Cn;READER/ ADF ASSEMBLY (ADF model);FL3-9296-000;COVER, REAR;
Canon;Canon i-SENSYS MF8230Cn;READER/ ADF ASSEMBLY (ADF model);FL3-9295-000;COVER, FRONT UPPER;
Canon;Canon i-SENSYS MF8230Cn;READER/ ADF ASSEMBLY (ADF model);FC9-1534-000;TRAY, DOCUMENT;
Canon;Canon i-SENSYS MF8230Cn;READER/ ADF ASSEMBLY (ADF model);FC9-1535-000;TRAY, SUB DOCUMENT;
Canon;Canon i-SENSYS MF8230Cn;READER/ ADF ASSEMBLY (ADF model);FL0-1992-000;PANEL, OPEN/CLOSE;
Canon;Canon i-SENSYS MF8230Cn;READER/ ADF ASSEMBLY (ADF model);FC0-4435-000;SHEET, WHITE;
Canon;Canon i-SENSYS MF8230Cn;READER/ ADF ASSEMBLY (ADF model);FE2-2353-000;COVER, BASE;
Canon;Canon i-SENSYS MF8230Cn;READER/ ADF ASSEMBLY (ADF model);FE2-3484-000;PLATE, PAPER SIZE;A/INCH SIZE
Canon;Canon i-SENSYS MF8230Cn;READER/ ADF ASSEMBLY (ADF model);FE2-3486-000;PLATE, PAPER SIZE;AB/INCH SIZE
Canon;Canon i-SENSYS MF8230Cn;READER/ ADF ASSEMBLY (ADF model);FE2-3485-000;PLATE, PAPER SIZE;A SIZE
Canon;Canon i-SENSYS MF8230Cn;READER/ ADF ASSEMBLY (ADF model);FC9-5655-000;TRAY, SUB;
Canon;Canon i-SENSYS MF8230Cn;READER/ ADF ASSEMBLY (ADF model);FC9-5656-000;GUIDE, DOCUMENT, FRONT;
Canon;Canon i-SENSYS MF8230Cn;READER/ ADF ASSEMBLY (ADF model);FC9-5657-000;GUIDE, DOCUMENT, REAR;
Canon;Canon i-SENSYS MF8230Cn;READER/ ADF ASSEMBLY (ADF model);FC9-7562-000;LABEL, SIZE INDEX;A/INCH SIZE
Canon;Canon i-SENSYS MF8230Cn;READER/ ADF ASSEMBLY (ADF model);FC9-7564-000;LABEL, SIZE INDEX;AB/INCH SIZE
Canon;Canon i-SENSYS MF8230Cn;READER/ ADF ASSEMBLY (ADF model);FC9-7563-000;LABEL, SIZE INDEX;A SIZE
Canon;Canon i-SENSYS MF8230Cn;READER/ ADF ASSEMBLY (ADF model);FC9-7566-000;LABEL, GLASS CLEANING;US,CA,LTN
Canon;Canon i-SENSYS MF8230Cn;READER/ ADF ASSEMBLY (ADF model);FC9-7568-000;LABEL, GLASS CLEANING;SG,HK, LTN
Canon;Canon i-SENSYS MF8230Cn;READER/ ADF ASSEMBLY (ADF model);FC9-7567-000;LABEL, GLASS CLEANING;EUR
Canon;Canon i-SENSYS MF8230Cn;READER/ ADF ASSEMBLY (ADF model);FL2-6637-000;ROLLER, SEPARATION;
Canon;Canon i-SENSYS MF8230Cn;READER/ ADF ASSEMBLY (ADF model);FL3-2453-000;HINGE, ADF;
Canon;Canon i-SENSYS MF8230Cn;READER/ ADF ASSEMBLY (ADF model);FL3-3539-000;HOLDER, DOCUMENT,RELEASE SHEET;
Canon;Canon i-SENSYS MF8230Cn;READER/ ADF ASSEMBLY (ADF model);FM0-4855-000;PAPER FEED GUIDE ASSEMBLY;
Canon;Canon i-SENSYS MF8230Cn;READER/ ADF ASSEMBLY (ADF model);FM3-9538-000;SEPARATION ROLLER ASSEMBLY;
Canon;Canon i-SENSYS MF8230Cn;READER/ ADF ASSEMBLY (ADF model);XA9-0831-000;SCREW, M3X10;
Canon;Canon i-SENSYS MF8230Cn;READER/ ADF ASSEMBLY (ADF model);FU7-0672-000;GEAR, 24T;
Canon;Canon i-SENSYS MF8230Cn;READER/ ADF ASSEMBLY (ADF model);FU7-2018-000;SPRING, COMPRESSION;
Canon;Canon i-SENSYS MF8230Cn;READER/ ADF ASSEMBLY (ADF model);FU7-8406-000;LABEL, COPY PROHIBITION;US,CA,SG,HK,LTN
Canon;Canon i-SENSYS MF8230Cn;READER/ ADF ASSEMBLY (ADF model);FU7-8407-000;LABEL, COPY PROHIBITION;EUR
Canon;Canon i-SENSYS MF8230Cn;READER/ ADF ASSEMBLY (ADF model);FU8-0895-000;GEAR, 18T;
Canon;Canon i-SENSYS MF8230Cn;READER/ ADF ASSEMBLY (ADF model);FU8-2007-000;SPRING, COMPRESSION;
Canon;Canon i-SENSYS MF8230Cn;READER/ ADF ASSEMBLY (ADF model);HC1-0586-000;RETAINING RING;
Canon;Canon i-SENSYS MF8230Cn;READER/ ADF ASSEMBLY (ADF model);HU1-1022-000;BUSHING;
Canon;Canon i-SENSYS MF8230Cn;READER/ ADF ASSEMBLY (ADF model);XA9-0476-000;SCREW,TP M3X8;
Canon;Canon i-SENSYS MF8230Cn;READER/ ADF ASSEMBLY (ADF model);FE2-2443-000;LABEL, SIZE INDEX;A/INCH SIZE
Canon;Canon i-SENSYS MF8230Cn;READER/ ADF ASSEMBLY (ADF model);FE2-2445-000;LABEL, SIZE INDEX;AB/INCH SIZE
Canon;Canon i-SENSYS MF8230Cn;READER/ ADF ASSEMBLY (ADF model);FE2-2444-000;LABEL, SIZE INDEX;A SIZE
Canon;Canon i-SENSYS MF8230Cn;READER/COPYBOARD ASSEMBLY (COPYBOARD model);FE2-2445-000;LABEL, SIZE INDEX;
Canon;Canon i-SENSYS MF8230Cn;READER/COPYBOARD ASSEMBLY (COPYBOARD model);FE2-2353-000;COVER, BASE;
Canon;Canon i-SENSYS MF8230Cn;READER/COPYBOARD ASSEMBLY (COPYBOARD model);FE2-3486-000;PLATE, PAPER SIZE;
Canon;Canon i-SENSYS MF8230Cn;READER/COPYBOARD ASSEMBLY (COPYBOARD model);FM0-4846-000;COPYBOARD COVER ASSEMBLY;
Canon;Canon i-SENSYS MF8230Cn;READER/COPYBOARD ASSEMBLY (COPYBOARD model);FU7-8406-000;LABEL, COPY PROHIBITION;SG,HK
Canon;Canon i-SENSYS MF8230Cn;READER/COPYBOARD ASSEMBLY (COPYBOARD model);XA9-0476-000;SCREW,TP M3X8;
Canon;Canon i-SENSYS MF8230Cn;PAPER FEEDER ASSEMBLY (ADF model);FC7-6052-010;RATCHET, PAPER FEED ROLLER;
Canon;Canon i-SENSYS MF8230Cn;PAPER FEEDER ASSEMBLY (ADF model);FC7-6297-000;PAD, SEPARATION;
Canon;Canon i-SENSYS MF8230Cn;PAPER FEEDER ASSEMBLY (ADF model);FC7-6299-000;HOLDER, SEPARATION PAD;
Canon;Canon i-SENSYS MF8230Cn;PAPER FEEDER ASSEMBLY (ADF model);FC7-6300-000;CLAMP, SEPARATION PAD;
Canon;Canon i-SENSYS MF8230Cn;PAPER FEEDER ASSEMBLY (ADF model);FC9-1512-000;LEVER, RELEASE;
Canon;Canon i-SENSYS MF8230Cn;PAPER FEEDER ASSEMBLY (ADF model);FC9-1523-000;PLATE, ROLLER GROUNDING;
Canon;Canon i-SENSYS MF8230Cn;PAPER FEEDER ASSEMBLY (ADF model);FC9-1526-000;GUIDE, PAPER DELIVERY;
Canon;Canon i-SENSYS MF8230Cn;PAPER FEEDER ASSEMBLY (ADF model);FC9-5654-000;SHEET, SEPARATION PAD;
Canon;Canon i-SENSYS MF8230Cn;PAPER FEEDER ASSEMBLY (ADF model);FL3-1431-000;ARM, SEPARATION SWING;
Canon;Canon i-SENSYS MF8230Cn;PAPER FEEDER ASSEMBLY (ADF model);FL3-1437-000;GUIDE LOWER ASSEMBLY;
Canon;Canon i-SENSYS MF8230Cn;PAPER FEEDER ASSEMBLY (ADF model);FM4-1885-000;PAPER FEED ROLLER ASSEMBLY;
Canon;Canon i-SENSYS MF8230Cn;PAPER FEEDER ASSEMBLY (ADF model);FL3-2458-000;PAPER DELIVERY ROLLER ASSY;
Canon;Canon i-SENSYS MF8230Cn;PAPER FEEDER ASSEMBLY (ADF model);FM4-1880-000;DRIVE PLATE ASSEMBLY;
Canon;Canon i-SENSYS MF8230Cn;PAPER FEEDER ASSEMBLY (ADF model);FM0-4858-000;MOTOR DRIVE ASSY;M721
Canon;Canon i-SENSYS MF8230Cn;PAPER FEEDER ASSEMBLY (ADF model);FU5-6992-000;ROLLER, AUXILIARY;
Canon;Canon i-SENSYS MF8230Cn;PAPER FEEDER ASSEMBLY (ADF model);FU6-2998-000;SPRING, COMPRESSION;
Canon;Canon i-SENSYS MF8230Cn;PAPER FEEDER ASSEMBLY (ADF model);FU6-2999-000;SPRING, TENSION;
Canon;Canon i-SENSYS MF8230Cn;PAPER FEEDER ASSEMBLY (ADF model);FU7-0667-000;GEAR, 20T;
Canon;Canon i-SENSYS MF8230Cn;PAPER FEEDER ASSEMBLY (ADF model);FU7-0668-000;GEAR, 54T;
Canon;Canon i-SENSYS MF8230Cn;PAPER FEEDER ASSEMBLY (ADF model);FU7-0669-000;GEAR, 46T/23T;
Canon;Canon i-SENSYS MF8230Cn;PAPER FEEDER ASSEMBLY (ADF model);FU7-0671-000;GEAR, 36T;
Canon;Canon i-SENSYS MF8230Cn;PAPER FEEDER ASSEMBLY (ADF model);FU7-0676-000;GEAR, 21T/42T;
Canon;Canon i-SENSYS MF8230Cn;PAPER FEEDER ASSEMBLY (ADF model);FU7-0678-000;GEAR, 51T/17T;
Canon;Canon i-SENSYS MF8230Cn;PAPER FEEDER ASSEMBLY (ADF model);FU7-2016-000;SPRING, COMPRESSION;
Canon;Canon i-SENSYS MF8230Cn;PAPER FEEDER ASSEMBLY (ADF model);FU8-2008-000;SPRING, COMPRESSION;
Canon;Canon i-SENSYS MF8230Cn;PAPER FEEDER ASSEMBLY (ADF model);FU8-2010-000;SPRING, COMPRESSION;
Canon;Canon i-SENSYS MF8230Cn;PAPER FEEDER ASSEMBLY (ADF model);HC1-0586-000;RETAINING RING;
Canon;Canon i-SENSYS MF8230Cn;PAPER FEEDER ASSEMBLY (ADF model);HU1-1022-000;BUSHING;
Canon;Canon i-SENSYS MF8230Cn;PAPER FEEDER ASSEMBLY (ADF model);VS1-7207-004;CONNECTOR, SNAP TIGHT, BK;
Canon;Canon i-SENSYS MF8230Cn;PAPER FEEDER ASSEMBLY (ADF model);WG8-5696-000;PHOTO INTERRUPTER, TLP1243;PS702,PS703
Canon;Canon i-SENSYS MF8230Cn;PAPER FEEDER ASSEMBLY (ADF model);FM4-1882-000;GUIDE ASSEMBLY, UPPER;
Canon;Canon i-SENSYS MF8230Cn;PAPER FEEDER ASSEMBLY (ADF model);FM0-4856-000;PAPER FEEDER ASSEMBLY;ADF model
Canon;Canon i-SENSYS MF8230Cn;CASSETTE;FM4-4263-000;CASSETTE;
Canon;Canon i-SENSYS MF8230Cn;READER ASSEMBLY;FC9-1650-000;BELT, TIMING;
Canon;Canon i-SENSYS MF8230Cn;READER ASSEMBLY;FC9-2101-000;MOUNT, SUPPORTER;
Canon;Canon i-SENSYS MF8230Cn;READER ASSEMBLY;FC9-7573-000;SPACER, CIS;RANK_A
Canon;Canon i-SENSYS MF8230Cn;READER ASSEMBLY;FC9-7571-000;SPACER, CIS;RANK_B
Canon;Canon i-SENSYS MF8230Cn;READER ASSEMBLY;FC9-7574-000;SPACER, CIS;RANK_C
Canon;Canon i-SENSYS MF8230Cn;READER ASSEMBLY;FK3-1884-000;CABLE, FLAT;
Canon;Canon i-SENSYS MF8230Cn;READER ASSEMBLY;FK3-3942-000;CABLE, FLAT;
Canon;Canon i-SENSYS MF8230Cn;READER ASSEMBLY;FM0-3591-000;READER COVER UNIT;ADF model
Canon;Canon i-SENSYS MF8230Cn;READER ASSEMBLY;FM0-4848-000;READER COVER UNIT;COPYBOARD model
Canon;Canon i-SENSYS MF8230Cn;READER ASSEMBLY;FM4-3653-000;CABLE, READER;
Canon;Canon i-SENSYS MF8230Cn;READER ASSEMBLY;FM4-4301-000;DC MOTOR ASSEMBLY;M720
Canon;Canon i-SENSYS MF8230Cn;READER ASSEMBLY;FM4-9076-000;CONTACT IMAGE SENSOR ASSY;CIS
Canon;Canon i-SENSYS MF8230Cn;READER ASSEMBLY;VS1-7177-003;CONNECTOR, SNAP TIGHT, BK;
Canon;Canon i-SENSYS MF8230Cn;READER ASSEMBLY;VS1-7177-004;CONNECTOR, SNAP TIGHT, BK;
Canon;Canon i-SENSYS MF8230Cn;READER ASSEMBLY;WG8-5696-000;PHOTO INTERRUPTER, TLP1243;PS701
Canon;Canon i-SENSYS MF8230Cn;READER ASSEMBLY;XA9-0476-000;SCREW,TP M3X8;
Canon;Canon i-SENSYS MF8230Cn;READER ASSEMBLY;FK2-5242-000;CORE;SEE NOTE
Canon;Canon i-SENSYS MF8230Cn;READER ASSEMBLY;FM0-3589-000;READER ASSEMBLY;ADF model
Canon;Canon i-SENSYS MF8230Cn;READER ASSEMBLY;FM0-4847-000;READER ASSEMBLY;COPYBOARD model
Canon;Canon i-SENSYS MF8230Cn;LASER SCANNER ASSEMBLY;FM0-4590-000;LASER SCANNER ASSEMBLY;M704
Canon;Canon i-SENSYS MF8230Cn;INTERMEDIATE TRANS. BELT ASSY;RM1-8777-000;INTERMEDIATE TRANS. BELT ASSY;
Canon;Canon i-SENSYS MF8230Cn;FIXING ASSY;FM0-4787-000;FIXING ASSY;120V H801 , SR609,S R610, SR611, TH802,TP1
Canon;Canon i-SENSYS MF8230Cn;FIXING ASSY;FM0-4788-000;FIXING ASSY;230V H801 ,SR609, SR610, SR611, TH802, TP1
Canon;Canon i-SENSYS MF8230Cn;MAIN CONTROLLER PCB ASSEMBLY;FK2-7852-000;IC, T6TH5EFG-0002(0), STANDARD;IC18
Canon;Canon i-SENSYS MF8230Cn;MAIN CONTROLLER PCB ASSEMBLY;FK3-1800-000;IC, ASIC, MB8AA4241EPBH-GE1;IC14
Canon;Canon i-SENSYS MF8230Cn;MAIN CONTROLLER PCB ASSEMBLY;FM0-4670-000;MAIN CONTROLLER PCB ASSEMBLY;MF8280Cw
Canon;Canon i-SENSYS MF8230Cn;MAIN CONTROLLER PCB ASSEMBLY;FM0-4667-000;MAIN CONTROLLER PCB ASSEMBLY;MF8230Cn
Canon;Canon i-SENSYS MF8230Cn;MAIN CONTROLLER PCB ASSEMBLY;FM0-4666-000;MAIN CONTROLLER PCB ASSEMBLY;MF8210Cn
