Canon;Canon imageCLASS LBP7200Cdn;100 EXTERNAL COVERS, PANELS, ETC.;FC5-5256-000;EMBLEM;JP
Canon;Canon imageCLASS LBP7200Cdn;100 EXTERNAL COVERS, PANELS, ETC.;RC2-0062-000;EMBLEM;EXCEPT JP
Canon;Canon imageCLASS LBP7200Cdn;100 EXTERNAL COVERS, PANELS, ETC.;FC8-8703-000;COVER, RIGHT FRONT;
Canon;Canon imageCLASS LBP7200Cdn;100 EXTERNAL COVERS, PANELS, ETC.;FC8-8704-000;BUTTON, POWER;
Canon;Canon imageCLASS LBP7200Cdn;100 EXTERNAL COVERS, PANELS, ETC.;FC8-8707-000;PANEL, RIGHT;
Canon;Canon imageCLASS LBP7200Cdn;100 EXTERNAL COVERS, PANELS, ETC.;FC8-8708-000;COVER, RIGHT 2;
Canon;Canon imageCLASS LBP7200Cdn;100 EXTERNAL COVERS, PANELS, ETC.;FC8-8709-000;COVER, RIGHT;
Canon;Canon imageCLASS LBP7200Cdn;100 EXTERNAL COVERS, PANELS, ETC.;FC8-8713-000;COVER, LEFT;
Canon;Canon imageCLASS LBP7200Cdn;100 EXTERNAL COVERS, PANELS, ETC.;FC8-8714-000;COVER, LEFT 2;
Canon;Canon imageCLASS LBP7200Cdn;100 EXTERNAL COVERS, PANELS, ETC.;FC8-8719-000;COVER, RIGHT, UPPER;
Canon;Canon imageCLASS LBP7200Cdn;100 EXTERNAL COVERS, PANELS, ETC.;FC8-8720-000;COVER, LEFT, UPPER;
Canon;Canon imageCLASS LBP7200Cdn;100 EXTERNAL COVERS, PANELS, ETC.;FC8-8721-000;UPPER COVER ASSY;
Canon;Canon imageCLASS LBP7200Cdn;100 EXTERNAL COVERS, PANELS, ETC.;FC8-8722-000;COVER, REAR, UPPER;
Canon;Canon imageCLASS LBP7200Cdn;100 EXTERNAL COVERS, PANELS, ETC.;FC8-8738-000;LABEL, CARTRIDGE REPLACING;
Canon;Canon imageCLASS LBP7200Cdn;100 EXTERNAL COVERS, PANELS, ETC.;FC8-8739-000;LABEL, JAM CLEARING;
Canon;Canon imageCLASS LBP7200Cdn;100 EXTERNAL COVERS, PANELS, ETC.;FC8-8741-000;LABEL, JAM CLEARING;
Canon;Canon imageCLASS LBP7200Cdn;100 EXTERNAL COVERS, PANELS, ETC.;FM3-8284-000;CONTROL PANEL ASSY;JP
Canon;Canon imageCLASS LBP7200Cdn;100 EXTERNAL COVERS, PANELS, ETC.;FM3-8286-000;CONTROL PANEL ASSY;LTN,ASIA,AU,US
Canon;Canon imageCLASS LBP7200Cdn;100 EXTERNAL COVERS, PANELS, ETC.;FM3-8285-000;CONTROL PANEL ASSY;EUR
Canon;Canon imageCLASS LBP7200Cdn;100 EXTERNAL COVERS, PANELS, ETC.;FM3-8287-000;CONTROL PANEL ASSY;CN
Canon;Canon imageCLASS LBP7200Cdn;100 EXTERNAL COVERS, PANELS, ETC.;FM3-8288-000;FRONT DOOR ASSY;LBP7200C
Canon;Canon imageCLASS LBP7200Cdn;100 EXTERNAL COVERS, PANELS, ETC.;FM3-8297-000;FRONT DOOR ASSY;LBP7200CN
Canon;Canon imageCLASS LBP7200Cdn;100 EXTERNAL COVERS, PANELS, ETC.;FM3-8300-000;FRONT DOOR ASSY;LBP7200Cdn EUR
Canon;Canon imageCLASS LBP7200Cdn;100 EXTERNAL COVERS, PANELS, ETC.;FM3-8299-000;FRONT DOOR ASSY;LBP7200Cdn LTN,ASIA,AU,CN
Canon;Canon imageCLASS LBP7200Cdn;100 EXTERNAL COVERS, PANELS, ETC.;FM3-8298-000;FRONT DOOR ASSY;LBP7200Cd LTN,ASIA,CN
Canon;Canon imageCLASS LBP7200Cdn;100 EXTERNAL COVERS, PANELS, ETC.;FM4-3064-000;FRONT DOOR ASSY;LBP7200Cdn US
Canon;Canon imageCLASS LBP7200Cdn;100 EXTERNAL COVERS, PANELS, ETC.;RC2-3719-000;BUTTON, TEST PRINT SWITCH;
Canon;Canon imageCLASS LBP7200Cdn;100 EXTERNAL COVERS, PANELS, ETC.;FC8-8742-000;LABEL, PAPER SIZE;LTN,EUR,ASIA,AU,CN,US
Canon;Canon imageCLASS LBP7200Cdn;100 EXTERNAL COVERS, PANELS, ETC.;FC8-8745-000;LABEL, PAPER SIZE;JP
Canon;Canon imageCLASS LBP7200Cdn;100 EXTERNAL COVERS, PANELS, ETC.;RK2-2276-000;FAN;FM1
Canon;Canon imageCLASS LBP7200Cdn;100 EXTERNAL COVERS, PANELS, ETC.;XA9-1671-000;SCREW, D, M3X8;
Canon;Canon imageCLASS LBP7200Cdn;100 EXTERNAL COVERS, PANELS, ETC.;NPN;EXTERNAL COVERS, PANELS, ETC.;
Canon;Canon imageCLASS LBP7200Cdn;101 INTERNAL COMPONENTS 1;RK2-2229-000;SENSOR UNIT, TMP./HUM. SENSING;
Canon;Canon imageCLASS LBP7200Cdn;101 INTERNAL COMPONENTS 1;RM1-4836-000;CARTRIDGE TRAY ASSY;
Canon;Canon imageCLASS LBP7200Cdn;101 INTERNAL COMPONENTS 1;RM1-5294-050;H. V. POWER SUPPLY PCB ASSY;
Canon;Canon imageCLASS LBP7200Cdn;101 INTERNAL COMPONENTS 1;FM4-3359-000;LASER SCANNER ASSY;
Canon;Canon imageCLASS LBP7200Cdn;101 INTERNAL COMPONENTS 1;RM1-5399-000;ENV. SENSOR CABLE ASSY;
Canon;Canon imageCLASS LBP7200Cdn;101 INTERNAL COMPONENTS 1;RM1-5398-000;SENSOR CABLE ASSY;
Canon;Canon imageCLASS LBP7200Cdn;101 INTERNAL COMPONENTS 1;WG8-5696-000;PHOTO INTERRUPTER, TLP1243;SR14
Canon;Canon imageCLASS LBP7200Cdn;101 INTERNAL COMPONENTS 1;XA9-1420-000;SCREW, W/WASHER, M3X8;
Canon;Canon imageCLASS LBP7200Cdn;101 INTERNAL COMPONENTS 1;XA9-1835-000;SCREW, D, M3X6;
Canon;Canon imageCLASS LBP7200Cdn;101 INTERNAL COMPONENTS 1;XA9-1671-000;SCREW, D, M3X8;
Canon;Canon imageCLASS LBP7200Cdn;101 INTERNAL COMPONENTS 1;NPN;INTERNAL COMPONENTS 1;
Canon;Canon imageCLASS LBP7200Cdn;102 INTERNAL COMPONENTS 2;RL1-1802-000;ROLLER, PAPER PICK-UP;
Canon;Canon imageCLASS LBP7200Cdn;102 INTERNAL COMPONENTS 2;RM1-4850-000;COLOR MISREGIST. SENSOR ASSY;
Canon;Canon imageCLASS LBP7200Cdn;102 INTERNAL COMPONENTS 2;RM1-4852-000;INTERMEDIATE TRANS. BELT ASSY;
Canon;Canon imageCLASS LBP7200Cdn;102 INTERNAL COMPONENTS 2;RM1-5420-000;MP SOLENOID ASSY;SL1
Canon;Canon imageCLASS LBP7200Cdn;102 INTERNAL COMPONENTS 2;XA9-1671-000;SCREW, D, M3X8;
Canon;Canon imageCLASS LBP7200Cdn;102 INTERNAL COMPONENTS 2;NPN;INTERNAL COMPONENTS 2;
Canon;Canon imageCLASS LBP7200Cdn;103 INTERNAL COMPONENTS 3;FM3-8294-000;REGISTRATION ASSY;
Canon;Canon imageCLASS LBP7200Cdn;103 INTERNAL COMPONENTS 3;RC2-2014-000;COVER, HOLDER;
Canon;Canon imageCLASS LBP7200Cdn;103 INTERNAL COMPONENTS 3;RL1-1785-000;PAD, SEPARATION;
Canon;Canon imageCLASS LBP7200Cdn;103 INTERNAL COMPONENTS 3;RM1-4426-000;PICK-UP ROLLER ASSY;
Canon;Canon imageCLASS LBP7200Cdn;103 INTERNAL COMPONENTS 3;FM3-8301-000;MP PAPER PICK-UP ASSY;
Canon;Canon imageCLASS LBP7200Cdn;103 INTERNAL COMPONENTS 3;RM1-4840-000;SEPARATION ROLLER ASSY;
Canon;Canon imageCLASS LBP7200Cdn;103 INTERNAL COMPONENTS 3;RM1-4853-000;PAPER PICK-UP ASSY;
Canon;Canon imageCLASS LBP7200Cdn;103 INTERNAL COMPONENTS 3;RM1-5428-000;MP CLUTCH ASSY;CL1
Canon;Canon imageCLASS LBP7200Cdn;103 INTERNAL COMPONENTS 3;WG8-5696-000;PHOTO INTERRUPTER, TLP1243;SR7
Canon;Canon imageCLASS LBP7200Cdn;103 INTERNAL COMPONENTS 3;XA9-1835-000;SCREW, D, M3X6;
Canon;Canon imageCLASS LBP7200Cdn;103 INTERNAL COMPONENTS 3;XA9-1671-000;SCREW, D, M3X8;
Canon;Canon imageCLASS LBP7200Cdn;103 INTERNAL COMPONENTS 3;FC8-8748-000;LABEL, MOTOR CAUTION;
Canon;Canon imageCLASS LBP7200Cdn;103 INTERNAL COMPONENTS 3;FC8-8732-000;SHEET, TRAY;
Canon;Canon imageCLASS LBP7200Cdn;103 INTERNAL COMPONENTS 3;NPN;INTERNAL COMPONENTS 3;
Canon;Canon imageCLASS LBP7200Cdn;104 INTERNAL COMPONENTS 4;FM4-0401-000;DC CONTROLLER PCB ASSY;
Canon;Canon imageCLASS LBP7200Cdn;104 INTERNAL COMPONENTS 4;RK2-2302-000;CABLE, FLAT;
Canon;Canon imageCLASS LBP7200Cdn;104 INTERNAL COMPONENTS 4;RK2-2358-000;CABLE, FLAT;
Canon;Canon imageCLASS LBP7200Cdn;104 INTERNAL COMPONENTS 4;RL1-1800-000;MOTOR, DC;M1,M2
Canon;Canon imageCLASS LBP7200Cdn;104 INTERNAL COMPONENTS 4;RM1-4837-000;MAIN DRIVE ASSY;
Canon;Canon imageCLASS LBP7200Cdn;104 INTERNAL COMPONENTS 4;RM1-5288-000;DRIVER PCB ASSY;
Canon;Canon imageCLASS LBP7200Cdn;104 INTERNAL COMPONENTS 4;RM1-5293-000;RELAY PCB ASSY;
Canon;Canon imageCLASS LBP7200Cdn;104 INTERNAL COMPONENTS 4;RM1-5368-000;INLET CABLE ASSY;
Canon;Canon imageCLASS LBP7200Cdn;104 INTERNAL COMPONENTS 4;RM1-5385-000;SENSOR CABLE ASSY;
Canon;Canon imageCLASS LBP7200Cdn;104 INTERNAL COMPONENTS 4;RM1-5393-000;DRAM MOTOR CABLE ASSY;
Canon;Canon imageCLASS LBP7200Cdn;104 INTERNAL COMPONENTS 4;RM1-5394-000;DEVELOPING MOTOR CABLE ASSY;
Canon;Canon imageCLASS LBP7200Cdn;104 INTERNAL COMPONENTS 4;RM1-5395-000;FEED MOTOR CABLE ASSY;
Canon;Canon imageCLASS LBP7200Cdn;104 INTERNAL COMPONENTS 4;RM1-5400-000;SENSOR CABLE ASSY;
Canon;Canon imageCLASS LBP7200Cdn;104 INTERNAL COMPONENTS 4;RM1-5407-000;POWER SUPPLY ASSY;100V,120V
Canon;Canon imageCLASS LBP7200Cdn;104 INTERNAL COMPONENTS 4;RM1-5408-000;POWER SUPPLY ASSY;230V
Canon;Canon imageCLASS LBP7200Cdn;104 INTERNAL COMPONENTS 4;RM1-5434-000;OPTION CABLE ASSY;
Canon;Canon imageCLASS LBP7200Cdn;104 INTERNAL COMPONENTS 4;RM1-5435-000;RLD CABLE ASSY;
Canon;Canon imageCLASS LBP7200Cdn;104 INTERNAL COMPONENTS 4;RC2-3220-000;HOLDER, CARTRIDGE DOOR SENSOR;
Canon;Canon imageCLASS LBP7200Cdn;104 INTERNAL COMPONENTS 4;RC2-3221-000;ARM, DOOR SENSOR;
Canon;Canon imageCLASS LBP7200Cdn;104 INTERNAL COMPONENTS 4;WG8-5696-000;PHOTO INTERRUPTER, TLP1243;SR2
Canon;Canon imageCLASS LBP7200Cdn;104 INTERNAL COMPONENTS 4;XA9-0679-000;SCREW, MACH., FLAT HEAD, M3X4;
Canon;Canon imageCLASS LBP7200Cdn;104 INTERNAL COMPONENTS 4;XA9-1420-000;SCREW, W/WASHER, M3X8;
Canon;Canon imageCLASS LBP7200Cdn;104 INTERNAL COMPONENTS 4;XA9-1835-000;SCREW, D, M3X6;
Canon;Canon imageCLASS LBP7200Cdn;104 INTERNAL COMPONENTS 4;XA9-1671-000;SCREW, D, M3X8;
Canon;Canon imageCLASS LBP7200Cdn;104 INTERNAL COMPONENTS 4;XA9-1418-000;SCREW, TP, M3X6;
Canon;Canon imageCLASS LBP7200Cdn;104 INTERNAL COMPONENTS 4;RM1-5438-000;FIXING MOTOR CABLE ASSY;
Canon;Canon imageCLASS LBP7200Cdn;104 INTERNAL COMPONENTS 4;NPN;INTERNAL COMPONENTS 4;
Canon;Canon imageCLASS LBP7200Cdn;105 INTERNAL COMPONENTS 5;XA9-1671-000;SCREW, D, M3X8;
Canon;Canon imageCLASS LBP7200Cdn;105 INTERNAL COMPONENTS 5;RM1-4873-010;PAPER DELIVERY ASSY;
Canon;Canon imageCLASS LBP7200Cdn;105 INTERNAL COMPONENTS 5;RM1-4896-000;FIXING MOTOR UNIT;M4
Canon;Canon imageCLASS LBP7200Cdn;105 INTERNAL COMPONENTS 5;RM1-5419-000;REGISTRATION MOTOR ASSY;M5
Canon;Canon imageCLASS LBP7200Cdn;105 INTERNAL COMPONENTS 5;RM1-7356-000;FUSER CABLE ASSY;
Canon;Canon imageCLASS LBP7200Cdn;105 INTERNAL COMPONENTS 5;XA9-0679-000;SCREW, MACH., FLAT HEAD, M3X4;
Canon;Canon imageCLASS LBP7200Cdn;105 INTERNAL COMPONENTS 5;XA9-1422-000;SCREW, W/WASHER, M4X12;
Canon;Canon imageCLASS LBP7200Cdn;105 INTERNAL COMPONENTS 5;XA9-1835-000;SCREW, D, M3X6;
Canon;Canon imageCLASS LBP7200Cdn;105 INTERNAL COMPONENTS 5;XA9-1418-000;SCREW, TP, M3X6;
Canon;Canon imageCLASS LBP7200Cdn;105 INTERNAL COMPONENTS 5;NPN;INTERNAL COMPONENTS 5;
Canon;Canon imageCLASS LBP7200Cdn;106 INTERNAL COMPONENTS 6;FC8-8728-000;COVER, REAR, LOWER;
Canon;Canon imageCLASS LBP7200Cdn;106 INTERNAL COMPONENTS 6;FC8-8729-000;COVER, REAR, UPPER;
Canon;Canon imageCLASS LBP7200Cdn;106 INTERNAL COMPONENTS 6;FM3-8290-000;REAR DOOR ASSY;
Canon;Canon imageCLASS LBP7200Cdn;106 INTERNAL COMPONENTS 6;RC2-3750-000;LINK, DOOR;
Canon;Canon imageCLASS LBP7200Cdn;106 INTERNAL COMPONENTS 6;RC2-3752-000;LINK, GUIDE;
Canon;Canon imageCLASS LBP7200Cdn;106 INTERNAL COMPONENTS 6;RC2-3774-000;CAP, LINK;
Canon;Canon imageCLASS LBP7200Cdn;106 INTERNAL COMPONENTS 6;RK2-2276-000;FAN;FM2
Canon;Canon imageCLASS LBP7200Cdn;106 INTERNAL COMPONENTS 6;RM1-4838-000;PAPER FEED GUIDE ASSY;
Canon;Canon imageCLASS LBP7200Cdn;106 INTERNAL COMPONENTS 6;RM1-4876-000;REAR DOOR RIB ASSY;
Canon;Canon imageCLASS LBP7200Cdn;106 INTERNAL COMPONENTS 6;RM1-4877-000;PAPER RE-PICK UP GUIDE ASSY;
Canon;Canon imageCLASS LBP7200Cdn;106 INTERNAL COMPONENTS 6;RM1-4879-000;DUPLEXING FEED GUIDE ASSY;
Canon;Canon imageCLASS LBP7200Cdn;106 INTERNAL COMPONENTS 6;RM1-4880-000;REVERSE DRIVE ASSY;
Canon;Canon imageCLASS LBP7200Cdn;106 INTERNAL COMPONENTS 6;RM1-5397-000;DUPLEX CABLE ASSY;
Canon;Canon imageCLASS LBP7200Cdn;106 INTERNAL COMPONENTS 6;XA9-1671-000;SCREW, D, M3X8;
Canon;Canon imageCLASS LBP7200Cdn;106 INTERNAL COMPONENTS 6;NPN;INTERNAL COMPONENTS 6;
Canon;Canon imageCLASS LBP7200Cdn;300 CASSETTE;FM3-8289-000;CASSETTE;
Canon;Canon imageCLASS LBP7200Cdn;810 FIXING ASSY;FM3-8292-000;FIXING FILM ASSEMBLY;100V
Canon;Canon imageCLASS LBP7200Cdn;810 FIXING ASSY;FM4-3062-000;FIXING FILM ASSEMBLY;120V
Canon;Canon imageCLASS LBP7200Cdn;810 FIXING ASSY;FM4-3063-000;FIXING FILM ASSEMBLY;230V
Canon;Canon imageCLASS LBP7200Cdn;810 FIXING ASSY;FC8-8743-000;LABEL, CAUTION;
Canon;Canon imageCLASS LBP7200Cdn;810 FIXING ASSY;RC2-3367-000;ROLLER, PRESSURE;
Canon;Canon imageCLASS LBP7200Cdn;810 FIXING ASSY;WG8-5696-000;PHOTO INTERRUPTER,TLP1243;SR8,SR9,SR10
Canon;Canon imageCLASS LBP7200Cdn;810 FIXING ASSY;FM3-8293-000;FIXING ASSY;100V
Canon;Canon imageCLASS LBP7200Cdn;810 FIXING ASSY;FM3-8295-000;FIXING ASSY;120V
Canon;Canon imageCLASS LBP7200Cdn;810 FIXING ASSY;FM3-8296-000;FIXING ASSY;230V
Canon;Canon imageCLASS LBP7200Cdn;900 MAIN CONTOROLLER PCB ASSY;FL3-3186-000;IC, S-93C66BD0I-D8S1G,EEP-ROM,;LBP7200CN
Canon;Canon imageCLASS LBP7200Cdn;900 MAIN CONTOROLLER PCB ASSY;FL3-3187-000;IC, S-93C66BD0I-D8S1G,EEP-ROM,;LBP7200C
Canon;Canon imageCLASS LBP7200Cdn;900 MAIN CONTOROLLER PCB ASSY;FL3-3188-000;IC, S-93C66BD0I-D8S1G,EEP-ROM,;LBP7200Cdn EXCEPT US
Canon;Canon imageCLASS LBP7200Cdn;900 MAIN CONTOROLLER PCB ASSY;FL3-6052-000;IC, S-93C66BD0I-D8S1G,EEP-ROM;LBP7200Cdn US
Canon;Canon imageCLASS LBP7200Cdn;900 MAIN CONTOROLLER PCB ASSY;FL3-3189-000;IC, S-93C66BD0I-D8S1G,EEP-ROM,;LBP7200Cd
Canon;Canon imageCLASS LBP7200Cdn;900 MAIN CONTOROLLER PCB ASSY;FM4-3327-010;MAIN CONTOROLLER PCB ASSY;LBP7200CN
Canon;Canon imageCLASS LBP7200Cdn;900 MAIN CONTOROLLER PCB ASSY;FM4-3328-010;MAIN CONTOROLLER PCB ASSY;LBP7200C
Canon;Canon imageCLASS LBP7200Cdn;900 MAIN CONTOROLLER PCB ASSY;FM4-3329-010;MAIN CONTOROLLER PCB ASSY;LBP7200Cdn EXCEPT US
Canon;Canon imageCLASS LBP7200Cdn;900 MAIN CONTOROLLER PCB ASSY;FM4-9188-000;MAIN CONTOROLLER PCB ASSY;LBP7200Cdn US
Canon;Canon imageCLASS LBP7200Cdn;900 MAIN CONTOROLLER PCB ASSY;FM4-3330-010;MAIN CONTOROLLER PCB ASSY;LBP7200Cd
