Canon;Canon imageCLASS MF247dw;EXTERNAL COVERS, PANELS, ETC. DADF model 120V;FE4-0866-000;PLATE, PAPER SIZE;
Canon;Canon imageCLASS MF247dw;EXTERNAL COVERS, PANELS, ETC. DADF model 120V;FE4-0909-000;COVER, LEFT;
Canon;Canon imageCLASS MF247dw;EXTERNAL COVERS, PANELS, ETC. DADF model 120V;FE4-1589-000;SHEET, HANDSET;
Canon;Canon imageCLASS MF247dw;EXTERNAL COVERS, PANELS, ETC. DADF model 120V;FE4-0911-000;COVER, RIGHT;
Canon;Canon imageCLASS MF247dw;EXTERNAL COVERS, PANELS, ETC. DADF model 120V;FM1-P148-000;CONTROL PANEL ASSY;
Canon;Canon imageCLASS MF247dw;EXTERNAL COVERS, PANELS, ETC. DADF model 120V;FM1-F357-000;CARTRIDGE DOOR ASSY;
Canon;Canon imageCLASS MF247dw;EXTERNAL COVERS, PANELS, ETC. DADF model 120V;FC8-1370-000;SCREW, TP, M3X6;
Canon;Canon imageCLASS MF247dw;EXTERNAL COVERS, PANELS, ETC. DADF model 120V;FM1-F392-000;DUPLEXING FRAME ASSY;
Canon;Canon imageCLASS MF247dw;EXTERNAL COVERS, PANELS, ETC. DADF model 120V;FM1-F369-010;DUPLEXING DOOR ASSY;
Canon;Canon imageCLASS MF247dw;EXTERNAL COVERS, PANELS, ETC. DADF model 120V;FE4-1566-000;LABEL, DOCUMENT PROHIBITION;
Canon;Canon imageCLASS MF247dw;EXTERNAL COVERS, PANELS, ETC. DADF model 120V;FL0-3574-000;HOLDER, DOCUMENT GUIDE;
Canon;Canon imageCLASS MF247dw;EXTERNAL COVERS, PANELS, ETC. DADF model 120V;FE4-0886-000;COVER, HINGE BLANKING;
Canon;Canon imageCLASS MF247dw;EXTERNAL COVERS, PANELS, ETC. DADF model 120V;FE4-4951-000;HINGE, READER;
Canon;Canon imageCLASS MF247dw;EXTERNAL COVERS, PANELS, ETC. DADF model 120V;FE4-0851-000;GUIDE, CABLE;
Canon;Canon imageCLASS MF247dw;EXTERNAL COVERS, PANELS, ETC. ADF model MF247;FE4-0866-000;PLATE, PAPER SIZE;
Canon;Canon imageCLASS MF247dw;EXTERNAL COVERS, PANELS, ETC. ADF model MF247;FE4-0909-000;COVER, LEFT;
Canon;Canon imageCLASS MF247dw;EXTERNAL COVERS, PANELS, ETC. ADF model MF247;FE4-1589-000;SHEET, HANDSET;
Canon;Canon imageCLASS MF247dw;EXTERNAL COVERS, PANELS, ETC. ADF model MF247;FE4-0911-000;COVER, RIGHT;
Canon;Canon imageCLASS MF247dw;EXTERNAL COVERS, PANELS, ETC. ADF model MF247;FM1-P154-000;CONTROL PANEL ASSY;
Canon;Canon imageCLASS MF247dw;EXTERNAL COVERS, PANELS, ETC. ADF model MF247;FM1-F357-000;CARTRIDGE DOOR ASSY;
Canon;Canon imageCLASS MF247dw;EXTERNAL COVERS, PANELS, ETC. ADF model MF247;FC8-1370-000;SCREW, TP, M3X6;
Canon;Canon imageCLASS MF247dw;EXTERNAL COVERS, PANELS, ETC. ADF model MF247;FM1-F392-000;DUPLEXING FRAME ASSY;
Canon;Canon imageCLASS MF247dw;EXTERNAL COVERS, PANELS, ETC. ADF model MF247;FM1-F369-010;DUPLEXING DOOR ASSY;
Canon;Canon imageCLASS MF247dw;EXTERNAL COVERS, PANELS, ETC. ADF model MF247;FE4-1566-000;LABEL, DOCUMENT PROHIBITION;
Canon;Canon imageCLASS MF247dw;EXTERNAL COVERS, PANELS, ETC. ADF model MF247;FL0-3574-000;HOLDER, DOCUMENT GUIDE;
Canon;Canon imageCLASS MF247dw;EXTERNAL COVERS, PANELS, ETC. ADF model MF247;FE4-4952-000;HINGE, READER;
Canon;Canon imageCLASS MF247dw;EXTERNAL COVERS, PANELS, ETC. ADF model MF247;FE4-0856-000;GUIDE, CABLE;
Canon;Canon imageCLASS MF247dw;EXTERNAL COVERS, PANELS, ETC. ADF model MF244 120V;FE4-0866-000;PLATE, PAPER SIZE;
Canon;Canon imageCLASS MF247dw;EXTERNAL COVERS, PANELS, ETC. ADF model MF244 120V;FE4-0909-000;COVER, LEFT;
Canon;Canon imageCLASS MF247dw;EXTERNAL COVERS, PANELS, ETC. ADF model MF244 120V;FE4-1589-000;SHEET, HANDSET;
Canon;Canon imageCLASS MF247dw;EXTERNAL COVERS, PANELS, ETC. ADF model MF244 120V;FE4-0911-000;COVER, RIGHT;
Canon;Canon imageCLASS MF247dw;EXTERNAL COVERS, PANELS, ETC. ADF model MF244 120V;FM1-P141-000;CONTROL PANEL ASSY;
Canon;Canon imageCLASS MF247dw;EXTERNAL COVERS, PANELS, ETC. ADF model MF244 120V;FM1-F357-000;CARTRIDGE DOOR ASSY;
Canon;Canon imageCLASS MF247dw;EXTERNAL COVERS, PANELS, ETC. ADF model MF244 120V;FC8-1370-000;SCREW, TP, M3X6;
Canon;Canon imageCLASS MF247dw;EXTERNAL COVERS, PANELS, ETC. ADF model MF244 120V;FM1-F392-000;DUPLEXING FRAME ASSY;
Canon;Canon imageCLASS MF247dw;EXTERNAL COVERS, PANELS, ETC. ADF model MF244 120V;FM1-F369-010;DUPLEXING DOOR ASSY;
Canon;Canon imageCLASS MF247dw;EXTERNAL COVERS, PANELS, ETC. ADF model MF244 120V;FE4-1566-000;LABEL, DOCUMENT PROHIBITION;
Canon;Canon imageCLASS MF247dw;EXTERNAL COVERS, PANELS, ETC. ADF model MF244 120V;FL0-3574-000;HOLDER, DOCUMENT GUIDE;
Canon;Canon imageCLASS MF247dw;EXTERNAL COVERS, PANELS, ETC. ADF model MF244 120V;FE4-4952-000;HINGE, READER;
Canon;Canon imageCLASS MF247dw;EXTERNAL COVERS, PANELS, ETC. ADF model MF244 120V;FE4-0856-000;GUIDE, CABLE;
Canon;Canon imageCLASS MF247dw;EXTERNAL COVERS, PANELS, ETC. ADF model MF236;FE4-0866-000;PLATE, PAPER SIZE;
Canon;Canon imageCLASS MF247dw;EXTERNAL COVERS, PANELS, ETC. ADF model MF236;FE4-0909-000;COVER, LEFT;
Canon;Canon imageCLASS MF247dw;EXTERNAL COVERS, PANELS, ETC. ADF model MF236;FE4-1589-000;SHEET, HANDSET;
Canon;Canon imageCLASS MF247dw;EXTERNAL COVERS, PANELS, ETC. ADF model MF236;FE4-0913-000;COVER, RIGHT;
Canon;Canon imageCLASS MF247dw;EXTERNAL COVERS, PANELS, ETC. ADF model MF236;FM1-P130-000;CONTROL PANEL ASSY;
Canon;Canon imageCLASS MF247dw;EXTERNAL COVERS, PANELS, ETC. ADF model MF236;FM1-F357-000;CARTRIDGE DOOR ASSY;
Canon;Canon imageCLASS MF247dw;EXTERNAL COVERS, PANELS, ETC. ADF model MF236;FC8-1370-000;SCREW, TP, M3X6;
Canon;Canon imageCLASS MF247dw;EXTERNAL COVERS, PANELS, ETC. ADF model MF236;FE4-0926-010;COVER, REAR;
Canon;Canon imageCLASS MF247dw;EXTERNAL COVERS, PANELS, ETC. ADF model MF236;FE4-4952-000;HINGE, READER;
Canon;Canon imageCLASS MF247dw;EXTERNAL COVERS, PANELS, ETC. ADF model MF236;FE4-1566-000;LABEL, DOCUMENT PROHIBITION;
Canon;Canon imageCLASS MF247dw;EXTERNAL COVERS, PANELS, ETC. ADF model MF236;FL0-3574-000;HOLDER, DOCUMENT GUIDE;
Canon;Canon imageCLASS MF247dw;EXTERNAL COVERS, PANELS, ETC. ADF model MF236;FE4-0856-000;GUIDE, CABLE;
Canon;Canon imageCLASS MF247dw;EXTERNAL COVERS, PANELS, ETC. COPYBOARD model;FE4-0866-000;PLATE, PAPER SIZE;
Canon;Canon imageCLASS MF247dw;EXTERNAL COVERS, PANELS, ETC. COPYBOARD model;FE4-0909-000;COVER, LEFT;
Canon;Canon imageCLASS MF247dw;EXTERNAL COVERS, PANELS, ETC. COPYBOARD model;FE4-1589-000;SHEET, HANDSET;
Canon;Canon imageCLASS MF247dw;EXTERNAL COVERS, PANELS, ETC. COPYBOARD model;FE4-0913-000;COVER, RIGHT;
Canon;Canon imageCLASS MF247dw;EXTERNAL COVERS, PANELS, ETC. COPYBOARD model;FM1-P118-000;CONTROL PANEL ASSY;
Canon;Canon imageCLASS MF247dw;EXTERNAL COVERS, PANELS, ETC. COPYBOARD model;FM1-F357-000;CARTRIDGE DOOR ASSY;
Canon;Canon imageCLASS MF247dw;EXTERNAL COVERS, PANELS, ETC. COPYBOARD model;FC8-1370-000;SCREW, TP, M3X6;
Canon;Canon imageCLASS MF247dw;EXTERNAL COVERS, PANELS, ETC. COPYBOARD model;FE4-0926-010;COVER, REAR;
Canon;Canon imageCLASS MF247dw;EXTERNAL COVERS, PANELS, ETC. COPYBOARD model;FE4-4953-000;HINGE, READER;
Canon;Canon imageCLASS MF247dw;EXTERNAL COVERS, PANELS, ETC. COPYBOARD model;FM1-F377-000;PLATEN ASSY;
Canon;Canon imageCLASS MF247dw;EXTERNAL COVERS, PANELS, ETC. COPYBOARD model;FC8-0654-000;PANEL, COPYBOARD;
Canon;Canon imageCLASS MF247dw;EXTERNAL COVERS, PANELS, ETC. DADF model 230V;FE4-0866-000;PLATE, PAPER SIZE;
Canon;Canon imageCLASS MF247dw;EXTERNAL COVERS, PANELS, ETC. DADF model 230V;FE4-0908-000;COVER, LEFT;
Canon;Canon imageCLASS MF247dw;EXTERNAL COVERS, PANELS, ETC. DADF model 230V;FE4-1589-000;SHEET, HANDSET;
Canon;Canon imageCLASS MF247dw;EXTERNAL COVERS, PANELS, ETC. DADF model 230V;FE4-0910-000;COVER, RIGHT;
Canon;Canon imageCLASS MF247dw;EXTERNAL COVERS, PANELS, ETC. DADF model 230V;FM1-P148-000;CONTROL PANEL ASSY;
Canon;Canon imageCLASS MF247dw;EXTERNAL COVERS, PANELS, ETC. DADF model 230V;FM1-F356-000;CARTRIDGE DOOR ASSY;
Canon;Canon imageCLASS MF247dw;EXTERNAL COVERS, PANELS, ETC. DADF model 230V;FC8-1370-000;SCREW, TP, M3X6;
Canon;Canon imageCLASS MF247dw;EXTERNAL COVERS, PANELS, ETC. DADF model 230V;FM1-F392-000;DUPLEXING FRAME ASSY;
Canon;Canon imageCLASS MF247dw;EXTERNAL COVERS, PANELS, ETC. DADF model 230V;FM1-F369-010;DUPLEXING DOOR ASSY;
Canon;Canon imageCLASS MF247dw;EXTERNAL COVERS, PANELS, ETC. DADF model 230V;FE4-1566-000;LABEL, DOCUMENT PROHIBITION;
Canon;Canon imageCLASS MF247dw;EXTERNAL COVERS, PANELS, ETC. DADF model 230V;FL0-3574-000;HOLDER, DOCUMENT GUIDE;
Canon;Canon imageCLASS MF247dw;EXTERNAL COVERS, PANELS, ETC. DADF model 230V;FE4-0886-000;COVER, HINGE BLANKING;
Canon;Canon imageCLASS MF247dw;EXTERNAL COVERS, PANELS, ETC. DADF model 230V;FE4-4951-000;HINGE, READER;
Canon;Canon imageCLASS MF247dw;EXTERNAL COVERS, PANELS, ETC. DADF model 230V;FE4-0851-000;GUIDE, CABLE;
Canon;Canon imageCLASS MF247dw;EXTERNAL COVERS, PANELS, ETC. ADF model MF244 230V;FE4-0866-000;PLATE, PAPER SIZE;
Canon;Canon imageCLASS MF247dw;EXTERNAL COVERS, PANELS, ETC. ADF model MF244 230V;FE4-0908-000;COVER, LEFT;
Canon;Canon imageCLASS MF247dw;EXTERNAL COVERS, PANELS, ETC. ADF model MF244 230V;FE4-1589-000;SHEET, HANDSET;
Canon;Canon imageCLASS MF247dw;EXTERNAL COVERS, PANELS, ETC. ADF model MF244 230V;FE4-0910-000;COVER, RIGHT;
Canon;Canon imageCLASS MF247dw;EXTERNAL COVERS, PANELS, ETC. ADF model MF244 230V;FM1-P139-000;CONTROL PANEL ASSY;
Canon;Canon imageCLASS MF247dw;EXTERNAL COVERS, PANELS, ETC. ADF model MF244 230V;FM1-F356-000;CARTRIDGE DOOR ASSY;
Canon;Canon imageCLASS MF247dw;EXTERNAL COVERS, PANELS, ETC. ADF model MF244 230V;FC8-1370-000;SCREW, TP, M3X6;
Canon;Canon imageCLASS MF247dw;EXTERNAL COVERS, PANELS, ETC. ADF model MF244 230V;FM1-F392-000;DUPLEXING FRAME ASSY;
Canon;Canon imageCLASS MF247dw;EXTERNAL COVERS, PANELS, ETC. ADF model MF244 230V;FM1-F369-010;DUPLEXING DOOR ASSY;
Canon;Canon imageCLASS MF247dw;EXTERNAL COVERS, PANELS, ETC. ADF model MF244 230V;FE4-1566-000;LABEL, DOCUMENT PROHIBITION;
Canon;Canon imageCLASS MF247dw;EXTERNAL COVERS, PANELS, ETC. ADF model MF244 230V;FL0-3574-000;HOLDER, DOCUMENT GUIDE;
Canon;Canon imageCLASS MF247dw;EXTERNAL COVERS, PANELS, ETC. ADF model MF244 230V;FE4-4952-000;HINGE, READER;
Canon;Canon imageCLASS MF247dw;EXTERNAL COVERS, PANELS, ETC. ADF model MF244 230V;FE4-0856-000;GUIDE, CABLE;
Canon;Canon imageCLASS MF247dw;FRONT COVER ASSY 120V;FE4-0905-000;COVER, FRONT;
Canon;Canon imageCLASS MF247dw;FRONT COVER ASSY 120V;FL0-3567-000;COVER, PAPER PICK-UP;
Canon;Canon imageCLASS MF247dw;FRONT COVER ASSY 120V;FE4-0927-000;LABEL, SIZE INSTRUCTION;
Canon;Canon imageCLASS MF247dw;FRONT COVER ASSY 120V;FE4-0916-000;COVER, DUST, 2;
Canon;Canon imageCLASS MF247dw;FRONT COVER ASSY 120V;FM1-F366-000;DUST COVER ASSEMBLY;
Canon;Canon imageCLASS MF247dw;FRONT COVER ASSY 120V;FM1-F364-000;MULTI TRAY ASSEMBLY;
Canon;Canon imageCLASS MF247dw;FRONT COVER ASSY 120V;FC0-1663-000;PLATE, EXTENSION;
Canon;Canon imageCLASS MF247dw;FRONT COVER ASSY 120V;FC0-1664-000;STOPPER,PAPER;
Canon;Canon imageCLASS MF247dw;FRONT COVER ASSY 120V;FE4-0948-000;HOLDER, TRAY;
Canon;Canon imageCLASS MF247dw;FRONT COVER ASSY 120V;FE4-0918-000;TRAY, PAPER DELIVERY;
Canon;Canon imageCLASS MF247dw;FRONT COVER ASSY 120V;FE4-0919-000;STOPPER, PAPER DELIVERY;
Canon;Canon imageCLASS MF247dw;FRONT COVER ASSY 120V;XA9-0476-000;SCREW,TP M3X8;
Canon;Canon imageCLASS MF247dw;FRONT COVER ASSY 120V;FM1-G022-000;POWER SUPPLY SWITCH ASSY;
Canon;Canon imageCLASS MF247dw;FRONT COVER ASSY 120V;FM1-P833-000;CABLE, SWITCH;
Canon;Canon imageCLASS MF247dw;FRONT COVER ASSY 120V;FM1-F378-000;FRONT COVER ASSY;120V
Canon;Canon imageCLASS MF247dw;FRONT COVER ASSY 230V;FE4-0904-000;COVER, FRONT;
Canon;Canon imageCLASS MF247dw;FRONT COVER ASSY 230V;FL0-3567-000;COVER, PAPER PICK-UP;
Canon;Canon imageCLASS MF247dw;FRONT COVER ASSY 230V;FE4-0927-000;LABEL, SIZE INSTRUCTION;
Canon;Canon imageCLASS MF247dw;FRONT COVER ASSY 230V;FE4-0916-000;COVER, DUST, 2;
Canon;Canon imageCLASS MF247dw;FRONT COVER ASSY 230V;FM1-F366-000;DUST COVER ASSEMBLY;
Canon;Canon imageCLASS MF247dw;FRONT COVER ASSY 230V;FM1-F364-000;MULTI TRAY ASSEMBLY;
Canon;Canon imageCLASS MF247dw;FRONT COVER ASSY 230V;FC0-1663-000;PLATE, EXTENSION;
Canon;Canon imageCLASS MF247dw;FRONT COVER ASSY 230V;FC0-1664-000;STOPPER,PAPER;
Canon;Canon imageCLASS MF247dw;FRONT COVER ASSY 230V;FE4-0917-000;HOLDER, TRAY;
Canon;Canon imageCLASS MF247dw;FRONT COVER ASSY 230V;FE4-0918-000;TRAY, PAPER DELIVERY;
Canon;Canon imageCLASS MF247dw;FRONT COVER ASSY 230V;FE4-0919-000;STOPPER, PAPER DELIVERY;
Canon;Canon imageCLASS MF247dw;FRONT COVER ASSY 230V;XA9-0476-000;SCREW,TP M3X8;
Canon;Canon imageCLASS MF247dw;FRONT COVER ASSY 230V;FM1-F367-000;POWER SUPPLY SWITCH ASSY;
Canon;Canon imageCLASS MF247dw;FRONT COVER ASSY 230V;FM0-4130-000;CABLE, SWITCH;
Canon;Canon imageCLASS MF247dw;FRONT COVER ASSY 230V;FM1-F330-000;FRONT COVER ASSY;230V
Canon;Canon imageCLASS MF247dw;INTERNAL COMPONENTS 1 MF249 120V, MF247 120V;FC0-1644-000;LINK, PRESSURE RELEASE, LEFT;
Canon;Canon imageCLASS MF247dw;INTERNAL COMPONENTS 1 MF249 120V, MF247 120V;FC0-1645-000;LINK, PRESSURE RELEASE, RIGHT;
Canon;Canon imageCLASS MF247dw;INTERNAL COMPONENTS 1 MF249 120V, MF247 120V;FC0-1789-000;SPRING;
Canon;Canon imageCLASS MF247dw;INTERNAL COMPONENTS 1 MF249 120V, MF247 120V;FC8-1367-000;SCREW, W/WASHER, M3X8;
Canon;Canon imageCLASS MF247dw;INTERNAL COMPONENTS 1 MF249 120V, MF247 120V;FC8-1368-000;SCREW, M3X6;
Canon;Canon imageCLASS MF247dw;INTERNAL COMPONENTS 1 MF249 120V, MF247 120V;FC8-1370-000;SCREW, TP, M3X6;
Canon;Canon imageCLASS MF247dw;INTERNAL COMPONENTS 1 MF249 120V, MF247 120V;FK4-2081-000;CABLE, FLAT;
Canon;Canon imageCLASS MF247dw;INTERNAL COMPONENTS 1 MF249 120V, MF247 120V;FM1-F264-000;FIXING PAPER DELIVERY ASSY;H1, PS701, PS702,TH1, TP1
Canon;Canon imageCLASS MF247dw;INTERNAL COMPONENTS 1 MF249 120V, MF247 120V;FM1-F266-000;ROLLER HOLDER ASSEMBLY;
Canon;Canon imageCLASS MF247dw;INTERNAL COMPONENTS 1 MF249 120V, MF247 120V;FM1-Y811-000;ENGINE CONTROL PCB ASSY;SW501
Canon;Canon imageCLASS MF247dw;INTERNAL COMPONENTS 1 MF249 120V, MF247 120V;FM4-6895-000;SWITCH LEVER ASSY;
Canon;Canon imageCLASS MF247dw;INTERNAL COMPONENTS 1 MF249 120V, MF247 120V;WE8-6481-000;CORE, FERRITE;
Canon;Canon imageCLASS MF247dw;INTERNAL COMPONENTS 1 MF249 120V, MF247 120V;FK4-1248-020;MODULE, WLAN;
Canon;Canon imageCLASS MF247dw;INTERNAL COMPONENTS 1 MF249 120V, MF247 120V;FK4-2140-000;CABLE, FLAT;
Canon;Canon imageCLASS MF247dw;INTERNAL COMPONENTS 1 MF249 120V, MF247 120V;FK4-3183-000;FAN;FM2, FM3
Canon;Canon imageCLASS MF247dw;INTERNAL COMPONENTS 1 MF249 120V, MF247 120V;FM1-P832-000;CABLE, FAN;
Canon;Canon imageCLASS MF247dw;INTERNAL COMPONENTS 1 MF249 120V, MF247 120V;VS1-7440-003;CONNECTOR, SNAP TIGHT;
Canon;Canon imageCLASS MF247dw;INTERNAL COMPONENTS 1 MF249 120V, MF247 120V;FM0-3932-000;NCU PCB ASSEMBLY;
Canon;Canon imageCLASS MF247dw;INTERNAL COMPONENTS 1 MF249 120V, MF247 120V;FK3-3544-000;CABLE, FLAT, SCNT-CIS;
Canon;Canon imageCLASS MF247dw;INTERNAL COMPONENTS 1 MF249 120V, MF247 120V;WE8-6854-000;CORE,RING;
Canon;Canon imageCLASS MF247dw;INTERNAL COMPONENTS 1 MF244 120V;FC0-1644-000;LINK, PRESSURE RELEASE, LEFT;
Canon;Canon imageCLASS MF247dw;INTERNAL COMPONENTS 1 MF244 120V;FC0-1645-000;LINK, PRESSURE RELEASE, RIGHT;
Canon;Canon imageCLASS MF247dw;INTERNAL COMPONENTS 1 MF244 120V;FC0-1789-000;SPRING;
Canon;Canon imageCLASS MF247dw;INTERNAL COMPONENTS 1 MF244 120V;FC8-1367-000;SCREW, W/WASHER, M3X8;
Canon;Canon imageCLASS MF247dw;INTERNAL COMPONENTS 1 MF244 120V;FC8-1368-000;SCREW, M3X6;
Canon;Canon imageCLASS MF247dw;INTERNAL COMPONENTS 1 MF244 120V;FC8-1370-000;SCREW, TP, M3X6;
Canon;Canon imageCLASS MF247dw;INTERNAL COMPONENTS 1 MF244 120V;FK4-2081-000;CABLE, FLAT;
Canon;Canon imageCLASS MF247dw;INTERNAL COMPONENTS 1 MF244 120V;FM1-F264-000;FIXING PAPER DELIVERY ASSY;H1, PS701, PS702,TH1, TP1
Canon;Canon imageCLASS MF247dw;INTERNAL COMPONENTS 1 MF244 120V;FM1-F266-000;ROLLER HOLDER ASSEMBLY;
Canon;Canon imageCLASS MF247dw;INTERNAL COMPONENTS 1 MF244 120V;FM1-Y812-000;ENGINE CONTROL PCB ASSY;SW501
Canon;Canon imageCLASS MF247dw;INTERNAL COMPONENTS 1 MF244 120V;FM4-6895-000;SWITCH LEVER ASSY;
Canon;Canon imageCLASS MF247dw;INTERNAL COMPONENTS 1 MF244 120V;WE8-6481-000;CORE, FERRITE;
Canon;Canon imageCLASS MF247dw;INTERNAL COMPONENTS 1 MF244 120V;FK4-1248-020;MODULE, WLAN;
Canon;Canon imageCLASS MF247dw;INTERNAL COMPONENTS 1 MF244 120V;FK4-2140-000;CABLE, FLAT;
Canon;Canon imageCLASS MF247dw;INTERNAL COMPONENTS 1 MF244 120V;FK4-3183-000;FAN;FM2, FM3
Canon;Canon imageCLASS MF247dw;INTERNAL COMPONENTS 1 MF244 120V;FM1-P832-000;CABLE, FAN;
Canon;Canon imageCLASS MF247dw;INTERNAL COMPONENTS 1 MF244 120V;VS1-7440-003;CONNECTOR, SNAP TIGHT;
Canon;Canon imageCLASS MF247dw;INTERNAL COMPONENTS 1 MF236;FC0-1644-000;LINK, PRESSURE RELEASE, LEFT;
Canon;Canon imageCLASS MF247dw;INTERNAL COMPONENTS 1 MF236;FC0-1645-000;LINK, PRESSURE RELEASE, RIGHT;
Canon;Canon imageCLASS MF247dw;INTERNAL COMPONENTS 1 MF236;FC0-1789-000;SPRING;
Canon;Canon imageCLASS MF247dw;INTERNAL COMPONENTS 1 MF236;FC8-1367-000;SCREW, W/WASHER, M3X8;
Canon;Canon imageCLASS MF247dw;INTERNAL COMPONENTS 1 MF236;FC8-1368-000;SCREW, M3X6;
Canon;Canon imageCLASS MF247dw;INTERNAL COMPONENTS 1 MF236;FC8-1370-000;SCREW, TP, M3X6;
Canon;Canon imageCLASS MF247dw;INTERNAL COMPONENTS 1 MF236;FK4-2081-000;CABLE, FLAT;
Canon;Canon imageCLASS MF247dw;INTERNAL COMPONENTS 1 MF236;FM1-F646-000;FIXING PAPER DELIVERY ASSY;H1, PS701, PS702,TH1, TP1
Canon;Canon imageCLASS MF247dw;INTERNAL COMPONENTS 1 MF236;FM1-F266-000;ROLLER HOLDER ASSEMBLY;
Canon;Canon imageCLASS MF247dw;INTERNAL COMPONENTS 1 MF236;FM1-Y803-000;ENGINE CONTROL PCB ASSY;SW501
Canon;Canon imageCLASS MF247dw;INTERNAL COMPONENTS 1 MF236;FM4-6895-000;SWITCH LEVER ASSY;
Canon;Canon imageCLASS MF247dw;INTERNAL COMPONENTS 1 MF236;WE8-6481-000;CORE, FERRITE;
Canon;Canon imageCLASS MF247dw;INTERNAL COMPONENTS 1 MF236;FM0-3932-000;NCU PCB ASSEMBLY;
Canon;Canon imageCLASS MF247dw;INTERNAL COMPONENTS 1 MF236;FK3-3544-000;CABLE, FLAT, SCNT-CIS;
Canon;Canon imageCLASS MF247dw;INTERNAL COMPONENTS 1 MF236;WE8-6854-000;CORE,RING;
Canon;Canon imageCLASS MF247dw;INTERNAL COMPONENTS 1 MF232;FC0-1644-000;LINK, PRESSURE RELEASE, LEFT;
Canon;Canon imageCLASS MF247dw;INTERNAL COMPONENTS 1 MF232;FC0-1645-000;LINK, PRESSURE RELEASE, RIGHT;
Canon;Canon imageCLASS MF247dw;INTERNAL COMPONENTS 1 MF232;FC0-1789-000;SPRING;
Canon;Canon imageCLASS MF247dw;INTERNAL COMPONENTS 1 MF232;FC8-1367-000;SCREW, W/WASHER, M3X8;
Canon;Canon imageCLASS MF247dw;INTERNAL COMPONENTS 1 MF232;FC8-1368-000;SCREW, M3X6;
Canon;Canon imageCLASS MF247dw;INTERNAL COMPONENTS 1 MF232;FC8-1370-000;SCREW, TP, M3X6;
Canon;Canon imageCLASS MF247dw;INTERNAL COMPONENTS 1 MF232;FK4-2081-000;CABLE, FLAT;
Canon;Canon imageCLASS MF247dw;INTERNAL COMPONENTS 1 MF232;FM1-F646-000;FIXING PAPER DELIVERY ASSY;H1, PS701, PS702,TH1, TP1
Canon;Canon imageCLASS MF247dw;INTERNAL COMPONENTS 1 MF232;FM1-F266-000;ROLLER HOLDER ASSEMBLY;
Canon;Canon imageCLASS MF247dw;INTERNAL COMPONENTS 1 MF232;FM1-Y804-000;ENGINE CONTROL PCB ASSY;SW501
Canon;Canon imageCLASS MF247dw;INTERNAL COMPONENTS 1 MF232;FM4-6895-000;SWITCH LEVER ASSY;
Canon;Canon imageCLASS MF247dw;INTERNAL COMPONENTS 1 MF232;WE8-6481-000;CORE, FERRITE;
Canon;Canon imageCLASS MF247dw;INTERNAL COMPONENTS 1 MF232;FK4-1248-020;MODULE, WLAN;
Canon;Canon imageCLASS MF247dw;INTERNAL COMPONENTS 1 MF232;FK4-2140-000;CABLE, FLAT;
Canon;Canon imageCLASS MF247dw;INTERNAL COMPONENTS 1 MF249 230V, MF247 230V;FC0-1644-000;LINK, PRESSURE RELEASE, LEFT;
Canon;Canon imageCLASS MF247dw;INTERNAL COMPONENTS 1 MF249 230V, MF247 230V;FC0-1645-000;LINK, PRESSURE RELEASE, RIGHT;
Canon;Canon imageCLASS MF247dw;INTERNAL COMPONENTS 1 MF249 230V, MF247 230V;FC0-1789-000;SPRING;
Canon;Canon imageCLASS MF247dw;INTERNAL COMPONENTS 1 MF249 230V, MF247 230V;FC8-1367-000;SCREW, W/WASHER, M3X8;
Canon;Canon imageCLASS MF247dw;INTERNAL COMPONENTS 1 MF249 230V, MF247 230V;FC8-1368-000;SCREW, M3X6;
Canon;Canon imageCLASS MF247dw;INTERNAL COMPONENTS 1 MF249 230V, MF247 230V;FC8-1370-000;SCREW, TP, M3X6;
Canon;Canon imageCLASS MF247dw;INTERNAL COMPONENTS 1 MF249 230V, MF247 230V;FK4-2081-000;CABLE, FLAT;
Canon;Canon imageCLASS MF247dw;INTERNAL COMPONENTS 1 MF249 230V, MF247 230V;FM1-F342-000;FIXING PAPER DELIVERY ASSY;H1, PS701, PS702,TH1, TP1
Canon;Canon imageCLASS MF247dw;INTERNAL COMPONENTS 1 MF249 230V, MF247 230V;FM1-F266-000;ROLLER HOLDER ASSEMBLY;
Canon;Canon imageCLASS MF247dw;INTERNAL COMPONENTS 1 MF249 230V, MF247 230V;FM1-Y813-000;ENGINE CONTROL PCB ASSY;SW501
Canon;Canon imageCLASS MF247dw;INTERNAL COMPONENTS 1 MF249 230V, MF247 230V;FM4-6895-000;SWITCH LEVER ASSY;
Canon;Canon imageCLASS MF247dw;INTERNAL COMPONENTS 1 MF249 230V, MF247 230V;WE8-6481-000;CORE, FERRITE;
Canon;Canon imageCLASS MF247dw;INTERNAL COMPONENTS 1 MF249 230V, MF247 230V;FK4-1248-020;MODULE, WLAN;
Canon;Canon imageCLASS MF247dw;INTERNAL COMPONENTS 1 MF249 230V, MF247 230V;FK4-2140-000;CABLE, FLAT;
Canon;Canon imageCLASS MF247dw;INTERNAL COMPONENTS 1 MF249 230V, MF247 230V;FK4-3183-000;FAN;FM2, FM3
Canon;Canon imageCLASS MF247dw;INTERNAL COMPONENTS 1 MF249 230V, MF247 230V;FM1-J960-000;CABLE, FAN;
Canon;Canon imageCLASS MF247dw;INTERNAL COMPONENTS 1 MF249 230V, MF247 230V;VS1-7440-003;CONNECTOR, SNAP TIGHT;
Canon;Canon imageCLASS MF247dw;INTERNAL COMPONENTS 1 MF249 230V, MF247 230V;FM0-3932-000;NCU PCB ASSEMBLY;
Canon;Canon imageCLASS MF247dw;INTERNAL COMPONENTS 1 MF249 230V, MF247 230V;FK3-3544-000;CABLE, FLAT, SCNT-CIS;
Canon;Canon imageCLASS MF247dw;INTERNAL COMPONENTS 1 MF249 230V, MF247 230V;WE8-6854-000;CORE,RING;
Canon;Canon imageCLASS MF247dw;INTERNAL COMPONENTS 1 MF244 230V;FC0-1644-000;LINK, PRESSURE RELEASE, LEFT;
Canon;Canon imageCLASS MF247dw;INTERNAL COMPONENTS 1 MF244 230V;FC0-1645-000;LINK, PRESSURE RELEASE, RIGHT;
Canon;Canon imageCLASS MF247dw;INTERNAL COMPONENTS 1 MF244 230V;FC0-1789-000;SPRING;
Canon;Canon imageCLASS MF247dw;INTERNAL COMPONENTS 1 MF244 230V;FC8-1367-000;SCREW, W/WASHER, M3X8;
Canon;Canon imageCLASS MF247dw;INTERNAL COMPONENTS 1 MF244 230V;FC8-1368-000;SCREW, M3X6;
Canon;Canon imageCLASS MF247dw;INTERNAL COMPONENTS 1 MF244 230V;FC8-1370-000;SCREW, TP, M3X6;
Canon;Canon imageCLASS MF247dw;INTERNAL COMPONENTS 1 MF244 230V;FK4-2081-000;CABLE, FLAT;
Canon;Canon imageCLASS MF247dw;INTERNAL COMPONENTS 1 MF244 230V;FM1-F342-000;FIXING PAPER DELIVERY ASSY;H1, PS701, PS702,TH1, TP1
Canon;Canon imageCLASS MF247dw;INTERNAL COMPONENTS 1 MF244 230V;FM1-F266-000;ROLLER HOLDER ASSEMBLY;
Canon;Canon imageCLASS MF247dw;INTERNAL COMPONENTS 1 MF244 230V;FM1-Y814-000;ENGINE CONTROL PCB ASSY;SW501
Canon;Canon imageCLASS MF247dw;INTERNAL COMPONENTS 1 MF244 230V;FM4-6895-000;SWITCH LEVER ASSY;
Canon;Canon imageCLASS MF247dw;INTERNAL COMPONENTS 1 MF244 230V;WE8-6481-000;CORE, FERRITE;
Canon;Canon imageCLASS MF247dw;INTERNAL COMPONENTS 1 MF244 230V;FK4-1248-020;MODULE, WLAN;
Canon;Canon imageCLASS MF247dw;INTERNAL COMPONENTS 1 MF244 230V;FK4-2140-000;CABLE, FLAT;
Canon;Canon imageCLASS MF247dw;INTERNAL COMPONENTS 1 MF244 230V;FK4-3183-000;FAN;FM2, FM3
Canon;Canon imageCLASS MF247dw;INTERNAL COMPONENTS 1 MF244 230V;FM1-J960-000;CABLE, FAN;
Canon;Canon imageCLASS MF247dw;INTERNAL COMPONENTS 1 MF244 230V;VS1-7440-003;CONNECTOR, SNAP TIGHT;
Canon;Canon imageCLASS MF247dw;INTERNAL COMPONENTS 2 MF244 100V/230V, MF242;FC0-1589-000;LINK, DOOR 1;
Canon;Canon imageCLASS MF247dw;INTERNAL COMPONENTS 2 MF244 100V/230V, MF242;FC0-1590-000;LINK, DOOR 2;
Canon;Canon imageCLASS MF247dw;INTERNAL COMPONENTS 2 MF244 100V/230V, MF242;FC0-1646-000;LINK, DOOR;
Canon;Canon imageCLASS MF247dw;INTERNAL COMPONENTS 2 MF244 100V/230V, MF242;FM1-G033-000;MOTOR, DC24V;M1
Canon;Canon imageCLASS MF247dw;INTERNAL COMPONENTS 2 MF244 100V/230V, MF242;FM1-L533-000;PAPER PICK-UP ASSY;SL2
Canon;Canon imageCLASS MF247dw;INTERNAL COMPONENTS 2 MF244 100V/230V, MF242;FM0-4133-000;PAPER PICK-UP SENSOR PCB ASSY;PS751
Canon;Canon imageCLASS MF247dw;INTERNAL COMPONENTS 2 MF244 100V/230V, MF242;RC2-1182-000;ROLLER, TRANSFER;
Canon;Canon imageCLASS MF247dw;INTERNAL COMPONENTS 2 MF244 100V/230V, MF242;RL1 -1497-000;ROLLER, PICK-UP;
Canon;Canon imageCLASS MF247dw;INTERNAL COMPONENTS 2 MF244 100V/230V, MF242;FM4-6893-000;SEPARATION PAD ASSY;
Canon;Canon imageCLASS MF247dw;INTERNAL COMPONENTS 2 MF244 100V/230V, MF242;FM0-3723-000;LASER SCANNER ASSY;M2
Canon;Canon imageCLASS MF247dw;INTERNAL COMPONENTS 2 MF244 100V/230V, MF242;FM0-4131-000;MOTOR PCB ASSY;PS1151
Canon;Canon imageCLASS MF247dw;INTERNAL COMPONENTS 2 MF244 100V/230V, MF242;FC8-1368-000;SCREW, M3X6;
Canon;Canon imageCLASS MF247dw;INTERNAL COMPONENTS 2 MF244 100V/230V, MF242;FC8-1369-000;SCREW, M3X10;
Canon;Canon imageCLASS MF247dw;INTERNAL COMPONENTS 2 MF244 100V/230V, MF242;FC8-1370-000;SCREW, TP, M3X6;
Canon;Canon imageCLASS MF247dw;INTERNAL COMPONENTS 2 MF244 100V/230V, MF242;RK2-0420-000;SOLENOID;SL1
Canon;Canon imageCLASS MF247dw;INTERNAL COMPONENTS 2 MF244 100V/230V, MF242;RK2-3438-000;FAN;FM1
Canon;Canon imageCLASS MF247dw;INTERNAL COMPONENTS 2 MF244 100V/230V, MF242;FM4-7064-000;DUPLEXING PCB ASSY;
Canon;Canon imageCLASS MF247dw;INTERNAL COMPONENTS 2 MF244 100V/230V, MF242;FU9-0289-000;GEAR, 34T;
Canon;Canon imageCLASS MF247dw;INTERNAL COMPONENTS 2 MF244 100V/230V, MF242;FM0-3656-000;PHOTO SENSOR ASSY, MULTI;PS1
Canon;Canon imageCLASS MF247dw;INTERNAL COMPONENTS 2 MF249 120V, MF247 120V;FC0-1589-000;LINK, DOOR 1;
Canon;Canon imageCLASS MF247dw;INTERNAL COMPONENTS 2 MF249 120V, MF247 120V;FC0-1590-000;LINK, DOOR 2;
Canon;Canon imageCLASS MF247dw;INTERNAL COMPONENTS 2 MF249 120V, MF247 120V;FC0-1646-000;LINK, DOOR;
Canon;Canon imageCLASS MF247dw;INTERNAL COMPONENTS 2 MF249 120V, MF247 120V;FM1-G033-000;MOTOR, DC24V;M1
Canon;Canon imageCLASS MF247dw;INTERNAL COMPONENTS 2 MF249 120V, MF247 120V;FM1-L533-000;PAPER PICK-UP ASSY;SL2
Canon;Canon imageCLASS MF247dw;INTERNAL COMPONENTS 2 MF249 120V, MF247 120V;FM0-4133-000;PAPER PICK-UP SENSOR PCB ASSY;PS751
Canon;Canon imageCLASS MF247dw;INTERNAL COMPONENTS 2 MF249 120V, MF247 120V;RC2-1182-000;ROLLER, TRANSFER;
Canon;Canon imageCLASS MF247dw;INTERNAL COMPONENTS 2 MF249 120V, MF247 120V;RL1 -1497-000;ROLLER, PICK-UP;
Canon;Canon imageCLASS MF247dw;INTERNAL COMPONENTS 2 MF249 120V, MF247 120V;FM4-6893-000;SEPARATION PAD ASSY;
Canon;Canon imageCLASS MF247dw;INTERNAL COMPONENTS 2 MF249 120V, MF247 120V;FM1-F328-000;LASER SCANNER ASSY;M2
Canon;Canon imageCLASS MF247dw;INTERNAL COMPONENTS 2 MF249 120V, MF247 120V;FM0-4131-000;MOTOR PCB ASSY;PS1151
Canon;Canon imageCLASS MF247dw;INTERNAL COMPONENTS 2 MF249 120V, MF247 120V;FC8-1368-000;SCREW, M3X6;
Canon;Canon imageCLASS MF247dw;INTERNAL COMPONENTS 2 MF249 120V, MF247 120V;FC8-1369-000;SCREW, M3X10;
Canon;Canon imageCLASS MF247dw;INTERNAL COMPONENTS 2 MF249 120V, MF247 120V;FC8-1370-000;SCREW, TP, M3X6;
Canon;Canon imageCLASS MF247dw;INTERNAL COMPONENTS 2 MF249 120V, MF247 120V;RK2-0420-000;SOLENOID;SL1
Canon;Canon imageCLASS MF247dw;INTERNAL COMPONENTS 2 MF249 120V, MF247 120V;RK2-3438-000;FAN;FM1
Canon;Canon imageCLASS MF247dw;INTERNAL COMPONENTS 2 MF249 120V, MF247 120V;FM4-7064-000;DUPLEXING PCB ASSY;
Canon;Canon imageCLASS MF247dw;INTERNAL COMPONENTS 2 MF249 120V, MF247 120V;FU9-0289-000;GEAR, 34T;
Canon;Canon imageCLASS MF247dw;INTERNAL COMPONENTS 2 MF249 120V, MF247 120V;FK3-3667-000;SPEAKER;SP1
Canon;Canon imageCLASS MF247dw;INTERNAL COMPONENTS 2 MF249 120V, MF247 120V;FM1-F336-000;PHOTO SENSOR ASSY, TONER;PS1, SR1
Canon;Canon imageCLASS MF247dw;INTERNAL COMPONENTS 2 MF244 120V;FC0-1589-000;LINK, DOOR 1;
Canon;Canon imageCLASS MF247dw;INTERNAL COMPONENTS 2 MF244 120V;FC0-1590-000;LINK, DOOR 2;
Canon;Canon imageCLASS MF247dw;INTERNAL COMPONENTS 2 MF244 120V;FC0-1646-000;LINK, DOOR;
Canon;Canon imageCLASS MF247dw;INTERNAL COMPONENTS 2 MF244 120V;FM1-G033-000;MOTOR, DC24V;M1
Canon;Canon imageCLASS MF247dw;INTERNAL COMPONENTS 2 MF244 120V;FM1-L533-000;PAPER PICK-UP ASSY;SL2
Canon;Canon imageCLASS MF247dw;INTERNAL COMPONENTS 2 MF244 120V;FM0-4133-000;PAPER PICK-UP SENSOR PCB ASSY;PS751
Canon;Canon imageCLASS MF247dw;INTERNAL COMPONENTS 2 MF244 120V;RC2-1182-000;ROLLER, TRANSFER;
Canon;Canon imageCLASS MF247dw;INTERNAL COMPONENTS 2 MF244 120V;RL1 -1497-000;ROLLER, PICK-UP;
Canon;Canon imageCLASS MF247dw;INTERNAL COMPONENTS 2 MF244 120V;FM4-6893-000;SEPARATION PAD ASSY;
Canon;Canon imageCLASS MF247dw;INTERNAL COMPONENTS 2 MF244 120V;FM1-F328-000;LASER SCANNER ASSY;M2
Canon;Canon imageCLASS MF247dw;INTERNAL COMPONENTS 2 MF244 120V;FM0-4131-000;MOTOR PCB ASSY;PS1151
Canon;Canon imageCLASS MF247dw;INTERNAL COMPONENTS 2 MF244 120V;FC8-1368-000;SCREW, M3X6;
Canon;Canon imageCLASS MF247dw;INTERNAL COMPONENTS 2 MF244 120V;FC8-1369-000;SCREW, M3X10;
Canon;Canon imageCLASS MF247dw;INTERNAL COMPONENTS 2 MF244 120V;FC8-1370-000;SCREW, TP, M3X6;
Canon;Canon imageCLASS MF247dw;INTERNAL COMPONENTS 2 MF244 120V;RK2-0420-000;SOLENOID;SL1
Canon;Canon imageCLASS MF247dw;INTERNAL COMPONENTS 2 MF244 120V;RK2-3438-000;FAN;FM1
Canon;Canon imageCLASS MF247dw;INTERNAL COMPONENTS 2 MF244 120V;FM4-7064-000;DUPLEXING PCB ASSY;
Canon;Canon imageCLASS MF247dw;INTERNAL COMPONENTS 2 MF244 120V;FU9-0289-000;GEAR, 34T;
Canon;Canon imageCLASS MF247dw;INTERNAL COMPONENTS 2 MF244 120V;FM1-F653-000;PHOTO SENSOR ASSY, MULTI;PS1
Canon;Canon imageCLASS MF247dw;INTERNAL COMPONENTS 2 MF236;FC0-1589-000;LINK, DOOR 1;
Canon;Canon imageCLASS MF247dw;INTERNAL COMPONENTS 2 MF236;FC0-1590-000;LINK, DOOR 2;
Canon;Canon imageCLASS MF247dw;INTERNAL COMPONENTS 2 MF236;FC0-1646-000;LINK, DOOR;
Canon;Canon imageCLASS MF247dw;INTERNAL COMPONENTS 2 MF236;FM1-G033-000;MOTOR, DC24V;M1
Canon;Canon imageCLASS MF247dw;INTERNAL COMPONENTS 2 MF236;FM1-N753-000;PAPER PICK-UP ASSY;SL1
Canon;Canon imageCLASS MF247dw;INTERNAL COMPONENTS 2 MF236;FM0-4133-000;PAPER PICK-UP SENSOR PCB ASSY;PS751
Canon;Canon imageCLASS MF247dw;INTERNAL COMPONENTS 2 MF236;RC2-1182-000;ROLLER, TRANSFER;
Canon;Canon imageCLASS MF247dw;INTERNAL COMPONENTS 2 MF236;RL1 -1497-000;ROLLER, PICK-UP;
Canon;Canon imageCLASS MF247dw;INTERNAL COMPONENTS 2 MF236;FM4-6893-000;SEPARATION PAD ASSY;
Canon;Canon imageCLASS MF247dw;INTERNAL COMPONENTS 2 MF236;FM1-F655-000;LASER SCANNER ASSY;M2
Canon;Canon imageCLASS MF247dw;INTERNAL COMPONENTS 2 MF236;FM0-4132-000;MOTOR PCB ASSY;PS1151
Canon;Canon imageCLASS MF247dw;INTERNAL COMPONENTS 2 MF236;FC8-1368-000;SCREW, M3X6;
Canon;Canon imageCLASS MF247dw;INTERNAL COMPONENTS 2 MF236;FC8-1369-000;SCREW, M3X10;
Canon;Canon imageCLASS MF247dw;INTERNAL COMPONENTS 2 MF236;FC8-1370-000;SCREW, TP, M3X6;
Canon;Canon imageCLASS MF247dw;INTERNAL COMPONENTS 2 MF236;FK3-3667-000;SPEAKER;SP1
Canon;Canon imageCLASS MF247dw;INTERNAL COMPONENTS 2 MF236;FM1-F336-000;PHOTO SENSOR ASSY, TONER;PS1, SR1
Canon;Canon imageCLASS MF247dw;INTERNAL COMPONENTS 2 MF232;FC0-1589-000;LINK, DOOR 1;
Canon;Canon imageCLASS MF247dw;INTERNAL COMPONENTS 2 MF232;FC0-1590-000;LINK, DOOR 2;
Canon;Canon imageCLASS MF247dw;INTERNAL COMPONENTS 2 MF232;FC0-1646-000;LINK, DOOR;
Canon;Canon imageCLASS MF247dw;INTERNAL COMPONENTS 2 MF232;FM1-G033-000;MOTOR, DC24V;M1
Canon;Canon imageCLASS MF247dw;INTERNAL COMPONENTS 2 MF232;FM1-N753-000;PAPER PICK-UP ASSY;SL1
Canon;Canon imageCLASS MF247dw;INTERNAL COMPONENTS 2 MF232;FM0-4133-000;PAPER PICK-UP SENSOR PCB ASSY;PS751
Canon;Canon imageCLASS MF247dw;INTERNAL COMPONENTS 2 MF232;RC2-1182-000;ROLLER, TRANSFER;
Canon;Canon imageCLASS MF247dw;INTERNAL COMPONENTS 2 MF232;RL1 -1497-000;ROLLER, PICK-UP;
Canon;Canon imageCLASS MF247dw;INTERNAL COMPONENTS 2 MF232;FM4-6893-000;SEPARATION PAD ASSY;
Canon;Canon imageCLASS MF247dw;INTERNAL COMPONENTS 2 MF232;FM1-F655-000;LASER SCANNER ASSY;M2
Canon;Canon imageCLASS MF247dw;INTERNAL COMPONENTS 2 MF232;FM0-4132-000;MOTOR PCB ASSY;PS1151
Canon;Canon imageCLASS MF247dw;INTERNAL COMPONENTS 2 MF232;FC8-1368-000;SCREW, M3X6;
Canon;Canon imageCLASS MF247dw;INTERNAL COMPONENTS 2 MF232;FC8-1369-000;SCREW, M3X10;
Canon;Canon imageCLASS MF247dw;INTERNAL COMPONENTS 2 MF232;FC8-1370-000;SCREW, TP, M3X6;
Canon;Canon imageCLASS MF247dw;INTERNAL COMPONENTS 2 MF232;FM1-F653-000;PHOTO SENSOR ASSY, MULTI;PS1
Canon;Canon imageCLASS MF247dw;INTERNAL COMPONENTS 2 MF249 230V, MF247 230V;FC0-1589-000;LINK, DOOR 1;
Canon;Canon imageCLASS MF247dw;INTERNAL COMPONENTS 2 MF249 230V, MF247 230V;FC0-1590-000;LINK, DOOR 2;
Canon;Canon imageCLASS MF247dw;INTERNAL COMPONENTS 2 MF249 230V, MF247 230V;FC0-1646-000;LINK, DOOR;
Canon;Canon imageCLASS MF247dw;INTERNAL COMPONENTS 2 MF249 230V, MF247 230V;FM1-G033-000;MOTOR, DC24V;M1
Canon;Canon imageCLASS MF247dw;INTERNAL COMPONENTS 2 MF249 230V, MF247 230V;FM1-L533-000;PAPER PICK-UP ASSY;SL2
Canon;Canon imageCLASS MF247dw;INTERNAL COMPONENTS 2 MF249 230V, MF247 230V;FM0-4133-000;PAPER PICK-UP SENSOR PCB ASSY;PS751
Canon;Canon imageCLASS MF247dw;INTERNAL COMPONENTS 2 MF249 230V, MF247 230V;RC2-1182-000;ROLLER, TRANSFER;
Canon;Canon imageCLASS MF247dw;INTERNAL COMPONENTS 2 MF249 230V, MF247 230V;RL1 -1497-000;ROLLER, PICK-UP;
Canon;Canon imageCLASS MF247dw;INTERNAL COMPONENTS 2 MF249 230V, MF247 230V;FM4-6893-000;SEPARATION PAD ASSY;
Canon;Canon imageCLASS MF247dw;INTERNAL COMPONENTS 2 MF249 230V, MF247 230V;FM0-3723-000;LASER SCANNER ASSY;M2
Canon;Canon imageCLASS MF247dw;INTERNAL COMPONENTS 2 MF249 230V, MF247 230V;FM0-4131-000;MOTOR PCB ASSY;PS1151
Canon;Canon imageCLASS MF247dw;INTERNAL COMPONENTS 2 MF249 230V, MF247 230V;FC8-1368-000;SCREW, M3X6;
Canon;Canon imageCLASS MF247dw;INTERNAL COMPONENTS 2 MF249 230V, MF247 230V;FC8-1369-000;SCREW, M3X10;
Canon;Canon imageCLASS MF247dw;INTERNAL COMPONENTS 2 MF249 230V, MF247 230V;FC8-1370-000;SCREW, TP, M3X6;
Canon;Canon imageCLASS MF247dw;INTERNAL COMPONENTS 2 MF249 230V, MF247 230V;RK2-0420-000;SOLENOID;SL1
Canon;Canon imageCLASS MF247dw;INTERNAL COMPONENTS 2 MF249 230V, MF247 230V;RK2-3438-000;FAN;FM1
Canon;Canon imageCLASS MF247dw;INTERNAL COMPONENTS 2 MF249 230V, MF247 230V;FM4-7064-000;DUPLEXING PCB ASSY;
Canon;Canon imageCLASS MF247dw;INTERNAL COMPONENTS 2 MF249 230V, MF247 230V;FU9-0289-000;GEAR, 34T;
Canon;Canon imageCLASS MF247dw;INTERNAL COMPONENTS 2 MF249 230V, MF247 230V;FK3-3667-000;SPEAKER;SP1
Canon;Canon imageCLASS MF247dw;INTERNAL COMPONENTS 2 MF249 230V, MF247 230V;FM0-4381-000;PHOTO SENSOR ASSY, TONER;PS1, SR1
Canon;Canon imageCLASS MF247dw;ADF ASSY DADF model;FE4-0820-000;CAP;
Canon;Canon imageCLASS MF247dw;ADF ASSY DADF model;FE4-0742-000;COVER, DF, LOWER;
Canon;Canon imageCLASS MF247dw;ADF ASSY DADF model;FE4-0806-000;COVER, FRONT UPPER;
Canon;Canon imageCLASS MF247dw;ADF ASSY DADF model;FC6-5210-000;RETAINING RING (E-TYRE);
Canon;Canon imageCLASS MF247dw;ADF ASSY DADF model;FC7-6321-000;FLAG, DOCUMENT SCANNER;
Canon;Canon imageCLASS MF247dw;ADF ASSY DADF model;FC7-6322-000;ELIMINATOR, STATIC CHARGE;
Canon;Canon imageCLASS MF247dw;ADF ASSY DADF model;FC8-9210-000;PANEL, COPYBOARD;
Canon;Canon imageCLASS MF247dw;ADF ASSY DADF model;FC8-9251-000;ROLLER, PICK-UP;
Canon;Canon imageCLASS MF247dw;ADF ASSY DADF model;FC9-5060-000;BUSHING;
Canon;Canon imageCLASS MF247dw;ADF ASSY DADF model;FL0-3575-000;COVER, REAR;
Canon;Canon imageCLASS MF247dw;ADF ASSY DADF model;FL0-3573-000;HINGE, DADF;
Canon;Canon imageCLASS MF247dw;ADF ASSY DADF model;FL3-1023-000;ROLLER, SEPARATION;
Canon;Canon imageCLASS MF247dw;ADF ASSY DADF model;FE4-0805-000;COVER, DF, FRONT;
Canon;Canon imageCLASS MF247dw;ADF ASSY DADF model;FM1-F346-000;DOCUMENT TRAY ASSY;
Canon;Canon imageCLASS MF247dw;ADF ASSY DADF model;FM1-F347-000;DADF BASE ASSY;
Canon;Canon imageCLASS MF247dw;ADF ASSY DADF model;FE4-0738-000;TRAY, DOCUMENT;
Canon;Canon imageCLASS MF247dw;ADF ASSY DADF model;FM0-4439-000;SEPARATION ROLLER ASSY;
Canon;Canon imageCLASS MF247dw;ADF ASSY DADF model;FM0-4452-000;FEED GUIDE ASSEMBLY;
Canon;Canon imageCLASS MF247dw;ADF ASSY DADF model;FU5-1552-000;BUSHING;
Canon;Canon imageCLASS MF247dw;ADF ASSY DADF model;FU7-2869-000;SPRING, COMPRESSION;
Canon;Canon imageCLASS MF247dw;ADF ASSY DADF model;FU8-0473-000;GEAR, 24T;
Canon;Canon imageCLASS MF247dw;ADF ASSY DADF model;XA9-0476-000;SCREW,TP M3X8;
Canon;Canon imageCLASS MF247dw;ADF ASSY DADF model;FE4-0811-000;COVER, HANDLE;
Canon;Canon imageCLASS MF247dw;ADF ASSY DADF model;FE4-0741-000;COVER, DF, UPPER;
Canon;Canon imageCLASS MF247dw;ADF ASSY DADF model;XD9-0219-000;PIN, DOWEL;
Canon;Canon imageCLASS MF247dw;ADF ASSY ADF model 100V/230V;FC0-1698-000;PANEL, COPYBOARD;
Canon;Canon imageCLASS MF247dw;ADF ASSY ADF model 100V/230V;FE4-0820-000;CAP;
Canon;Canon imageCLASS MF247dw;ADF ASSY ADF model 100V/230V;FC6-5210-000;RETAINING RING (E-TYRE);
Canon;Canon imageCLASS MF247dw;ADF ASSY ADF model 100V/230V;FC8-9251-000;ROLLER, PICK-UP;
Canon;Canon imageCLASS MF247dw;ADF ASSY ADF model 100V/230V;FC9-5060-000;BUSHING;
Canon;Canon imageCLASS MF247dw;ADF ASSY ADF model 100V/230V;FE4-0893-000;COVER, DF, LOWER;
Canon;Canon imageCLASS MF247dw;ADF ASSY ADF model 100V/230V;FE4-1344-000;HINGE, SADF;
Canon;Canon imageCLASS MF247dw;ADF ASSY ADF model 100V/230V;FK3-3659-000;MOTOR, STEPPING;M5
Canon;Canon imageCLASS MF247dw;ADF ASSY ADF model 100V/230V;FL3-1023-000;ROLLER, SEPARATION;
Canon;Canon imageCLASS MF247dw;ADF ASSY ADF model 100V/230V;FE4-0895-000;COVER, DF, FRONT;
Canon;Canon imageCLASS MF247dw;ADF ASSY ADF model 100V/230V;FM1-F371-000;SADF BASE ASSEMBLY;
Canon;Canon imageCLASS MF247dw;ADF ASSY ADF model 100V/230V;FM1-F373-010;AUTO DOCUMENT FEEDER ASSEMBLY;
Canon;Canon imageCLASS MF247dw;ADF ASSY ADF model 100V/230V;FM0-4413-000;FEED ROLLER ASSY;
Canon;Canon imageCLASS MF247dw;ADF ASSY ADF model 100V/230V;FE4-0738-000;TRAY, DOCUMENT;
Canon;Canon imageCLASS MF247dw;ADF ASSY ADF model 100V/230V;FM0-4439-000;SEPARATION ROLLER ASSY;
Canon;Canon imageCLASS MF247dw;ADF ASSY ADF model 100V/230V;FM3-8687-000;SEPARATION PAD ASSEMBLY;
Canon;Canon imageCLASS MF247dw;ADF ASSY ADF model 100V/230V;FU0-0204-000;GEAR, 21T;
Canon;Canon imageCLASS MF247dw;ADF ASSY ADF model 100V/230V;FU5-1552-000;BUSHING;
Canon;Canon imageCLASS MF247dw;ADF ASSY ADF model 100V/230V;FU5-6711 -000;ROLLER, AUXILIARY;
Canon;Canon imageCLASS MF247dw;ADF ASSY ADF model 100V/230V;FU7-2869-000;SPRING, COMPRESSION;
Canon;Canon imageCLASS MF247dw;ADF ASSY ADF model 100V/230V;WG8-5935-000;IC, PHOTO INTERRUPTER;PS4, PS5
Canon;Canon imageCLASS MF247dw;ADF ASSY ADF model 100V/230V;XA9-0476-000;SCREW,TP M3X8;
Canon;Canon imageCLASS MF247dw;ADF ASSY ADF model 100V/230V;FE4-0889-000;COVER, REAR;
Canon;Canon imageCLASS MF247dw;ADF ASSY ADF model 100V/230V;FE4-0891-000;COVER, DF, UPPER;
Canon;Canon imageCLASS MF247dw;ADF ASSY ADF model 100V/230V;FE4-0811-000;COVER, HANDLE;
Canon;Canon imageCLASS MF247dw;ADF ASSY ADF model 100V/230V;FM1-F374-000;DOCUMENT SLIDE ASSY;
Canon;Canon imageCLASS MF247dw;ADF ASSY ADF model 100V/230V;XD9-0219-000;PIN, DOWEL;
Canon;Canon imageCLASS MF247dw;ADF ASSY ADF model 120V;FC0-1698-000;PANEL, COPYBOARD;
Canon;Canon imageCLASS MF247dw;ADF ASSY ADF model 120V;FE4-0820-000;CAP;
Canon;Canon imageCLASS MF247dw;ADF ASSY ADF model 120V;FC6-5210-000;RETAINING RING (E-TYRE);
Canon;Canon imageCLASS MF247dw;ADF ASSY ADF model 120V;FC8-9251-000;ROLLER, PICK-UP;
Canon;Canon imageCLASS MF247dw;ADF ASSY ADF model 120V;FC9-5060-000;BUSHING;
Canon;Canon imageCLASS MF247dw;ADF ASSY ADF model 120V;FE4-0892-000;COVER, DF, LOWER;
Canon;Canon imageCLASS MF247dw;ADF ASSY ADF model 120V;FE4-1344-000;HINGE, SADF;
Canon;Canon imageCLASS MF247dw;ADF ASSY ADF model 120V;FK3-3659-000;MOTOR, STEPPING;M5
Canon;Canon imageCLASS MF247dw;ADF ASSY ADF model 120V;FL3-1023-000;ROLLER, SEPARATION;
Canon;Canon imageCLASS MF247dw;ADF ASSY ADF model 120V;FE4-0895-000;COVER, DF, FRONT;
Canon;Canon imageCLASS MF247dw;ADF ASSY ADF model 120V;FM1-F371-000;SADF BASE ASSEMBLY;
Canon;Canon imageCLASS MF247dw;ADF ASSY ADF model 120V;FM1-G023-000;AUTO DOCUMENT FEEDER ASSEMBLY;
Canon;Canon imageCLASS MF247dw;ADF ASSY ADF model 120V;FM0-4413-000;FEED ROLLER ASSY;
Canon;Canon imageCLASS MF247dw;ADF ASSY ADF model 120V;FE4-0738-000;TRAY, DOCUMENT;
Canon;Canon imageCLASS MF247dw;ADF ASSY ADF model 120V;FM0-4439-000;SEPARATION ROLLER ASSY;
Canon;Canon imageCLASS MF247dw;ADF ASSY ADF model 120V;FM3-8687-000;SEPARATION PAD ASSEMBLY;
Canon;Canon imageCLASS MF247dw;ADF ASSY ADF model 120V;FU0-0204-000;GEAR, 21T;
Canon;Canon imageCLASS MF247dw;ADF ASSY ADF model 120V;FU5-1552-000;BUSHING;
Canon;Canon imageCLASS MF247dw;ADF ASSY ADF model 120V;FU5-6711 -000;ROLLER, AUXILIARY;
Canon;Canon imageCLASS MF247dw;ADF ASSY ADF model 120V;FU7-2869-000;SPRING, COMPRESSION;
Canon;Canon imageCLASS MF247dw;ADF ASSY ADF model 120V;WG8-5935-000;IC, PHOTO INTERRUPTER;PS4, PS5
Canon;Canon imageCLASS MF247dw;ADF ASSY ADF model 120V;XA9-0476-000;SCREW,TP M3X8;
Canon;Canon imageCLASS MF247dw;ADF ASSY ADF model 120V;FE4-0889-000;COVER, REAR;
Canon;Canon imageCLASS MF247dw;ADF ASSY ADF model 120V;FE4-0891-000;COVER, DF, UPPER;
Canon;Canon imageCLASS MF247dw;ADF ASSY ADF model 120V;FE4-0811-000;COVER, HANDLE;
Canon;Canon imageCLASS MF247dw;ADF ASSY ADF model 120V;FM1-F374-000;DOCUMENT SLIDE ASSY;
Canon;Canon imageCLASS MF247dw;ADF ASSY ADF model 120V;XD9-0219-000;PIN, DOWEL;
Canon;Canon imageCLASS MF247dw;PAPER FEEDER ASSEMBLY DADF model 100V/230V;FC6-5210-000;RETAINING RING (E-TYRE);
Canon;Canon imageCLASS MF247dw;PAPER FEEDER ASSEMBLY DADF model 100V/230V;FC7-6182-000;LEVER, ROLLER RELEASE;
Canon;Canon imageCLASS MF247dw;PAPER FEEDER ASSEMBLY DADF model 100V/230V;FC7-6278-000;FLAPPER, PAPER DELIVERY;
Canon;Canon imageCLASS MF247dw;PAPER FEEDER ASSEMBLY DADF model 100V/230V;FC9-1325-000;SPRING,SEPARATION SWING ARM;
Canon;Canon imageCLASS MF247dw;PAPER FEEDER ASSEMBLY DADF model 100V/230V;FM1-J961-000;CABLE, MOTOR;
Canon;Canon imageCLASS MF247dw;PAPER FEEDER ASSEMBLY DADF model 100V/230V;FM3-8682-000;PAPER DELIVERY ASSY;
Canon;Canon imageCLASS MF247dw;PAPER FEEDER ASSEMBLY DADF model 100V/230V;FM1-G017-000;MOTOR DRIVE ASSY;M4
Canon;Canon imageCLASS MF247dw;PAPER FEEDER ASSEMBLY DADF model 100V/230V;FM3-8690-000;PAPER DELIVERY ROLLER ASSY;
Canon;Canon imageCLASS MF247dw;PAPER FEEDER ASSEMBLY DADF model 100V/230V;FM3-8686-000;GUIDE ASSEMBLY, UPPER;
Canon;Canon imageCLASS MF247dw;PAPER FEEDER ASSEMBLY DADF model 100V/230V;FM4-6919-000;SOLENOID ASSY;SL3
Canon;Canon imageCLASS MF247dw;PAPER FEEDER ASSEMBLY DADF model 100V/230V;FM4-7532-000;PAPER FEED ROLLER ASSEMBLY;
Canon;Canon imageCLASS MF247dw;PAPER FEEDER ASSEMBLY DADF model 100V/230V;FU5-1552-000;BUSHING;
Canon;Canon imageCLASS MF247dw;PAPER FEEDER ASSEMBLY DADF model 100V/230V;FU6-2249-000;SPRING, COMPRESSION;
Canon;Canon imageCLASS MF247dw;PAPER FEEDER ASSEMBLY DADF model 100V/230V;FU7-2021 -000;SPRING, COMPRESSION;
Canon;Canon imageCLASS MF247dw;PAPER FEEDER ASSEMBLY DADF model 100V/230V;WG8-5935-000;IC, PHOTO INTERRUPTER;PS2, PS3
Canon;Canon imageCLASS MF247dw;PAPER FEEDER ASSEMBLY DADF model 100V/230V;FC7-6052-010;RATCHET, PAPER FEED ROLLER;
Canon;Canon imageCLASS MF247dw;PAPER FEEDER ASSEMBLY DADF model 100V/230V;FC8-9214-000;LEVER, RELEASE;
Canon;Canon imageCLASS MF247dw;PAPER FEEDER ASSEMBLY DADF model 100V/230V;FL3-1018-000;ARM, SEPARATION SWING;
Canon;Canon imageCLASS MF247dw;PAPER FEEDER ASSEMBLY DADF model 100V/230V;FU5-6711 -000;ROLLER, AUXILIARY;
Canon;Canon imageCLASS MF247dw;PAPER FEEDER ASSEMBLY DADF model 100V/230V;FU7-0668-000;GEAR, 54T;
Canon;Canon imageCLASS MF247dw;PAPER FEEDER ASSEMBLY DADF model 100V/230V;FU7-0669-000;GEAR, 46T/23T;
Canon;Canon imageCLASS MF247dw;PAPER FEEDER ASSEMBLY DADF model 100V/230V;FU7-0671-000;GEAR, 36T;
Canon;Canon imageCLASS MF247dw;PAPER FEEDER ASSEMBLY DADF model 100V/230V;FU7-0676-000;GEAR, 21T/42T;
Canon;Canon imageCLASS MF247dw;PAPER FEEDER ASSEMBLY DADF model 100V/230V;FU7-0678-000;GEAR, 51T/17T;
Canon;Canon imageCLASS MF247dw;PAPER FEEDER ASSEMBLY DADF model 100V/230V;FU7-2868-000;SPRING, TENSION;
Canon;Canon imageCLASS MF247dw;PAPER FEEDER ASSEMBLY DADF model 100V/230V;FU8-0472-000;GEAR, 20T;
Canon;Canon imageCLASS MF247dw;PAPER FEEDER ASSEMBLY DADF model 120V;FC6-5210-000;RETAINING RING (E-TYRE);
Canon;Canon imageCLASS MF247dw;PAPER FEEDER ASSEMBLY DADF model 120V;FC7-6182-000;LEVER, ROLLER RELEASE;
Canon;Canon imageCLASS MF247dw;PAPER FEEDER ASSEMBLY DADF model 120V;FC7-6278-000;FLAPPER, PAPER DELIVERY;
Canon;Canon imageCLASS MF247dw;PAPER FEEDER ASSEMBLY DADF model 120V;FC9-1325-000;SPRING,SEPARATION SWING ARM;
Canon;Canon imageCLASS MF247dw;PAPER FEEDER ASSEMBLY DADF model 120V;FM1-P835-000;CABLE, MOTOR;
Canon;Canon imageCLASS MF247dw;PAPER FEEDER ASSEMBLY DADF model 120V;FM3-8682-000;PAPER DELIVERY ASSY;
Canon;Canon imageCLASS MF247dw;PAPER FEEDER ASSEMBLY DADF model 120V;FM1-G017-000;MOTOR DRIVE ASSY;M4
Canon;Canon imageCLASS MF247dw;PAPER FEEDER ASSEMBLY DADF model 120V;FM3-8690-000;PAPER DELIVERY ROLLER ASSY;
Canon;Canon imageCLASS MF247dw;PAPER FEEDER ASSEMBLY DADF model 120V;FM3-8686-000;GUIDE ASSEMBLY, UPPER;
Canon;Canon imageCLASS MF247dw;PAPER FEEDER ASSEMBLY DADF model 120V;FM4-6919-000;SOLENOID ASSY;SL3
Canon;Canon imageCLASS MF247dw;PAPER FEEDER ASSEMBLY DADF model 120V;FM4-7532-000;PAPER FEED ROLLER ASSEMBLY;
Canon;Canon imageCLASS MF247dw;PAPER FEEDER ASSEMBLY DADF model 120V;FU5-1552-000;BUSHING;
Canon;Canon imageCLASS MF247dw;PAPER FEEDER ASSEMBLY DADF model 120V;FU6-2249-000;SPRING, COMPRESSION;
Canon;Canon imageCLASS MF247dw;PAPER FEEDER ASSEMBLY DADF model 120V;FU7-2021 -000;SPRING, COMPRESSION;
Canon;Canon imageCLASS MF247dw;PAPER FEEDER ASSEMBLY DADF model 120V;WG8-5935-000;IC, PHOTO INTERRUPTER;PS2, PS3
Canon;Canon imageCLASS MF247dw;PAPER FEEDER ASSEMBLY DADF model 120V;FC7-6052-010;RATCHET, PAPER FEED ROLLER;
Canon;Canon imageCLASS MF247dw;PAPER FEEDER ASSEMBLY DADF model 120V;FC8-9214-000;LEVER, RELEASE;
Canon;Canon imageCLASS MF247dw;PAPER FEEDER ASSEMBLY DADF model 120V;FL3-1018-000;ARM, SEPARATION SWING;
Canon;Canon imageCLASS MF247dw;PAPER FEEDER ASSEMBLY DADF model 120V;FU5-6711 -000;ROLLER, AUXILIARY;
Canon;Canon imageCLASS MF247dw;PAPER FEEDER ASSEMBLY DADF model 120V;FU7-0668-000;GEAR, 54T;
Canon;Canon imageCLASS MF247dw;PAPER FEEDER ASSEMBLY DADF model 120V;FU7-0669-000;GEAR, 46T/23T;
Canon;Canon imageCLASS MF247dw;PAPER FEEDER ASSEMBLY DADF model 120V;FU7-0671-000;GEAR, 36T;
Canon;Canon imageCLASS MF247dw;PAPER FEEDER ASSEMBLY DADF model 120V;FU7-0676-000;GEAR, 21T/42T;
Canon;Canon imageCLASS MF247dw;PAPER FEEDER ASSEMBLY DADF model 120V;FU7-0678-000;GEAR, 51T/17T;
Canon;Canon imageCLASS MF247dw;PAPER FEEDER ASSEMBLY DADF model 120V;FU7-2868-000;SPRING, TENSION;
Canon;Canon imageCLASS MF247dw;PAPER FEEDER ASSEMBLY DADF model 120V;FU8-0472-000;GEAR, 20T;
Canon;Canon imageCLASS MF247dw;PAPER FEEDER ASSEMBLY DADF model 120V;FM1-G019-000;PAPER FEEDER ASSEMBLY;DADF model 120V
Canon;Canon imageCLASS MF247dw;READER ASSEMBLY DADF model 120V;FC0-1945-000;SPACER, CIS;
Canon;Canon imageCLASS MF247dw;READER ASSEMBLY DADF model 120V;FE2-2498-000;LINK, TILT;
Canon;Canon imageCLASS MF247dw;READER ASSEMBLY DADF model 120V;FE2-3233-000;BELT, TIMING;
Canon;Canon imageCLASS MF247dw;READER ASSEMBLY DADF model 120V;FK4-2086-000;CONTACT IMAGE SENSOR,HV12I-V02;CIS
Canon;Canon imageCLASS MF247dw;READER ASSEMBLY DADF model 120V;FK4-2085-000;CABLE, FLAT, SCNT-CIS;
Canon;Canon imageCLASS MF247dw;READER ASSEMBLY DADF model 120V;FK4-2108-000;CABLE, FLAT;
Canon;Canon imageCLASS MF247dw;READER ASSEMBLY DADF model 120V;FL3-5062-000;IDLER PULLEY HOLDER ASSY;
Canon;Canon imageCLASS MF247dw;READER ASSEMBLY DADF model 120V;FL1-2224-000;COPYBOARD GLASS ASSY;
Canon;Canon imageCLASS MF247dw;READER ASSEMBLY DADF model 120V;FM1-F355-000;MOTOR ASSY;M3
Canon;Canon imageCLASS MF247dw;READER ASSEMBLY DADF model 120V;XA9-0476-000;SCREW,TP M3X8;
Canon;Canon imageCLASS MF247dw;READER ASSEMBLY DADF model 120V;FU6-2873-000;SPRING, COMPRESSION;
Canon;Canon imageCLASS MF247dw;READER ASSEMBLY DADF model 120V;FM1-P243-000;READER ASSEMBLY;DADF model 120V
Canon;Canon imageCLASS MF247dw;READER ASSEMBLY ADF model MF247;FC0-1945-000;SPACER, CIS;
Canon;Canon imageCLASS MF247dw;READER ASSEMBLY ADF model MF247;FE2-2498-000;LINK, TILT;
Canon;Canon imageCLASS MF247dw;READER ASSEMBLY ADF model MF247;FE2-3233-000;BELT, TIMING;
Canon;Canon imageCLASS MF247dw;READER ASSEMBLY ADF model MF247;FK4-2086-000;CONTACT IMAGE SENSOR,HV12I-V02;CIS
Canon;Canon imageCLASS MF247dw;READER ASSEMBLY ADF model MF247;FK4-2085-000;CABLE, FLAT, SCNT-CIS;
Canon;Canon imageCLASS MF247dw;READER ASSEMBLY ADF model MF247;FK4-2108-000;CABLE, FLAT;
Canon;Canon imageCLASS MF247dw;READER ASSEMBLY ADF model MF247;FL3-5062-000;IDLER PULLEY HOLDER ASSY;
Canon;Canon imageCLASS MF247dw;READER ASSEMBLY ADF model MF247;FL1-2225-000;COPYBOARD GLASS ASSY;
Canon;Canon imageCLASS MF247dw;READER ASSEMBLY ADF model MF247;FM1-F355-000;MOTOR ASSY;M3
Canon;Canon imageCLASS MF247dw;READER ASSEMBLY ADF model MF247;XA9-0476-000;SCREW,TP M3X8;
Canon;Canon imageCLASS MF247dw;READER ASSEMBLY ADF model MF247;FU6-2873-000;SPRING, COMPRESSION;
Canon;Canon imageCLASS MF247dw;READER ASSEMBLY ADF model MF247;FM1-P412-000;READER ASSEMBLY;ADF model MF247
Canon;Canon imageCLASS MF247dw;READER ASSEMBLY ADF model MF244 120V;FC0-1945-000;SPACER, CIS;
Canon;Canon imageCLASS MF247dw;READER ASSEMBLY ADF model MF244 120V;FE2-2498-000;LINK, TILT;
Canon;Canon imageCLASS MF247dw;READER ASSEMBLY ADF model MF244 120V;FE2-3233-000;BELT, TIMING;
Canon;Canon imageCLASS MF247dw;READER ASSEMBLY ADF model MF244 120V;FK4-2086-000;CONTACT IMAGE SENSOR,HV12I-V02;CIS
Canon;Canon imageCLASS MF247dw;READER ASSEMBLY ADF model MF244 120V;FK4-2085-000;CABLE, FLAT, SCNT-CIS;
Canon;Canon imageCLASS MF247dw;READER ASSEMBLY ADF model MF244 120V;FK4-2109-000;CABLE, FLAT;
Canon;Canon imageCLASS MF247dw;READER ASSEMBLY ADF model MF244 120V;FL3-5062-000;IDLER PULLEY HOLDER ASSY;
Canon;Canon imageCLASS MF247dw;READER ASSEMBLY ADF model MF244 120V;FL3-5071-000;COPYBOARD GLASS ASSY;
Canon;Canon imageCLASS MF247dw;READER ASSEMBLY ADF model MF244 120V;FM1-F355-000;MOTOR ASSY;M3
Canon;Canon imageCLASS MF247dw;READER ASSEMBLY ADF model MF244 120V;XA9-0476-000;SCREW,TP M3X8;
Canon;Canon imageCLASS MF247dw;READER ASSEMBLY ADF model MF244 120V;FU6-2873-000;SPRING, COMPRESSION;
Canon;Canon imageCLASS MF247dw;READER ASSEMBLY ADF model MF244 120V;FM1-P252-000;READER ASSEMBLY;ADF modelMF244 120V
Canon;Canon imageCLASS MF247dw;READER ASSEMBLY ADF model MF236;FC0-1945-000;SPACER, CIS;
Canon;Canon imageCLASS MF247dw;READER ASSEMBLY ADF model MF236;FE2-2498-000;LINK, TILT;
Canon;Canon imageCLASS MF247dw;READER ASSEMBLY ADF model MF236;FE2-3233-000;BELT, TIMING;
Canon;Canon imageCLASS MF247dw;READER ASSEMBLY ADF model MF236;FK4-2086-000;CONTACT IMAGE SENSOR,HV12I-V02;CIS
Canon;Canon imageCLASS MF247dw;READER ASSEMBLY ADF model MF236;FK4-2085-000;CABLE, FLAT, SCNT-CIS;
Canon;Canon imageCLASS MF247dw;READER ASSEMBLY ADF model MF236;FK4-2108-000;CABLE, FLAT;
Canon;Canon imageCLASS MF247dw;READER ASSEMBLY ADF model MF236;FL3-5062-000;IDLER PULLEY HOLDER ASSY;
Canon;Canon imageCLASS MF247dw;READER ASSEMBLY ADF model MF236;FL3-5071-000;COPYBOARD GLASS ASSY;
Canon;Canon imageCLASS MF247dw;READER ASSEMBLY ADF model MF236;FM1-F355-000;MOTOR ASSY;M3
Canon;Canon imageCLASS MF247dw;READER ASSEMBLY ADF model MF236;XA9-0476-000;SCREW,TP M3X8;
Canon;Canon imageCLASS MF247dw;READER ASSEMBLY ADF model MF236;FU6-2873-000;SPRING, COMPRESSION;
Canon;Canon imageCLASS MF247dw;READER ASSEMBLY ADF model MF236;FM1-G021-000;READER ASSEMBLY;ADF model MF236
Canon;Canon imageCLASS MF247dw;READER ASSEMBLY COPYBOARD model;FC0-1945-000;SPACER, CIS;
Canon;Canon imageCLASS MF247dw;READER ASSEMBLY COPYBOARD model;FE2-2498-000;LINK, TILT;
Canon;Canon imageCLASS MF247dw;READER ASSEMBLY COPYBOARD model;FE2-3233-000;BELT, TIMING;
Canon;Canon imageCLASS MF247dw;READER ASSEMBLY COPYBOARD model;FK4-2086-000;CONTACT IMAGE SENSOR,HV12I-V02;CIS
Canon;Canon imageCLASS MF247dw;READER ASSEMBLY COPYBOARD model;FK4-2085-000;CABLE, FLAT, SCNT-CIS;
Canon;Canon imageCLASS MF247dw;READER ASSEMBLY COPYBOARD model;FK4-2109-000;CABLE, FLAT;
Canon;Canon imageCLASS MF247dw;READER ASSEMBLY COPYBOARD model;FL3-5062-000;IDLER PULLEY HOLDER ASSY;
Canon;Canon imageCLASS MF247dw;READER ASSEMBLY COPYBOARD model;FL3-5072-000;COPYBOARD GLASS ASSY;
Canon;Canon imageCLASS MF247dw;READER ASSEMBLY COPYBOARD model;FM1-F355-000;MOTOR ASSY;M3
Canon;Canon imageCLASS MF247dw;READER ASSEMBLY COPYBOARD model;XA9-0476-000;SCREW,TP M3X8;
Canon;Canon imageCLASS MF247dw;READER ASSEMBLY COPYBOARD model;FU6-2873-000;SPRING, COMPRESSION;
Canon;Canon imageCLASS MF247dw;READER ASSEMBLY COPYBOARD model;FM1-F656-000;READER ASSEMBLY;COPYBOARD model
Canon;Canon imageCLASS MF247dw;READER ASSEMBLY DADF model 230V;FC0-1945-000;SPACER, CIS;
Canon;Canon imageCLASS MF247dw;READER ASSEMBLY DADF model 230V;FE2-2498-000;LINK, TILT;
Canon;Canon imageCLASS MF247dw;READER ASSEMBLY DADF model 230V;FE2-3233-000;BELT, TIMING;
Canon;Canon imageCLASS MF247dw;READER ASSEMBLY DADF model 230V;FK4-2086-000;CONTACT IMAGE SENSOR,HV12I-V02;CIS
Canon;Canon imageCLASS MF247dw;READER ASSEMBLY DADF model 230V;FK4-2085-000;CABLE, FLAT, SCNT-CIS;
Canon;Canon imageCLASS MF247dw;READER ASSEMBLY DADF model 230V;FK4-2108-000;CABLE, FLAT;
Canon;Canon imageCLASS MF247dw;READER ASSEMBLY DADF model 230V;FL3-5062-000;IDLER PULLEY HOLDER ASSY;
Canon;Canon imageCLASS MF247dw;READER ASSEMBLY DADF model 230V;FL1-2224-000;COPYBOARD GLASS ASSY;
Canon;Canon imageCLASS MF247dw;READER ASSEMBLY DADF model 230V;FM0-4434-000;MOTOR ASSY;M3
Canon;Canon imageCLASS MF247dw;READER ASSEMBLY DADF model 230V;XA9-0476-000;SCREW,TP M3X8;
Canon;Canon imageCLASS MF247dw;READER ASSEMBLY DADF model 230V;FU6-2873-000;SPRING, COMPRESSION;
Canon;Canon imageCLASS MF247dw;READER ASSEMBLY DADF model 230V;FM1-P245-000;READER ASSEMBLY;DADF model 230V
Canon;Canon imageCLASS MF247dw;READER ASSEMBLY ADF model MF244 230V;FC0-1945-000;SPACER, CIS;
Canon;Canon imageCLASS MF247dw;READER ASSEMBLY ADF model MF244 230V;FE2-2498-000;LINK, TILT;
Canon;Canon imageCLASS MF247dw;READER ASSEMBLY ADF model MF244 230V;FE2-3233-000;BELT, TIMING;
Canon;Canon imageCLASS MF247dw;READER ASSEMBLY ADF model MF244 230V;FK4-2086-000;CONTACT IMAGE SENSOR,HV12I-V02;CIS
Canon;Canon imageCLASS MF247dw;READER ASSEMBLY ADF model MF244 230V;FK4-2085-000;CABLE, FLAT, SCNT-CIS;
Canon;Canon imageCLASS MF247dw;READER ASSEMBLY ADF model MF244 230V;FK4-2109-000;CABLE, FLAT;
Canon;Canon imageCLASS MF247dw;READER ASSEMBLY ADF model MF244 230V;FL3-5062-000;IDLER PULLEY HOLDER ASSY;
Canon;Canon imageCLASS MF247dw;READER ASSEMBLY ADF model MF244 230V;FL3-5071-000;COPYBOARD GLASS ASSY;
Canon;Canon imageCLASS MF247dw;READER ASSEMBLY ADF model MF244 230V;FM0-4434-000;MOTOR ASSY;M3
Canon;Canon imageCLASS MF247dw;READER ASSEMBLY ADF model MF244 230V;XA9-0476-000;SCREW,TP M3X8;
Canon;Canon imageCLASS MF247dw;READER ASSEMBLY ADF model MF244 230V;FU6-2873-000;SPRING, COMPRESSION;
Canon;Canon imageCLASS MF247dw;READER ASSEMBLY ADF model MF244 230V;FM1-F388-000;READER ASSEMBLY;ADF modelMF244 230V
Canon;Canon imageCLASS MF247dw;MAIN CONTROLLER PCB ASSY MF244;FK4-3507-000;IC, CSRQ5310C24-CAAC-TF, MPU;IC5
Canon;Canon imageCLASS MF247dw;MAIN CONTROLLER PCB ASSY MF244;FM1-Y866-000;MAIN CONTROLLER PCB ASSY;MF244
Canon;Canon imageCLASS MF247dw;MAIN CONTROLLER PCB ASSY MF232;FK4-3507-000;IC, CSRQ5310C24-CAAC-TF, MPU;IC5
Canon;Canon imageCLASS MF247dw;MAIN CONTROLLER PCB ASSY MF232;FM1-Y875-000;MAIN CONTROLLER PCB ASSY;MF232
Canon;Canon imageCLASS MF247dw;MAIN CONTROLLER PCB ASSY MF249;FK4-3507-000;IC, CSRQ5310C24-CAAC-TF, MPU;IC5
Canon;Canon imageCLASS MF247dw;MAIN CONTROLLER PCB ASSY MF249;FM1-Y861-000;MAIN CONTROLLER PCB ASSY;MF249
Canon;Canon imageCLASS MF247dw;MAIN CONTROLLER PCB ASSY MF247;FK4-3507-000;IC, CSRQ5310C24-CAAC-TF, MPU;IC5
Canon;Canon imageCLASS MF247dw;MAIN CONTROLLER PCB ASSY MF247;FM1-Y863-000;MAIN CONTROLLER PCB ASSY;MF247
Canon;Canon imageCLASS MF247dw;MAIN CONTROLLER PCB ASSY MF236;FK4-3507-000;IC, CSRQ5310C24-CAAC-TF, MPU;IC5
Canon;Canon imageCLASS MF247dw;MAIN CONTROLLER PCB ASSY MF236;FM1-Y871-000;MAIN CONTROLLER PCB ASSY;MF236
