Canon;Canon i-SENSYS MF9130;EXTERNAL COVERS, PANELS, ETC.;FC7-6011-000;COVER, FRONT UPPER, 1;
Canon;Canon i-SENSYS MF9130;EXTERNAL COVERS, PANELS, ETC.;FC7-6015-000;COVER, LEFT, REAR;
Canon;Canon i-SENSYS MF9130;EXTERNAL COVERS, PANELS, ETC.;FC7-6869-000;COVER, LEFT, UPPER;MF8450c, 8450C, 8450
Canon;Canon i-SENSYS MF9130;EXTERNAL COVERS, PANELS, ETC.;FC7-6016-000;COVER, LEFT, UPPER;MF9170c, 9170C, 9170, 9150c, 9130
Canon;Canon i-SENSYS MF9130;EXTERNAL COVERS, PANELS, ETC.;FC0-2680-000;COVER, LEFT, UPPER;MF9280Cdn, 9220Cdn
Canon;Canon i-SENSYS MF9130;EXTERNAL COVERS, PANELS, ETC.;FC7-6018-000;COVER, RIGHT, REAR;
Canon;Canon i-SENSYS MF9130;EXTERNAL COVERS, PANELS, ETC.;FC7-6870-000;COVER, RIGHT, UPPER;MF8450c, 8450C, 8450
Canon;Canon i-SENSYS MF9130;EXTERNAL COVERS, PANELS, ETC.;FC7-6019-000;COVER, RIGHT, UPPER;MF9170c, 9170C, 9170, 9150c, 9130
Canon;Canon i-SENSYS MF9130;EXTERNAL COVERS, PANELS, ETC.;FC0-2681-000;COVER, RIGHT, UPPER;MF9280Cdn, 9220Cdn
Canon;Canon i-SENSYS MF9130;EXTERNAL COVERS, PANELS, ETC.;FC7-6127-000;COVER, JAM CLEARING;
Canon;Canon i-SENSYS MF9130;EXTERNAL COVERS, PANELS, ETC.;FC7-6130-000;COVER, PAPER DELIVERY TRAY;
Canon;Canon i-SENSYS MF9130;EXTERNAL COVERS, PANELS, ETC.;FC7-6132-000;TRAY, PAPER DELIVERY EXPANSION;
Canon;Canon i-SENSYS MF9130;EXTERNAL COVERS, PANELS, ETC.;FC7-6133-000;STOPPER, PAPER DELIVERY;
Canon;Canon i-SENSYS MF9130;EXTERNAL COVERS, PANELS, ETC.;FC7-6868-000;COVER, FRONT UPPER, 2;MF8450c, 8450C, 8450
Canon;Canon i-SENSYS MF9130;EXTERNAL COVERS, PANELS, ETC.;FC7-6147-000;COVER, FRONT UPPER, 2;MF9170c, 9170C, 9170, 9150c, 9130
Canon;Canon i-SENSYS MF9130;EXTERNAL COVERS, PANELS, ETC.;FC0-2679-000;COVER, FRONT UPPER, 2;MF9280Cdn, 9220Cdn
Canon;Canon i-SENSYS MF9130;EXTERNAL COVERS, PANELS, ETC.;FC7-6827-000;COVER, PANEL STAND, LEFT;
Canon;Canon i-SENSYS MF9130;EXTERNAL COVERS, PANELS, ETC.;FC7-6828-000;COVER, PANEL STAND, RIGHT;
Canon;Canon i-SENSYS MF9130;EXTERNAL COVERS, PANELS, ETC.;FC7-6832-000;COVER, PANEL STAND, FRONT;
Canon;Canon i-SENSYS MF9130;EXTERNAL COVERS, PANELS, ETC.;FC7-6833-000;COVER, READER HINGE;
Canon;Canon i-SENSYS MF9130;EXTERNAL COVERS, PANELS, ETC.;FC7-6845-000;COVER, REAR;
Canon;Canon i-SENSYS MF9130;EXTERNAL COVERS, PANELS, ETC.;FC7-6846-000;COVER, OPTION RAM;
Canon;Canon i-SENSYS MF9130;EXTERNAL COVERS, PANELS, ETC.;FC8-0584-000;LABEL, MAIN POWER SUPPLY;
Canon;Canon i-SENSYS MF9130;EXTERNAL COVERS, PANELS, ETC.;FC8-0581 -000;LABEL, HIGH TMP. CAUTION;
Canon;Canon i-SENSYS MF9130;EXTERNAL COVERS, PANELS, ETC.;FC7-6014-000;COVER, LEFT;
Canon;Canon i-SENSYS MF9130;EXTERNAL COVERS, PANELS, ETC.;FC7-6017-000;COVER, RIGHT;
Canon;Canon i-SENSYS MF9130;EXTERNAL COVERS, PANELS, ETC.;RC2-2737-000;LABEL, GROUNDING CAUTION;JP
Canon;Canon i-SENSYS MF9130;EXTERNAL COVERS, PANELS, ETC.;XA9-1671-000;SCREW, D, M3X8;
Canon;Canon i-SENSYS MF9130;FRONT COVER ASSEMBLY;RK2-0954-000;FAN;FM2
Canon;Canon i-SENSYS MF9130;FRONT COVER ASSEMBLY;FC7-6012-000;COVER, HANDLE;
Canon;Canon i-SENSYS MF9130;FRONT COVER ASSEMBLY;FC5-5256-000;EMBLEM;
Canon;Canon i-SENSYS MF9130;FRONT COVER ASSEMBLY;RC2-0062-000;EMBLEM;
Canon;Canon i-SENSYS MF9130;FRONT COVER ASSEMBLY;FM3-1360-000;FRONT COVER ASSEMBLY;SEE NOTE
Canon;Canon i-SENSYS MF9130;INTERNAL COMPONENTS 1;XA9-1671-000;SCREW, D, M3X8;
Canon;Canon i-SENSYS MF9130;INTERNAL COMPONENTS 1;RC1-6571-000;GEAR, 58T;
Canon;Canon i-SENSYS MF9130;INTERNAL COMPONENTS 1;RC1-6573-000;BUSHING;
Canon;Canon i-SENSYS MF9130;INTERNAL COMPONENTS 1;RC1-6574-000;BASE, DEV. OUTPUT GEAR;
Canon;Canon i-SENSYS MF9130;INTERNAL COMPONENTS 1;RC1-6575-000;GEAR, 29T;
Canon;Canon i-SENSYS MF9130;INTERNAL COMPONENTS 1;RC1-6629-000;GUIDE, CARTRIDGE, LEFT;
Canon;Canon i-SENSYS MF9130;INTERNAL COMPONENTS 1;RC1-6631-000;HOLDER, FAN;
Canon;Canon i-SENSYS MF9130;INTERNAL COMPONENTS 1;RC1-6632-000;DUCT, FAN;
Canon;Canon i-SENSYS MF9130;INTERNAL COMPONENTS 1;RC1-6633-000;LEVER, LOCK, LEFT;
Canon;Canon i-SENSYS MF9130;INTERNAL COMPONENTS 1;RC1-6634-000;SPRING, TENSION;
Canon;Canon i-SENSYS MF9130;INTERNAL COMPONENTS 1;RC1-6636-000;LEVER, LOCK SLIDE, LEFT;
Canon;Canon i-SENSYS MF9130;INTERNAL COMPONENTS 1;RC1-6640-020;LEVER, LOCK, RIGHT;
Canon;Canon i-SENSYS MF9130;INTERNAL COMPONENTS 1;RC1-6641-000;SPRING, GROUNDING;
Canon;Canon i-SENSYS MF9130;INTERNAL COMPONENTS 1;RC1-6643-020;LEVER, LOCK SLIDE, RIGHT;
Canon;Canon i-SENSYS MF9130;INTERNAL COMPONENTS 1;RC1-6677-000;SPRING, TENSION;
Canon;Canon i-SENSYS MF9130;INTERNAL COMPONENTS 1;RC1-6679-000;COVER, LOCK CLAW;
Canon;Canon i-SENSYS MF9130;INTERNAL COMPONENTS 1;RC1-6701-000;SUPPORT, RIGHT LOWER, REAR;
Canon;Canon i-SENSYS MF9130;INTERNAL COMPONENTS 1;RC1-6702-000;BRACKET, RIGHT REAR;
Canon;Canon i-SENSYS MF9130;INTERNAL COMPONENTS 1;RC1-6824-020;COVER, SIDE PLATE, RIGHT;
Canon;Canon i-SENSYS MF9130;INTERNAL COMPONENTS 1;RC1-6875-000;PLATE, REINFORCEMENT, LEFT;
Canon;Canon i-SENSYS MF9130;INTERNAL COMPONENTS 1;RC1-7547-000;DUCT, 2;
Canon;Canon i-SENSYS MF9130;INTERNAL COMPONENTS 1;RC1-7548-000;DUCT, 3;
Canon;Canon i-SENSYS MF9130;INTERNAL COMPONENTS 1;RC1-7583-000;SPRING, GROUNDING;
Canon;Canon i-SENSYS MF9130;INTERNAL COMPONENTS 1;RC1-7594-000;LABEL, CARTRIDGE POSITIONING;
Canon;Canon i-SENSYS MF9130;INTERNAL COMPONENTS 1;RC1-7618-000;LEVER, LOCK, LEFT UPPER;
Canon;Canon i-SENSYS MF9130;INTERNAL COMPONENTS 1;RC1-7960-000;COVER, BASE;
Canon;Canon i-SENSYS MF9130;INTERNAL COMPONENTS 1;RK2-0954-000;FAN;FM1
Canon;Canon i-SENSYS MF9130;INTERNAL COMPONENTS 1;RM1-2677-000;CARTRIDGE GUIDE RIGHT ASSY;
Canon;Canon i-SENSYS MF9130;INTERNAL COMPONENTS 1;RM1-2683-020;CONTACT HOLDER ASSY;
Canon;Canon i-SENSYS MF9130;INTERNAL COMPONENTS 1;RC1-7549-000;CROSSMEMBER, RIGHT LOWER, FR.;
Canon;Canon i-SENSYS MF9130;INTERNAL COMPONENTS 2;RC1-6579-000;CAM, DEV.ESTRANGEMENT, 1;
Canon;Canon i-SENSYS MF9130;INTERNAL COMPONENTS 2;RC1-6580-000;CAM, DEV.ESTRANGEMENT, 2;
Canon;Canon i-SENSYS MF9130;INTERNAL COMPONENTS 2;RC1-6581-000;CAM, DEV.ESTRANGEMENT, 3;
Canon;Canon i-SENSYS MF9130;INTERNAL COMPONENTS 2;RC1-6582-000;CAM, DEV.ESTRANGEMENT, 4;
Canon;Canon i-SENSYS MF9130;INTERNAL COMPONENTS 2;RC1-6583-000;SHAFT, DEV.ESTRANGEMENT;
Canon;Canon i-SENSYS MF9130;INTERNAL COMPONENTS 2;RC1-6584-000;CAM/GEAR, 48T;
Canon;Canon i-SENSYS MF9130;INTERNAL COMPONENTS 2;RC1-6589-000;GEAR, 41T;
Canon;Canon i-SENSYS MF9130;INTERNAL COMPONENTS 2;RC1-6593-000;GEAR, 19T/30T;
Canon;Canon i-SENSYS MF9130;INTERNAL COMPONENTS 2;RC1-6594-000;GEAR, 31T;
Canon;Canon i-SENSYS MF9130;INTERNAL COMPONENTS 2;RC1-6596-000;GEAR, 17T/41T;
Canon;Canon i-SENSYS MF9130;INTERNAL COMPONENTS 2;RC1-6605-000;FLAG, DEV.ESTRANGEMENT;
Canon;Canon i-SENSYS MF9130;INTERNAL COMPONENTS 2;RC1-6651-000;COVER, SHUTTER, LEFT;
Canon;Canon i-SENSYS MF9130;INTERNAL COMPONENTS 2;RC1-6668-000;COVER, CROSSMEMBER, UPPER;
Canon;Canon i-SENSYS MF9130;INTERNAL COMPONENTS 2;RC1-6682-000;GUIDE, CABLE, RIGHT, 1;
Canon;Canon i-SENSYS MF9130;INTERNAL COMPONENTS 2;RC1-6771-020;HOLDER, TONER CARTRIDGE;
Canon;Canon i-SENSYS MF9130;INTERNAL COMPONENTS 2;RC1-6823-000;BUSHING;
Canon;Canon i-SENSYS MF9130;INTERNAL COMPONENTS 2;RC1-7544-000;GUIDE, CABLE, RIGHT, 3;
Canon;Canon i-SENSYS MF9130;INTERNAL COMPONENTS 2;RC1-7545-000;GUIDE, CABLE, RIGHT, 4;
Canon;Canon i-SENSYS MF9130;INTERNAL COMPONENTS 2;RC1-7576-000;CROSSMEMBER, DRIVE SIDE PLATE;
Canon;Canon i-SENSYS MF9130;INTERNAL COMPONENTS 2;RC1-7597-000;LEVER, SENSING;
Canon;Canon i-SENSYS MF9130;INTERNAL COMPONENTS 2;RC1-7598-000;SPRING, TENSION;
Canon;Canon i-SENSYS MF9130;INTERNAL COMPONENTS 2;RM1-2585-000;CARTRIDGE SENSOR PCB ASSY;
Canon;Canon i-SENSYS MF9130;INTERNAL COMPONENTS 2;RM1-2627-000;CABLE, TAG MEMORY;
Canon;Canon i-SENSYS MF9130;INTERNAL COMPONENTS 2;RM1-2751-000;MAIN DRIVE ASSY;
Canon;Canon i-SENSYS MF9130;INTERNAL COMPONENTS 2;RM1-2689-000;DRIVE MOTOR ASSY;
Canon;Canon i-SENSYS MF9130;INTERNAL COMPONENTS 2;RM1-2773-000;DRIVE MOTOR ASSY;MF9280Cdn, 9220Cdn
Canon;Canon i-SENSYS MF9130;INTERNAL COMPONENTS 2;FM3-1378-000;INTERLOCK SWITCH ASSEMBLY;SW1, SR720
Canon;Canon i-SENSYS MF9130;INTERNAL COMPONENTS 2;XA9-1671-000;SCREW, D, M3X8;
Canon;Canon i-SENSYS MF9130;INTERNAL COMPONENTS 2;XA9-1449-000;SCREW, RS, M3X8;
Canon;Canon i-SENSYS MF9130;INTERNAL COMPONENTS 3;FC7-6008-000;FOOT, REAR;
Canon;Canon i-SENSYS MF9130;INTERNAL COMPONENTS 3;RL1-1069-000;PLATE, GEAR, 3;
Canon;Canon i-SENSYS MF9130;INTERNAL COMPONENTS 3;RC2-2745-000;LABEL, JAM CLEARING;
Canon;Canon i-SENSYS MF9130;INTERNAL COMPONENTS 3;XA9-1671-000;SCREW, D, M3X8;
Canon;Canon i-SENSYS MF9130;INTERNAL COMPONENTS 3;RC1-7566-000;SPRING, COMPRESSION;
Canon;Canon i-SENSYS MF9130;INTERNAL COMPONENTS 3;FC7-6165-000;ARM;
Canon;Canon i-SENSYS MF9130;INTERNAL COMPONENTS 3;RC1-6405-000;COVER, GEAR;
Canon;Canon i-SENSYS MF9130;INTERNAL COMPONENTS 3;RC1-6499-000;GUIDE, CASSETTE FRONT, LEFT;
Canon;Canon i-SENSYS MF9130;INTERNAL COMPONENTS 3;RC1-6502-000;GUIDE, CASSETTE FRONT, RIGHT;
Canon;Canon i-SENSYS MF9130;INTERNAL COMPONENTS 3;RC1-6638-000;CAM, SLIDE, LEFT;
Canon;Canon i-SENSYS MF9130;INTERNAL COMPONENTS 3;RC1-6639-000;ROD, LINK, LEFT;
Canon;Canon i-SENSYS MF9130;INTERNAL COMPONENTS 3;RC1-6645-010;CAM, SLIDE, RIGHT;
Canon;Canon i-SENSYS MF9130;INTERNAL COMPONENTS 3;RC1-6646-000;ROD, LINK, RIGHT;
Canon;Canon i-SENSYS MF9130;INTERNAL COMPONENTS 3;RC1-6670-000;MOUNT, HINGE, RIGHT;
Canon;Canon i-SENSYS MF9130;INTERNAL COMPONENTS 3;RC1-6650-000;FOOT, REAR;
Canon;Canon i-SENSYS MF9130;INTERNAL COMPONENTS 3;RC1-6673-020;HOLDER, E.T.B., LEFT;
Canon;Canon i-SENSYS MF9130;INTERNAL COMPONENTS 3;RC1-6674-000;HOLDER, E.T.B., RIGHT;
Canon;Canon i-SENSYS MF9130;INTERNAL COMPONENTS 3;RC1-6676-000;COVER, E.T.B. HOLDER, LEFT;
Canon;Canon i-SENSYS MF9130;INTERNAL COMPONENTS 3;RC1-6680-000;COVER, E.T.B. HOLDER, RIGHT;
Canon;Canon i-SENSYS MF9130;INTERNAL COMPONENTS 3;RC1-6684-000;MOUNT, HINGE, LEFT;
Canon;Canon i-SENSYS MF9130;INTERNAL COMPONENTS 3;RC1-6683-000;GUIDE, CABLE, RIGHT 2;
Canon;Canon i-SENSYS MF9130;INTERNAL COMPONENTS 3;RC1-6675-000;COVER, CONNECTOR;
Canon;Canon i-SENSYS MF9130;INTERNAL COMPONENTS 3;RC1-6744-000;GUIDE, DUPLEXING EXTERNAL;
Canon;Canon i-SENSYS MF9130;INTERNAL COMPONENTS 3;RC1-6776-000;SPRING, GROUNDING;
Canon;Canon i-SENSYS MF9130;INTERNAL COMPONENTS 3;RC1-6777-000;SPRING, GROUNDING;
Canon;Canon i-SENSYS MF9130;INTERNAL COMPONENTS 3;RC1-6786-000;PLATE, GROUNDING;
Canon;Canon i-SENSYS MF9130;INTERNAL COMPONENTS 3;RC1-6795-000;COVER, GUIDE CROSSMEMBER;
Canon;Canon i-SENSYS MF9130;INTERNAL COMPONENTS 3;RC1-6833-020;PLATE, PLATE LOCK RELEASE, MD.;
Canon;Canon i-SENSYS MF9130;INTERNAL COMPONENTS 3;VS1-7258-014;CONNECTOR, DRAWER;
Canon;Canon i-SENSYS MF9130;INTERNAL COMPONENTS 3;RC1-7552-000;SPRING, TENSION;
Canon;Canon i-SENSYS MF9130;INTERNAL COMPONENTS 3;RC1-7554-010;LATCH, LEFT;
Canon;Canon i-SENSYS MF9130;INTERNAL COMPONENTS 3;RC1-7555-010;LATCH, RIGHT;
Canon;Canon i-SENSYS MF9130;INTERNAL COMPONENTS 3;RC1-7562-000;HOLDER, TOGGLE, LEFT;
Canon;Canon i-SENSYS MF9130;INTERNAL COMPONENTS 3;RC1-7563-000;HOLDER, TOGGLE, RIGHT;
Canon;Canon i-SENSYS MF9130;INTERNAL COMPONENTS 3;XD9-0233-010;RING, E;
Canon;Canon i-SENSYS MF9130;INTERNAL COMPONENTS 3;RC1-7591-000;LABEL, POSITIONING, RIGHT;
Canon;Canon i-SENSYS MF9130;INTERNAL COMPONENTS 3;RC1-7592-000;LABEL, POSITIONING, LEFT;
Canon;Canon i-SENSYS MF9130;INTERNAL COMPONENTS 3;RL1-1068-000;SUPPORT, RACK;
Canon;Canon i-SENSYS MF9130;INTERNAL COMPONENTS 3;RL1-1064-000;BASE, LEFT FRONT;
Canon;Canon i-SENSYS MF9130;INTERNAL COMPONENTS 3;RL1-1067-000;FOOT RUBBER ASSY, FRONT;
Canon;Canon i-SENSYS MF9130;INTERNAL COMPONENTS 3;RK2-0939-000;MOTOR, DC24V, 9W;M4
Canon;Canon i-SENSYS MF9130;INTERNAL COMPONENTS 3;RM1-2603-000;CABLE, SENSOR;
Canon;Canon i-SENSYS MF9130;INTERNAL COMPONENTS 3;RC1-6420-000;GEAR, 26T/34T;
Canon;Canon i-SENSYS MF9130;INTERNAL COMPONENTS 4;FC7-6009-000;COVER, INNER, LEFT;
Canon;Canon i-SENSYS MF9130;INTERNAL COMPONENTS 4;FC7-6029-000;LINK, 1;
Canon;Canon i-SENSYS MF9130;INTERNAL COMPONENTS 4;FC7-6030-000;LINK, 2;
Canon;Canon i-SENSYS MF9130;INTERNAL COMPONENTS 4;FC7-6031-000;SHAFT, LINK;
Canon;Canon i-SENSYS MF9130;INTERNAL COMPONENTS 4;FC7-6032-000;HINGE, READER;
Canon;Canon i-SENSYS MF9130;INTERNAL COMPONENTS 4;FC7-6033-000;BUSHING;
Canon;Canon i-SENSYS MF9130;INTERNAL COMPONENTS 4;FC7-6034-000;ROLLER, LINK;
Canon;Canon i-SENSYS MF9130;INTERNAL COMPONENTS 4;FC7-6035-000;SPRING, TORSION;
Canon;Canon i-SENSYS MF9130;INTERNAL COMPONENTS 4;FC7-6036-000;STOPPER, LINK;
Canon;Canon i-SENSYS MF9130;INTERNAL COMPONENTS 4;FM3-2959-000;SPEAKER UNIT;SP1
Canon;Canon i-SENSYS MF9130;INTERNAL COMPONENTS 4;FC7-6142-000;DAMPER UNIT, AIR;
Canon;Canon i-SENSYS MF9130;INTERNAL COMPONENTS 4;FC7-6156-000;COVER, INNER, RIGHT;
Canon;Canon i-SENSYS MF9130;INTERNAL COMPONENTS 4;FC7-6167-000;COVER, LINK, RIGHT;
Canon;Canon i-SENSYS MF9130;INTERNAL COMPONENTS 4;FC7-6168-000;COVER, LINK, LEFT;
Canon;Canon i-SENSYS MF9130;INTERNAL COMPONENTS 4;FM3-2915-000;CONNECTING PCB ASSEMBLY;
Canon;Canon i-SENSYS MF9130;INTERNAL COMPONENTS 4;FM3-2911-000;CCD CONNECTING PCB ASSEMBLY;
Canon;Canon i-SENSYS MF9130;INTERNAL COMPONENTS 4;FM3-2934-000;CABLE, SWITCH;SW3
Canon;Canon i-SENSYS MF9130;INTERNAL COMPONENTS 4;XA9-0685-000;SCREW, M4X6 SWCH;
Canon;Canon i-SENSYS MF9130;INTERNAL COMPONENTS 5;FC7-6145-000;SWITCH, POWER SUPPLY;
Canon;Canon i-SENSYS MF9130;INTERNAL COMPONENTS 5;FC7-6148-000;COVER, POWER SUPPLY;
Canon;Canon i-SENSYS MF9130;INTERNAL COMPONENTS 5;FC7-6153-000;ROD, POWER SUPPLY SWITCH;
Canon;Canon i-SENSYS MF9130;INTERNAL COMPONENTS 5;FM3-1367-000;POWER SUPPLY PCB ASSY;100V
Canon;Canon i-SENSYS MF9130;INTERNAL COMPONENTS 5;FM3-1368-000;POWER SUPPLY PCB ASSY;120V
Canon;Canon i-SENSYS MF9130;INTERNAL COMPONENTS 5;FM3-1369-000;POWER SUPPLY PCB ASSY;230V
Canon;Canon i-SENSYS MF9130;INTERNAL COMPONENTS 5;RC1-6652-000;HOLDER, DRAWER CONNECTOR;
Canon;Canon i-SENSYS MF9130;INTERNAL COMPONENTS 5;RC1-6653-000;HOLDER, DRAWER;
Canon;Canon i-SENSYS MF9130;INTERNAL COMPONENTS 5;RC1-6681-000;GUIDE, CABLE, LEFT;
Canon;Canon i-SENSYS MF9130;INTERNAL COMPONENTS 5;RC1-6772-000;GUIDE, FLEXIBLE FLAT CABLE, 1;
Canon;Canon i-SENSYS MF9130;INTERNAL COMPONENTS 5;RC1-6773-000;GUIDE, FLEXIBLE FLAT CABLE, 2;
Canon;Canon i-SENSYS MF9130;INTERNAL COMPONENTS 5;RC1-6825-000;GUARD, CABLE;
Canon;Canon i-SENSYS MF9130;INTERNAL COMPONENTS 5;RM1-2581-000;DRIVER PCB ASSY;
Canon;Canon i-SENSYS MF9130;INTERNAL COMPONENTS 5;RM1-2595-000;CABLE, ENVIRONMENT SENSOR;
Canon;Canon i-SENSYS MF9130;INTERNAL COMPONENTS 5;RM1-2597-000;FIXING UNIT CABLE ASSY;
Canon;Canon i-SENSYS MF9130;INTERNAL COMPONENTS 5;RM1-2605-000;CABLE, DRIVE POWER;
Canon;Canon i-SENSYS MF9130;INTERNAL COMPONENTS 5;RM1-2608-000;CABLE, E.T.B.;
Canon;Canon i-SENSYS MF9130;INTERNAL COMPONENTS 5;RM1-2610-000;CABLE, DRUM MOTOR;
Canon;Canon i-SENSYS MF9130;INTERNAL COMPONENTS 5;RM1-2611-000;CABLE, SOLENOID;
Canon;Canon i-SENSYS MF9130;INTERNAL COMPONENTS 5;RM1-2613-000;CABLE;
Canon;Canon i-SENSYS MF9130;INTERNAL COMPONENTS 5;RM1-2614-000;CABLE, DRUM MOTOR;EXCEPTMF9280Cdn,9220Cdn
Canon;Canon i-SENSYS MF9130;INTERNAL COMPONENTS 5;RM1-2629-000;CABLE, DRUM MOTOR;MF9280Cdn, 9220Cdn
Canon;Canon i-SENSYS MF9130;INTERNAL COMPONENTS 5;RM1-2640-000;LASER SCANNER UNIT;EXCEPTMF9280Cdn,9220Cdn
Canon;Canon i-SENSYS MF9130;INTERNAL COMPONENTS 5;FM4-7460-000;LASER SCANNER UNIT;MF9280Cdn, 9220Cdn
Canon;Canon i-SENSYS MF9130;INTERNAL COMPONENTS 5;VS1-7177-002;CONNECTOR, SNAP TIGHT, BK;
Canon;Canon i-SENSYS MF9130;INTERNAL COMPONENTS 5;VS1-7177-004;CONNECTOR, SNAP TIGHT, BK;
Canon;Canon i-SENSYS MF9130;INTERNAL COMPONENTS 5;VS1-7258-007;CONNECTOR, DRAWER;
Canon;Canon i-SENSYS MF9130;INTERNAL COMPONENTS 5;XA9-1449-000;SCREW, RS, M3X8;
Canon;Canon i-SENSYS MF9130;INTERNAL COMPONENTS 5;RC1-6501-000;GUIDE, CASSETTE REAR, LEFT;
Canon;Canon i-SENSYS MF9130;INTERNAL COMPONENTS 5;RM1-2576-000;CASSETTE SENSOR PCB ASSY;
Canon;Canon i-SENSYS MF9130;INTERNAL COMPONENTS 5;RM1-2609-000;CABLE, DUPLEXING DOCKING;
Canon;Canon i-SENSYS MF9130;INTERNAL COMPONENTS 5;VS1-7177-003;CONNECTOR, SNAP TIGHT, BK;
Canon;Canon i-SENSYS MF9130;INTERNAL COMPONENTS 5;RK2-0966-000;CABLE, SCANNER FLAT;
Canon;Canon i-SENSYS MF9130;INTERNAL COMPONENTS 5;RK2-0967-000;CABLE, SCANNER FLAT;
Canon;Canon i-SENSYS MF9130;INTERNAL COMPONENTS 5;RM1-2594-000;CABLE, SCANNER;
Canon;Canon i-SENSYS MF9130;INTERNAL COMPONENTS 5;RC1-6611-000;COVER, PAPER SENSOR;
Canon;Canon i-SENSYS MF9130;INTERNAL COMPONENTS 5;RC1-6612-000;COVER, REGISTRATION SENSOR;
Canon;Canon i-SENSYS MF9130;INTERNAL COMPONENTS 5;WP2-5214-000;SENSOR UNIT, TEMPERATURE;
Canon;Canon i-SENSYS MF9130;INTERNAL COMPONENTS 5;FH2-7078-000;CORD, POWER SUPPLY;100V JP
Canon;Canon i-SENSYS MF9130;INTERNAL COMPONENTS 5;FK2-5320-000;CORD, POWER SUPPLY;120V UL
Canon;Canon i-SENSYS MF9130;INTERNAL COMPONENTS 5;FH2-7080-000;CORD, POWER SUPPLY;230V EUR, ASIA,KR
Canon;Canon i-SENSYS MF9130;INTERNAL COMPONENTS 5;FH2-7082-000;CORD, POWER SUPPLY;230V AU
Canon;Canon i-SENSYS MF9130;INTERNAL COMPONENTS 5;FM3-2970-000;MAIN SWITCH ASSEMBLY;SW4
Canon;Canon i-SENSYS MF9130;INTERNAL COMPONENTS 5;XA9-1671-000;SCREW, D, M3X8;
Canon;Canon i-SENSYS MF9130;INTERNAL COMPONENTS 6;FC7-6862-000;SPACER;
Canon;Canon i-SENSYS MF9130;INTERNAL COMPONENTS 6;XA9-1671-000;SCREW, D, M3X8;
Canon;Canon i-SENSYS MF9130;INTERNAL COMPONENTS 6;FK2-5283-000;CABLE, FLAT, 1;
Canon;Canon i-SENSYS MF9130;INTERNAL COMPONENTS 6;FK2-5284-000;CABLE, FLAT, 2;
Canon;Canon i-SENSYS MF9130;INTERNAL COMPONENTS 6;RK2-0969-000;CABLE, DRIVE FLAT, 1;
Canon;Canon i-SENSYS MF9130;INTERNAL COMPONENTS 6;FK2-5296-000;BATTERY, NI-MH;EXCEPT i-SENSYSMF9130
Canon;Canon i-SENSYS MF9130;INTERNAL COMPONENTS 6;RM1-2578-100;HIGH-VOLTAGE PCB ASSY;
Canon;Canon i-SENSYS MF9130;INTERNAL COMPONENTS 6;RM1-2632-000;RELAY PCB ASSY;
Canon;Canon i-SENSYS MF9130;INTERNAL COMPONENTS 6;FM2-7753-000;PSEUDO CI PCB ASSEMBLY;FAX model 100V
Canon;Canon i-SENSYS MF9130;INTERNAL COMPONENTS 6;FM2-2765-000;PSEUDO CI PCB ASSEMBLY;FAX model 120V,230V
Canon;Canon i-SENSYS MF9130;INTERNAL COMPONENTS 6;FM3-2909-000;DC CONTROLLER PCB ASSY;EXCEPTMF9280Cdn,9220Cdn
Canon;Canon i-SENSYS MF9130;INTERNAL COMPONENTS 6;FM4-7343-000;DC CONTROLLER PCB ASSY;MF9280Cdn, 9220Cdn
Canon;Canon i-SENSYS MF9130;INTERNAL COMPONENTS 6;VS1-7177-003;CONNECTOR, SNAP TIGHT, BK;
Canon;Canon i-SENSYS MF9130;INTERNAL COMPONENTS 6;RC1-7599-000;SHIELD, PCB;
Canon;Canon i-SENSYS MF9130;INTERNAL COMPONENTS 6;RK2-0970-000;CABLE, DRIVE FLAT, 2;
Canon;Canon i-SENSYS MF9130;INTERNAL COMPONENTS 6;FM3-2948-000;CABLE, PSEUDO CI/OFF HOOK;FAX model
Canon;Canon i-SENSYS MF9130;INTERNAL COMPONENTS 6;FM3-2949-000;CABLE, OFF HOOK;FAX model 120V,230V
Canon;Canon i-SENSYS MF9130;INTERNAL COMPONENTS 6;FM3-2947-000;CABLE, FAX;FAX model 100V
Canon;Canon i-SENSYS MF9130;INTERNAL COMPONENTS 6;VS1-7207-005;CONNECTOR, SNAP TIGHT;
Canon;Canon i-SENSYS MF9130;INTERNAL COMPONENTS 6;RC1-6607-000;COVER, CONNECTOR;
Canon;Canon i-SENSYS MF9130;INTERNAL COMPONENTS 6;VS1-7207-006;CONNECTOR, SNAP TIGHT;
Canon;Canon i-SENSYS MF9130;INTERNAL COMPONENTS 6;VS1-7507-010;CONNECTOR, SNAP TIGHT;
Canon;Canon i-SENSYS MF9130;INTERNAL COMPONENTS 6;VS1-7177-004;CONNECTOR, SNAP TIGHT, BK;
Canon;Canon i-SENSYS MF9130;INTERNAL COMPONENTS 6;XA9-0476-000;SCREW,TP M3X8;FAX model
Canon;Canon i-SENSYS MF9130;INTERNAL COMPONENTS 6;FC7-6852-000;COVER, PSEUDO CI;FAX model
Canon;Canon i-SENSYS MF9130;CONTROL PANEL ASSEMBLY;FC7-7126-000;PANEL, CONTROL;Color imageCLASS MF9280Cdn, 9220Cdn, 9170c, 9150c,imageCLASS MF9280Cdn, 9220Cdn, 9170C
Canon;Canon i-SENSYS MF9130;CONTROL PANEL ASSEMBLY;FC7-7127-000;PANEL, CONTROL;i-SENSYS MF9280Cdn, 9170, 9130
Canon;Canon i-SENSYS MF9130;CONTROL PANEL ASSEMBLY;FC7-7128-000;PANEL, CONTROL;Satera MF8450
Canon;Canon i-SENSYS MF9130;CONTROL PANEL ASSEMBLY;FC7-7091-000;PANEL, CONTROL;Satera MF9220Cdn
Canon;Canon i-SENSYS MF9130;CONTROL PANEL ASSEMBLY;FC7-7129-000;PANEL, CONTROL;Color imageCLASS MF8450c, imageCLASS MF8450C ASIA, imageCLASS MF8450C AU
Canon;Canon i-SENSYS MF9130;CONTROL PANEL ASSEMBLY;FC7-7130-000;PANEL, CONTROL;i-SENSYS MF8450
Canon;Canon i-SENSYS MF9130;CONTROL PANEL ASSEMBLY;FC8-0550-000;PANEL, CONTROL;imageCLASS MF8450C KR
Canon;Canon i-SENSYS MF9130;CONTROL PANEL ASSEMBLY;FC7-7090-000;COVER, CONTROL;Satera MF8450
Canon;Canon i-SENSYS MF9130;CONTROL PANEL ASSEMBLY;FC0-2663-000;COVER, CONTROL;Satera MF9220Cdn
Canon;Canon i-SENSYS MF9130;CONTROL PANEL ASSEMBLY;FC8-0540-000;COVER, CONTROL;Color imageCLASS MF9170c, 9150c, MF8450c, imageCLASS MF9170C, MF8450C ASIA,AU
Canon;Canon i-SENSYS MF9130;CONTROL PANEL ASSEMBLY;FC0-2664-000;COVER, CONTROL;Color imageCLASS MF9280Cdn, 9220Cdn, imageCLASS MF9280Cdn, F9220Cdn
Canon;Canon i-SENSYS MF9130;CONTROL PANEL ASSEMBLY;FC8-0541-000;COVER, CONTROL;i-SENSYS MF9170, 9130, 8450
Canon;Canon i-SENSYS MF9130;CONTROL PANEL ASSEMBLY;FC0-2665-000;COVER, CONTROL;i-SENSYS MF9280Cdn, 9220Cdn
Canon;Canon i-SENSYS MF9130;CONTROL PANEL ASSEMBLY;FC8-0543-000;COVER, CONTROL;imageCLASS MF8450C KR
Canon;Canon i-SENSYS MF9130;CONTROL PANEL ASSEMBLY;FM3-2974-000;CONTROL PANEL PCB ASSEMBLY;MF9220Cdn, MF8450c,8450C, 8450
Canon;Canon i-SENSYS MF9130;CONTROL PANEL ASSEMBLY;FM3-2913-000;CONTROL PANEL PCB ASSEMBLY;MF9280Cdn, 9170c, 9170C, MF9170, 9150c, 9130
Canon;Canon i-SENSYS MF9130;CONTROL PANEL ASSEMBLY;FM3-2914-000;CONTROL PANEL JOG PCB ASSY;
Canon;Canon i-SENSYS MF9130;CONTROL PANEL ASSEMBLY;FC7-7093-000;COVER, CONTROL PANEL, LOWER;MF8450c, 8450C, 8450
Canon;Canon i-SENSYS MF9130;CONTROL PANEL ASSEMBLY;FC0-2667-000;COVER, CONTROL PANEL, LOWER;MF9220Cdn
Canon;Canon i-SENSYS MF9130;CONTROL PANEL ASSEMBLY;FC8-0533-000;COVER, CONTROL PANEL, LOWER;MF9170c, 9170C, 9170, 9150c, 9130
Canon;Canon i-SENSYS MF9130;CONTROL PANEL ASSEMBLY;FC0-2668-000;COVER, CONTROL PANEL, LOWER;MF9280Cdn
Canon;Canon i-SENSYS MF9130;CONTROL PANEL ASSEMBLY;FC8-3634-000;LABEL, CUSTOMIZE;SEE NOTE Japanese
Canon;Canon i-SENSYS MF9130;CONTROL PANEL ASSEMBLY;FC8-3633-000;LABEL, CUSTOMIZE;SEE NOTE English
Canon;Canon i-SENSYS MF9130;CONTROL PANEL ASSEMBLY;FC8-3635-000;LABEL, CUSTOMIZE;SEE NOTE EUR
Canon;Canon i-SENSYS MF9130;CONTROL PANEL ASSEMBLY;FC8-3636-000;LABEL, CUSTOMIZE;iEnglish, Simplified Chinese, Traditional Chinese, Korean
Canon;Canon i-SENSYS MF9130;CONTROL PANEL ASSEMBLY;FC8-3637-000;LABEL, CUSTOMIZE;English, French,S panish, Portuguese
Canon;Canon i-SENSYS MF9130;CONTROL PANEL ASSEMBLY;FC9-4409-000;SHEET, ELES. PREVENTION, REAR;EXCEPT MF9280Cdn, 9220Cdn
Canon;Canon i-SENSYS MF9130;CONTROL PANEL ASSEMBLY;FC0-2685-000;SHEET, ELES. PREVENTION, REAR;MF9280Cdn,9220Cdn
Canon;Canon i-SENSYS MF9130;CONTROL PANEL ASSEMBLY;FM3-1651-000;CONTROL PANEL ASSEMBLY;Satera MF8450
Canon;Canon i-SENSYS MF9130;CONTROL PANEL ASSEMBLY;FM4-7379-000;CONTROL PANEL ASSEMBLY;Satera MF9220Cdn
Canon;Canon i-SENSYS MF9130;CONTROL PANEL ASSEMBLY;FM3-3818-000;CONTROL PANEL ASSEMBLY;Color imageCLASS MF8450c, imageCLASS MF8450C ASIA, imageCLASS MF8450C AU
Canon;Canon i-SENSYS MF9130;CONTROL PANEL ASSEMBLY;FM4-7380-000;CONTROL PANEL ASSEMBLY;Color imageCLASS MF9220Cdn imageCLASS MF9220Cdn
Canon;Canon i-SENSYS MF9130;CONTROL PANEL ASSEMBLY;FM3-3819-000;CONTROL PANEL ASSEMBLY;i-SENSYS MF8450
Canon;Canon i-SENSYS MF9130;CONTROL PANEL ASSEMBLY;FM4-7381-000;CONTROL PANEL ASSEMBLY;i-SENSYS MF9220Cdn
Canon;Canon i-SENSYS MF9130;CONTROL PANEL ASSEMBLY;FM3-3824-000;CONTROL PANEL ASSEMBLY;Color imageCLASS MF9170c, 9150c, imageCLASS MF9170C
Canon;Canon i-SENSYS MF9130;CONTROL PANEL ASSEMBLY;FM4-7383-000;CONTROL PANEL ASSEMBLY;Color imageCLASS MF9280Cdn imageCLASS MF9280Cdn
Canon;Canon i-SENSYS MF9130;CONTROL PANEL ASSEMBLY;FM3-3825-000;CONTROL PANEL ASSEMBLY;i-SENSYS MF9170,9130
Canon;Canon i-SENSYS MF9130;CONTROL PANEL ASSEMBLY;FM4-7384-000;CONTROL PANEL ASSEMBLY;i-SENSYS MF9280Cdn
Canon;Canon i-SENSYS MF9130;CONTROL PANEL ASSEMBLY;FM3-3832-000;CONTROL PANEL ASSEMBLY;imageCLASS MF8450C KR
Canon;Canon i-SENSYS MF9130;AUTO DOCUMENT FEEDER ASSY;FC7-6180-000;STOPPER, PAPER DELIVERY;
Canon;Canon i-SENSYS MF9130;AUTO DOCUMENT FEEDER ASSY;FC7-6262-000;PANEL, FRONT;
Canon;Canon i-SENSYS MF9130;AUTO DOCUMENT FEEDER ASSY;FC7-6263-000;PANEL, REAR;
Canon;Canon i-SENSYS MF9130;AUTO DOCUMENT FEEDER ASSY;FC7-6264-000;PANEL, LOWER;
Canon;Canon i-SENSYS MF9130;AUTO DOCUMENT FEEDER ASSY;FC7-6266-000;CASE, HINGE;
Canon;Canon i-SENSYS MF9130;AUTO DOCUMENT FEEDER ASSY;FC7-6265-000;SHEET, WHITE;
Canon;Canon i-SENSYS MF9130;AUTO DOCUMENT FEEDER ASSY;FM3-1329-000;DOCUMENT TRAY ASSEMBLY;
Canon;Canon i-SENSYS MF9130;AUTO DOCUMENT FEEDER ASSY;FM3-1331-000;OPEN/CLOSE PANEL ASSEMBLY;
Canon;Canon i-SENSYS MF9130;AUTO DOCUMENT FEEDER ASSY;FC7-6189-000;ROLLER, PICK-UP;
Canon;Canon i-SENSYS MF9130;AUTO DOCUMENT FEEDER ASSY;FL2-6637-000;ROLLER, SEPARATION;
Canon;Canon i-SENSYS MF9130;AUTO DOCUMENT FEEDER ASSY;FM3-1334-000;UPPER GUIDE ASSEMBLY;
Canon;Canon i-SENSYS MF9130;AUTO DOCUMENT FEEDER ASSY;FC7-6296-000;SPRING, TORSION;
Canon;Canon i-SENSYS MF9130;AUTO DOCUMENT FEEDER ASSY;FU7-2016-000;SPRING, COMPRESSION;
Canon;Canon i-SENSYS MF9130;AUTO DOCUMENT FEEDER ASSY;XA9-0476-000;SCREW,TP M3X8;
Canon;Canon i-SENSYS MF9130;AUTO DOCUMENT FEEDER ASSY;FC8-0553-000;LABEL, DOCUMENT SIZE;SEE NOTE 2 AB SIZE
Canon;Canon i-SENSYS MF9130;AUTO DOCUMENT FEEDER ASSY;FC8-0554-000;LABEL, DOCUMENT SIZE;SEE NOTE 2 INCH/A SIZE
Canon;Canon i-SENSYS MF9130;AUTO DOCUMENT FEEDER ASSY;FC8-0555-000;LABEL, DOCUMENT SIZE;SEE NOTE 2 A SIZE
Canon;Canon i-SENSYS MF9130;AUTO DOCUMENT FEEDER ASSY;FC8-0556-000;LABEL, DOCUMENT SIZE;SEE NOTE 2 INCH/ABSIZE
Canon;Canon i-SENSYS MF9130;AUTO DOCUMENT FEEDER ASSY;FC8-0576-000;LABEL, GLASS CLEANING;SEE NOTE 2 English
Canon;Canon i-SENSYS MF9130;AUTO DOCUMENT FEEDER ASSY;FC8-0577-000;LABEL, GLASS CLEANING;SEE NOTE 2 EUR
Canon;Canon i-SENSYS MF9130;AUTO DOCUMENT FEEDER ASSY;FC8-0578-000;LABEL, GLASS CLEANING;SEE NOTE 2Japanese,English,Chinese,Korean
Canon;Canon i-SENSYS MF9130;AUTO DOCUMENT FEEDER ASSY;FC8-3601-000;HINGE, LEFT;
Canon;Canon i-SENSYS MF9130;AUTO DOCUMENT FEEDER ASSY;FC7-6310-000;PANEL, OPEN/CLOSE;
Canon;Canon i-SENSYS MF9130;AUTO DOCUMENT FEEDER ASSY;FC7-6320-000;BUSHING;
Canon;Canon i-SENSYS MF9130;AUTO DOCUMENT FEEDER ASSY;FC7-6321-000;FLAG, DOCUMENT SCANNER;
Canon;Canon i-SENSYS MF9130;AUTO DOCUMENT FEEDER ASSY;FM3-1339-000;SEPARATION ROLLER ASSEMBLY;
Canon;Canon i-SENSYS MF9130;AUTO DOCUMENT FEEDER ASSY;FU7-0672-000;GEAR, 24T;
Canon;Canon i-SENSYS MF9130;AUTO DOCUMENT FEEDER ASSY;HC1-0586-000;RETAINING RING (E-TYRE);
Canon;Canon i-SENSYS MF9130;AUTO DOCUMENT FEEDER ASSY;HU1-1022-000;BUSHING;
Canon;Canon i-SENSYS MF9130;AUTO DOCUMENT FEEDER ASSY;FC7-6295-000;STOPPER, DOCUMENT;
Canon;Canon i-SENSYS MF9130;AUTO DOCUMENT FEEDER ASSY;FC7-6297-000;PAD, SEPARATION;
Canon;Canon i-SENSYS MF9130;AUTO DOCUMENT FEEDER ASSY;FC7-6298-000;SHEET, SEPARATION PAD;
Canon;Canon i-SENSYS MF9130;AUTO DOCUMENT FEEDER ASSY;FC7-6299-000;HOLDER, SEPARATION PAD;
Canon;Canon i-SENSYS MF9130;AUTO DOCUMENT FEEDER ASSY;FC7-6300-000;CLAMP, SEPARATION PAD;
Canon;Canon i-SENSYS MF9130;AUTO DOCUMENT FEEDER ASSY;FM3-1328-000;AUTO DOCUMENT FEEDER ASSY;SEE NOTE 1
Canon;Canon i-SENSYS MF9130;ADF PAPER FEED ASSEMBLY;FC7-6043-000;LEVER, DRIVE RELEASE;
Canon;Canon i-SENSYS MF9130;ADF PAPER FEED ASSEMBLY;FC7-6052-010;RATCHET, PAPER FEED ROLLER;
Canon;Canon i-SENSYS MF9130;ADF PAPER FEED ASSEMBLY;FM3-1343-000;PAPER FEED ROLLER UNIT;
Canon;Canon i-SENSYS MF9130;ADF PAPER FEED ASSEMBLY;FC7-6182-000;LEVER, ROLLER RELEASE;
Canon;Canon i-SENSYS MF9130;ADF PAPER FEED ASSEMBLY;FC7-6278-000;FLAPPER, PAPER DELIVERY;
Canon;Canon i-SENSYS MF9130;ADF PAPER FEED ASSEMBLY;FC7-6289-000;LEVER, DEVELOPER SLIDER;
Canon;Canon i-SENSYS MF9130;ADF PAPER FEED ASSEMBLY;FK2-5294-000;SOLENOID;SL5016
Canon;Canon i-SENSYS MF9130;ADF PAPER FEED ASSEMBLY;FC7-6200-000;PLATE, PAPER DELIVERY DOWN;
Canon;Canon i-SENSYS MF9130;ADF PAPER FEED ASSEMBLY;FL2-6647-000;SHAFT, PAPER DELIVERY ROLLER;
Canon;Canon i-SENSYS MF9130;ADF PAPER FEED ASSEMBLY;FL2-6649-000;ARM, SEPARATION SWING;
Canon;Canon i-SENSYS MF9130;ADF PAPER FEED ASSEMBLY;FM3-1332-000;PAPER FEED GUIDE ASSEMBLY;
Canon;Canon i-SENSYS MF9130;ADF PAPER FEED ASSEMBLY;FM3-1333-000;LOWER GUIDE ASSEMBLY;
Canon;Canon i-SENSYS MF9130;ADF PAPER FEED ASSEMBLY;FL2-6665-000;PLATE, WHITE SHEET;
Canon;Canon i-SENSYS MF9130;ADF PAPER FEED ASSEMBLY;FM3-1342-000;DRIVE SUB PLATE ASSEMBLY;
Canon;Canon i-SENSYS MF9130;ADF PAPER FEED ASSEMBLY;WG8-5696-000;PHOTO INTERRUPTER, TLP1243;SR718, SR719
Canon;Canon i-SENSYS MF9130;ADF PAPER FEED ASSEMBLY;FM3-2912-000;ADF CONNECTING PCB ASSEMBLY;
Canon;Canon i-SENSYS MF9130;ADF PAPER FEED ASSEMBLY;FU7-0667-000;GEAR, 20T;
Canon;Canon i-SENSYS MF9130;ADF PAPER FEED ASSEMBLY;FU7-0668-000;GEAR, 54T;
Canon;Canon i-SENSYS MF9130;ADF PAPER FEED ASSEMBLY;FU7-0669-000;GEAR, 46T/23T;
Canon;Canon i-SENSYS MF9130;ADF PAPER FEED ASSEMBLY;FU7-0671-000;GEAR, 36T;
Canon;Canon i-SENSYS MF9130;ADF PAPER FEED ASSEMBLY;FU7-0676-000;GEAR, 21T/42T;
Canon;Canon i-SENSYS MF9130;ADF PAPER FEED ASSEMBLY;FU7-0678-000;GEAR, 51T/17T;
Canon;Canon i-SENSYS MF9130;ADF PAPER FEED ASSEMBLY;FC7-6281-000;SPRING, ARM;
Canon;Canon i-SENSYS MF9130;ADF PAPER FEED ASSEMBLY;FC7-6284-000;CLAMP, DELIVERY ROLLER SHAFT;
Canon;Canon i-SENSYS MF9130;ADF PAPER FEED ASSEMBLY;FC7-6287-000;HOLDER, PAPER DELIVERY ROLLER;
Canon;Canon i-SENSYS MF9130;ADF PAPER FEED ASSEMBLY;FC7-6288-000;ROLLER, PAPER DELIVERY;
Canon;Canon i-SENSYS MF9130;ADF PAPER FEED ASSEMBLY;HU1-1022-000;BUSHING;
Canon;Canon i-SENSYS MF9130;ADF PAPER FEED ASSEMBLY;FU6-2998-000;SPRING, COMPRESSION;
Canon;Canon i-SENSYS MF9130;ADF PAPER FEED ASSEMBLY;FU6-2999-000;SPRING, TENSION;
Canon;Canon i-SENSYS MF9130;ADF PAPER FEED ASSEMBLY;FU7-2015-000;SPRING, COMPRESSION;
Canon;Canon i-SENSYS MF9130;ADF PAPER FEED ASSEMBLY;FU7-2021-000;SPRING, COMPRESSION;
Canon;Canon i-SENSYS MF9130;ADF PAPER FEED ASSEMBLY;FU7-2022-000;SPRING, GROUNDING;
Canon;Canon i-SENSYS MF9130;ADF PAPER FEED ASSEMBLY;HC1-0586-000;RETAINING RING;
Canon;Canon i-SENSYS MF9130;ADF PAPER FEED ASSEMBLY;FM3-1330-000;ADF PAPER FEED ASSEMBLY;SEE NOTE
Canon;Canon i-SENSYS MF9130;PAPER PICK-UP DRIVE ASSY;RM1-2679-020;PAPER PICK-UP DRIVE ASSY;
Canon;Canon i-SENSYS MF9130;DUPLEXING FEED DRIVE ASSY;RM1-2720-000;DUPLEXING FEED DRIVE ASSY;
Canon;Canon i-SENSYS MF9130;DEV. ESTRANGEMENT DRIVE ASSY;RC1-6594-000;GEAR, 31T;
Canon;Canon i-SENSYS MF9130;DEV. ESTRANGEMENT DRIVE ASSY;RM1-2687-000;DEV. ESTRANGEMENT DRIVE ASSY;
Canon;Canon i-SENSYS MF9130;FIXING DRIVE ASSEMBLY;RM1-2619-000;CABLE, FIXING DRIVE;
Canon;Canon i-SENSYS MF9130;FIXING DRIVE ASSEMBLY;FM3-1373-000;FIXING DRIVE ASSEMBLY;
Canon;Canon i-SENSYS MF9130;CASSETTE;RC1-6461-000;SPRING, GROUNDING;
Canon;Canon i-SENSYS MF9130;CASSETTE;RC1-7645-000;LOCK, PAPER LIFTING PLATE, 2;
Canon;Canon i-SENSYS MF9130;CASSETTE;RC1-7649-000;SPRING, COMPRESSION;
Canon;Canon i-SENSYS MF9130;CASSETTE;RC1-7644-000;LOCK, PAPER LIFTING PLATE, 1;
Canon;Canon i-SENSYS MF9130;CASSETTE;RC1-6465-000;SPRING, COMPRESSION;
Canon;Canon i-SENSYS MF9130;CASSETTE;FC7-6149-000;PANEL, CASSETTE, FRONT;
Canon;Canon i-SENSYS MF9130;CASSETTE;RC1-6492-000;CAM, LEFT;
Canon;Canon i-SENSYS MF9130;CASSETTE;RC1-6493-000;CAM, RIGHT;
Canon;Canon i-SENSYS MF9130;CASSETTE;RC1-6494-000;RACK, LEFT;
Canon;Canon i-SENSYS MF9130;CASSETTE;RC1-6495-000;RACK, RIGHT;
Canon;Canon i-SENSYS MF9130;CASSETTE;RC1-6498-000;SPRING, COMPRESSION;
Canon;Canon i-SENSYS MF9130;CASSETTE;RC1-6540-020;GUIDE, CASSETTE PAPER;
Canon;Canon i-SENSYS MF9130;CASSETTE;RC1-6780-020;FRAME, CASSETTE, FRONT;
Canon;Canon i-SENSYS MF9130;CASSETTE;RC2-1606-000;ARM, REMNANT INDICATION;
Canon;Canon i-SENSYS MF9130;CASSETTE;RC1-6787-000;SPRING, COMPRESSION;
Canon;Canon i-SENSYS MF9130;CASSETTE;RC1-6788-000;SPRING, COMPRESSION;
Canon;Canon i-SENSYS MF9130;CASSETTE;RC1-7570-000;ROLLER, CAM;
Canon;Canon i-SENSYS MF9130;CASSETTE;RC1-7601-000;STOPPER, CASSETTE, LEFT;
Canon;Canon i-SENSYS MF9130;CASSETTE;RC1-7602-000;STOPPER, CASSETTE, RIGHT;
Canon;Canon i-SENSYS MF9130;CASSETTE;RL1-1099-000;PLATE, PAPER LIFTING;
Canon;Canon i-SENSYS MF9130;CASSETTE;RU5-0328-000;GEAR, 10T;
Canon;Canon i-SENSYS MF9130;CASSETTE;RM1-2706-030;BACK END LIMIT ASSY;
Canon;Canon i-SENSYS MF9130;CASSETTE;RM1-2707-000;PAPER SIDE END RIGHT ASSY;
Canon;Canon i-SENSYS MF9130;CASSETTE;RM1-2708-000;PAPER SIDE END LEFT ASSY;
Canon;Canon i-SENSYS MF9130;CASSETTE;RM1-2709-000;SEPARATION HOLDER ASSY;
Canon;Canon i-SENSYS MF9130;CASSETTE;FC8-0579-000;LABEL, CONTROL PANEL;
Canon;Canon i-SENSYS MF9130;CASSETTE;FM3-1366-000;CASSETTE;
Canon;Canon i-SENSYS MF9130;PAPER PICK-UP ASSEMBLY;RM1-2741-000;M.P. PICK-UP ROLLER ASSY;
Canon;Canon i-SENSYS MF9130;PAPER PICK-UP ASSEMBLY;RC1-6609-000;COVER, CASSETTE ROLLER;
Canon;Canon i-SENSYS MF9130;PAPER PICK-UP ASSEMBLY;RM1-2702-000;CST. PICK-UP ROLLER ASSY;
Canon;Canon i-SENSYS MF9130;PAPER PICK-UP ASSEMBLY;RM1-2699-000;MULTI-PURPOSE SEP. PAD ASSY;
Canon;Canon i-SENSYS MF9130;PAPER PICK-UP ASSEMBLY;XA9-1671-000;SCREW, D, M3X8;
Canon;Canon i-SENSYS MF9130;PAPER PICK-UP ASSEMBLY;RM1-2704-000;M.P. PAPER PICK-UP GEAR ASSY;
Canon;Canon i-SENSYS MF9130;PAPER PICK-UP ASSEMBLY;FM3-1370-000;PAPER PICK-UP ASSEMBLY;
Canon;Canon i-SENSYS MF9130;MULTI PURPOSE TRAY ASSY;FC7-6013-000;COVER, MULTI FEED;
Canon;Canon i-SENSYS MF9130;MULTI PURPOSE TRAY ASSY;RM1-2710-000;M.P. EXTENSION TRAY ASSY;
Canon;Canon i-SENSYS MF9130;MULTI PURPOSE TRAY ASSY;RC1-6381-000;LINK, M.P. HINGE, LEFT;
Canon;Canon i-SENSYS MF9130;MULTI PURPOSE TRAY ASSY;RC1-6382-000;LINK, M.P. HINGE, RIGHT;
Canon;Canon i-SENSYS MF9130;MULTI PURPOSE TRAY ASSY;RC1-6383-000;SPRING, TENSION;
Canon;Canon i-SENSYS MF9130;MULTI PURPOSE TRAY ASSY;RM1-2711-040;MULTI PURPOSE TRAY ASSY;
Canon;Canon i-SENSYS MF9130;ELECT. TRANSPORT BELT ASSY;FM3-1391-010;DUPLEXING PAPER FEED ASSY;
Canon;Canon i-SENSYS MF9130;ELECT. TRANSPORT BELT ASSY;RM1-2719-000;PAPER FEED GUIDE ASSEMBLY;
Canon;Canon i-SENSYS MF9130;ELECT. TRANSPORT BELT ASSY;XA9-1671-000;SCREW, D, M3X8;
Canon;Canon i-SENSYS MF9130;ELECT. TRANSPORT BELT ASSY;RM1-4352-000;ELECT. TRANSPORT BELT ASSY;
Canon;Canon i-SENSYS MF9130;REVERSE ASSEMBLY;FC7-6125-000;GUIDE, REVERSE, REAR;
Canon;Canon i-SENSYS MF9130;REVERSE ASSEMBLY;FC7-6126-000;GUIDE, REVERSE, REAR UPPER;
Canon;Canon i-SENSYS MF9130;REVERSE ASSEMBLY;FC7-6078-000;BUSHING;
Canon;Canon i-SENSYS MF9130;REVERSE ASSEMBLY;FC7-6057-000;BLOCK, BRAKE;
Canon;Canon i-SENSYS MF9130;REVERSE ASSEMBLY;FC7-6058-000;LEVER, DOCUMENT SCANNER;
Canon;Canon i-SENSYS MF9130;REVERSE ASSEMBLY;FC7-6068-000;BUSHING;
Canon;Canon i-SENSYS MF9130;REVERSE ASSEMBLY;FC7-6069-000;BELT, TIMING;
Canon;Canon i-SENSYS MF9130;REVERSE ASSEMBLY;FC7-6082-000;HINGE, GUIDE, FRONT;
Canon;Canon i-SENSYS MF9130;REVERSE ASSEMBLY;FC7-6091-000;BUSHING;
Canon;Canon i-SENSYS MF9130;REVERSE ASSEMBLY;FC7-6098-000;STOPPER, GEAR;
Canon;Canon i-SENSYS MF9130;REVERSE ASSEMBLY;FC7-6101-000;GUIDE, REVERSE, UPPER;
Canon;Canon i-SENSYS MF9130;REVERSE ASSEMBLY;FC7-6106-000;ROLLER, INTERMEDIATE, 2;
Canon;Canon i-SENSYS MF9130;REVERSE ASSEMBLY;FC7-6107-000;ROLLER, REVERSE;
Canon;Canon i-SENSYS MF9130;REVERSE ASSEMBLY;FC8-0580-000;LABEL, HIGH TMP. CAUTION;
Canon;Canon i-SENSYS MF9130;REVERSE ASSEMBLY;FU7-0641-000;GEAR, 28T;
Canon;Canon i-SENSYS MF9130;REVERSE ASSEMBLY;FM3-1346-000;GUIDE BASE ASSEMBLY;
Canon;Canon i-SENSYS MF9130;REVERSE ASSEMBLY;FC7-6074-000;FLAPPER, REVERSE;
Canon;Canon i-SENSYS MF9130;REVERSE ASSEMBLY;FC7-6075-000;FLAG, REVERSE SENSOR;
Canon;Canon i-SENSYS MF9130;REVERSE ASSEMBLY;FC7-6080-000;ROLLER, INTERMEDIATE, 1;
Canon;Canon i-SENSYS MF9130;REVERSE ASSEMBLY;FC7-6081-000;BUSHING;
Canon;Canon i-SENSYS MF9130;REVERSE ASSEMBLY;FM3-1348-000;REVERSE DRIVE ASSEMBLY;EXCEPT MF9280Cdn, 9220Cdn
Canon;Canon i-SENSYS MF9130;REVERSE ASSEMBLY;FM4-7377-000;REVERSE DRIVE ASSEMBLY;MF9280Cdn, 9220Cdn
Canon;Canon i-SENSYS MF9130;REVERSE ASSEMBLY;FC7-6108-000;ROLLER, DELIVERY FOLLOWER;
Canon;Canon i-SENSYS MF9130;REVERSE ASSEMBLY;FC7-6109-000;BUSHING;
Canon;Canon i-SENSYS MF9130;REVERSE ASSEMBLY;WG8-5696-000;PHOTO INTERRUPTER, TLP1243;SR706, SR713, SR715
Canon;Canon i-SENSYS MF9130;REVERSE ASSEMBLY;FM3-1347-000;FR. PAPER DELIVERY GUIDE ASSY;
Canon;Canon i-SENSYS MF9130;REVERSE ASSEMBLY;FC7-6060-000;FLAPPER, DUPLEXING;
Canon;Canon i-SENSYS MF9130;REVERSE ASSEMBLY;FU7-0650-000;GEAR, 12T;
Canon;Canon i-SENSYS MF9130;REVERSE ASSEMBLY;FC7-6117-000;FLAG, PAPER DELIVERY SENSOR;
Canon;Canon i-SENSYS MF9130;REVERSE ASSEMBLY;FC7-6118-000;LEVER, PAPER DELIVERY;
Canon;Canon i-SENSYS MF9130;REVERSE ASSEMBLY;FC7-6128-000;COVER, PAPER DELIVERY GUIDE;
Canon;Canon i-SENSYS MF9130;REVERSE ASSEMBLY;FC7-6129-000;TRAY, PAPER DELIVERY GRADIENT;
Canon;Canon i-SENSYS MF9130;REVERSE ASSEMBLY;FC7-6137-000;LABEL, DELIVERY GUIDE COVER;
Canon;Canon i-SENSYS MF9130;REVERSE ASSEMBLY;FL2-6660-000;ROLLER, PAPER DELIVERY;
Canon;Canon i-SENSYS MF9130;REVERSE ASSEMBLY;FL2-6664-000;ROLLER, PAPER FEED;
Canon;Canon i-SENSYS MF9130;REVERSE ASSEMBLY;VS1-7207-009;CONNECTOR, SNAP TIGHT;
Canon;Canon i-SENSYS MF9130;REVERSE ASSEMBLY;VS1-7177-002;CONNECTOR, SNAP TIGHT, BK;
Canon;Canon i-SENSYS MF9130;REVERSE ASSEMBLY;FU5-3570-000;PULLEY, 22T;
Canon;Canon i-SENSYS MF9130;REVERSE ASSEMBLY;FU7-0646-000;GEAR, 26T;
Canon;Canon i-SENSYS MF9130;REVERSE ASSEMBLY;FU7-0648-000;GEAR, 35T;
Canon;Canon i-SENSYS MF9130;REVERSE ASSEMBLY;RK2-0948-000;SOLENOID;SL5017
Canon;Canon i-SENSYS MF9130;REVERSE ASSEMBLY;VS1-7177-004;CONNECTOR, SNAP TIGHT, BK;
Canon;Canon i-SENSYS MF9130;REVERSE ASSEMBLY;FM3-3997-000;DUPLEXING PCB ASSEMBLY;EXCEPT MF9280Cdn, 9220Cdn
Canon;Canon i-SENSYS MF9130;REVERSE ASSEMBLY;FM4-7345-000;DUPLEXING PCB ASSEMBLY;MF9280Cdn, 9220Cdn
Canon;Canon i-SENSYS MF9130;REVERSE ASSEMBLY;FU7-0642-000;GEAR, 12T;
Canon;Canon i-SENSYS MF9130;REVERSE ASSEMBLY;XA9-1671-000;SCREW, D, M3X8;
Canon;Canon i-SENSYS MF9130;REVERSE ASSEMBLY 2;FC7-6125-000;GUIDE, REVERSE, REAR;
Canon;Canon i-SENSYS MF9130;REVERSE ASSEMBLY 2;FC7-6126-000;GUIDE, REVERSE, REAR UPPER;
Canon;Canon i-SENSYS MF9130;REVERSE ASSEMBLY 2;FC7-6078-000;BUSHING;
Canon;Canon i-SENSYS MF9130;REVERSE ASSEMBLY 2;FC7-6057-000;BLOCK, BRAKE;
Canon;Canon i-SENSYS MF9130;REVERSE ASSEMBLY 2;FC7-6058-000;LEVER, DOCUMENT SCANNER;
Canon;Canon i-SENSYS MF9130;REVERSE ASSEMBLY 2;FC7-6068-000;BUSHING;
Canon;Canon i-SENSYS MF9130;REVERSE ASSEMBLY 2;FC7-6069-000;BELT, TIMING;
Canon;Canon i-SENSYS MF9130;REVERSE ASSEMBLY 2;FC7-6082-000;HINGE, GUIDE, FRONT;
Canon;Canon i-SENSYS MF9130;REVERSE ASSEMBLY 2;FC7-6091-000;BUSHING;
Canon;Canon i-SENSYS MF9130;REVERSE ASSEMBLY 2;FC7-6098-000;STOPPER, GEAR;
Canon;Canon i-SENSYS MF9130;REVERSE ASSEMBLY 2;FC7-6101-000;GUIDE, REVERSE, UPPER;
Canon;Canon i-SENSYS MF9130;REVERSE ASSEMBLY 2;FC7-6106-000;ROLLER, INTERMEDIATE, 2;
Canon;Canon i-SENSYS MF9130;REVERSE ASSEMBLY 2;FC7-6107-000;ROLLER, REVERSE;
Canon;Canon i-SENSYS MF9130;REVERSE ASSEMBLY 2;FC8-0580-000;LABEL, HIGH TMP. CAUTION;
Canon;Canon i-SENSYS MF9130;REVERSE ASSEMBLY 2;FU7-0641-000;GEAR, 28T;
Canon;Canon i-SENSYS MF9130;REVERSE ASSEMBLY 2;FM3-1346-000;GUIDE BASE ASSEMBLY;
Canon;Canon i-SENSYS MF9130;REVERSE ASSEMBLY 2;FC7-6074-000;FLAPPER, REVERSE;
Canon;Canon i-SENSYS MF9130;REVERSE ASSEMBLY 2;FC7-6075-000;FLAG, REVERSE SENSOR;
Canon;Canon i-SENSYS MF9130;REVERSE ASSEMBLY 2;FC7-6080-000;ROLLER, INTERMEDIATE, 1;
Canon;Canon i-SENSYS MF9130;REVERSE ASSEMBLY 2;FC7-6081-000;BUSHING;
Canon;Canon i-SENSYS MF9130;REVERSE ASSEMBLY 2;FM3-1348-000;REVERSE DRIVE ASSEMBLY;EXCEPT MF9280Cdn, 9220Cdn
Canon;Canon i-SENSYS MF9130;REVERSE ASSEMBLY 2;FM4-7377-000;REVERSE DRIVE ASSEMBLY;MF9280Cdn, 9220Cdn
Canon;Canon i-SENSYS MF9130;REVERSE ASSEMBLY 2;FC7-6108-000;ROLLER, DELIVERY FOLLOWER;
Canon;Canon i-SENSYS MF9130;REVERSE ASSEMBLY 2;FC7-6109-000;BUSHING;
Canon;Canon i-SENSYS MF9130;REVERSE ASSEMBLY 2;WG8-5696-000;PHOTO INTERRUPTER, TLP1243;SR706, SR713, SR715
Canon;Canon i-SENSYS MF9130;REVERSE ASSEMBLY 2;FM3-1347-000;FR. PAPER DELIVERY GUIDE ASSY;
Canon;Canon i-SENSYS MF9130;REVERSE ASSEMBLY 2;FC7-6060-000;FLAPPER, DUPLEXING;
Canon;Canon i-SENSYS MF9130;REVERSE ASSEMBLY 2;FU7-0650-000;GEAR, 12T;
Canon;Canon i-SENSYS MF9130;REVERSE ASSEMBLY 2;FC7-6117-000;FLAG, PAPER DELIVERY SENSOR;
Canon;Canon i-SENSYS MF9130;REVERSE ASSEMBLY 2;FC7-6118-000;LEVER, PAPER DELIVERY;
Canon;Canon i-SENSYS MF9130;REVERSE ASSEMBLY 2;FC7-6128-000;COVER, PAPER DELIVERY GUIDE;
Canon;Canon i-SENSYS MF9130;REVERSE ASSEMBLY 2;FC7-6129-000;TRAY, PAPER DELIVERY GRADIENT;
Canon;Canon i-SENSYS MF9130;REVERSE ASSEMBLY 2;FC7-6137-000;LABEL, DELIVERY GUIDE COVER;
Canon;Canon i-SENSYS MF9130;REVERSE ASSEMBLY 2;FL2-6660-000;ROLLER, PAPER DELIVERY;
Canon;Canon i-SENSYS MF9130;REVERSE ASSEMBLY 2;FL2-6664-000;ROLLER, PAPER FEED;
Canon;Canon i-SENSYS MF9130;REVERSE ASSEMBLY 2;VS1-7207-009;CONNECTOR, SNAP TIGHT;
Canon;Canon i-SENSYS MF9130;REVERSE ASSEMBLY 2;VS1-7177-002;CONNECTOR, SNAP TIGHT, BK;
Canon;Canon i-SENSYS MF9130;REVERSE ASSEMBLY 2;FU5-3570-000;PULLEY, 22T;
Canon;Canon i-SENSYS MF9130;REVERSE ASSEMBLY 2;FU7-0646-000;GEAR, 26T;
Canon;Canon i-SENSYS MF9130;REVERSE ASSEMBLY 2;FU7-0648-000;GEAR, 35T;
Canon;Canon i-SENSYS MF9130;REVERSE ASSEMBLY 2;RK2-0948-000;SOLENOID;SL5017
Canon;Canon i-SENSYS MF9130;REVERSE ASSEMBLY 2;VS1-7177-004;CONNECTOR, SNAP TIGHT, BK;
Canon;Canon i-SENSYS MF9130;REVERSE ASSEMBLY 2;FM3-3997-000;DUPLEXING PCB ASSEMBLY;EXCEPT MF9280Cdn, 9220Cdn
Canon;Canon i-SENSYS MF9130;REVERSE ASSEMBLY 2;FM4-7345-000;DUPLEXING PCB ASSEMBLY;MF9280Cdn, 9220Cdn
Canon;Canon i-SENSYS MF9130;REVERSE ASSEMBLY 2;FU7-0642-000;GEAR, 12T;
Canon;Canon i-SENSYS MF9130;REVERSE ASSEMBLY 2;XA9-1671-000;SCREW, D, M3X8;
Canon;Canon i-SENSYS MF9130;READER ASSEMBLY;FC8-0558-000;LABEL, LENGTH SIZE;SEE NOTE A SIZE
Canon;Canon i-SENSYS MF9130;READER ASSEMBLY;FC8-0557-000;LABEL, LENGTH SIZE;SEE NOTE AB SIZE
Canon;Canon i-SENSYS MF9130;READER ASSEMBLY;FC7-6240-000;LABEL, LENGTH SIZE;SEE NOTE INCH/A SIZE
Canon;Canon i-SENSYS MF9130;READER ASSEMBLY;FC8-0559-000;LABEL, LENGTH SIZE;SEE NOTE INCH/AB SIZE
Canon;Canon i-SENSYS MF9130;READER ASSEMBLY;FC8-0563-000;LABEL, COPY PROHIBITION;SEE NOTE Japanese
Canon;Canon i-SENSYS MF9130;READER ASSEMBLY;FC8-0567-000;LABEL, COPY PROHIBITION;SEE NOTE Korean
Canon;Canon i-SENSYS MF9130;READER ASSEMBLY;FC8-0565-000;LABEL, COPY PROHIBITION;SEE NOTE UK English
Canon;Canon i-SENSYS MF9130;READER ASSEMBLY;FC8-0564-000;LABEL, COPY PROHIBITION;SEE NOTE US English
Canon;Canon i-SENSYS MF9130;READER ASSEMBLY;FC8-0569-000;LABEL, COPY PROHIBITION;US English, French, German, Spanish, Italian, Russian
Canon;Canon i-SENSYS MF9130;READER ASSEMBLY;FK2-5282-000;CABLE, FLAT;
Canon;Canon i-SENSYS MF9130;READER ASSEMBLY;FM3-1353-000;MOTOR ASSEMBLY;M12
Canon;Canon i-SENSYS MF9130;READER ASSEMBLY;WG8-5696-000;PHOTO INTERRUPTER, TLP1243;SR717
Canon;Canon i-SENSYS MF9130;READER ASSEMBLY;XA9-0476-000;SCREW,TP M3X8;
Canon;Canon i-SENSYS MF9130;READER ASSEMBLY;FM3-1351-000;TOP COVER ASSEMBLY;
Canon;Canon i-SENSYS MF9130;READER ASSEMBLY;FC7-6047-000;PLATE, READER GROUNDING, LEFT;
Canon;Canon i-SENSYS MF9130;READER ASSEMBLY;FC7-6048-000;PLATE, READER GROUNDING, RIGHT;
Canon;Canon i-SENSYS MF9130;READER ASSEMBLY;FC7-6222-000;PANEL, LEFT LOWER;
Canon;Canon i-SENSYS MF9130;READER ASSEMBLY;FC7-6223-000;PANEL, FRONT LOWER;
Canon;Canon i-SENSYS MF9130;READER ASSEMBLY;FC7-6224-000;PANEL, RIGHT LOWER;
Canon;Canon i-SENSYS MF9130;READER ASSEMBLY;FC7-6228-000;HOLDER, PULLEY;
Canon;Canon i-SENSYS MF9130;READER ASSEMBLY;FC7-6246-000;STOPPER, BELT;
Canon;Canon i-SENSYS MF9130;READER ASSEMBLY;FC7-6254-000;PLATE, MOTOR GROUNDING;
Canon;Canon i-SENSYS MF9130;READER ASSEMBLY;FC7-6257-000;PLATE, GROUNDING;
Canon;Canon i-SENSYS MF9130;READER ASSEMBLY;FL2-6668-000;RAIL, OPTICAL;
Canon;Canon i-SENSYS MF9130;READER ASSEMBLY;FU5-3576-000;PULLEY, 18T;
Canon;Canon i-SENSYS MF9130;READER ASSEMBLY;FU7-2009-000;SPRING, TENSION;
Canon;Canon i-SENSYS MF9130;READER ASSEMBLY;HC1-0586-000;RETAINING RING (E-TYRE);
Canon;Canon i-SENSYS MF9130;READER ASSEMBLY;VS1-7177-004;CONNECTOR, SNAP TIGHT, BK;
Canon;Canon i-SENSYS MF9130;READER ASSEMBLY;VS1-7207-003;CONNECTOR, SNAP TIGHT, BK;
Canon;Canon i-SENSYS MF9130;READER ASSEMBLY;FC7-6027-000;CLAMP, READER SHAFT, LEFT;SEE NOTE
Canon;Canon i-SENSYS MF9130;READER ASSEMBLY;FC7-6037-000;CLAMP, READER SHAFT, RIGHT;SEE NOTE
Canon;Canon i-SENSYS MF9130;READER ASSEMBLY;FC7-6028-000;SUPPORT, READER, LEFT;
Canon;Canon i-SENSYS MF9130;READER ASSEMBLY;FC7-6038-000;SUPPORT, READER, RIGHT;
Canon;Canon i-SENSYS MF9130;READER ASSEMBLY;FM3-1356-000;READER ASSEMBLY;EXCEPT MF9280Cdn, 9220Cdn
Canon;Canon i-SENSYS MF9130;READER ASSEMBLY;FM4-7389-000;READER ASSEMBLY;MF9280Cdn, 9220Cdn
Canon;Canon i-SENSYS MF9130;FIXING ASSY;RC1-6229-030;ROLLER, PRESSURE;
Canon;Canon i-SENSYS MF9130;FIXING ASSY;RC1-6230-020;COVER, PRE-FIXING;
Canon;Canon i-SENSYS MF9130;FIXING ASSY;RC1-6234-020;COVER, FIXING, LEFT;
Canon;Canon i-SENSYS MF9130;FIXING ASSY;RC1-6235-000;CROSSMEMBER, FIXING, REAR;
Canon;Canon i-SENSYS MF9130;FIXING ASSY;RC1-6237-000;COVER, FIXING, LOWER;
Canon;Canon i-SENSYS MF9130;FIXING ASSY;RC1-6245-000;PLATE, FIXING BASE;
Canon;Canon i-SENSYS MF9130;FIXING ASSY;RC1-6254-030;GUIDE, FIXING ENTRANCE;
Canon;Canon i-SENSYS MF9130;FIXING ASSY;RC1-6257-000;PLATE, SLEEVE PRESSURE, RIGHT;
Canon;Canon i-SENSYS MF9130;FIXING ASSY;RC1-6258-000;PLATE, SLEEVE PRESSURE, LEFT;
Canon;Canon i-SENSYS MF9130;FIXING ASSY;RC1-6259-000;SPRING, COMPRESSION;
Canon;Canon i-SENSYS MF9130;FIXING ASSY;RC1-6260-000;HOLDER, PRESSURE SPRING;
Canon;Canon i-SENSYS MF9130;FIXING ASSY;RC1-6261-000;SLIDER, CAM, 1;
Canon;Canon i-SENSYS MF9130;FIXING ASSY;RC1-6262-000;GUIDE, CABLE;
Canon;Canon i-SENSYS MF9130;FIXING ASSY;RC1-6263-000;BUSHING;
Canon;Canon i-SENSYS MF9130;FIXING ASSY;RC1-6264-000;CAM, ESTRANGEMENT, RIGHT;
Canon;Canon i-SENSYS MF9130;FIXING ASSY;RC1-6265-000;CAM, ESTRANGEMENT, LEFT;
Canon;Canon i-SENSYS MF9130;FIXING ASSY;RC1-6266-000;GEAR, 15T;
Canon;Canon i-SENSYS MF9130;FIXING ASSY;RC1-6267-000;GEAR, 15T;
Canon;Canon i-SENSYS MF9130;FIXING ASSY;RC1-6268-000;SHAFT, CAM;
Canon;Canon i-SENSYS MF9130;FIXING ASSY;RC1-6269-000;GEAR, 21T;
Canon;Canon i-SENSYS MF9130;FIXING ASSY;RC1-6270-000;GEAR, 23T/23T;
Canon;Canon i-SENSYS MF9130;FIXING ASSY;RC1-6275-000;GEAR, 31T;
Canon;Canon i-SENSYS MF9130;FIXING ASSY;RC1-6276-000;GEAR, 23T/14T;
Canon;Canon i-SENSYS MF9130;FIXING ASSY;RC1-6277-000;GEAR, 14T/17T;
Canon;Canon i-SENSYS MF9130;FIXING ASSY;RC1-6281-020;GEAR, 22T/15T;
Canon;Canon i-SENSYS MF9130;FIXING ASSY;RC1-6285-000;GEAR, 15T;
Canon;Canon i-SENSYS MF9130;FIXING ASSY;RC1-6303-000;GEAR, 25T;
Canon;Canon i-SENSYS MF9130;FIXING ASSY;RC1-6308-000;SLIDER, CAM, 2;
Canon;Canon i-SENSYS MF9130;FIXING ASSY;RC1-6839-000;LOCK, FIXING, LEFT;
Canon;Canon i-SENSYS MF9130;FIXING ASSY;RC1-6840-000;LOCK, FIXING, RIGHT;
Canon;Canon i-SENSYS MF9130;FIXING ASSY;RC1-6841-000;SPRING, COMPRESSION;
Canon;Canon i-SENSYS MF9130;FIXING ASSY;WG8-5696-000;PHOTO INTERRUPTER, TLP1243;SR6005
Canon;Canon i-SENSYS MF9130;FIXING ASSY;RC1-6843-000;COVER;
Canon;Canon i-SENSYS MF9130;FIXING ASSY;RC1-7572-000;RATCHET;
Canon;Canon i-SENSYS MF9130;FIXING ASSY;RC1-7573-000;SPRING, COMPRESSION;
Canon;Canon i-SENSYS MF9130;FIXING ASSY;RC1-7574-000;HOLDER, SPRING;
Canon;Canon i-SENSYS MF9130;FIXING ASSY;RC1-7575-000;COVER, SHAFT;
Canon;Canon i-SENSYS MF9130;FIXING ASSY;XA9-1449-000;SCREW, RS, M3X8;
Canon;Canon i-SENSYS MF9130;FIXING ASSY;XD9-0234-000;RING, E;
Canon;Canon i-SENSYS MF9130;FIXING ASSY;XD2-1100-242;WASHER, RETAINING;
Canon;Canon i-SENSYS MF9130;FIXING ASSY;RM1-2586-000;RELAY PCB ASSY;
Canon;Canon i-SENSYS MF9130;FIXING ASSY;RM1-4301-000;FIXING FILM GUIDE ASSY;100V
Canon;Canon i-SENSYS MF9130;FIXING ASSY;RM1-2666-050;FIXING FILM GUIDE ASSY;120V
Canon;Canon i-SENSYS MF9130;FIXING ASSY;RM1-2744-050;FIXING FILM GUIDE ASSY;230V
Canon;Canon i-SENSYS MF9130;FIXING ASSY;RM1-2667-100;PAPER DELIVERY GUIDE ASSY;
Canon;Canon i-SENSYS MF9130;FIXING ASSY;RC1-7632-000;LABEL, OPEN/CLOSE GUIDE;
Canon;Canon i-SENSYS MF9130;FIXING ASSY;RM1-2746-000;HEAT INSULATING COVER ASSY;
Canon;Canon i-SENSYS MF9130;FIXING ASSY;RM1-2601-000;CABLE, FIXING DC;
Canon;Canon i-SENSYS MF9130;FIXING ASSY;RM1-2747-030;LOOP SENSOR HOLDER ASSY;
Canon;Canon i-SENSYS MF9130;FIXING ASSY;RM1-2748-000;FIXING RIGHT COVER ASSY;
Canon;Canon i-SENSYS MF9130;FIXING ASSY;RC2-1646-000;LABEL, FIXING, 1;
Canon;Canon i-SENSYS MF9130;FIXING ASSY;RC1-7606-000;LABEL, HIGH TMP. CAUTION;
Canon;Canon i-SENSYS MF9130;FIXING ASSY;RC2-1647-000;LABEL, FIXING, 2;
Canon;Canon i-SENSYS MF9130;FIXING ASSY;RM1-4300-030;FIXING ASSY;100V
Canon;Canon i-SENSYS MF9130;FIXING ASSY;RM1-4348-030;FIXING ASSY;120V
Canon;Canon i-SENSYS MF9130;FIXING ASSY;RM1-4349-030;FIXING ASSY;230V
Canon;Canon i-SENSYS MF9130;CONTROLLER BOX ASSEMBLY;WA7-4997-000;DIMM, SMD-N51226NP-D;MF9280Cdn
Canon;Canon i-SENSYS MF9130;CONTROLLER BOX ASSEMBLY;WA7-4998-000;DIMM, SMD-N25626NP-D;MF9170c, 9170C, 9170, 9130
Canon;Canon i-SENSYS MF9130;CONTROLLER BOX ASSEMBLY;WA7-5191-000;DIMM, ADF3200CE-128HEU;MF9220Cdn, 9150c, 8450c, F8450C, 8450, 5450
Canon;Canon i-SENSYS MF9130;CONTROLLER BOX ASSEMBLY;FC7-6850-000;COVER, OPTION CONNECTOR;120V
Canon;Canon i-SENSYS MF9130;CONTROLLER BOX ASSEMBLY;FC7-6855-000;COVER, OPTION CONNECTOR;EXCEPT 120V
Canon;Canon i-SENSYS MF9130;CONTROLLER BOX ASSEMBLY;FM3-2918-000;MODULAR PCB ASSEMBLY;100V
Canon;Canon i-SENSYS MF9130;CONTROLLER BOX ASSEMBLY;FM3-2917-000;MODULAR PCB ASSEMBLY;120V
Canon;Canon i-SENSYS MF9130;CONTROLLER BOX ASSEMBLY;FM3-2919-000;MODULAR PCB ASSEMBLY;FAX model 230V
Canon;Canon i-SENSYS MF9130;CONTROLLER BOX ASSEMBLY;FM3-4009-000;NCU PCB ASSEMBLY;FAX model AU
Canon;Canon i-SENSYS MF9130;CONTROLLER BOX ASSEMBLY;FM3-4008-000;NCU PCB ASSEMBLY;FAX model EXCEPT AU
Canon;Canon i-SENSYS MF9130;CONTROLLER BOX ASSEMBLY;FM3-5021-000;MAIN CONTROLLER PCB ASSEMBLY;MF8450c, 8450C, 8450
Canon;Canon i-SENSYS MF9130;CONTROLLER BOX ASSEMBLY;FM3-5023-000;MAIN CONTROLLER PCB ASSEMBLY;MF9130
Canon;Canon i-SENSYS MF9130;CONTROLLER BOX ASSEMBLY;FM3-5024-000;MAIN CONTROLLER PCB ASSEMBLY;MF9150c
Canon;Canon i-SENSYS MF9130;CONTROLLER BOX ASSEMBLY;FM3-5022-000;MAIN CONTROLLER PCB ASSEMBLY;MF9170c, 9170C, 9170
Canon;Canon i-SENSYS MF9130;CONTROLLER BOX ASSEMBLY;FM4-7472-000;MAIN CONTROLLER PCB ASSEMBLY;MF9220Cdn
Canon;Canon i-SENSYS MF9130;CONTROLLER BOX ASSEMBLY;FM4-7473-000;MAIN CONTROLLER PCB ASSEMBLY;MF9280Cdn
Canon;Canon i-SENSYS MF9130;CONTROLLER BOX ASSEMBLY;FK2-5285-000;CABLE, FLAT, 3;FAX model
Canon;Canon i-SENSYS MF9130;CONTROLLER BOX ASSEMBLY;FM3-2945-000;CABLE, NCU;FAX model
Canon;Canon i-SENSYS MF9130;CONTROLLER BOX ASSEMBLY;FM3-2946-000;CABLE, MODULAR JACK;FAX model
Canon;Canon i-SENSYS MF9130;CONTROLLER BOX ASSEMBLY;FC7-6857-000;COVER, MODULAR;MF9130
Canon;Canon i-SENSYS MF9130;CONTROLLER BOX ASSEMBLY;FM3-2942-000;CABLE, ARRESTER;100V
