Canon;Canon i-SENSYS MF4660;EXTERNAL COVERS, PANELS, ETC.;FC6-5204-000;SHEET, HANDSET;MF4600 Series
Canon;Canon i-SENSYS MF4660;EXTERNAL COVERS, PANELS, ETC.;FC8-0690-000;SHEET, HANDSET;MF4200 Series
Canon;Canon i-SENSYS MF4660;EXTERNAL COVERS, PANELS, ETC.;FL2-7040-000;COVER UNIT, FRONT;
Canon;Canon i-SENSYS MF4660;EXTERNAL COVERS, PANELS, ETC.;FL2-5620-000;HOLDER, DOCUMENT RELEASE SHEET;MF4600 Series
Canon;Canon i-SENSYS MF4660;EXTERNAL COVERS, PANELS, ETC.;FL2-8495-000;HOLDER, DOCUMENT RELEASE SHEET;MF4200 Series
Canon;Canon i-SENSYS MF4660;EXTERNAL COVERS, PANELS, ETC.;FC7-3554-010;COVER, CRG;
Canon;Canon i-SENSYS MF4660;EXTERNAL COVERS, PANELS, ETC.;FC7-7296-000;COVER,FRONT,PAPER SUPPLY TRAY;
Canon;Canon i-SENSYS MF4660;EXTERNAL COVERS, PANELS, ETC.;FC7-7288-000;COVER, REAR;MF4600 Series EXCEPT MF4660PL
Canon;Canon i-SENSYS MF4660;EXTERNAL COVERS, PANELS, ETC.;FC7-7333-000;COVER, REAR;MF4660PL
Canon;Canon i-SENSYS MF4660;EXTERNAL COVERS, PANELS, ETC.;FC8-1389-000;COVER, REAR;MF4200 Series
Canon;Canon i-SENSYS MF4660;EXTERNAL COVERS, PANELS, ETC.;FC7-7324-000;COVER, RIGHT;MF4600 Series 100V
Canon;Canon i-SENSYS MF4660;EXTERNAL COVERS, PANELS, ETC.;FC7-7323-000;COVER, RIGHT;MF4600 Series 120/230V
Canon;Canon i-SENSYS MF4660;EXTERNAL COVERS, PANELS, ETC.;FC8-1425-000;COVER, RIGHT;MF4200 Series 100V
Canon;Canon i-SENSYS MF4660;EXTERNAL COVERS, PANELS, ETC.;FC8-0651-000;COVER, RIGHT;MF4200 Series 120/230V
Canon;Canon i-SENSYS MF4660;EXTERNAL COVERS, PANELS, ETC.;FM2-8924-000;LEFT COVER ASSY;MF4600 Series 100V
Canon;Canon i-SENSYS MF4660;EXTERNAL COVERS, PANELS, ETC.;FM2-8923-000;LEFT COVER ASSY;MF4600 Series 120/230V
Canon;Canon i-SENSYS MF4660;EXTERNAL COVERS, PANELS, ETC.;FM3-4496-000;LEFT COVER ASSY;MF4200 Series 100V
Canon;Canon i-SENSYS MF4660;EXTERNAL COVERS, PANELS, ETC.;FM3-4103-000;LEFT COVER ASSY;MF4200 Series 120/230V
Canon;Canon i-SENSYS MF4660;EXTERNAL COVERS, PANELS, ETC.;FC7-3648-000;SHEET, PAPER FEED;
Canon;Canon i-SENSYS MF4660;EXTERNAL COVERS, PANELS, ETC.;FC7-3649-000;CAP, SHEET;
Canon;Canon i-SENSYS MF4660;EXTERNAL COVERS, PANELS, ETC.;FC7-3638-000;PLATE, PAPER SIZE;MF4600 Series AB SIZE
Canon;Canon i-SENSYS MF4660;EXTERNAL COVERS, PANELS, ETC.;FC7-3711-000;PLATE, PAPER SIZE;MF4600 Series INCH SIZE
Canon;Canon i-SENSYS MF4660;EXTERNAL COVERS, PANELS, ETC.;FC7-3712-000;PLATE, PAPER SIZE;MF4600 Series INCH/ AB SIZE
Canon;Canon i-SENSYS MF4660;EXTERNAL COVERS, PANELS, ETC.;FC8-0659-000;PLATE, PAPER SIZE;MF4200 Series A SIZE
Canon;Canon i-SENSYS MF4660;EXTERNAL COVERS, PANELS, ETC.;FC8-1392-000;PLATE, PAPER SIZE;MF4200 Series INCH SIZE
Canon;Canon i-SENSYS MF4660;EXTERNAL COVERS, PANELS, ETC.;FC8-1393-000;PLATE, PAPER SIZE;MF4200 Series INCH/ AB SIZE
Canon;Canon i-SENSYS MF4660;EXTERNAL COVERS, PANELS, ETC.;FC8-1394-000;PLATE, PAPER SIZE;MF4200 Series AB SIZE
Canon;Canon i-SENSYS MF4660;EXTERNAL COVERS, PANELS, ETC.;FC7-3714-000;RETAINER, STAY;
Canon;Canon i-SENSYS MF4660;EXTERNAL COVERS, PANELS, ETC.;FC7-7302-000;COVER, USB;MF4600 Series EXCEPT MF4660PL
Canon;Canon i-SENSYS MF4660;EXTERNAL COVERS, PANELS, ETC.;FC7-9572-000;COVER, USB;MF4660PL/MF4200 Series
Canon;Canon i-SENSYS MF4660;EXTERNAL COVERS, PANELS, ETC.;FC7-3729-000;MAGNET;MF4600 Series
Canon;Canon i-SENSYS MF4660;EXTERNAL COVERS, PANELS, ETC.;FC7-3821-000;MAGNET;MF4200 Series
Canon;Canon i-SENSYS MF4660;EXTERNAL COVERS, PANELS, ETC.;FC7-3753-000;SHEET, GLASS CLEANING;MF4600 Series JP/AU/ ASIA/ CN/ KR
Canon;Canon i-SENSYS MF4660;EXTERNAL COVERS, PANELS, ETC.;FC7-3752-000;SHEET, GLASS CLEANING;MF4600 Series EUR
Canon;Canon i-SENSYS MF4660;EXTERNAL COVERS, PANELS, ETC.;FC7-3751-000;SHEET, GLASS CLEANING;MF4600 Series US/CA
Canon;Canon i-SENSYS MF4660;EXTERNAL COVERS, PANELS, ETC.;FC8-1541-000;SHEET, GLASS CLEANING;MF4200 Series JP/ ASIA/ AU/ CN/ KR
Canon;Canon i-SENSYS MF4660;EXTERNAL COVERS, PANELS, ETC.;FC8-1542-000;SHEET, GLASS CLEANING;MF4200 Series US/ CA/ LTN
Canon;Canon i-SENSYS MF4660;EXTERNAL COVERS, PANELS, ETC.;FC8-1543-000;SHEET, GLASS CLEANING;MF4200 Series EUR
Canon;Canon i-SENSYS MF4660;EXTERNAL COVERS, PANELS, ETC.;FM2-8870-000;DUPLEXING COVER UNIT;MF4600 Series
Canon;Canon i-SENSYS MF4660;EXTERNAL COVERS, PANELS, ETC.;FM3-4488-000;DUPLEXING COVER UNIT;MF4200 Series
Canon;Canon i-SENSYS MF4660;EXTERNAL COVERS, PANELS, ETC.;FM3-1930-000;PAPER PICK-UP TRAY ASSY;
Canon;Canon i-SENSYS MF4660;EXTERNAL COVERS, PANELS, ETC.;FC7-3639-000;PLATE, EXTENSION;
Canon;Canon i-SENSYS MF4660;EXTERNAL COVERS, PANELS, ETC.;FC7-7301-000;STOPPER, PAPER;
Canon;Canon i-SENSYS MF4660;EXTERNAL COVERS, PANELS, ETC.;FC7-3657-000;STOPPER, CARD;
Canon;Canon i-SENSYS MF4660;EXTERNAL COVERS, PANELS, ETC.;FM3-1932-000;CONTROL PANEL ASSY;imageCLASS MF4690
Canon;Canon i-SENSYS MF4660;EXTERNAL COVERS, PANELS, ETC.;FM3-1933-000;CONTROL PANEL ASSY;Satera MF4680
Canon;Canon i-SENSYS MF4660;EXTERNAL COVERS, PANELS, ETC.;FM3-1938-000;CONTROL PANEL ASSY;i-SENSYS MF4690PL
Canon;Canon i-SENSYS MF4660;EXTERNAL COVERS, PANELS, ETC.;FM3-1943-000;CONTROL PANEL ASSY;i-SENSYS MF4660PL
Canon;Canon i-SENSYS MF4660;EXTERNAL COVERS, PANELS, ETC.;FM3-1939-000;CONTROL PANEL ASSY;imageCLASS MF4680 AU/ ASIA
Canon;Canon i-SENSYS MF4660;EXTERNAL COVERS, PANELS, ETC.;FM3-1941-000;CONTROL PANEL ASSY;imageCLASS MF4680 CN
Canon;Canon i-SENSYS MF4660;EXTERNAL COVERS, PANELS, ETC.;FM3-1942-000;CONTROL PANEL ASSY;imageCLASS MF4680 KR
Canon;Canon i-SENSYS MF4660;EXTERNAL COVERS, PANELS, ETC.;FM3-4498-000;CONTROL PANEL ASSY;imageCLASS MF4270 KR
Canon;Canon i-SENSYS MF4660;EXTERNAL COVERS, PANELS, ETC.;FM3-4499-000;CONTROL PANEL ASSY;imageCLASS MF4270 CN
Canon;Canon i-SENSYS MF4660;EXTERNAL COVERS, PANELS, ETC.;FM3-4500-000;CONTROL PANEL ASSY;Satera MF4270
Canon;Canon i-SENSYS MF4660;EXTERNAL COVERS, PANELS, ETC.;FM3-4501-000;CONTROL PANEL ASSY;imageCLASS MF4270 AU/ ASIA
Canon;Canon i-SENSYS MF4660;EXTERNAL COVERS, PANELS, ETC.;FM3-4502-000;CONTROL PANEL ASSY;i-SENSYS MF4270
Canon;Canon i-SENSYS MF4660;EXTERNAL COVERS, PANELS, ETC.;FM3-4503-000;CONTROL PANEL ASSY;imageCLASS MF4270 US/ CA/ LTN
Canon;Canon i-SENSYS MF4660;EXTERNAL COVERS, PANELS, ETC.;FM3-1931-000;FRONT COVER ASSY;
Canon;Canon i-SENSYS MF4660;EXTERNAL COVERS, PANELS, ETC.;FC7-3596-000;TRAY, PAPER DELIVERY;
Canon;Canon i-SENSYS MF4660;EXTERNAL COVERS, PANELS, ETC.;FC7-3597-000;TRAY, PAPER DELIVERY EXTENSION;
Canon;Canon i-SENSYS MF4660;EXTERNAL COVERS, PANELS, ETC.;FC7-3598-000;STOPPER, PAPER DELIVERY;
Canon;Canon i-SENSYS MF4660;EXTERNAL COVERS, PANELS, ETC.;FC7-7300-000;COVER, PAPER DELIVERY TRAY;
Canon;Canon i-SENSYS MF4660;EXTERNAL COVERS, PANELS, ETC.;FL2-7042-000;DUST COVER ASSEMBLY;US/CA
Canon;Canon i-SENSYS MF4660;EXTERNAL COVERS, PANELS, ETC.;FL2-7043-000;DUST COVER ASSEMBLY;EXCEPT JP
Canon;Canon i-SENSYS MF4660;EXTERNAL COVERS, PANELS, ETC.;FL2-7044-000;DUST COVER ASSEMBLY;JP
Canon;Canon i-SENSYS MF4660;EXTERNAL COVERS, PANELS, ETC.;FC7-3788-000;LABEL, DESTINATION;EXCEPT MF4660PL
Canon;Canon i-SENSYS MF4660;EXTERNAL COVERS, PANELS, ETC.;FC7-7308-000;LABEL, JAM CLEARING;MF4600 Series
Canon;Canon i-SENSYS MF4660;EXTERNAL COVERS, PANELS, ETC.;FC8-1544-000;LABEL, JAM CLEARING;MF4200 Series
Canon;Canon i-SENSYS MF4660;EXTERNAL COVERS, PANELS, ETC.;FC7-3817-000;CAP, COVER, REAR;MF4600 Series
Canon;Canon i-SENSYS MF4660;EXTERNAL COVERS, PANELS, ETC.;FC8-1403-000;CAP, COVER, REAR;MF4200 Series
Canon;Canon i-SENSYS MF4660;EXTERNAL COVERS, PANELS, ETC.;FC7-7329-000;LABEL, JAM CLEARING, ADF2;MF4600 Series
Canon;Canon i-SENSYS MF4660;EXTERNAL COVERS, PANELS, ETC.;FC8-1546-000;LABEL, JAM CLEARING, ADF2;MF4200 Series
Canon;Canon i-SENSYS MF4660;EXTERNAL COVERS, PANELS, ETC.;FC7-3819-000;LABEL, PANEL;MF4200 Series CA/ LTN
Canon;Canon i-SENSYS MF4660;INTERNAL COMPONENTS 1;FC7-3558-000;GUIDE, INNER FEED;
Canon;Canon i-SENSYS MF4660;INTERNAL COMPONENTS 1;FC7-3679-000;SHEET, INSULATING;
Canon;Canon i-SENSYS MF4660;INTERNAL COMPONENTS 1;FL2-5629-000;DUPLEXING FEED ROLLER ASSY;
Canon;Canon i-SENSYS MF4660;INTERNAL COMPONENTS 1;XA9-1420-000;SCREW, W/WASHER, M3X8;
Canon;Canon i-SENSYS MF4660;INTERNAL COMPONENTS 1;FM2-8912-000;TRANSFER GUIDE ASSY;
Canon;Canon i-SENSYS MF4660;INTERNAL COMPONENTS 1;FM2-8874-000;SEPARATION PAD ASSY;
Canon;Canon i-SENSYS MF4660;INTERNAL COMPONENTS 1;FM2-8914-000;TRANSFER ROLLER ASSY;
Canon;Canon i-SENSYS MF4660;INTERNAL COMPONENTS 1;FM2-9910-000;HVT PCB ASSY;100V
Canon;Canon i-SENSYS MF4660;INTERNAL COMPONENTS 1;FM2-9911-000;HVT PCB ASSY;120V
Canon;Canon i-SENSYS MF4660;INTERNAL COMPONENTS 1;FM2-9912-000;HVT PCB ASSY;230V
Canon;Canon i-SENSYS MF4660;INTERNAL COMPONENTS 1;FK2-3492-000;POWER SUPPLY ASSEMBLY;100V
Canon;Canon i-SENSYS MF4660;INTERNAL COMPONENTS 1;FK2-3502-000;POWER SUPPLY ASSEMBLY;MF4600 Series 120V
Canon;Canon i-SENSYS MF4660;INTERNAL COMPONENTS 1;FK2-3494-000;POWER SUPPLY ASSEMBLY;MF4600 Series 230V
Canon;Canon i-SENSYS MF4660;INTERNAL COMPONENTS 1;FK2-6288-000;POWER SUPPLY ASSEMBLY;MF4200 Series 120V
Canon;Canon i-SENSYS MF4660;INTERNAL COMPONENTS 1;FK2-6289-000;POWER SUPPLY ASSEMBLY;MF4200 Series 230V
Canon;Canon i-SENSYS MF4660;INTERNAL COMPONENTS 1;FM2-9914-000;SENSOR PCB ASSY;
Canon;Canon i-SENSYS MF4660;INTERNAL COMPONENTS 1;FM2-9916-000;SENSOR PCB ASSY;
Canon;Canon i-SENSYS MF4660;INTERNAL COMPONENTS 1;FK2-1313-000;CORD, POWER;US/CA/LTN
Canon;Canon i-SENSYS MF4660;INTERNAL COMPONENTS 1;FK2-5247-000;CORD, POWER;KR
Canon;Canon i-SENSYS MF4660;INTERNAL COMPONENTS 1;FK2-1314-000;CORD, POWER;EUR/ASIA
Canon;Canon i-SENSYS MF4660;INTERNAL COMPONENTS 1;FK2-1317-000;CORD, POWER;AU
Canon;Canon i-SENSYS MF4660;INTERNAL COMPONENTS 1;FK2-1316-000;CORD, POWER;CN
Canon;Canon i-SENSYS MF4660;INTERNAL COMPONENTS 1;FC7-3727-000;LABEL, HIGH TMP. CAUTION;
Canon;Canon i-SENSYS MF4660;INTERNAL COMPONENTS 1;FK2-4390-000;POWER CORD;JP
Canon;Canon i-SENSYS MF4660;INTERNAL COMPONENTS 1;FC7-7322-000;LABEL, JAM CLEARING, ADF1;MF4600 Series
Canon;Canon i-SENSYS MF4660;INTERNAL COMPONENTS 1;FC8-1545-000;LABEL, JAM CLEARING, ADF1;MF4200 Series
Canon;Canon i-SENSYS MF4660;INTERNAL COMPONENTS 2;FC8-1321-000;CROSSMEMBER, ENGINE CONTROLLER;
Canon;Canon i-SENSYS MF4660;INTERNAL COMPONENTS 2;FC7-3700-000;COVER, FRONT LOWER;
Canon;Canon i-SENSYS MF4660;INTERNAL COMPONENTS 2;FM2-8882-000;TONER SENSOR ASSY;
Canon;Canon i-SENSYS MF4660;INTERNAL COMPONENTS 2;FC7-3666-000;ARM, SHUTTER;
Canon;Canon i-SENSYS MF4660;INTERNAL COMPONENTS 2;FC6-5210-000;RETAINING RING (E-TYRE);
Canon;Canon i-SENSYS MF4660;INTERNAL COMPONENTS 2;FM2-9907-000;LASER SCANNER ASSY;
Canon;Canon i-SENSYS MF4660;INTERNAL COMPONENTS 2;FC7-3646-000;ROLLER, PAPER FEED;
Canon;Canon i-SENSYS MF4660;INTERNAL COMPONENTS 2;XA9-1501-000;SCREW, RS, M3X10;
Canon;Canon i-SENSYS MF4660;INTERNAL COMPONENTS 2;FU5-1804-000;BUSHING, ROLLER, LEFT;
Canon;Canon i-SENSYS MF4660;INTERNAL COMPONENTS 2;FU5-1805-000;BUSHING, ROLLER, RIGHT;
Canon;Canon i-SENSYS MF4660;INTERNAL COMPONENTS 2;RU5-2492-000;SPRING, COMPRESSION;
Canon;Canon i-SENSYS MF4660;INTERNAL COMPONENTS 2;FM3-1491-000;DCNT PCB ASSY;MF4600 Series
Canon;Canon i-SENSYS MF4660;INTERNAL COMPONENTS 2;FM3-5016-000;DCNT PCB ASSY;MF4200 Series
Canon;Canon i-SENSYS MF4660;INTERNAL COMPONENTS 2;FM2-8884-010;PAPER FEED COVER ASSY;MF4600 Series
Canon;Canon i-SENSYS MF4660;INTERNAL COMPONENTS 2;FM3-4099-000;PAPER FEED COVER ASSY;MF4200 Series
Canon;Canon i-SENSYS MF4660;INTERNAL COMPONENTS 2;XA9-1495-000;SCREW, RS, M3X6;
Canon;Canon i-SENSYS MF4660;INTERNAL COMPONENTS 2;FM3-2026-000;USB PCB ASSY;MF4600 Series
Canon;Canon i-SENSYS MF4660;INTERNAL COMPONENTS 2;FC7-9571-000;PLATE, GROUNDING;MF4600 Series
Canon;Canon i-SENSYS MF4660;INTERNAL COMPONENTS 2;FM3-1499-000;CABLE;MF4600 Series
Canon;Canon i-SENSYS MF4660;INTERNAL COMPONENTS 2;FC7-3727-000;LABEL, HIGH TMP. CAUTION;
Canon;Canon i-SENSYS MF4660;INTERNAL COMPONENTS 3 (MF4600 Series);RA0-1019-000;BUSHING;
Canon;Canon i-SENSYS MF4660;INTERNAL COMPONENTS 3 (MF4600 Series);RC1-1953-000;BUSHING;
Canon;Canon i-SENSYS MF4660;INTERNAL COMPONENTS 3 (MF4600 Series);RC1-1954-000;BUSHING;
Canon;Canon i-SENSYS MF4660;INTERNAL COMPONENTS 3 (MF4600 Series);RC1-1955-000;CAM, COUPLING;
Canon;Canon i-SENSYS MF4660;INTERNAL COMPONENTS 3 (MF4600 Series);FM3-2028-000;SCNT PCB ASSY;MF4690/4690PL
Canon;Canon i-SENSYS MF4660;INTERNAL COMPONENTS 3 (MF4600 Series);FM3-2029-000;SCNT PCB ASSY;MF4680
Canon;Canon i-SENSYS MF4660;INTERNAL COMPONENTS 3 (MF4600 Series);FM3-2030-000;SCNT PCB ASSY;MF4660PL
Canon;Canon i-SENSYS MF4660;INTERNAL COMPONENTS 3 (MF4600 Series);RC1-1957-000;STOPPER;
Canon;Canon i-SENSYS MF4660;INTERNAL COMPONENTS 3 (MF4600 Series);RC1-1959-000;BUSHING;
Canon;Canon i-SENSYS MF4660;INTERNAL COMPONENTS 3 (MF4600 Series);FC7-3690-000;GUIDE, CARTRIDGE, RIGHT;
Canon;Canon i-SENSYS MF4660;INTERNAL COMPONENTS 3 (MF4600 Series);XA9-1495-000;SCREW, RS, M3X6;
Canon;Canon i-SENSYS MF4660;INTERNAL COMPONENTS 3 (MF4600 Series);RU5-0503-000;GEAR, 166T/87T;
Canon;Canon i-SENSYS MF4660;INTERNAL COMPONENTS 3 (MF4600 Series);FK2-3510-000;SOLENOID;
Canon;Canon i-SENSYS MF4660;INTERNAL COMPONENTS 3 (MF4600 Series);FM2-8879-000;CARTRIDGE GUIDE LEFT ASSY;
Canon;Canon i-SENSYS MF4660;INTERNAL COMPONENTS 3 (MF4600 Series);RU5-0505-000;GEAR, 74T;
Canon;Canon i-SENSYS MF4660;INTERNAL COMPONENTS 3 (MF4600 Series);RU5-0174-000;GEAR, 117T;
Canon;Canon i-SENSYS MF4660;INTERNAL COMPONENTS 3 (MF4600 Series);RU5-0175-000;GEAR, 108T;
Canon;Canon i-SENSYS MF4660;INTERNAL COMPONENTS 3 (MF4600 Series);RU5-0176-000;GEAR, 129T;
Canon;Canon i-SENSYS MF4660;INTERNAL COMPONENTS 3 (MF4600 Series);RU5-0506-000;GEAR, 35T/18T;
Canon;Canon i-SENSYS MF4660;INTERNAL COMPONENTS 3 (MF4600 Series);RA0-1172-000;GEAR, 17T;
Canon;Canon i-SENSYS MF4660;INTERNAL COMPONENTS 3 (MF4600 Series);RU5-0179-000;GEAR, 66T/25T;
Canon;Canon i-SENSYS MF4660;INTERNAL COMPONENTS 3 (MF4600 Series);FC7-3647-000;ARM, CARTRIDGE;
Canon;Canon i-SENSYS MF4660;INTERNAL COMPONENTS 3 (MF4600 Series);FC7-3653-000;ARM, SOLENOID;
Canon;Canon i-SENSYS MF4660;INTERNAL COMPONENTS 3 (MF4600 Series);FC6-5210-000;RETAINING RING (E-TYRE);
Canon;Canon i-SENSYS MF4660;INTERNAL COMPONENTS 3 (MF4600 Series);FU7-0541-000;GEAR, 32T;
Canon;Canon i-SENSYS MF4660;INTERNAL COMPONENTS 3 (MF4600 Series);RK2-0777-000;MOTOR, STEPPING, DC;
Canon;Canon i-SENSYS MF4660;INTERNAL COMPONENTS 3 (MF4600 Series);FU7-0544-000;GEAR, 29T;
Canon;Canon i-SENSYS MF4660;INTERNAL COMPONENTS 3 (MF4600 Series);RC1-3579-000;BUSHING;
Canon;Canon i-SENSYS MF4660;INTERNAL COMPONENTS 3 (MF4600 Series);FU6-2254-000;SPRING, COMPRESSION;
Canon;Canon i-SENSYS MF4660;INTERNAL COMPONENTS 3 (MF4600 Series);FU6-2255-000;SPRING, COMPRESSION;
Canon;Canon i-SENSYS MF4660;INTERNAL COMPONENTS 3 (MF4600 Series);FU7-0538-000;GEAR, 68/17T;
Canon;Canon i-SENSYS MF4660;INTERNAL COMPONENTS 3 (MF4600 Series);FU7-0539-000;GEAR, 28T;
Canon;Canon i-SENSYS MF4660;INTERNAL COMPONENTS 3 (MF4600 Series);FU7-0540-000;GEAR, 37T;
Canon;Canon i-SENSYS MF4660;INTERNAL COMPONENTS 3 (MF4600 Series);FU7-0542-000;GEAR, 30T;
Canon;Canon i-SENSYS MF4660;INTERNAL COMPONENTS 3 (MF4600 Series);FU7-0543-000;GEAR, 31T;
Canon;Canon i-SENSYS MF4660;INTERNAL COMPONENTS 3 (MF4600 Series);FU7-0545-000;GEAR, 38T;
Canon;Canon i-SENSYS MF4660;INTERNAL COMPONENTS 3 (MF4600 Series);RU5-0312-000;GEAR;
Canon;Canon i-SENSYS MF4660;INTERNAL COMPONENTS 3 (MF4600 Series);RU5-0313-000;GEAR;
Canon;Canon i-SENSYS MF4660;INTERNAL COMPONENTS 3 (MF4600 Series);RU5-0314-000;GEAR;
Canon;Canon i-SENSYS MF4660;INTERNAL COMPONENTS 3 (MF4600 Series);RU5-0315-000;GEAR;
Canon;Canon i-SENSYS MF4660;INTERNAL COMPONENTS 3 (MF4600 Series);FK2-4636-000;SPEAKER;
Canon;Canon i-SENSYS MF4660;INTERNAL COMPONENTS 3 (MF4600 Series);FU7-0546-000;GEAR, 23T;
Canon;Canon i-SENSYS MF4660;INTERNAL COMPONENTS 3 (MF4600 Series);FU7-0547-000;GEAR, 29T;
Canon;Canon i-SENSYS MF4660;INTERNAL COMPONENTS 3 (MF4600 Series);FK2-5180-000;NCU PCB ASSY;Satera MF4680
Canon;Canon i-SENSYS MF4660;INTERNAL COMPONENTS 3 (MF4600 Series);FK2-5181-000;NCU PCB ASSY;EXCEPT Satera MF4680
Canon;Canon i-SENSYS MF4660;INTERNAL COMPONENTS 3 (MF4600 Series);HH2-2824-000;MODULAR CORD;ABB/ CBB/ JBB/U BB/VBB/ WBB/YBB
Canon;Canon i-SENSYS MF4660;INTERNAL COMPONENTS 3 (MF4600 Series);HK1-0547-000;MODULAR CORD;VBB
Canon;Canon i-SENSYS MF4660;INTERNAL COMPONENTS 3 (MF4600 Series);HK1-0550-000;MODULAR CORD;VBB
Canon;Canon i-SENSYS MF4660;INTERNAL COMPONENTS 3 (MF4600 Series);HK1-0544-000;MODULAR CORD;VBB
Canon;Canon i-SENSYS MF4660;INTERNAL COMPONENTS 3 (MF4600 Series);HK1-0559-000;MODULAR CORD;RBB
Canon;Canon i-SENSYS MF4660;INTERNAL COMPONENTS 3 (MF4600 Series);FK2-4775-000;CABLE, USB;EXCEPT US/CA
Canon;Canon i-SENSYS MF4660;INTERNAL COMPONENTS 3 (MF4600 Series);FM3-1494-000;CABLE, DUPLEX;
Canon;Canon i-SENSYS MF4660;INTERNAL COMPONENTS 3 (MF4600 Series);FM2-9926-000;CABLE, RELAY BOARD;
Canon;Canon i-SENSYS MF4660;INTERNAL COMPONENTS 3 (MF4600 Series);FM3-1496-000;CABLE, DCNT-SCNT;
Canon;Canon i-SENSYS MF4660;INTERNAL COMPONENTS 3 (MF4600 Series);FM3-2024-000;ANALOG PROCESSOR PCB ASSY;
Canon;Canon i-SENSYS MF4660;INTERNAL COMPONENTS 3 (MF4600 Series);FM3-2025-000;MOTOR DRIVER PCB ASSY;
Canon;Canon i-SENSYS MF4660;INTERNAL COMPONENTS 3 (MF4600 Series);FK2-5220-000;FAN UNIT;
Canon;Canon i-SENSYS MF4660;INTERNAL COMPONENTS 3 (MF4600 Series);FM3-1498-000;CABLE;
Canon;Canon i-SENSYS MF4660;INTERNAL COMPONENTS 3 (MF4600 Series);FM3-1500-000;CABLE;
Canon;Canon i-SENSYS MF4660;INTERNAL COMPONENTS 3 (MF4600 Series);FK2-5239-000;CABLE, FLAT;
Canon;Canon i-SENSYS MF4660;INTERNAL COMPONENTS 3 (MF4200 Series);RA0-1019-000;BUSHING;
Canon;Canon i-SENSYS MF4660;INTERNAL COMPONENTS 3 (MF4200 Series);RC1-1953-000;BUSHING;
Canon;Canon i-SENSYS MF4660;INTERNAL COMPONENTS 3 (MF4200 Series);RC1-1954-000;BUSHING;
Canon;Canon i-SENSYS MF4660;INTERNAL COMPONENTS 3 (MF4200 Series);RC1-1955-000;CAM, COUPLING;
Canon;Canon i-SENSYS MF4660;INTERNAL COMPONENTS 3 (MF4200 Series);FM3-5462-000;SCNT PCB ASSY;Satera MF4270
Canon;Canon i-SENSYS MF4660;INTERNAL COMPONENTS 3 (MF4200 Series);FM3-5461-000;SCNT PCB ASSY;EXCEPT Satera MF4270
Canon;Canon i-SENSYS MF4660;INTERNAL COMPONENTS 3 (MF4200 Series);RC1-1957-000;STOPPER;
Canon;Canon i-SENSYS MF4660;INTERNAL COMPONENTS 3 (MF4200 Series);RC1-1959-000;BUSHING;
Canon;Canon i-SENSYS MF4660;INTERNAL COMPONENTS 3 (MF4200 Series);FC7-3690-000;GUIDE, CARTRIDGE, RIGHT;
Canon;Canon i-SENSYS MF4660;INTERNAL COMPONENTS 3 (MF4200 Series);XA9-1495-000;SCREW, RS, M3X6;
Canon;Canon i-SENSYS MF4660;INTERNAL COMPONENTS 3 (MF4200 Series);RU5-0503-000;GEAR, 166T/87T;
Canon;Canon i-SENSYS MF4660;INTERNAL COMPONENTS 3 (MF4200 Series);FK2-3510-000;SOLENOID;
Canon;Canon i-SENSYS MF4660;INTERNAL COMPONENTS 3 (MF4200 Series);FM2-8879-000;CARTRIDGE GUIDE LEFT ASSY;
Canon;Canon i-SENSYS MF4660;INTERNAL COMPONENTS 3 (MF4200 Series);RU5-0505-000;GEAR, 74T;
Canon;Canon i-SENSYS MF4660;INTERNAL COMPONENTS 3 (MF4200 Series);RU5-0174-000;GEAR, 117T;
Canon;Canon i-SENSYS MF4660;INTERNAL COMPONENTS 3 (MF4200 Series);RU5-0175-000;GEAR, 108T;
Canon;Canon i-SENSYS MF4660;INTERNAL COMPONENTS 3 (MF4200 Series);RU5-0176-000;GEAR, 129T;
Canon;Canon i-SENSYS MF4660;INTERNAL COMPONENTS 3 (MF4200 Series);RU5-0506-000;GEAR, 35T/18T;
Canon;Canon i-SENSYS MF4660;INTERNAL COMPONENTS 3 (MF4200 Series);RA0-1172-000;GEAR, 17T;
Canon;Canon i-SENSYS MF4660;INTERNAL COMPONENTS 3 (MF4200 Series);RU5-0179-000;GEAR, 66T/25T;
Canon;Canon i-SENSYS MF4660;INTERNAL COMPONENTS 3 (MF4200 Series);FC7-3647-000;ARM, CARTRIDGE;
Canon;Canon i-SENSYS MF4660;INTERNAL COMPONENTS 3 (MF4200 Series);FC7-3653-000;ARM, SOLENOID;
Canon;Canon i-SENSYS MF4660;INTERNAL COMPONENTS 3 (MF4200 Series);FC6-5210-000;RETAINING RING (E-TYRE);
Canon;Canon i-SENSYS MF4660;INTERNAL COMPONENTS 3 (MF4200 Series);FU7-0541-000;GEAR, 32T;
Canon;Canon i-SENSYS MF4660;INTERNAL COMPONENTS 3 (MF4200 Series);RK2-0777-000;MOTOR, STEPPING, DC;
Canon;Canon i-SENSYS MF4660;INTERNAL COMPONENTS 3 (MF4200 Series);FU7-0544-000;GEAR, 29T;
Canon;Canon i-SENSYS MF4660;INTERNAL COMPONENTS 3 (MF4200 Series);RC1-3579-000;BUSHING;
Canon;Canon i-SENSYS MF4660;INTERNAL COMPONENTS 3 (MF4200 Series);FU6-2254-000;SPRING, COMPRESSION;
Canon;Canon i-SENSYS MF4660;INTERNAL COMPONENTS 3 (MF4200 Series);FU6-2255-000;SPRING, COMPRESSION;
Canon;Canon i-SENSYS MF4660;INTERNAL COMPONENTS 3 (MF4200 Series);FU7-0538-000;GEAR, 68/17T;
Canon;Canon i-SENSYS MF4660;INTERNAL COMPONENTS 3 (MF4200 Series);FU7-0539-000;GEAR, 28T;
Canon;Canon i-SENSYS MF4660;INTERNAL COMPONENTS 3 (MF4200 Series);FU7-0540-000;GEAR, 37T;
Canon;Canon i-SENSYS MF4660;INTERNAL COMPONENTS 3 (MF4200 Series);FU7-0542-000;GEAR, 30T;
Canon;Canon i-SENSYS MF4660;INTERNAL COMPONENTS 3 (MF4200 Series);FU7-0543-000;GEAR, 31T;
Canon;Canon i-SENSYS MF4660;INTERNAL COMPONENTS 3 (MF4200 Series);FU7-0545-000;GEAR, 38T;
Canon;Canon i-SENSYS MF4660;INTERNAL COMPONENTS 3 (MF4200 Series);RU5-0312-000;GEAR;
Canon;Canon i-SENSYS MF4660;INTERNAL COMPONENTS 3 (MF4200 Series);RU5-0313-000;GEAR;
Canon;Canon i-SENSYS MF4660;INTERNAL COMPONENTS 3 (MF4200 Series);RU5-0314-000;GEAR;
Canon;Canon i-SENSYS MF4660;INTERNAL COMPONENTS 3 (MF4200 Series);RU5-0315-000;GEAR;
Canon;Canon i-SENSYS MF4660;INTERNAL COMPONENTS 3 (MF4200 Series);FK2-6287-000;SPEAKER;
Canon;Canon i-SENSYS MF4660;INTERNAL COMPONENTS 3 (MF4200 Series);FU7-0546-000;GEAR, 23T;
Canon;Canon i-SENSYS MF4660;INTERNAL COMPONENTS 3 (MF4200 Series);FU7-0547-000;GEAR, 29T;
Canon;Canon i-SENSYS MF4660;INTERNAL COMPONENTS 3 (MF4200 Series);WT8-5076-000;SPACER,MODULAR;CQN/CQL/CQM/CQK
Canon;Canon i-SENSYS MF4660;INTERNAL COMPONENTS 3 (MF4200 Series);HH2-2824-000;MODULAR CORD;CQN/CQL/CQM/CQA/CQJ/CPQ/CWX
Canon;Canon i-SENSYS MF4660;INTERNAL COMPONENTS 3 (MF4200 Series);HK1-0547-000;MODULAR CORD;CPQ
Canon;Canon i-SENSYS MF4660;INTERNAL COMPONENTS 3 (MF4200 Series);HK1-0550-000;MODULAR CORD;CPQ
Canon;Canon i-SENSYS MF4660;INTERNAL COMPONENTS 3 (MF4200 Series);HK1-0544-000;MODULAR CORD;CPQ
Canon;Canon i-SENSYS MF4660;INTERNAL COMPONENTS 3 (MF4200 Series);HK1-0559-000;MODULAR CORD;CPR
Canon;Canon i-SENSYS MF4660;INTERNAL COMPONENTS 3 (MF4200 Series);FK2-4775-000;CABLE, USB;EXCEPT US/CA/LTN
Canon;Canon i-SENSYS MF4660;INTERNAL COMPONENTS 3 (MF4200 Series);FM3-1494-000;CABLE, DUPLEX;
Canon;Canon i-SENSYS MF4660;INTERNAL COMPONENTS 3 (MF4200 Series);FM2-9926-000;CABLE, RELAY BOARD;
Canon;Canon i-SENSYS MF4660;INTERNAL COMPONENTS 3 (MF4200 Series);FM3-5015-000;CABLE, DCNT-SCNT;
Canon;Canon i-SENSYS MF4660;INTERNAL COMPONENTS 3 (MF4200 Series);FM3-5378-000;PSEUDO CI PCB ASSEMBLY;MF4200 Series JP
Canon;Canon i-SENSYS MF4660;BASE PLATE ASSY;FM2-8876-000;CENTER PLATE GUIDE RAIL ASSY;
Canon;Canon i-SENSYS MF4660;BASE PLATE ASSY;FM2-8877-000;FEED GUIDE RAIL ASSY;
Canon;Canon i-SENSYS MF4660;BASE PLATE ASSY;FM2-8910-000;LIFTING PLATE ASSY;
Canon;Canon i-SENSYS MF4660;BASE PLATE ASSY;XA9-1495-000;SCREW, RS, M3X6;
Canon;Canon i-SENSYS MF4660;PAPER PICK-UP ASSY;FK2-3508-000;SOLENOID;
Canon;Canon i-SENSYS MF4660;PAPER PICK-UP ASSY;FM2-8872-000;FEED CROSSMEMBER ASSY;
Canon;Canon i-SENSYS MF4660;PAPER PICK-UP ASSY;FM2-8911-000;PAPER PICK-UP SHAFT ASSY;
Canon;Canon i-SENSYS MF4660;PAPER PICK-UP ASSY;RC1-1960-000;RATCHET;
Canon;Canon i-SENSYS MF4660;PAPER PICK-UP ASSY;RC1-1990-000;BUSHING;
Canon;Canon i-SENSYS MF4660;PAPER PICK-UP ASSY;RC1-1993-000;SPRING, TORSION;
Canon;Canon i-SENSYS MF4660;PAPER PICK-UP ASSY;RC1-1994-000;SPRING, TORSION;
Canon;Canon i-SENSYS MF4660;PAPER PICK-UP ASSY;FC7-3823-000;SPRING, LEAF;
Canon;Canon i-SENSYS MF4660;PAPER PICK-UP ASSY;RC1-2040-000;FLAG, REGIST. SENSOR;
Canon;Canon i-SENSYS MF4660;PAPER PICK-UP ASSY;RC1-2041-000;SPRING, TORSION;
Canon;Canon i-SENSYS MF4660;PAPER PICK-UP ASSY;FC7-3813-000;FLAG, PAPER WIDTH SENSOR;
Canon;Canon i-SENSYS MF4660;PAPER PICK-UP ASSY;RC1-2043-000;SPRING, TORSION;
Canon;Canon i-SENSYS MF4660;PAPER PICK-UP ASSY;RC1-2044-000;BUSHING;
Canon;Canon i-SENSYS MF4660;PAPER PICK-UP ASSY;FU6-2255-000;SPRING, COMPRESSION1;
Canon;Canon i-SENSYS MF4660;PAPER PICK-UP ASSY;RC1-5550-000;PLATE,TRANSFER GROUNDING,FRONT;
Canon;Canon i-SENSYS MF4660;PAPER PICK-UP ASSY;RC1-5551-000;PAD, SUB;
Canon;Canon i-SENSYS MF4660;PAPER PICK-UP ASSY;RC1-5552-000;LEVER, CARTRIDGE DETECT;
Canon;Canon i-SENSYS MF4660;PAPER PICK-UP ASSY;RC1-5553-000;SPRING, TORSION;
Canon;Canon i-SENSYS MF4660;PAPER PICK-UP ASSY;RL1-0266-000;ROLLER, PICK-UP;
Canon;Canon i-SENSYS MF4660;PAPER PICK-UP ASSY;RL1-0268-000;ROLLER, FEED;
Canon;Canon i-SENSYS MF4660;PAPER PICK-UP ASSY;RM1-2046-000;PAPER PICK-UP GEAR ASSY;
Canon;Canon i-SENSYS MF4660;PAPER PICK-UP ASSY;RU5-0180-000;GEAR, 21T/29T;
Canon;Canon i-SENSYS MF4660;PAPER PICK-UP ASSY;XA9-1503-000;SCREW, TAP, M3X6;
Canon;Canon i-SENSYS MF4660;PAPER PICK-UP ASSY;XB4-5401-009;SCREW, TAP, M4X10;
Canon;Canon i-SENSYS MF4660;PAPER PICK-UP ASSY;FM2-8871-000;PAPER PICK-UP ASSY;
Canon;Canon i-SENSYS MF4660;READER ASSY;FC7-3615-000;STAY, READER;
Canon;Canon i-SENSYS MF4660;READER ASSY;FC7-3616-000;RETAINER, DAMPER;
Canon;Canon i-SENSYS MF4660;READER ASSY;FC7-3623-000;SPACER, CIS;
Canon;Canon i-SENSYS MF4660;READER ASSY;FC7-3630-000;BELT, TIMING;
Canon;Canon i-SENSYS MF4660;READER ASSY;FC7-3713-000;HOLDER, DAMPER;
Canon;Canon i-SENSYS MF4660;READER ASSY;FK2-2869-000;CONTACT IMAGE SENSOR ASSY;
Canon;Canon i-SENSYS MF4660;READER ASSY;FK2-5241-000;CABLE, FLAT, SCNT-CIS;MF4600 Series
Canon;Canon i-SENSYS MF4660;READER ASSY;FK2-4642-000;CABLE, FLAT, SCNT-CIS;MF4200 Series
Canon;Canon i-SENSYS MF4660;READER ASSY;FK2-4640-000;CABLE, FLAT, SCNT-OP;MF4600 Series
Canon;Canon i-SENSYS MF4660;READER ASSY;FK2-3765-000;CABLE, FLAT, SCNT-OP;MF4200 Series
Canon;Canon i-SENSYS MF4660;READER ASSY;FL2-7041-000;COPYBOARD GLASS ASSY;MF4600 Series
Canon;Canon i-SENSYS MF4660;READER ASSY;FL2-8496-000;COPYBOARD GLASS ASSY;MF4200 Series
Canon;Canon i-SENSYS MF4660;READER ASSY;FM3-1936-000;CIS DRIVE MOTOR ASSY;MF4600 Series
Canon;Canon i-SENSYS MF4660;READER ASSY;FM2-8868-000;CIS DRIVE MOTOR ASSY;MF4200 Series
Canon;Canon i-SENSYS MF4660;READER ASSY;XA9-0476-000;SCREW,TP M3X8;
Canon;Canon i-SENSYS MF4660;READER ASSY;FC7-3553-000;GUIDE, CABLE;MF4600 Series
Canon;Canon i-SENSYS MF4660;READER ASSY;FC8-0657-000;GUIDE, CABLE;MF4200 Series
Canon;Canon i-SENSYS MF4660;READER ASSY;FM3-1497-000;CABLE,;MF4600 Series
Canon;Canon i-SENSYS MF4660;READER ASSY;WG8-5696-000;PHOTO INTERRUPTER, TLP1243;MF4600 Series
Canon;Canon i-SENSYS MF4660;READER ASSY;FM3-1935-000;READER ASSY;MF4600 Series
Canon;Canon i-SENSYS MF4660;READER ASSY;FM3-4495-000;READER ASSY;MF4200 Series
Canon;Canon i-SENSYS MF4660;FIXING ASSY;FC7-3557-000;GUIDE, SEPARATION;
Canon;Canon i-SENSYS MF4660;FIXING ASSY;FC7-3641-000;GUIDE, ENTRANCE;
Canon;Canon i-SENSYS MF4660;FIXING ASSY;FC7-3642-000;LEVER, PRESSURE RELEASE, LEFT;
Canon;Canon i-SENSYS MF4660;FIXING ASSY;FC7-3643-000;LEVER, PRESSURE RELEASE, RIGHT;
Canon;Canon i-SENSYS MF4660;FIXING ASSY;FC7-3644-000;FLAG, PAPER DELIVERY SENSOR;
Canon;Canon i-SENSYS MF4660;FIXING ASSY;FC7-3645-000;BUSHING;
Canon;Canon i-SENSYS MF4660;FIXING ASSY;FC7-3652-000;FLAG, PAPER WIDTH SENSOR;
Canon;Canon i-SENSYS MF4660;FIXING ASSY;FM2-8885-000;FIXING COVER UNIT;
Canon;Canon i-SENSYS MF4660;FIXING ASSY;FM2-8917-000;FIXING FILM ASSY;100V
Canon;Canon i-SENSYS MF4660;FIXING ASSY;FM2-8915-000;FIXING FILM ASSY;120V
Canon;Canon i-SENSYS MF4660;FIXING ASSY;FM2-8916-000;FIXING FILM ASSY;230V
Canon;Canon i-SENSYS MF4660;FIXING ASSY;FM3-0255-000;SENSOR PCB ASSY;
Canon;Canon i-SENSYS MF4660;FIXING ASSY;FU6-2875-000;SPRING, TENSION;
Canon;Canon i-SENSYS MF4660;FIXING ASSY;FC7-3826-000;PLATE, PRESSURE, LEFT;
Canon;Canon i-SENSYS MF4660;FIXING ASSY;FC7-3825-000;PLATE, PRESSURE, RIGHT;
Canon;Canon i-SENSYS MF4660;FIXING ASSY;RC1-2079-000;BUSHING;
Canon;Canon i-SENSYS MF4660;FIXING ASSY;RC1-2097-000;GUIDE, ENTRANCE;
Canon;Canon i-SENSYS MF4660;FIXING ASSY;RC1-2098-000;SPRING, TORSION;
Canon;Canon i-SENSYS MF4660;FIXING ASSY;RC1-2139-000;BUSHING;
Canon;Canon i-SENSYS MF4660;FIXING ASSY;RU5-0523-000;GEAR, 37T;
Canon;Canon i-SENSYS MF4660;FIXING ASSY;RU5-2178-000;SPRING, TENSION;
Canon;Canon i-SENSYS MF4660;FIXING ASSY;FM2-8890-000;FIXING ASSY;100V
Canon;Canon i-SENSYS MF4660;FIXING ASSY;FM2-8891-000;FIXING ASSY;120V
Canon;Canon i-SENSYS MF4660;FIXING ASSY;FM2-8892-000;FIXING ASSY;230V
Canon;Canon i-SENSYS MF4660;ADF ASSY;FC7-3544-000;COVER, ADF, UPPER;MF4600 Series EXCEPTJP
Canon;Canon i-SENSYS MF4660;ADF ASSY;FC7-3741-000;COVER, ADF, UPPER;MF4600 Series JP
Canon;Canon i-SENSYS MF4660;ADF ASSY;FC8-1407-000;COVER, ADF, UPPER;MF4200 Series EXCEPTJP
Canon;Canon i-SENSYS MF4660;ADF ASSY;FC8-1426-000;COVER, ADF, UPPER;MF4200 Series JP
Canon;Canon i-SENSYS MF4660;ADF ASSY;FC7-3549-000;COVER, ADF, REAR;MF4600 Series EXCEPTJP
Canon;Canon i-SENSYS MF4660;ADF ASSY;FC7-3742-000;COVER, ADF, REAR;MF4600 Series JP
Canon;Canon i-SENSYS MF4660;ADF ASSY;FC8-1408-000;COVER, ADF, REAR;MF4200 Series EXCEPTJP
Canon;Canon i-SENSYS MF4660;ADF ASSY;FC8-1427-000;COVER, ADF, REAR;MF4200 Series JP
Canon;Canon i-SENSYS MF4660;ADF ASSY;XA9-0476-000;SCREW, TP M3X8;
Canon;Canon i-SENSYS MF4660;ADF ASSY;FM2-8861-000;DOCUMENT FEED UNDER ASSY;MF4600 Series
Canon;Canon i-SENSYS MF4660;ADF ASSY;FM3-4491-000;DOCUMENT FEED UNDER ASSY;MF4200 Series
Canon;Canon i-SENSYS MF4660;ADF ASSY;FM2-8862-000;DOCUMENT GUIDE ASSY;MF4600 Series
Canon;Canon i-SENSYS MF4660;ADF ASSY;FM3-4492-000;DOCUMENT GUIDE ASSY;MF4200 Series
Canon;Canon i-SENSYS MF4660;ADF ASSY;FM2-8864-000;DOCUMENT FEED UPPER ASSY;MF4600 Series
Canon;Canon i-SENSYS MF4660;ADF ASSY;FM3-4493-000;DOCUMENT FEED UPPER ASSY;MF4200 Series
Canon;Canon i-SENSYS MF4660;ADF ASSY;FM2-8865-000;ADF BASE ASSY;MF4600 Series
Canon;Canon i-SENSYS MF4660;ADF ASSY;FM3-4494-000;ADF BASE ASSY;MF4200 Series
Canon;Canon i-SENSYS MF4660;ADF ASSY;FC7-3637-000;HINGE, ADF;
Canon;Canon i-SENSYS MF4660;ADF ASSY;FC7-3702-000;HINGE, ADF;
Canon;Canon i-SENSYS MF4660;ADF ASSY;FC7-3548-000;TRAY, DOCUMENT;
