Canon;Canon FAX L95;100 EXTERNAL COVERS;FC6-5196-000;COVER, LEFT;
Canon;Canon FAX L95;100 EXTERNAL COVERS;FC6-5200-000;COVER, FRONT;
Canon;Canon FAX L95;100 EXTERNAL COVERS;FC6-5249-000;COVER, REAR;L100
Canon;Canon FAX L95;100 EXTERNAL COVERS;FC6-5199-000;COVER, REAR;L120
Canon;Canon FAX L95;100 EXTERNAL COVERS;FC6-5201-000;COVER, UPPER;
Canon;Canon FAX L95;100 EXTERNAL COVERS;FC6-5197-000;COVER, RIGHT;
Canon;Canon FAX L95;100 EXTERNAL COVERS;FC6-5204-000;SHEET, HANDSET;230V
Canon;Canon FAX L95;100 EXTERNAL COVERS;FM2-3959-000;PAPER COVER UNIT;
Canon;Canon FAX L95;100 EXTERNAL COVERS;FM2-3960-000;FACE-DOWN COVER ASSY;
Canon;Canon FAX L95;100 EXTERNAL COVERS;FC6-5241-000;TRAY, DOCUMENT;
Canon;Canon FAX L95;100 EXTERNAL COVERS;FM2-3964-000;OPERATION PANEL UNIT;L100
Canon;Canon FAX L95;100 EXTERNAL COVERS;FM2-3965-000;OPERATION PANEL UNIT;L120 EUR/GB/FR/DE/ ASIA/AU
Canon;Canon FAX L95;100 EXTERNAL COVERS;FM2-4854-000;OPERATION PANEL UNIT;L120 KR
Canon;Canon FAX L95;100 EXTERNAL COVERS;FM2-3971-000;OPERATION PANEL UNIT;L120 US/CA
Canon;Canon FAX L95;100 EXTERNAL COVERS;HB1-5127-000;LABEL, DESTINATION;
Canon;Canon FAX L95;100 EXTERNAL COVERS;XA9-1495-000;SCREW, RS, M3X6;
Canon;Canon FAX L95;100 EXTERNAL COVERS;FK2-1304-000;CABLE, FLEXIBLE OPCNT-SCNT;J1,P9
Canon;Canon FAX L95;100 EXTERNAL COVERS;XA9-1501-000;SCREW, RS, M3X10;
Canon;Canon FAX L95;100 EXTERNAL COVERS;FC6-5242-000;TRAY, DOCUMENT AUXILIARY;
Canon;Canon FAX L95;101 INTERNAL COMPONENTS 1;FM2-3982-000;HVT PCB ASSY;120V
Canon;Canon FAX L95;101 INTERNAL COMPONENTS 1;FM2-3983-000;HVT PCB ASSY;230V
Canon;Canon FAX L95;101 INTERNAL COMPONENTS 1;FM2-3985-000;PAPER SENSOR PCB ASSY;J202,PS801,PS802
Canon;Canon FAX L95;101 INTERNAL COMPONENTS 1;FM2-3986-000;DELIVERY SENSOR PCB ASSY;J203,PS803
Canon;Canon FAX L95;101 INTERNAL COMPONENTS 1;FM2-4847-000;TRANSFER GUIDE ASSY;
Canon;Canon FAX L95;101 INTERNAL COMPONENTS 1;FM2-4848-000;SEPARATION PAD ASSY;
Canon;Canon FAX L95;101 INTERNAL COMPONENTS 1;RA0-1060-000;SPRING, COMPRESSION;
Canon;Canon FAX L95;101 INTERNAL COMPONENTS 1;RL1-0269-000;PAD, SEPARATION;
Canon;Canon FAX L95;101 INTERNAL COMPONENTS 1;RM1-2093-000;TRANSFER ROLLER ASSY;
Canon;Canon FAX L95;101 INTERNAL COMPONENTS 1;FC6-5208-000;SHEET, INSULATING;
Canon;Canon FAX L95;101 INTERNAL COMPONENTS 1;FM2-3996-000;CABLE, HVT-DDB;J603,J902
Canon;Canon FAX L95;101 INTERNAL COMPONENTS 1;FM2-3994-000;CABLE, HVT-PSU AC;CN101,J601
Canon;Canon FAX L95;101 INTERNAL COMPONENTS 1;FK2-1317-000;CORD, POWER;AU
Canon;Canon FAX L95;101 INTERNAL COMPONENTS 1;FK2-1314-000;CORD, POWER;EUR/FR/DE/ASIA/KR
Canon;Canon FAX L95;101 INTERNAL COMPONENTS 1;FK2-1315-000;CORD, POWER;GB
Canon;Canon FAX L95;101 INTERNAL COMPONENTS 1;FH2-7116-000;CORD, POWER;US/CA
Canon;Canon FAX L95;101 INTERNAL COMPONENTS 1;FK2-1297-000;POWER SUPPLY UNIT;120V
Canon;Canon FAX L95;101 INTERNAL COMPONENTS 1;FK2-1298-000;POWER SUPPLY UNIT;230V
Canon;Canon FAX L95;101 INTERNAL COMPONENTS 1;XA9-1495-000;SCREW, RS, M3X6;
Canon;Canon FAX L95;101 INTERNAL COMPONENTS 1;XA9-1420-000;SCREW, W/WASHER, M3X8;
Canon;Canon FAX L95;101 INTERNAL COMPONENTS 1;RC1-2106-020;GUIDE, AC CABLE;
Canon;Canon FAX L95;102 INTERNAL COMPONENTS 2;RC1-1999-000;CROSSMEMBER, ENGINE CONTROLLER;
Canon;Canon FAX L95;102 INTERNAL COMPONENTS 2;FC6-5289-000;GUIDE, FLEXIBLE;
Canon;Canon FAX L95;102 INTERNAL COMPONENTS 2;FM2-3984-000;DCNT BOARD ASSY;J001 ,J002,J201,P2
Canon;Canon FAX L95;102 INTERNAL COMPONENTS 2;RC1-2120-000;ARM, SHUTTER;
Canon;Canon FAX L95;102 INTERNAL COMPONENTS 2;RC1-2121-020;HOLDER, ARM;
Canon;Canon FAX L95;102 INTERNAL COMPONENTS 2;FM2-3970-000;LASER SCANNER UNIT;
Canon;Canon FAX L95;102 INTERNAL COMPONENTS 2;FM2-3973-000;LIFTING PLATE ASSY;
Canon;Canon FAX L95;102 INTERNAL COMPONENTS 2;RU5-2177-000;SPRING, COMPRESSION;
Canon;Canon FAX L95;102 INTERNAL COMPONENTS 2;XA9-1420-000;SCREW, W/WASHER, M3X8;
Canon;Canon FAX L95;102 INTERNAL COMPONENTS 2;XA9-1495-000;SCREW, RS, M3X6;
Canon;Canon FAX L95;102 INTERNAL COMPONENTS 2;XA9-1501-000;SCREW, RS, M3X10;
Canon;Canon FAX L95;102 INTERNAL COMPONENTS 2;FM2-3954-000;TONER SENSOR UNIT;
Canon;Canon FAX L95;102 INTERNAL COMPONENTS 2;FM2-3953-000;PICK-UP SLIDER UNIT;
Canon;Canon FAX L95;103 INTERNAL COMPONENTS 3;RA0-1019-000;BUSHING;
Canon;Canon FAX L95;103 INTERNAL COMPONENTS 3;RC1-1953-000;BUSHING;
Canon;Canon FAX L95;103 INTERNAL COMPONENTS 3;RC1-1954-000;BUSHING;
Canon;Canon FAX L95;103 INTERNAL COMPONENTS 3;RC1-1955-000;CAM, COUPLING;
Canon;Canon FAX L95;103 INTERNAL COMPONENTS 3;FC6-5268-000;LEVER, CARTRIDGE RELEASE;
Canon;Canon FAX L95;103 INTERNAL COMPONENTS 3;FC6-5264-000;GUIDE, CARTRIDGE, RIGHT;
Canon;Canon FAX L95;103 INTERNAL COMPONENTS 3;RC1-1959-000;BUSHING;
Canon;Canon FAX L95;103 INTERNAL COMPONENTS 3;FM2-3978-000;DC CONVERTER BORD ASSY;
Canon;Canon FAX L95;103 INTERNAL COMPONENTS 3;RC1-1957-000;STOPPER;
Canon;Canon FAX L95;103 INTERNAL COMPONENTS 3;RK2-0799-000;MOTOR, STEPPING, DC;M1,J001
Canon;Canon FAX L95;103 INTERNAL COMPONENTS 3;RL1-0274-000;HOLDER, DIODE;
Canon;Canon FAX L95;103 INTERNAL COMPONENTS 3;FM2-3966-000;CARTRIDGE GUIDE LEFT ASSY;
Canon;Canon FAX L95;103 INTERNAL COMPONENTS 3;RU5-0173-000;GEAR, 159T/90T;
Canon;Canon FAX L95;103 INTERNAL COMPONENTS 3;RU5-0174-000;GEAR, 117T;
Canon;Canon FAX L95;103 INTERNAL COMPONENTS 3;RU5-0175-000;GEAR, 108T;
Canon;Canon FAX L95;103 INTERNAL COMPONENTS 3;RU5-0176-000;GEAR, 129T;
Canon;Canon FAX L95;103 INTERNAL COMPONENTS 3;RU5-0177-000;GEAR, 27T/18T;
Canon;Canon FAX L95;103 INTERNAL COMPONENTS 3;RU5-0178-000;GEAR, 73T;
Canon;Canon FAX L95;103 INTERNAL COMPONENTS 3;RU5-0179-000;GEAR, 66T/25T;
Canon;Canon FAX L95;103 INTERNAL COMPONENTS 3;RU5-2173-000;SPRING, COMPRESSION;
Canon;Canon FAX L95;103 INTERNAL COMPONENTS 3;RU5-2174-000;SPRING, COMPRESSION;
Canon;Canon FAX L95;103 INTERNAL COMPONENTS 3;FK2-1695-000;SCNT BOARD ASSY;120V
Canon;Canon FAX L95;103 INTERNAL COMPONENTS 3;FK2-1697-000;SCNT BOARD ASSY;AU
Canon;Canon FAX L95;103 INTERNAL COMPONENTS 3;FK2-1696-000;SCNT BOARD ASSY;EUR/GB/FR/DE/ASIA/KR
Canon;Canon FAX L95;103 INTERNAL COMPONENTS 3;XA9-1420-000;SCREW, W/WASHER, M3X8;
Canon;Canon FAX L95;103 INTERNAL COMPONENTS 3;XA9-1495-000;SCREW, RS, M3X6;
Canon;Canon FAX L95;103 INTERNAL COMPONENTS 3;FK2-1307-000;SPEAKER;P1
Canon;Canon FAX L95;103 INTERNAL COMPONENTS 3;HH2-2824-000;MODULAR CORD, 2P;ASIA/US/CA
Canon;Canon FAX L95;103 INTERNAL COMPONENTS 3;HK1-0559-000;MODULAR CORD;AU
Canon;Canon FAX L95;103 INTERNAL COMPONENTS 3;HK1-0544-000;MODULAR CORD;DE
Canon;Canon FAX L95;103 INTERNAL COMPONENTS 3;HK1-0547-000;MODULAR CORD;FR
Canon;Canon FAX L95;103 INTERNAL COMPONENTS 3;HK1-0551-000;MODULAR CORD;GB
Canon;Canon FAX L95;210 READER ASSEMBLY;FC6-5210-000;RETAINING RING (E-TYRE);
Canon;Canon FAX L95;210 READER ASSEMBLY;FC6-5211-000;ARM, DETECTION (DES);
Canon;Canon FAX L95;210 READER ASSEMBLY;FC6-5216-000;SHAFT, ROLLER, DOCUMENT FEED;
Canon;Canon FAX L95;210 READER ASSEMBLY;FC6-5218-000;FRAME, MIDDLE UNDER;
Canon;Canon FAX L95;210 READER ASSEMBLY;FL2-3450-000;ROLLER, DOCUMENT DELIVERY;
Canon;Canon FAX L95;210 READER ASSEMBLY;FL2-3451-000;ROLLER, DOCUMENT FEED;
Canon;Canon FAX L95;210 READER ASSEMBLY;FL2-3452-000;WHITE SHEET UNIT;
Canon;Canon FAX L95;210 READER ASSEMBLY;FC6-5222-000;ARM, DETECTION (DS);
Canon;Canon FAX L95;210 READER ASSEMBLY;FC6-5227-000;FRAME, MIDDLE UPPER;
Canon;Canon FAX L95;210 READER ASSEMBLY;FM2-3963-000;SEPARATION GUIDE UNIT;
Canon;Canon FAX L95;210 READER ASSEMBLY;FK2-1305-000;MOTOR, STEPPING, DC24V;P3
Canon;Canon FAX L95;210 READER ASSEMBLY;FU6-2247-000;SPRING, ADF;
Canon;Canon FAX L95;210 READER ASSEMBLY;FU6-2248-000;SPRING, SLIDER;
Canon;Canon FAX L95;210 READER ASSEMBLY;XA9-0476-000;SCREW,TP M3X8;
Canon;Canon FAX L95;210 READER ASSEMBLY;FU5-1552-000;BUSHING;
Canon;Canon FAX L95;210 READER ASSEMBLY;FU6-0824-000;GEAR, 11T/37T;
Canon;Canon FAX L95;210 READER ASSEMBLY;FU6-0825-000;GEAR, 20T/35T;
Canon;Canon FAX L95;210 READER ASSEMBLY;FU6-0826-000;GEAR, 21T/51T;
Canon;Canon FAX L95;210 READER ASSEMBLY;FU6-0827-000;GEAR, 22T/57T;
Canon;Canon FAX L95;210 READER ASSEMBLY;FU6-0829-000;GEAR, 33T;
Canon;Canon FAX L95;210 READER ASSEMBLY;FU6-0830-000;GEAR, 59T;
Canon;Canon FAX L95;210 READER ASSEMBLY;FU6-2245-000;SPRING, TORSION;
Canon;Canon FAX L95;210 READER ASSEMBLY;FU6-2246-000;SPRING, TORSION;
Canon;Canon FAX L95;210 READER ASSEMBLY;FU6-2249-000;SPRING, COMPRESSION;
Canon;Canon FAX L95;210 READER ASSEMBLY;FM2-3951-000;UNDER GUIDE UNIT;
Canon;Canon FAX L95;210 READER ASSEMBLY;FM2-3952-000;UPPER GUIDE UNIT;
Canon;Canon FAX L95;210 READER ASSEMBLY;FL2-3453-000;ROLLER, SEPARATION;
Canon;Canon FAX L95;210 READER ASSEMBLY;FU6-2251-000;SPRING, CLUTCH;
Canon;Canon FAX L95;210 READER ASSEMBLY;FM2-3979-000;DS/DES SENSOR UNIT;DS,DES,P7
Canon;Canon FAX L95;210 READER ASSEMBLY;FK2-1302-000;CONTACT IMAGE SENSOR UNIT;
Canon;Canon FAX L95;210 READER ASSEMBLY;FM2-3988-000;CABLE, CONTACT IMAGE SENSOR;P6
Canon;Canon FAX L95;210 READER ASSEMBLY;FM2-5355-000;CABLE, GROUNDING;
Canon;Canon FAX L95;310 PAPER PICK-UP ASSY;RC1-1960-000;RATCHET;
Canon;Canon FAX L95;310 PAPER PICK-UP ASSY;RC1-1989-000;PLATE,TRANSFER GROUNDING,FRONT;
Canon;Canon FAX L95;310 PAPER PICK-UP ASSY;RC1-1990-000;BUSHING;
Canon;Canon FAX L95;310 PAPER PICK-UP ASSY;RC1-1993-000;SPRING, TORSION;
Canon;Canon FAX L95;310 PAPER PICK-UP ASSY;RC1-1994-000;SPRING, TORSION;
Canon;Canon FAX L95;310 PAPER PICK-UP ASSY;RU5-2174-000;SPRING, COMPRESSION;
Canon;Canon FAX L95;310 PAPER PICK-UP ASSY;RC1-2012-000;SPRING, LEAF;
Canon;Canon FAX L95;310 PAPER PICK-UP ASSY;RC1-2039-000;PAD, SUB;
Canon;Canon FAX L95;310 PAPER PICK-UP ASSY;RC1-2040-000;FLAG, REGIST. SENSOR;
Canon;Canon FAX L95;310 PAPER PICK-UP ASSY;RC1-2041-000;SPRING, TORSION;
Canon;Canon FAX L95;310 PAPER PICK-UP ASSY;RC1-2042-000;FLAG, PAPER WIDTH SENSOR;
Canon;Canon FAX L95;310 PAPER PICK-UP ASSY;RC1-2043-000;SPRING, TORSION;
Canon;Canon FAX L95;310 PAPER PICK-UP ASSY;RC1-2044-000;BUSHING;
Canon;Canon FAX L95;310 PAPER PICK-UP ASSY;RC1-2049-000;LEVER, CARTRIDGE DETECT;
Canon;Canon FAX L95;310 PAPER PICK-UP ASSY;RC1-2061-000;SPRING, TORSION;
Canon;Canon FAX L95;310 PAPER PICK-UP ASSY;RK2-0778-000;SOLENOID;
Canon;Canon FAX L95;310 PAPER PICK-UP ASSY;RL1-0266-000;ROLLER, PICK-UP;
Canon;Canon FAX L95;310 PAPER PICK-UP ASSY;RL1-0268-000;ROLLER, FEED;
Canon;Canon FAX L95;310 PAPER PICK-UP ASSY;RC1-2029-000;BASE, PICK-UP ROLLER;
Canon;Canon FAX L95;310 PAPER PICK-UP ASSY;FM2-3974-000;FEED CROSSMEMBER ASSY;
Canon;Canon FAX L95;310 PAPER PICK-UP ASSY;FM2-4846-000;PAPER PICK-UP SHAFT ASSY;
Canon;Canon FAX L95;310 PAPER PICK-UP ASSY;RM1-0645-000;PAPER PICK-UP GEAR ASSY;
Canon;Canon FAX L95;310 PAPER PICK-UP ASSY;RU5-0180-000;GEAR, 21T/29T;
Canon;Canon FAX L95;310 PAPER PICK-UP ASSY;XA9-1503-000;SCREW, TAP, M3X6;
Canon;Canon FAX L95;310 PAPER PICK-UP ASSY;XB4-5401-009;SCREW, TAP, M4X10;
Canon;Canon FAX L95;310 PAPER PICK-UP ASSY;FM2-3969-000;PAPER PICK-UP ASSY;
Canon;Canon FAX L95;810 FIXING ASSY;RC1-2066-000;PLATE, PRESSURE, LEFT;
Canon;Canon FAX L95;810 FIXING ASSY;RC1-2067-000;PLATE, PRESSURE, RIGHT;
Canon;Canon FAX L95;810 FIXING ASSY;FC6-5270-000;LEVER, PRESSURE RELEASE, LEFT;
Canon;Canon FAX L95;810 FIXING ASSY;FC6-5269-000;LEVER, PRESSURE RELEASE, RIGHT;
Canon;Canon FAX L95;810 FIXING ASSY;RC1-2079-000;BUSHING;
Canon;Canon FAX L95;810 FIXING ASSY;RC1-5571-000;GUIDE, SEPARATION;
Canon;Canon FAX L95;810 FIXING ASSY;RC1-2097-000;GUIDE, ENTRANCE;
Canon;Canon FAX L95;810 FIXING ASSY;RC1-2098-000;SPRING, TORSION;
Canon;Canon FAX L95;810 FIXING ASSY;RC1-2101-000;LEVER, DELIVERY SENSOR;
Canon;Canon FAX L95;810 FIXING ASSY;RC1-2102-000;BUSHING;
Canon;Canon FAX L95;810 FIXING ASSY;RC1-2103-000;BUSHING;
Canon;Canon FAX L95;810 FIXING ASSY;RC1-5641-000;ROLLER, PRESSURE;
Canon;Canon FAX L95;810 FIXING ASSY;RC1-2139-000;BUSHING;
Canon;Canon FAX L95;810 FIXING ASSY;RL1-0270-000;ROLLER, FACE-DOWN;
Canon;Canon FAX L95;810 FIXING ASSY;RM1-2051-000;FIXING FILM ASSY;120V J102,J204
Canon;Canon FAX L95;810 FIXING ASSY;RM1-2052-000;FIXING FILM ASSY;230V J102,J204
Canon;Canon FAX L95;810 FIXING ASSY;RM1-2092-000;FIXING COVER ASSY;
Canon;Canon FAX L95;810 FIXING ASSY;RC1-5570-000;FLAG, PAPER WIDTH SENSOR;
Canon;Canon FAX L95;810 FIXING ASSY;RU5-0185-000;GEAR, 29T;
Canon;Canon FAX L95;810 FIXING ASSY;RU5-0186-000;GEAR, 14T;
Canon;Canon FAX L95;810 FIXING ASSY;RU5-2178-000;SPRING, TENSION;
Canon;Canon FAX L95;810 FIXING ASSY;RM1-3176-000;SENSOR PCB ASSY;PS804,J205
Canon;Canon FAX L95;810 FIXING ASSY;FM2-3967-000;FIXING ASSY;120V
Canon;Canon FAX L95;810 FIXING ASSY;FM2-3968-000;FIXING ASSY;230V
