Canon;Canon imageCLASS MF3010;EXTERNAL COVERS, PANELS, ETC.;FC0-8469-000;LABEL, JAM CLEARING;
Canon;Canon imageCLASS MF3010;EXTERNAL COVERS, PANELS, ETC.;FC8-1370-000;SCREW, TP, M3X6;
Canon;Canon imageCLASS MF3010;EXTERNAL COVERS, PANELS, ETC.;FC0-8493-000;HOLDER;
Canon;Canon imageCLASS MF3010;EXTERNAL COVERS, PANELS, ETC.;FC0-8543-000;COVER, REAR;
Canon;Canon imageCLASS MF3010;EXTERNAL COVERS, PANELS, ETC.;FL3-7280-000;COVER, LEFT;
Canon;Canon imageCLASS MF3010;EXTERNAL COVERS, PANELS, ETC.;FL3-7288-000;COVER, RIGHT;
Canon;Canon imageCLASS MF3010;EXTERNAL COVERS, PANELS, ETC.;FM0-0561-000;CONTROL PANEL ASSY;US,CA,LTN,AU,SG,IN,HK
Canon;Canon imageCLASS MF3010;EXTERNAL COVERS, PANELS, ETC.;FM0-0555-000;CONTROL PANEL ASSY;EU
Canon;Canon imageCLASS MF3010;EXTERNAL COVERS, PANELS, ETC.;FM0-0547-000;CARTRIDGE DOOR ASSY;
Canon;Canon imageCLASS MF3010;FRONT COVER ASSEMBLY;FC0-8483-000;COVER, FRONT;
Canon;Canon imageCLASS MF3010;FRONT COVER ASSEMBLY;FM0-0549-000;PAPER PICK-UP TRAY ASSY;
Canon;Canon imageCLASS MF3010;FRONT COVER ASSEMBLY;FM0-0554-000;POWER SUPPLY BUTTON ASSY;SW1100
Canon;Canon imageCLASS MF3010;FRONT COVER ASSEMBLY;FM0-0556-000;PAPER DELIVERY TRAY ASSY;
Canon;Canon imageCLASS MF3010;FRONT COVER ASSEMBLY;XA9-0476-000;SCREW,TP M3X8;
Canon;Canon imageCLASS MF3010;INTERNAL COMPONENTS 1;FC0-1789-000;SPRING;
Canon;Canon imageCLASS MF3010;INTERNAL COMPONENTS 1;RM1-8282-000;FIXING PAPER DELIVERY ASSY;120V H1,TH1,TP1,PS701,PS702
Canon;Canon imageCLASS MF3010;INTERNAL COMPONENTS 1;RM1-8283-000;FIXING PAPER DELIVERY ASSY;230V H1,TH1,TP1,PS701,PS702
Canon;Canon imageCLASS MF3010;INTERNAL COMPONENTS 1;FM0-1057-000;ENGINE CONTROL PCB ASSY;120V
Canon;Canon imageCLASS MF3010;INTERNAL COMPONENTS 1;FM0-1059-000;ENGINE CONTROL PCB ASSY;230V
Canon;Canon imageCLASS MF3010;INTERNAL COMPONENTS 1;FM0-1096-000;MAIN CONTROLLER PCB ASSY;
Canon;Canon imageCLASS MF3010;INTERNAL COMPONENTS 1;FK2-7600-000;CORE, RING;
Canon;Canon imageCLASS MF3010;INTERNAL COMPONENTS 1;FK3-2609-000;CABLE, FLAT, ECNT-SCNT;
Canon;Canon imageCLASS MF3010;INTERNAL COMPONENTS 1;FC8-1367-000;SCREW, W/WASHER, M3X8;
Canon;Canon imageCLASS MF3010;INTERNAL COMPONENTS 1;FC8-1368-000;SCREW, M3X6;
Canon;Canon imageCLASS MF3010;INTERNAL COMPONENTS 2;FC0-8470-000;LABEL, JAM CLEARING;
Canon;Canon imageCLASS MF3010;INTERNAL COMPONENTS 2;FC8-1369-000;SCREW, M3X10;
Canon;Canon imageCLASS MF3010;INTERNAL COMPONENTS 2;FM0-0537-000;LASER SCANNER ASSY;M2
Canon;Canon imageCLASS MF3010;INTERNAL COMPONENTS 2;FM0-0542-000;PAPER PICK-UP ASSY;SL1
Canon;Canon imageCLASS MF3010;INTERNAL COMPONENTS 2;FM0-1060-000;MOTOR PCB ASSY;PS901
Canon;Canon imageCLASS MF3010;INTERNAL COMPONENTS 2;FM4-7066-000;PAPER PICK-UP SENSOR PCB ASSY;PS751
Canon;Canon imageCLASS MF3010;INTERNAL COMPONENTS 2;RC2-1182-000;ROLLER, TRANSFER;
Canon;Canon imageCLASS MF3010;INTERNAL COMPONENTS 2;RL1-2593-000;ROLLER, PAPER PICK-UP;
Canon;Canon imageCLASS MF3010;INTERNAL COMPONENTS 2;FM0-0563-000;SEPARATION PAD ASSY;
Canon;Canon imageCLASS MF3010;INTERNAL COMPONENTS 2;FC8-1368-000;SCREW, M3X6;
Canon;Canon imageCLASS MF3010;INTERNAL COMPONENTS 2;FL3-7278-000;MOTOR, DC24V;M1
Canon;Canon imageCLASS MF3010;READER ASSEMBLY;FC0-1945-000;SPACER, CIS;
Canon;Canon imageCLASS MF3010;READER ASSEMBLY;FC0-8451-000;COVER, COPYBOARD;
Canon;Canon imageCLASS MF3010;READER ASSEMBLY;FC0-8494-000;SLIDER;
Canon;Canon imageCLASS MF3010;READER ASSEMBLY;FC0-8550-000;BELT, TIMING;
Canon;Canon imageCLASS MF3010;READER ASSEMBLY;FC0-8560-000;SHAFT, DAMPER;
Canon;Canon imageCLASS MF3010;READER ASSEMBLY;FC8-0654-000;PANEL, COPYBOARD;
Canon;Canon imageCLASS MF3010;READER ASSEMBLY;FK3-1153-000;CONTACT IMAGE SENSOR;
Canon;Canon imageCLASS MF3010;READER ASSEMBLY;FK3-2614-000;CABLE, FLAT, SCNT-OP;
Canon;Canon imageCLASS MF3010;READER ASSEMBLY;FK3-2617-000;CABLE, FLAT, SCNT-CIS;
Canon;Canon imageCLASS MF3010;READER ASSEMBLY;FL3-5062-000;IDLER PULLEY HOLDER ASSY;
Canon;Canon imageCLASS MF3010;READER ASSEMBLY;FM0-0552-000;READER COVER ASSY;
Canon;Canon imageCLASS MF3010;READER ASSEMBLY;FM0-0553-000;CIS DRIVE MOTOR ASSY;M3
Canon;Canon imageCLASS MF3010;READER ASSEMBLY;XA9-0476-000;SCREW,TP M3X8;
Canon;Canon imageCLASS MF3010;READER ASSEMBLY;FM0-0550-000;READER ASSEMBLY;
