Canon;Canon i-SENSYS MF4010;100 EXTERNAL COVERS, PANELS, ETC.;FC6-5204-000;SHEET, HANDSET;EXCEPT MF4018/4012B/4012G/4010B
Canon;Canon i-SENSYS MF4010;100 EXTERNAL COVERS, PANELS, ETC.;FC8-0690-000;SHEET, HANDSET;MF4018/4012B/4012G/4010B
Canon;Canon i-SENSYS MF4010;100 EXTERNAL COVERS, PANELS, ETC.;FC7-3565-000;COVER, FRONT;EXCEPT CDY/CED/CET/CFD/CFR/CRR
Canon;Canon i-SENSYS MF4010;100 EXTERNAL COVERS, PANELS, ETC.;FC8-0661-000;COVER, FRONT;CDY/CED/CET/CFD/CFR/CRRR/CRR
Canon;Canon i-SENSYS MF4010;100 EXTERNAL COVERS, PANELS, ETC.;FL2-5620-000;HOLDER, DOCUMENT RELEASE SHEET;MF4150/4150K/4130
Canon;Canon i-SENSYS MF4010;100 EXTERNAL COVERS, PANELS, ETC.;FC7-3554-010;COVER, CRG;EXCEPT CET/CFR/CRR/CFD/CDY/CED
Canon;Canon i-SENSYS MF4010;100 EXTERNAL COVERS, PANELS, ETC.;FC8-0670-000;COVER, CRG;CET/CFR/CRR/CFD/CDY/CDY/CED
Canon;Canon i-SENSYS MF4010;100 EXTERNAL COVERS, PANELS, ETC.;FM2-8933-000;COPYBORD COVER ASSY;DUPLEXING MODEL
Canon;Canon i-SENSYS MF4010;100 EXTERNAL COVERS, PANELS, ETC.;FM3-4082-000;COPYBORD COVER ASSY;CET/CRR/CFD/CDY/CED
Canon;Canon i-SENSYS MF4010;100 EXTERNAL COVERS, PANELS, ETC.;FM3-4107-000;COPYBORD COVER ASSY;CFR
Canon;Canon i-SENSYS MF4010;100 EXTERNAL COVERS, PANELS, ETC.;FM3-4104-000;COPYBORD COVER ASSY;CDU/CEL/EFG/FWU/FWV/FWX
Canon;Canon i-SENSYS MF4010;100 EXTERNAL COVERS, PANELS, ETC.;FC7-3743-000;COVER, REAR;MF4130/4122/4120/4120K
Canon;Canon i-SENSYS MF4010;100 EXTERNAL COVERS, PANELS, ETC.;FC7-3561-010;COVER, REAR;MF4150/4150K/4140
Canon;Canon i-SENSYS MF4010;100 EXTERNAL COVERS, PANELS, ETC.;FC7-3744-000;COVER, RIGHT;DUPLEXING MODEL 100V
Canon;Canon i-SENSYS MF4010;100 EXTERNAL COVERS, PANELS, ETC.;FC7-3566-010;COVER, RIGHT;EXCEPT 100V/MF4018/4012B/4012G/4010B
Canon;Canon i-SENSYS MF4010;100 EXTERNAL COVERS, PANELS, ETC.;FC8-1425-000;COVER, RIGHT;MF4010 100V
Canon;Canon i-SENSYS MF4010;100 EXTERNAL COVERS, PANELS, ETC.;FC8-0651-000;COVER, RIGHT;MF4018/4012B/4012G/4010B012G/4010B
Canon;Canon i-SENSYS MF4010;100 EXTERNAL COVERS, PANELS, ETC.;FM2-8924-000;LEFT COVER ASSY;DUPLEXING MODEL 100V
Canon;Canon i-SENSYS MF4010;100 EXTERNAL COVERS, PANELS, ETC.;FM2-8923-000;LEFT COVER ASSY;EXCEPT 100V/MF4018/4012B/4012G/4010B
Canon;Canon i-SENSYS MF4010;100 EXTERNAL COVERS, PANELS, ETC.;FM3-4496-000;LEFT COVER ASSY;MF4010 100V
Canon;Canon i-SENSYS MF4010;100 EXTERNAL COVERS, PANELS, ETC.;FM3-4103-000;LEFT COVER ASSY;MF4018/4012B/4012G/4010B
Canon;Canon i-SENSYS MF4010;100 EXTERNAL COVERS, PANELS, ETC.;FC7-3648-000;SHEET, PAPER FEED;
Canon;Canon i-SENSYS MF4010;100 EXTERNAL COVERS, PANELS, ETC.;FC7-3649-000;CAP, SHEET;DUPLEXING MODEL/MF4010/MF4018/4012B/4012G/4010B
Canon;Canon i-SENSYS MF4010;100 EXTERNAL COVERS, PANELS, ETC.;FC8-0671-000;CAP, SHEET;ONE SIDED MODEL EXCEPT MF4010 JP/ MF4018/4012B/4012G/4010B
Canon;Canon i-SENSYS MF4010;100 EXTERNAL COVERS, PANELS, ETC.;FC7-3710-000;PLATE, PAPER SIZE;A SIZE EXCEPT MF4010 JP/MF4018
Canon;Canon i-SENSYS MF4010;100 EXTERNAL COVERS, PANELS, ETC.;FC7-3638-000;PLATE, PAPER SIZE;A/B SIZE
Canon;Canon i-SENSYS MF4010;100 EXTERNAL COVERS, PANELS, ETC.;FC7-3711-000;PLATE, PAPER SIZE;INCH SIZE
Canon;Canon i-SENSYS MF4010;100 EXTERNAL COVERS, PANELS, ETC.;FC7-3712-000;PLATE, PAPER SIZE;A/B/INCH SIZE
Canon;Canon i-SENSYS MF4010;100 EXTERNAL COVERS, PANELS, ETC.;FC8-1394-000;PLATE, PAPER SIZE;MF4010 100V
Canon;Canon i-SENSYS MF4010;100 EXTERNAL COVERS, PANELS, ETC.;FC8-0659-000;PLATE, PAPER SIZE;MF4018
Canon;Canon i-SENSYS MF4010;100 EXTERNAL COVERS, PANELS, ETC.;FC7-3714-000;RETAINER, STAY;
Canon;Canon i-SENSYS MF4010;100 EXTERNAL COVERS, PANELS, ETC.;FC5-4820-000;EMBLEM, SATERA;100V
Canon;Canon i-SENSYS MF4010;100 EXTERNAL COVERS, PANELS, ETC.;FC7-3728-000;EMBLEM, LASER SHOT;EXCEPT 100V/MF4010/4012
Canon;Canon i-SENSYS MF4010;100 EXTERNAL COVERS, PANELS, ETC.;FC8-0683-000;EMBLEM, LASER SHOT;MF4010/4012
Canon;Canon i-SENSYS MF4010;100 EXTERNAL COVERS, PANELS, ETC.;FC7-3821-000;MAGNET;
Canon;Canon i-SENSYS MF4010;100 EXTERNAL COVERS, PANELS, ETC.;FC7-3753-000;SHEET, GLASS CLEANING;ADF MODEL 100V
Canon;Canon i-SENSYS MF4010;100 EXTERNAL COVERS, PANELS, ETC.;FC7-3752-000;SHEET, GLASS CLEANING;ADF MODEL i-SENSYS MF4150 230V
Canon;Canon i-SENSYS MF4010;100 EXTERNAL COVERS, PANELS, ETC.;FC7-3751-000;SHEET, GLASS CLEANING;ADF MODEL imageCLASS MF4150 120/230V/MF4150K
Canon;Canon i-SENSYS MF4010;100 EXTERNAL COVERS, PANELS, ETC.;FM2-8870-000;DUPLEXING COVER UNIT;DUPLEXING MODEL
Canon;Canon i-SENSYS MF4010;100 EXTERNAL COVERS, PANELS, ETC.;FM2-8883-000;PAPER PICK-UP TRAY ASSY;EXCEPT MF4010/4012
Canon;Canon i-SENSYS MF4010;100 EXTERNAL COVERS, PANELS, ETC.;FM3-4084-000;PAPER PICK-UP TRAY ASSY;MF4010/4012
Canon;Canon i-SENSYS MF4010;100 EXTERNAL COVERS, PANELS, ETC.;FC7-3639-000;PLATE, EXTENSION;EXCEPT MF4010/4012
Canon;Canon i-SENSYS MF4010;100 EXTERNAL COVERS, PANELS, ETC.;FC8-0667-000;PLATE, EXTENSION;MF4010/4012
Canon;Canon i-SENSYS MF4010;100 EXTERNAL COVERS, PANELS, ETC.;FC7-3656-000;STOPPER, PAPER;
Canon;Canon i-SENSYS MF4010;100 EXTERNAL COVERS, PANELS, ETC.;FC7-3657-000;STOPPER, CARD;
Canon;Canon i-SENSYS MF4010;100 EXTERNAL COVERS, PANELS, ETC.;FM2-8903-000;CONTROL PANEL ASSY;MF4120 ILLUSTRATION
Canon;Canon i-SENSYS MF4010;100 EXTERNAL COVERS, PANELS, ETC.;FM2-8919-000;CONTROL PANEL ASSY;MF4120 JAPANESE
Canon;Canon i-SENSYS MF4010;100 EXTERNAL COVERS, PANELS, ETC.;FM2-8905-000;CONTROL PANEL ASSY;MF4120 KOREAN
Canon;Canon i-SENSYS MF4010;100 EXTERNAL COVERS, PANELS, ETC.;FM2-8920-000;CONTROL PANEL ASSY;MF4120 SIMPLIFIED CHINESE
Canon;Canon i-SENSYS MF4010;100 EXTERNAL COVERS, PANELS, ETC.;FM2-8904-000;CONTROL PANEL ASSY;MF4122 ENGLISH
Canon;Canon i-SENSYS MF4010;100 EXTERNAL COVERS, PANELS, ETC.;FM2-8906-000;CONTROL PANEL ASSY;MF4122 SIMPLIFIED CHINESE
Canon;Canon i-SENSYS MF4010;100 EXTERNAL COVERS, PANELS, ETC.;FM2-8922-000;CONTROL PANEL ASSY;MF4140 ENGLISH
Canon;Canon i-SENSYS MF4010;100 EXTERNAL COVERS, PANELS, ETC.;FM2-8918-000;CONTROL PANEL ASSY;MF4140 ILLUSTRATION
Canon;Canon i-SENSYS MF4010;100 EXTERNAL COVERS, PANELS, ETC.;FM2-8899-000;CONTROL PANEL ASSY;MF4150 ENGLISH
Canon;Canon i-SENSYS MF4010;100 EXTERNAL COVERS, PANELS, ETC.;FM2-8898-000;CONTROL PANEL ASSY;MF4150 ILLUSTRATION
Canon;Canon i-SENSYS MF4010;100 EXTERNAL COVERS, PANELS, ETC.;FM2-8869-000;CONTROL PANEL ASSY;MF4150 JAPANESE
Canon;Canon i-SENSYS MF4010;100 EXTERNAL COVERS, PANELS, ETC.;FM2-8901-000;CONTROL PANEL ASSY;MF4150 KOREAN
Canon;Canon i-SENSYS MF4010;100 EXTERNAL COVERS, PANELS, ETC.;FM2-8900-000;CONTROL PANEL ASSY;MF4150 SIMPLIFIED CHINESE
Canon;Canon i-SENSYS MF4010;100 EXTERNAL COVERS, PANELS, ETC.;FM2-8902-000;CONTROL PANEL ASSY;MF4150 TRADITONAL CHINESE
Canon;Canon i-SENSYS MF4010;100 EXTERNAL COVERS, PANELS, ETC.;FM2-8897-000;CONTROL PANEL ASSY;MF4150 US ENGLISH
Canon;Canon i-SENSYS MF4010;100 EXTERNAL COVERS, PANELS, ETC.;FM2-8932-000;CONTROL PANEL ASSY;MF4140 KOREAN
Canon;Canon i-SENSYS MF4010;100 EXTERNAL COVERS, PANELS, ETC.;FM2-8929-000;CONTROL PANEL ASSY;MF4120K KOREAN
Canon;Canon i-SENSYS MF4010;100 EXTERNAL COVERS, PANELS, ETC.;FM2-8928-000;CONTROL PANEL ASSY;MF4150K KOREAN
Canon;Canon i-SENSYS MF4010;100 EXTERNAL COVERS, PANELS, ETC.;FM2-8908-000;FRONT COVER ASSY;DUPLEXING MODEL/ EFG/FWU/FWV/FWX
Canon;Canon i-SENSYS MF4010;100 EXTERNAL COVERS, PANELS, ETC.;FM3-4085-000;FRONT COVER ASSY;CET/CFR/CRR/CFD/CDY/ CED
Canon;Canon i-SENSYS MF4010;100 EXTERNAL COVERS, PANELS, ETC.;FM3-4118-000;FRONT COVER ASSY;CDU/CEL
Canon;Canon i-SENSYS MF4010;100 EXTERNAL COVERS, PANELS, ETC.;FC7-3596-000;TRAY, PAPER DELIVERY;EXCEPT MF4010/4012
Canon;Canon i-SENSYS MF4010;100 EXTERNAL COVERS, PANELS, ETC.;FC8-0664-000;TRAY, PAPER DELIVERY;MF4010/4012
Canon;Canon i-SENSYS MF4010;100 EXTERNAL COVERS, PANELS, ETC.;FC7-3597-000;TRAY, PAPER DELIVERY EXTENSION;EXCEPT MF4010/4012
Canon;Canon i-SENSYS MF4010;100 EXTERNAL COVERS, PANELS, ETC.;FC8-0665-000;TRAY, PAPER DELIVERY EXTENSION;MF4010/4012
Canon;Canon i-SENSYS MF4010;100 EXTERNAL COVERS, PANELS, ETC.;FC7-3598-000;STOPPER, PAPER DELIVERY;EXCEPT MF4010/4012
Canon;Canon i-SENSYS MF4010;100 EXTERNAL COVERS, PANELS, ETC.;FC8-0666-000;STOPPER, PAPER DELIVERY;MF4010/4012
Canon;Canon i-SENSYS MF4010;100 EXTERNAL COVERS, PANELS, ETC.;FC7-3726-000;COVER, PAPER DELIVERY TRAY;EXCEPT MF4010/4012
Canon;Canon i-SENSYS MF4010;100 EXTERNAL COVERS, PANELS, ETC.;FC8-0663-000;COVER, PAPER DELIVERY TRAY;MF4010/4012
Canon;Canon i-SENSYS MF4010;100 EXTERNAL COVERS, PANELS, ETC.;FC7-3573-000;COVER, DUST;
Canon;Canon i-SENSYS MF4010;100 EXTERNAL COVERS, PANELS, ETC.;FC7-3788-000;LABEL, DESTINATION;DUPLEXING MODEL
Canon;Canon i-SENSYS MF4010;100 EXTERNAL COVERS, PANELS, ETC.;FC7-3764-010;LABEL, JAM CLEARING;EXCEPT MF4010 JP/MF4018
Canon;Canon i-SENSYS MF4010;100 EXTERNAL COVERS, PANELS, ETC.;FC8-0695-000;LABEL, JAM CLEARING;MF4010 JP/MF4018/4012B/4012G/4010B
Canon;Canon i-SENSYS MF4010;100 EXTERNAL COVERS, PANELS, ETC.;FC7-3817-000;CAP, COVER, REAR;DUPLEXING MODEL
Canon;Canon i-SENSYS MF4010;100 EXTERNAL COVERS, PANELS, ETC.;FC7-3816-000;LABEL, SIZE INSTRUCTION;
Canon;Canon i-SENSYS MF4010;100 EXTERNAL COVERS, PANELS, ETC.;FC8-0648-000;COVER, REAR;ONE SIDED MODEL EXCEPT MF4010 JP/ MF4018
Canon;Canon i-SENSYS MF4010;100 EXTERNAL COVERS, PANELS, ETC.;FC8-0649-000;COVER, REAR;MF4010 JP/MF4018/4012B/4012G/4010B
Canon;Canon i-SENSYS MF4010;100 EXTERNAL COVERS, PANELS, ETC.;FC7-3766-000;LABEL, JAM CLEARING, ADF2;MF4150/4150K/4130
Canon;Canon i-SENSYS MF4010;100 EXTERNAL COVERS, PANELS, ETC.;FC7-3827-000;LABEL, JAM CLEARING, P2;MF4140/4122/4120/4120K
Canon;Canon i-SENSYS MF4010;100 EXTERNAL COVERS, PANELS, ETC.;FM3-4090-000;CONTROL PANEL ASSY;I-SENSYS MF4010 ILLUSTRATION
Canon;Canon i-SENSYS MF4010;100 EXTERNAL COVERS, PANELS, ETC.;FM3-4091-000;CONTROL PANEL ASSY;MF4010 JAPANESE
Canon;Canon i-SENSYS MF4010;100 EXTERNAL COVERS, PANELS, ETC.;FM3-9466-000;CONTROL PANEL ASSY;MF4018 ILLUSTRATION
Canon;Canon i-SENSYS MF4010;100 EXTERNAL COVERS, PANELS, ETC.;FM3-4093-000;CONTROL PANEL ASSY;MF4010 KOREAN
Canon;Canon i-SENSYS MF4010;100 EXTERNAL COVERS, PANELS, ETC.;FM3-4094-000;CONTROL PANEL ASSY;MF4012 ENGLISH
Canon;Canon i-SENSYS MF4010;100 EXTERNAL COVERS, PANELS, ETC.;FM3-4095-000;CONTROL PANEL ASSY;MF4010 SIMPLIFIED CHINESE
Canon;Canon i-SENSYS MF4010;100 EXTERNAL COVERS, PANELS, ETC.;FM3-4096-000;CONTROL PANEL ASSY;MF4012 SIMPLIFIED CHINESE
Canon;Canon i-SENSYS MF4010;100 EXTERNAL COVERS, PANELS, ETC.;FM4-5247-000;CONTROL PANEL ASSY;MF4012B SIMPLIFIED CHINESE
Canon;Canon i-SENSYS MF4010;100 EXTERNAL COVERS, PANELS, ETC.;FM4-5248-000;CONTROL PANEL ASSY;MF4010B SIMPLIFIED CHINESE
Canon;Canon i-SENSYS MF4010;100 EXTERNAL COVERS, PANELS, ETC.;FM4-5785-000;CONTROL PANEL ASSY;MF4012G SIMPLIFIED CHINESE
Canon;Canon i-SENSYS MF4010;100 EXTERNAL COVERS, PANELS, ETC.;XB4-7300-807;SCREW, TAP TIGHT, BINDING HEAD;
Canon;Canon i-SENSYS MF4010;100 EXTERNAL COVERS, PANELS, ETC.;NPN;EXTERNAL COVERS, PANELS, ETC.;
Canon;Canon i-SENSYS MF4010;101 INTERNAL COMPONENTS 1;FC7-3558-000;GUIDE, INNER FEED;DUPLEXING MODEL
Canon;Canon i-SENSYS MF4010;101 INTERNAL COMPONENTS 1;FC7-3679-000;SHEET, INSULATING;
Canon;Canon i-SENSYS MF4010;101 INTERNAL COMPONENTS 1;FL2-5629-000;DUPLEXING FEED ROLLER ASSY;DUPLEXING MODEL
Canon;Canon i-SENSYS MF4010;101 INTERNAL COMPONENTS 1;XA9-1420-000;SCREW, W/WASHER, M3X8;
Canon;Canon i-SENSYS MF4010;101 INTERNAL COMPONENTS 1;FM2-8912-000;TRANSFER GUIDE ASSY;
Canon;Canon i-SENSYS MF4010;101 INTERNAL COMPONENTS 1;FM2-8874-000;SEPARATION PAD ASSY;
Canon;Canon i-SENSYS MF4010;101 INTERNAL COMPONENTS 1;FM2-8914-000;TRANSFER ROLLER ASSY;
Canon;Canon i-SENSYS MF4010;101 INTERNAL COMPONENTS 1;FM2-9910-000;HVT PCB ASSY;DUPLEXING MODEL 100V
Canon;Canon i-SENSYS MF4010;101 INTERNAL COMPONENTS 1;FM2-9911-000;HVT PCB ASSY;DUPLEXING MODEL 120V
Canon;Canon i-SENSYS MF4010;101 INTERNAL COMPONENTS 1;FM2-9912-000;HVT PCB ASSY;DUPLEXING MODEL 230V
Canon;Canon i-SENSYS MF4010;101 INTERNAL COMPONENTS 1;FM3-2353-000;HVT PCB ASSY;ONE SIDED MODEL 100V
Canon;Canon i-SENSYS MF4010;101 INTERNAL COMPONENTS 1;FM3-2355-000;HVT PCB ASSY;ONE SIDED MODEL 230V
Canon;Canon i-SENSYS MF4010;101 INTERNAL COMPONENTS 1;FK2-3492-000;POWER SUPPLY ASSEMBLY;100V
Canon;Canon i-SENSYS MF4010;101 INTERNAL COMPONENTS 1;FK2-3502-000;POWER SUPPLY ASSEMBLY;120V
Canon;Canon i-SENSYS MF4010;101 INTERNAL COMPONENTS 1;FK2-3494-000;POWER SUPPLY ASSEMBLY;230V EXCEPT KR
Canon;Canon i-SENSYS MF4010;101 INTERNAL COMPONENTS 1;FK2-5232-000;POWER SUPPLY ASSEMBLY;KR
Canon;Canon i-SENSYS MF4010;101 INTERNAL COMPONENTS 1;FM2-9914-000;SENSOR PCB ASSY;
Canon;Canon i-SENSYS MF4010;101 INTERNAL COMPONENTS 1;FM2-9916-000;SENSOR PCB ASSY;
Canon;Canon i-SENSYS MF4010;101 INTERNAL COMPONENTS 1;FK2-4393-000;CORD, POWER;US TW
Canon;Canon i-SENSYS MF4010;101 INTERNAL COMPONENTS 1;FK2-1311-000;CORD, POWER;ASIA/EUR
Canon;Canon i-SENSYS MF4010;101 INTERNAL COMPONENTS 1;FK2-6890-000;CORD, POWER;AU
Canon;Canon i-SENSYS MF4010;101 INTERNAL COMPONENTS 1;FK2-1317-000;CORD, POWER;CN
Canon;Canon i-SENSYS MF4010;101 INTERNAL COMPONENTS 1;FK2-1316-000;CORD, POWER;
Canon;Canon i-SENSYS MF4010;101 INTERNAL COMPONENTS 1;FC7-3727-000;LABEL, HIGH TMP. CAUTION;
Canon;Canon i-SENSYS MF4010;101 INTERNAL COMPONENTS 1;FK2-4390-000;CORD, POWER;JP
Canon;Canon i-SENSYS MF4010;101 INTERNAL COMPONENTS 1;FK2-6890-000;CORD, POWER;KR
Canon;Canon i-SENSYS MF4010;101 INTERNAL COMPONENTS 1;XB4-5401-009;SCREW, TAP, M4X10;
Canon;Canon i-SENSYS MF4010;101 INTERNAL COMPONENTS 1;NPN;INTERNAL COMPONENTS 1;
Canon;Canon i-SENSYS MF4010;102 INTERNAL COMPONENTS 2;FC8-1321-000;CROSSMEMBER, ENGINE CONTROLLER;
Canon;Canon i-SENSYS MF4010;102 INTERNAL COMPONENTS 2;FC7-3700-000;COVER, FRONT LOWER;DUPLEXING MODEL/ MF4018/4012B/4012G/4010B
Canon;Canon i-SENSYS MF4010;102 INTERNAL COMPONENTS 2;FC8-0684-000;COVER, FRONT LOWER;ONE SIDED MODEL EXCEPT MF4018
Canon;Canon i-SENSYS MF4010;102 INTERNAL COMPONENTS 2;FM2-8882-000;TONER SENSOR ASSY;DUPLEXING MODEL
Canon;Canon i-SENSYS MF4010;102 INTERNAL COMPONENTS 2;FC7-3666-000;ARM, SHUTTER;
Canon;Canon i-SENSYS MF4010;102 INTERNAL COMPONENTS 2;FC6-5210-000;RETAINING RING (E-TYRE);
Canon;Canon i-SENSYS MF4010;102 INTERNAL COMPONENTS 2;FM2-9907-000;LASER SCANNER ASSY;
Canon;Canon i-SENSYS MF4010;102 INTERNAL COMPONENTS 2;FC7-3646-000;ROLLER, PAPER FEED;
Canon;Canon i-SENSYS MF4010;102 INTERNAL COMPONENTS 2;XA9-1501-000;SCREW, RS, M3X10;
Canon;Canon i-SENSYS MF4010;102 INTERNAL COMPONENTS 2;FU5-1804-000;BUSHING, ROLLER, LEFT;
Canon;Canon i-SENSYS MF4010;102 INTERNAL COMPONENTS 2;FU5-1805-000;BUSHING, ROLLER, RIGHT;
Canon;Canon i-SENSYS MF4010;102 INTERNAL COMPONENTS 2;RU5-2492-000;SPRING, COMPRESSION;
Canon;Canon i-SENSYS MF4010;102 INTERNAL COMPONENTS 2;FM2-9909-000;DCNT PCB ASSY;DUPLEXING MODEL
Canon;Canon i-SENSYS MF4010;102 INTERNAL COMPONENTS 2;FM3-2352-000;DCNT PCB ASSY;ONE SIDED MODEL
Canon;Canon i-SENSYS MF4010;102 INTERNAL COMPONENTS 2;FM2-8884-010;PAPER FEED COVER ASSY;EXCEPT MF4010 JP/ MF4018/4012B/4012G/4010B
Canon;Canon i-SENSYS MF4010;102 INTERNAL COMPONENTS 2;FM3-4099-000;PAPER FEED COVER ASSY;MF4010 JP/MF4018/4012B/4012G/4010B
Canon;Canon i-SENSYS MF4010;102 INTERNAL COMPONENTS 2;XA9-1495-000;SCREW, RS, M3X6;
Canon;Canon i-SENSYS MF4010;102 INTERNAL COMPONENTS 2;FM3-4089-000;PAPER SENSOR ASSY;ONE SIDED MODEL
Canon;Canon i-SENSYS MF4010;102 INTERNAL COMPONENTS 2;FC7-3765-000;LABEL, JAM CLEARING, ADF1;MF4150/4150K/4130
Canon;Canon i-SENSYS MF4010;102 INTERNAL COMPONENTS 2;FC7-3767-000;LABEL, JAM CLEARING, P1;MF4140/4122/4120/4120K
Canon;Canon i-SENSYS MF4010;102 INTERNAL COMPONENTS 2;FC8-0694-000;LABEL, JAM CLEARING, P1;ONE SIDED MODEL EXCEPT MF4010 JP/ MF4018/4012B/4012G/4010B/
Canon;Canon i-SENSYS MF4010;102 INTERNAL COMPONENTS 2;FC8-0696-000;LABEL, JAM CLEARING, P1;MF4010 JP/MF4018/4012B/4012G/4010B/
Canon;Canon i-SENSYS MF4010;102 INTERNAL COMPONENTS 2;NPN;INTERNAL COMPONENTS 2;
Canon;Canon i-SENSYS MF4010;103 INTERNAL COMPONENTS 3(DUPLEXING MODEL);RA0-1019-000;BUSHING;
Canon;Canon i-SENSYS MF4010;103 INTERNAL COMPONENTS 3(DUPLEXING MODEL);RC1-1953-000;BUSHING;
Canon;Canon i-SENSYS MF4010;103 INTERNAL COMPONENTS 3(DUPLEXING MODEL);RC1-1954-000;BUSHING;
Canon;Canon i-SENSYS MF4010;103 INTERNAL COMPONENTS 3(DUPLEXING MODEL);RC1-1955-000;CAM, COUPLING;
Canon;Canon i-SENSYS MF4010;103 INTERNAL COMPONENTS 3(DUPLEXING MODEL);FK2-3699-020;SCNT PCB ASSY;MF4122/4120/4120K
Canon;Canon i-SENSYS MF4010;103 INTERNAL COMPONENTS 3(DUPLEXING MODEL);FK2-3698-020;SCNT PCB ASSY;MF4130
Canon;Canon i-SENSYS MF4010;103 INTERNAL COMPONENTS 3(DUPLEXING MODEL);FM3-2186-020;SCNT PCB ASSY;MF4140
Canon;Canon i-SENSYS MF4010;103 INTERNAL COMPONENTS 3(DUPLEXING MODEL);FM3-2185-020;SCNT PCB ASSY;MF4150/4150K
Canon;Canon i-SENSYS MF4010;103 INTERNAL COMPONENTS 3(DUPLEXING MODEL);FC7-3621-000;STOPPER;
Canon;Canon i-SENSYS MF4010;103 INTERNAL COMPONENTS 3(DUPLEXING MODEL);RC1-1959-000;BUSHING;
Canon;Canon i-SENSYS MF4010;103 INTERNAL COMPONENTS 3(DUPLEXING MODEL);FC7-3690-000;GUIDE, CARTRIDGE, RIGHT;
Canon;Canon i-SENSYS MF4010;103 INTERNAL COMPONENTS 3(DUPLEXING MODEL);XA9-1495-000;SCREW, RS, M3X6;
Canon;Canon i-SENSYS MF4010;103 INTERNAL COMPONENTS 3(DUPLEXING MODEL);RU5-0503-000;GEAR, 166T/87T;
Canon;Canon i-SENSYS MF4010;103 INTERNAL COMPONENTS 3(DUPLEXING MODEL);FK2-3510-000;SOLENOID;
Canon;Canon i-SENSYS MF4010;103 INTERNAL COMPONENTS 3(DUPLEXING MODEL);FM2-8879-000;CARTRIDGE GUIDE LEFT ASSY;
Canon;Canon i-SENSYS MF4010;103 INTERNAL COMPONENTS 3(DUPLEXING MODEL);RU5-0505-000;GEAR, 74T;
Canon;Canon i-SENSYS MF4010;103 INTERNAL COMPONENTS 3(DUPLEXING MODEL);RU5-0174-000;GEAR, 117T;
Canon;Canon i-SENSYS MF4010;103 INTERNAL COMPONENTS 3(DUPLEXING MODEL);RU5-0175-000;GEAR, 108T;
Canon;Canon i-SENSYS MF4010;103 INTERNAL COMPONENTS 3(DUPLEXING MODEL);RU5-0176-000;GEAR, 129T;
Canon;Canon i-SENSYS MF4010;103 INTERNAL COMPONENTS 3(DUPLEXING MODEL);RU5-0506-000;GEAR, 35T/18T;
Canon;Canon i-SENSYS MF4010;103 INTERNAL COMPONENTS 3(DUPLEXING MODEL);RA0-1172-000;GEAR, 17T;
Canon;Canon i-SENSYS MF4010;103 INTERNAL COMPONENTS 3(DUPLEXING MODEL);RU5-0179-000;GEAR, 66T/25T;
Canon;Canon i-SENSYS MF4010;103 INTERNAL COMPONENTS 3(DUPLEXING MODEL);FC7-3647-000;ARM, CARTRIDGE;
Canon;Canon i-SENSYS MF4010;103 INTERNAL COMPONENTS 3(DUPLEXING MODEL);FC7-3653-000;ARM, SOLENOID;
Canon;Canon i-SENSYS MF4010;103 INTERNAL COMPONENTS 3(DUPLEXING MODEL);FC6-5210-000;RETAINING RING (E-TYRE);
Canon;Canon i-SENSYS MF4010;103 INTERNAL COMPONENTS 3(DUPLEXING MODEL);FU7-0541-000;GEAR, 32T;
Canon;Canon i-SENSYS MF4010;103 INTERNAL COMPONENTS 3(DUPLEXING MODEL);RK2-0777-000;MOTOR, STEPPING, DC;
Canon;Canon i-SENSYS MF4010;103 INTERNAL COMPONENTS 3(DUPLEXING MODEL);FU7-0544-000;GEAR, 29T;
Canon;Canon i-SENSYS MF4010;103 INTERNAL COMPONENTS 3(DUPLEXING MODEL);RC1-3579-000;BUSHING;
Canon;Canon i-SENSYS MF4010;103 INTERNAL COMPONENTS 3(DUPLEXING MODEL);FU6-2254-000;SPRING, COMPRESSION;
Canon;Canon i-SENSYS MF4010;103 INTERNAL COMPONENTS 3(DUPLEXING MODEL);FU6-2255-000;SPRING, COMPRESSION;
Canon;Canon i-SENSYS MF4010;103 INTERNAL COMPONENTS 3(DUPLEXING MODEL);FU7-0538-000;GEAR, 68/17T;
Canon;Canon i-SENSYS MF4010;103 INTERNAL COMPONENTS 3(DUPLEXING MODEL);FU7-0539-000;GEAR, 28T;
Canon;Canon i-SENSYS MF4010;103 INTERNAL COMPONENTS 3(DUPLEXING MODEL);FU7-0540-000;GEAR, 37T;
Canon;Canon i-SENSYS MF4010;103 INTERNAL COMPONENTS 3(DUPLEXING MODEL);FU7-0542-000;GEAR, 30T;
Canon;Canon i-SENSYS MF4010;103 INTERNAL COMPONENTS 3(DUPLEXING MODEL);FU7-0543-000;GEAR, 31T;
Canon;Canon i-SENSYS MF4010;103 INTERNAL COMPONENTS 3(DUPLEXING MODEL);FU7-0545-000;GEAR, 38T;
Canon;Canon i-SENSYS MF4010;103 INTERNAL COMPONENTS 3(DUPLEXING MODEL);RU5-0312-000;GEAR;
Canon;Canon i-SENSYS MF4010;103 INTERNAL COMPONENTS 3(DUPLEXING MODEL);RU5-0313-000;GEAR;
Canon;Canon i-SENSYS MF4010;103 INTERNAL COMPONENTS 3(DUPLEXING MODEL);RU5-0314-000;GEAR;
Canon;Canon i-SENSYS MF4010;103 INTERNAL COMPONENTS 3(DUPLEXING MODEL);FU8-0470-000;GEAR, 18T;
Canon;Canon i-SENSYS MF4010;103 INTERNAL COMPONENTS 3(DUPLEXING MODEL);FK2-3506-000;SPEAKER;MF4150/4150K/4140
Canon;Canon i-SENSYS MF4010;103 INTERNAL COMPONENTS 3(DUPLEXING MODEL);FU7-0546-000;GEAR, 23T;
Canon;Canon i-SENSYS MF4010;103 INTERNAL COMPONENTS 3(DUPLEXING MODEL);FU7-0547-000;GEAR, 29T;
Canon;Canon i-SENSYS MF4010;103 INTERNAL COMPONENTS 3(DUPLEXING MODEL);FK2-5790-000;NCU PCB ASSY;MF4140 AU
Canon;Canon i-SENSYS MF4010;103 INTERNAL COMPONENTS 3(DUPLEXING MODEL);FK2-3703-000;NCU PCB ASSY;MF4150 JP
Canon;Canon i-SENSYS MF4010;103 INTERNAL COMPONENTS 3(DUPLEXING MODEL);FK2-3704-000;NCU PCB ASSY;MF4150 TW
Canon;Canon i-SENSYS MF4010;103 INTERNAL COMPONENTS 3(DUPLEXING MODEL);FK2-3702-000;NCU PCB ASSY;MF4150/4140 US/EUR/ ASIA/CN/KR, MF4150 AU, MF4150K
Canon;Canon i-SENSYS MF4010;103 INTERNAL COMPONENTS 3(DUPLEXING MODEL);HH2-2824-000;MODULAR CORD;MF4150 US/CA/LTN/TW/ EU1/EU2/ASIA/ CNMF4140 EU1/EU2
Canon;Canon i-SENSYS MF4010;103 INTERNAL COMPONENTS 3(DUPLEXING MODEL);QK1-6441-000;CORD;MF4150/4140 EU1
Canon;Canon i-SENSYS MF4010;103 INTERNAL COMPONENTS 3(DUPLEXING MODEL);HK1-0550-000;MODULAR CORD;MF4150/4140 EU1
Canon;Canon i-SENSYS MF4010;103 INTERNAL COMPONENTS 3(DUPLEXING MODEL);QK1-6441-000;CORD;MF4150/4140 EU1
Canon;Canon i-SENSYS MF4010;103 INTERNAL COMPONENTS 3(DUPLEXING MODEL);HK1-0559-000;MODULAR CORD;MF4150/4140 AUS
Canon;Canon i-SENSYS MF4010;103 INTERNAL COMPONENTS 3(DUPLEXING MODEL);FK2-7595-000;CABLE, USB;EUR/AU/ASIA/CN/KR/JP
Canon;Canon i-SENSYS MF4010;103 INTERNAL COMPONENTS 3(DUPLEXING MODEL);FM2-9925-000;CABLE, DUPLEX;
Canon;Canon i-SENSYS MF4010;103 INTERNAL COMPONENTS 3(DUPLEXING MODEL);FM2-9926-000;CABLE, RELAY BOARD;
Canon;Canon i-SENSYS MF4010;103 INTERNAL COMPONENTS 3(DUPLEXING MODEL);FM2-9929-000;CABLE, DCNT-SCNT;
Canon;Canon i-SENSYS MF4010;103 INTERNAL COMPONENTS 3(DUPLEXING MODEL);NPN;INTERNAL COMPONENTS 3;DUPLEXING MODEL
Canon;Canon i-SENSYS MF4010;103A INTERNAL COMPONENTS 3(ONE SIDED MODEL);RA0-1019-000;BUSHING;
Canon;Canon i-SENSYS MF4010;103A INTERNAL COMPONENTS 3(ONE SIDED MODEL);RC1-1953-000;BUSHING;
Canon;Canon i-SENSYS MF4010;103A INTERNAL COMPONENTS 3(ONE SIDED MODEL);RC1-1954-000;BUSHING;
Canon;Canon i-SENSYS MF4010;103A INTERNAL COMPONENTS 3(ONE SIDED MODEL);RC1-1955-000;CAM, COUPLING;
Canon;Canon i-SENSYS MF4010;103A INTERNAL COMPONENTS 3(ONE SIDED MODEL);FK2-5927-000;SCNT PCB ASSY;EXCEPT MF4010 CN
Canon;Canon i-SENSYS MF4010;103A INTERNAL COMPONENTS 3(ONE SIDED MODEL);FM3-5430-000;SCNT PCB ASSY;MF4010 CN
Canon;Canon i-SENSYS MF4010;103A INTERNAL COMPONENTS 3(ONE SIDED MODEL);FC7-3621-000;STOPPER;
Canon;Canon i-SENSYS MF4010;103A INTERNAL COMPONENTS 3(ONE SIDED MODEL);RC1-1959-000;BUSHING;
Canon;Canon i-SENSYS MF4010;103A INTERNAL COMPONENTS 3(ONE SIDED MODEL);FC7-3690-000;GUIDE, CARTRIDGE, RIGHT;
Canon;Canon i-SENSYS MF4010;103A INTERNAL COMPONENTS 3(ONE SIDED MODEL);XA9-1495-000;SCREW, RS, M3X6;
Canon;Canon i-SENSYS MF4010;103A INTERNAL COMPONENTS 3(ONE SIDED MODEL);RU5-0503-000;GEAR, 166T/87T;
Canon;Canon i-SENSYS MF4010;103A INTERNAL COMPONENTS 3(ONE SIDED MODEL);FM2-8879-000;CARTRIDGE GUIDE LEFT ASSY;
Canon;Canon i-SENSYS MF4010;103A INTERNAL COMPONENTS 3(ONE SIDED MODEL);RU5-0505-000;GEAR, 74T;
Canon;Canon i-SENSYS MF4010;103A INTERNAL COMPONENTS 3(ONE SIDED MODEL);RU5-0174-000;GEAR, 117T;
Canon;Canon i-SENSYS MF4010;103A INTERNAL COMPONENTS 3(ONE SIDED MODEL);RU5-0175-000;GEAR, 108T;
Canon;Canon i-SENSYS MF4010;103A INTERNAL COMPONENTS 3(ONE SIDED MODEL);RU5-0176-000;GEAR, 129T;
Canon;Canon i-SENSYS MF4010;103A INTERNAL COMPONENTS 3(ONE SIDED MODEL);RU5-0506-000;GEAR, 35T/18T;
Canon;Canon i-SENSYS MF4010;103A INTERNAL COMPONENTS 3(ONE SIDED MODEL);RA0-1172-000;GEAR, 17T;
Canon;Canon i-SENSYS MF4010;103A INTERNAL COMPONENTS 3(ONE SIDED MODEL);RU5-0179-000;GEAR, 66T/25T;
Canon;Canon i-SENSYS MF4010;103A INTERNAL COMPONENTS 3(ONE SIDED MODEL);FC7-3647-000;ARM, CARTRIDGE;
Canon;Canon i-SENSYS MF4010;103A INTERNAL COMPONENTS 3(ONE SIDED MODEL);FC6-5210-000;RETAINING RING (E-TYRE);
Canon;Canon i-SENSYS MF4010;103A INTERNAL COMPONENTS 3(ONE SIDED MODEL);RK2-0777-000;MOTOR, STEPPING, DC;
Canon;Canon i-SENSYS MF4010;103A INTERNAL COMPONENTS 3(ONE SIDED MODEL);FU7-0544-000;GEAR, 29T;
Canon;Canon i-SENSYS MF4010;103A INTERNAL COMPONENTS 3(ONE SIDED MODEL);FU6-2254-000;SPRING, COMPRESSION;
Canon;Canon i-SENSYS MF4010;103A INTERNAL COMPONENTS 3(ONE SIDED MODEL);FU6-2255-000;SPRING, COMPRESSION;
Canon;Canon i-SENSYS MF4010;103A INTERNAL COMPONENTS 3(ONE SIDED MODEL);FU7-0538-000;GEAR, 68/17T;
Canon;Canon i-SENSYS MF4010;103A INTERNAL COMPONENTS 3(ONE SIDED MODEL);FU7-0539-000;GEAR, 28T;
Canon;Canon i-SENSYS MF4010;103A INTERNAL COMPONENTS 3(ONE SIDED MODEL);FU7-0543-000;GEAR, 31T;
Canon;Canon i-SENSYS MF4010;103A INTERNAL COMPONENTS 3(ONE SIDED MODEL);FK2-7595-000;CABLE, USB;EXCEPT MF4012B/4012G/4010B
Canon;Canon i-SENSYS MF4010;103A INTERNAL COMPONENTS 3(ONE SIDED MODEL);FK2-7595-000;CABLE, USB;MF4012B/4012G/4010B
Canon;Canon i-SENSYS MF4010;103A INTERNAL COMPONENTS 3(ONE SIDED MODEL);FM2-9925-000;CABLE, DUPLEX;
Canon;Canon i-SENSYS MF4010;103A INTERNAL COMPONENTS 3(ONE SIDED MODEL);FM2-9929-000;CABLE, DCNT-SCNT;
Canon;Canon i-SENSYS MF4010;103A INTERNAL COMPONENTS 3(ONE SIDED MODEL);FU7-0970-000;GEAR, 30T;
Canon;Canon i-SENSYS MF4010;103A INTERNAL COMPONENTS 3(ONE SIDED MODEL);FU7-0971-000;GEAR, 31T;
Canon;Canon i-SENSYS MF4010;103A INTERNAL COMPONENTS 3(ONE SIDED MODEL);NPN;INTERNAL COMPONENTS 3;ONE SIDED MODEL
Canon;Canon i-SENSYS MF4010;104 BASE PLATE ASSY;FM2-8876-000;CENTER PLATE GUIDE RAIL ASSY;EXCEPT MF4010 EUR
Canon;Canon i-SENSYS MF4010;104 BASE PLATE ASSY;FM3-4116-000;CENTER PLATE GUIDE RAIL ASSY;MF4010 EUR
Canon;Canon i-SENSYS MF4010;104 BASE PLATE ASSY;FM2-8877-000;FEED GUIDE RAIL ASSY;EXCEPT MF4010 EUR
Canon;Canon i-SENSYS MF4010;104 BASE PLATE ASSY;FM3-4117-000;FEED GUIDE RAIL ASSY;MF4010 EUR
Canon;Canon i-SENSYS MF4010;104 BASE PLATE ASSY;FM2-8910-000;LIFTING PLATE ASSY;
Canon;Canon i-SENSYS MF4010;104 BASE PLATE ASSY;XA9-1495-000;SCREW, RS, M3X6;
Canon;Canon i-SENSYS MF4010;104 BASE PLATE ASSY;NPN;BASE PLATE ASSY;
Canon;Canon i-SENSYS MF4010;310 PAPER PICK-UP ASSY;FK2-3508-000;SOLENOID;
Canon;Canon i-SENSYS MF4010;310 PAPER PICK-UP ASSY;FM2-8872-000;FEED CROSSMEMBER ASSY;
Canon;Canon i-SENSYS MF4010;310 PAPER PICK-UP ASSY;FM2-8911-000;PAPER PICK-UP SHAFT ASSY;
Canon;Canon i-SENSYS MF4010;310 PAPER PICK-UP ASSY;RC1-1960-000;RATCHET;
Canon;Canon i-SENSYS MF4010;310 PAPER PICK-UP ASSY;RC1-1990-000;BUSHING;
Canon;Canon i-SENSYS MF4010;310 PAPER PICK-UP ASSY;RC1-1993-000;SPRING, TORSION;
Canon;Canon i-SENSYS MF4010;310 PAPER PICK-UP ASSY;RC1-1994-000;SPRING, TORSION;
Canon;Canon i-SENSYS MF4010;310 PAPER PICK-UP ASSY;FC7-3823-000;SPRING, LEAF;
Canon;Canon i-SENSYS MF4010;310 PAPER PICK-UP ASSY;RC1-2040-000;FLAG, REGIST. SENSOR;
Canon;Canon i-SENSYS MF4010;310 PAPER PICK-UP ASSY;RC1-2041-000;SPRING, TORSION;
Canon;Canon i-SENSYS MF4010;310 PAPER PICK-UP ASSY;FC8-9172-000;FLAG, PAPER WIDTH SENSOR;NEW
Canon;Canon i-SENSYS MF4010;310 PAPER PICK-UP ASSY;FC7-3813-000;FLAG, PAPER WIDTH SENSOR;OLD
Canon;Canon i-SENSYS MF4010;310 PAPER PICK-UP ASSY;RC1-2043-000;SPRING, TORSION;
Canon;Canon i-SENSYS MF4010;310 PAPER PICK-UP ASSY;RC1-2044-000;BUSHING;
Canon;Canon i-SENSYS MF4010;310 PAPER PICK-UP ASSY;FU6-2255-000;SPRING, COMPRESSION1;
Canon;Canon i-SENSYS MF4010;310 PAPER PICK-UP ASSY;RC1-5550-000;PLATE,TRANSFER GROUNDING,FRONT;
Canon;Canon i-SENSYS MF4010;310 PAPER PICK-UP ASSY;RC1-5551-000;PAD, SUB;
Canon;Canon i-SENSYS MF4010;310 PAPER PICK-UP ASSY;RC1-5552-000;LEVER, CARTRIDGE DETECT;
Canon;Canon i-SENSYS MF4010;310 PAPER PICK-UP ASSY;RC1-5553-000;SPRING, TORSION;
Canon;Canon i-SENSYS MF4010;310 PAPER PICK-UP ASSY;RL1-0266-000;ROLLER, PICK-UP;
Canon;Canon i-SENSYS MF4010;310 PAPER PICK-UP ASSY;RL1-0268-000;ROLLER, FEED;
Canon;Canon i-SENSYS MF4010;310 PAPER PICK-UP ASSY;RM1-2046-000;PAPER PICK-UP GEAR ASSY;
Canon;Canon i-SENSYS MF4010;310 PAPER PICK-UP ASSY;RU5-0180-000;GEAR, 21T/29T;
Canon;Canon i-SENSYS MF4010;310 PAPER PICK-UP ASSY;XA9-1503-000;SCREW, TAP, M3X6;
Canon;Canon i-SENSYS MF4010;310 PAPER PICK-UP ASSY;XB4-5401-009;SCREW, TAP, M4X10;
Canon;Canon i-SENSYS MF4010;310 PAPER PICK-UP ASSY;FM3-4113-000;PAPER PICK-UP ASSY;MF4010 EUR/MF4018/4012B/4012G/4010B
Canon;Canon i-SENSYS MF4010;310 PAPER PICK-UP ASSY;FM2-8871-010;PAPER PICK-UP ASSY;EXCEPT MF4010 EUR/ MF4018/4012B/4012G/4010B
Canon;Canon i-SENSYS MF4010;400 READER ASSY;FC7-3615-000;STAY, READER;
Canon;Canon i-SENSYS MF4010;400 READER ASSY;FC7-3616-000;RETAINER, DAMPER;
Canon;Canon i-SENSYS MF4010;400 READER ASSY;FC7-3623-000;SPACER, CIS;
Canon;Canon i-SENSYS MF4010;400 READER ASSY;FC7-3630-000;BELT, TIMING;
Canon;Canon i-SENSYS MF4010;400 READER ASSY;FC7-3713-000;HOLDER, DAMPER;
Canon;Canon i-SENSYS MF4010;400 READER ASSY;FK2-2869-000;CONTACT IMAGE SENSOR ASSY;
Canon;Canon i-SENSYS MF4010;400 READER ASSY;FK2-3516-000;CABLE, FLAT, SCNT-CIS;EXCEPT MF4012B/4012G/4010B
Canon;Canon i-SENSYS MF4010;400 READER ASSY;FK2-4642-000;CABLE, FLAT, SCNT-CIS;MF4012B/4012G/4010B
Canon;Canon i-SENSYS MF4010;400 READER ASSY;FK2-3517-000;CABLE, FLAT, SCNT-OP;EXCEPT MF4012B/4012G/4010B
Canon;Canon i-SENSYS MF4010;400 READER ASSY;FK2-3765-000;CABLE, FLAT;MF4012B/4012G/4010B
Canon;Canon i-SENSYS MF4010;400 READER ASSY;FL3-1388-000;COPYBOARD GLASS ASSY;EFG
Canon;Canon i-SENSYS MF4010;400 READER ASSY;FL2-5621-000;COPYBOARD GLASS ASSY;EXCEPT EFG
Canon;Canon i-SENSYS MF4010;400 READER ASSY;FM2-8868-000;CIS DRIVE MOTOR ASSY;
Canon;Canon i-SENSYS MF4010;400 READER ASSY;XA9-0476-000;SCREW,TP M3X8;
Canon;Canon i-SENSYS MF4010;400 READER ASSY;FC7-3553-000;GUIDE, CABLE;EXCEPT MF4010 JP/ MF4018/4012B/4012G/4010B
Canon;Canon i-SENSYS MF4010;400 READER ASSY;FC8-0657-000;GUIDE, CABLE;MF4010 JP/MF4018/4012B/4012G/4010B
Canon;Canon i-SENSYS MF4010;400 READER ASSY;XB4-5401-000;SCREW, TAP, M4X10;
Canon;Canon i-SENSYS MF4010;400 READER ASSY;FM3-4111-000;READER ASSY;MF4010 EUR
Canon;Canon i-SENSYS MF4010;400 READER ASSY;FM3-4101-000;READER ASSY;MF4010 JP/MF4018/4012B/4012G/4010B
Canon;Canon i-SENSYS MF4010;400 READER ASSY;FM2-8913-000;READER ASSY;MF4140/4120/4122/ MF4010 CN, KR/ MF4120K/MF4012 ASIA, CN
Canon;Canon i-SENSYS MF4010;400 READER ASSY;FM2-8867-000;READER ASSY;MF4150/4150K/4130
Canon;Canon i-SENSYS MF4010;810 FIXING ASSY;FC7-3557-000;GUIDE, SEPARATION;
Canon;Canon i-SENSYS MF4010;810 FIXING ASSY;FC7-3641-010;GUIDE, ENTRANCE;DUPLEXING MODEL/ MF4018/4012B/4012G/4010B
Canon;Canon i-SENSYS MF4010;810 FIXING ASSY;FC8-0685-010;GUIDE, ENTRANCE;ONE SIDED MODEL EXCEPT MF4018/4012B/4012G/4010B
Canon;Canon i-SENSYS MF4010;810 FIXING ASSY;FC7-3642-000;LEVER, PRESSURE RELEASE, LEFT;
Canon;Canon i-SENSYS MF4010;810 FIXING ASSY;FC7-3643-000;LEVER, PRESSURE RELEASE, RIGHT;
Canon;Canon i-SENSYS MF4010;810 FIXING ASSY;FC7-3644-000;FLAG, PAPER DELIVERY SENSOR;
Canon;Canon i-SENSYS MF4010;810 FIXING ASSY;FC7-3645-000;BUSHING;
Canon;Canon i-SENSYS MF4010;810 FIXING ASSY;FC7-3652-000;FLAG, PAPER WIDTH SENSOR;
Canon;Canon i-SENSYS MF4010;810 FIXING ASSY;FM2-8885-000;FIXING COVER UNIT;DUPLEXING MODEL
Canon;Canon i-SENSYS MF4010;810 FIXING ASSY;FM3-4098-000;FIXING COVER UNIT;ONE SIDED MODEL
Canon;Canon i-SENSYS MF4010;810 FIXING ASSY;FM2-8917-000;FIXING FILM ASSY;100V
Canon;Canon i-SENSYS MF4010;810 FIXING ASSY;FM2-8915-000;FIXING FILM ASSY;120V
Canon;Canon i-SENSYS MF4010;810 FIXING ASSY;FM2-8916-000;FIXING FILM ASSY;230V
Canon;Canon i-SENSYS MF4010;810 FIXING ASSY;FM3-0255-000;SENSOR PCB ASSY;
Canon;Canon i-SENSYS MF4010;810 FIXING ASSY;FU6-2875-000;SPRING, TENSION;
Canon;Canon i-SENSYS MF4010;810 FIXING ASSY;FC7-3826-000;PLATE, PRESSURE, LEFT;
Canon;Canon i-SENSYS MF4010;810 FIXING ASSY;FC7-3825-000;PLATE, PRESSURE, RIGHT;
Canon;Canon i-SENSYS MF4010;810 FIXING ASSY;RC1-2079-000;BUSHING;
Canon;Canon i-SENSYS MF4010;810 FIXING ASSY;RC1-2097-000;GUIDE, ENTRANCE;
Canon;Canon i-SENSYS MF4010;810 FIXING ASSY;RC1-2098-000;SPRING, TORSION;
Canon;Canon i-SENSYS MF4010;810 FIXING ASSY;RC1-2139-000;BUSHING;
Canon;Canon i-SENSYS MF4010;810 FIXING ASSY;RU5-0523-000;GEAR, 37T;
Canon;Canon i-SENSYS MF4010;810 FIXING ASSY;RU5-2178-000;SPRING, TENSION;
Canon;Canon i-SENSYS MF4010;810 FIXING ASSY;XB2-8300-609;SCREW, RS, M3X6;
Canon;Canon i-SENSYS MF4010;810 FIXING ASSY;FM2-8890-000;FIXING ASSY;DUPLEXING MODEL 100V
Canon;Canon i-SENSYS MF4010;810 FIXING ASSY;FM2-8891-000;FIXING ASSY;DUPLEXING MODEL 120V
Canon;Canon i-SENSYS MF4010;810 FIXING ASSY;FM2-8892-000;FIXING ASSY;DUPLEXING MODEL 230V
Canon;Canon i-SENSYS MF4010;810 FIXING ASSY;FM3-9475-000;FIXING ASSY;MF4018/4012B/4012G/4010B
Canon;Canon i-SENSYS MF4010;810 FIXING ASSY;FM3-4109-000;FIXING ASSY;ONE SIDED MODEL 100V
Canon;Canon i-SENSYS MF4010;810 FIXING ASSY;FM3-4097-000;FIXING ASSY;ONE SIDED MODEL 230V EXCEPT MF4018
Canon;Canon i-SENSYS MF4010;A10 ADF ASSY;FC7-3741-000;COVER, ADF, UPPER;ADF MODEL 100V
Canon;Canon i-SENSYS MF4010;A10 ADF ASSY;FC7-3544-000;COVER, ADF, UPPER;EXCEPT JP
Canon;Canon i-SENSYS MF4010;A10 ADF ASSY;FC7-3742-000;COVER, ADF, REAR;ADF MODEL 100V
Canon;Canon i-SENSYS MF4010;A10 ADF ASSY;FC7-3549-000;COVER, ADF, REAR;EXCEPT JP
Canon;Canon i-SENSYS MF4010;A10 ADF ASSY;XA9-0476-000;SCREW, TP M3X8;
Canon;Canon i-SENSYS MF4010;A10 ADF ASSY;FM2-8861-000;DOCUMENT FEED UNDER ASSY;
Canon;Canon i-SENSYS MF4010;A10 ADF ASSY;FM2-8862-000;DOCUMENT GUIDE ASSY;
Canon;Canon i-SENSYS MF4010;A10 ADF ASSY;FM2-8864-000;DOCUMENT FEED UPPER ASSY;
Canon;Canon i-SENSYS MF4010;A10 ADF ASSY;FM2-8865-000;ADF BASE ASSY;
Canon;Canon i-SENSYS MF4010;A10 ADF ASSY;FC7-3637-000;HINGE, ADF;
Canon;Canon i-SENSYS MF4010;A10 ADF ASSY;FC7-3702-000;HINGE, ADF;
Canon;Canon i-SENSYS MF4010;A10 ADF ASSY;FC7-3548-000;TRAY, DOCUMENT;
Canon;Canon i-SENSYS MF4010;A10 ADF ASSY;FC7-3607-000;PANEL, COPYBOARD;
Canon;Canon i-SENSYS MF4010;A10 ADF ASSY;XB4-5401-009;SCREW, TAP, M4X10;
Canon;Canon i-SENSYS MF4010;A10 ADF ASSY;XB4-7300-807;SCREW, TP BH M3X8;
Canon;Canon i-SENSYS MF4010;A10 ADF ASSY;NPN;ADF ASSY;MF4150/4150K/4130
