Canon;Canon imageCLASS 3240;EXTERNAL COVERS, PANELS, ETC;FL2-2886-000;REAR COVER ASSY;ABA,CBA,KBA, PBA,TBA, YBA,RBA,ZBA
Canon;Canon imageCLASS 3240;EXTERNAL COVERS, PANELS, ETC;FC6-2638-000;COVER, FACE-UP;
Canon;Canon imageCLASS 3240;EXTERNAL COVERS, PANELS, ETC;FC7-1962-000;COVER TOP;EXCEPT NBA
Canon;Canon imageCLASS 3240;EXTERNAL COVERS, PANELS, ETC;FC7-2489-000;COVER TOP;NBA
Canon;Canon imageCLASS 3240;EXTERNAL COVERS, PANELS, ETC;FM2-2881-040;LEFT COVER UNIT;
Canon;Canon imageCLASS 3240;EXTERNAL COVERS, PANELS, ETC;FC6-2615-000;COVER, RIGHT;
Canon;Canon imageCLASS 3240;EXTERNAL COVERS, PANELS, ETC;FM2-6949-000;FRONT COVER UNIT;EXCEPT JBA,NBA
Canon;Canon imageCLASS 3240;EXTERNAL COVERS, PANELS, ETC;FM2-6948-000;FRONT COVER UNIT;JBA
Canon;Canon imageCLASS 3240;EXTERNAL COVERS, PANELS, ETC;FM2-9346-000;FRONT COVER UNIT;NBA
Canon;Canon imageCLASS 3240;EXTERNAL COVERS, PANELS, ETC;XA9-1386-000;SCREW,RS,M3X8;
Canon;Canon imageCLASS 3240;EXTERNAL COVERS, PANELS, ETC;FC6-2610-000;PIVOT;
Canon;Canon imageCLASS 3240;EXTERNAL COVERS, PANELS, ETC;WG8-5624-000;IC, PHOTO INTERRUPTER;UBA,YBA, LBA,ZBA, VBA, WBA,RBA
Canon;Canon imageCLASS 3240;EXTERNAL COVERS, PANELS, ETC;HC1-1624-000;LABEL,HIGH TEMP,CAUTION;
Canon;Canon imageCLASS 3240;EXTERNAL COVERS, PANELS, ETC;HC1-1947-000;TRAY, AUXILIARY;
Canon;Canon imageCLASS 3240;EXTERNAL COVERS, PANELS, ETC;FM2-7804-000;CABLE, PAPER FULL SENSOR;UBA,YBA, LBA,ZBA, VBA, WBA,RBA
Canon;Canon imageCLASS 3240;EXTERNAL COVERS, PANELS, ETC;HC1-1589-000;HOLDER,OF-SENSOR;UBA,YBA, LBA,ZBA, VBA, WBA,RBA
Canon;Canon imageCLASS 3240;EXTERNAL COVERS, PANELS, ETC;FC7-1966-000;LABEL, DESTINATION;UBA,YBA, LBA,ZBA, VBA, WBA,RBA
Canon;Canon imageCLASS 3240;INTERNAL COMPONENT;FC5-4808-000;FLAG, MANUAL FEED SENSOR;
Canon;Canon imageCLASS 3240;INTERNAL COMPONENT;FC5-4814-020;FLAG, CASSETTE SENSOR;
Canon;Canon imageCLASS 3240;INTERNAL COMPONENT;FM2-7799-000;ECNT BOARD ASSY;UBA,YBA,LBA,ZBA
Canon;Canon imageCLASS 3240;INTERNAL COMPONENT;FM2-7798-000;ECNT BOARD ASSY;JBA
Canon;Canon imageCLASS 3240;INTERNAL COMPONENT;FM2-7800-000;ECNT BOARD ASSY;BBA,EBA, ABA,PBA, CBA, TBA,KBA,NBA
Canon;Canon imageCLASS 3240;INTERNAL COMPONENT;FM2-7801-000;ECNT BOARD ASSY;VBA,WBA,RBA
Canon;Canon imageCLASS 3240;INTERNAL COMPONENT;FH2-7157-000;CABLE, FLAT;
Canon;Canon imageCLASS 3240;INTERNAL COMPONENT;XA9-1386-000;SCREW,RS, M3X8;
Canon;Canon imageCLASS 3240;INTERNAL COMPONENT;FU5-2414-000;SPRING, TORSION;
Canon;Canon imageCLASS 3240;INTERNAL COMPONENT;WT2-0204-000;CLIP, CABLE;
Canon;Canon imageCLASS 3240;INTERNAL COMPONENTS 2;FC5-4775-000;ARM, LASER SHUTTER;
Canon;Canon imageCLASS 3240;INTERNAL COMPONENTS 2;FM2-1853-000;LASER, SCANNER UNIT;
Canon;Canon imageCLASS 3240;INTERNAL COMPONENTS 2;FC5-4833-000;GUIDE, FIXING ENTRANCE;
Canon;Canon imageCLASS 3240;INTERNAL COMPONENTS 2;XA9-1386-000;SCREW,RS,M3X8;
Canon;Canon imageCLASS 3240;INTERNAL COMPONENTS 2;FL2-1043-000;ROLLER, FACE-DOWN DELIVERY;
Canon;Canon imageCLASS 3240;INTERNAL COMPONENTS 2;FL2-1050-000;COVER, FIXING;
Canon;Canon imageCLASS 3240;INTERNAL COMPONENTS 2;XA9-1502-000;SCREW, W/WASHER, M4;
Canon;Canon imageCLASS 3240;INTERNAL COMPONENTS 2;FC5-4778-000;PLATE, GROUNDING;
Canon;Canon imageCLASS 3240;INTERNAL COMPONENTS 2;FU5-0699-000;GEAR, 19T;
Canon;Canon imageCLASS 3240;INTERNAL COMPONENTS 2;FC5-4850-000;FLAG, ROLL PREVENTION;
Canon;Canon imageCLASS 3240;INTERNAL COMPONENTS 3;FC5-4800-000;GUIDE,U-TURN;
Canon;Canon imageCLASS 3240;INTERNAL COMPONENTS 3;FC5-4799-000;FLAG, REGIST. SENSOR;
Canon;Canon imageCLASS 3240;INTERNAL COMPONENTS 3;FM5-5304-000;TOP SENSOR PCB UNIT;
Canon;Canon imageCLASS 3240;INTERNAL COMPONENTS 3;FL2-1042-000;ROLLER, FEEDER;
Canon;Canon imageCLASS 3240;INTERNAL COMPONENTS 3;FL2-1046-000;ROLLER, CASSETTE PICK-UP;
Canon;Canon imageCLASS 3240;INTERNAL COMPONENTS 3;FC5-4805-000;ROLLER, TRANSFER;
Canon;Canon imageCLASS 3240;INTERNAL COMPONENTS 3;FC5-4807-000;BUSHING, TRANSFER ROLLER, R;
Canon;Canon imageCLASS 3240;INTERNAL COMPONENTS 3;FU5-0716-000;GEAR, 17T;
Canon;Canon imageCLASS 3240;INTERNAL COMPONENTS 3;FC5-4921-000;BUSHING;UBA,YBA, LBA,ZBA, VBA, WBA,RBA
Canon;Canon imageCLASS 3240;INTERNAL COMPONENTS 3;HM1-0655-030;TONER SENSOR UNIT;JBA,BBA, EBA,ABA,PBA, PBA,CBA,TBA, KBA,NBA
Canon;Canon imageCLASS 3240;INTERNAL COMPONENTS 3;FM2-1058-000;FEEDER COLLAR HOLDER UNIT;UBA,YBA, LBA,ZBA, VBA, WBA,RBA
Canon;Canon imageCLASS 3240;INTERNAL COMPONENTS 3;HM1-0654-000;FEEDER COLLAR HOLDER UNIT;
Canon;Canon imageCLASS 3240;INTERNAL COMPONENTS 4;FH6-5132-000;SOLENOID, PICK-UP;
Canon;Canon imageCLASS 3240;INTERNAL COMPONENTS 4;FM2-1069-000;GEAR UNIT;
Canon;Canon imageCLASS 3240;INTERNAL COMPONENTS 4;FU5-0707-000;GEAR, 51T;
Canon;Canon imageCLASS 3240;INTERNAL COMPONENTS 4;FU5-0709-000;GEAR, 17T;
Canon;Canon imageCLASS 3240;INTERNAL COMPONENTS 4;FH5-1130-000;MOTOR, STEPPING;
Canon;Canon imageCLASS 3240;INTERNAL COMPONENTS 4;FU5-0700-000;GEAR, 163T;
Canon;Canon imageCLASS 3240;INTERNAL COMPONENTS 4;FU5-0701-000;GEAR, 91T/115T;
Canon;Canon imageCLASS 3240;INTERNAL COMPONENTS 4;FU5-0702-000;GEAR, 18T/107T;
Canon;Canon imageCLASS 3240;INTERNAL COMPONENTS 4;FU5-0703-000;GEAR, 17T;
Canon;Canon imageCLASS 3240;INTERNAL COMPONENTS 4;FU5-0704-000;GEAR, 55T;
Canon;Canon imageCLASS 3240;INTERNAL COMPONENTS 4;FU5-0714-000;GEAR, 25T;
Canon;Canon imageCLASS 3240;INTERNAL COMPONENTS 4;XA9-1386-000;SCREW, RS, M3X8;
Canon;Canon imageCLASS 3240;INTERNAL COMPONENTS 4;FU5-0705-000;GEAR, 22T/86T;
Canon;Canon imageCLASS 3240;INTERNAL COMPONENTS 4;FU5-0710-000;GEAR, 19T/35T;
Canon;Canon imageCLASS 3240;INTERNAL COMPONENTS 4;FU5-2429-000;SPRING, DRUM CONTACT PIN;
Canon;Canon imageCLASS 3240;INTERNAL COMPONENTS 4;FC5-4878-000;PIN, DRUM CONTACT;
Canon;Canon imageCLASS 3240;INTERNAL COMPONENTS 4;FC5-4874-000;GUIDE, CARTRIDGE;
Canon;Canon imageCLASS 3240;INTERNAL COMPONENTS 4;FC5-4882-000;ARM, LINK;
Canon;Canon imageCLASS 3240;INTERNAL COMPONENTS 4;FU5-2431-000;SPRING, PICK-UP;
Canon;Canon imageCLASS 3240;INTERNAL COMPONENTS 4;FC5-4901-000;COLLAR, CST SPRING;
Canon;Canon imageCLASS 3240;INTERNAL COMPONENTS 5;FC5-4827-000;LEVER, PRESSURE RELEASE, RIGHT;
Canon;Canon imageCLASS 3240;INTERNAL COMPONENTS 5;FC5-4828-000;LEVER, PRESSURE RELEASE, LEFT;
Canon;Canon imageCLASS 3240;INTERNAL COMPONENTS 5;FC5-4829-000;BUSHING, PRESSURE ROLLER, R;
Canon;Canon imageCLASS 3240;INTERNAL COMPONENTS 5;FC5-4830-000;BUSHING, ROLLER PRESSURE, LEFT;
Canon;Canon imageCLASS 3240;INTERNAL COMPONENTS 5;FC5-4871-000;ROLLER, PRESSURE;
Canon;Canon imageCLASS 3240;INTERNAL COMPONENTS 5;FC5-4832-000;GUIDE, DELIVERY;
Canon;Canon imageCLASS 3240;INTERNAL COMPONENTS 5;FC5-4834-000;FLAG, DELIVERY, SENSOR;
Canon;Canon imageCLASS 3240;INTERNAL COMPONENTS 5;FC5-4861-000;LEVER, PRESS RELESE SENS, R;
Canon;Canon imageCLASS 3240;INTERNAL COMPONENTS 5;FC5-4862-000;LEVER, PRESS RELESE SENS, LEFT;
Canon;Canon imageCLASS 3240;INTERNAL COMPONENTS 5;FM5-5305-000;DELIVERY SENSOR PCB UNIT;UBA,YBA,LBA,ZBA
Canon;Canon imageCLASS 3240;INTERNAL COMPONENTS 5;FM2-1098-020;FILM UNIT;JBA
Canon;Canon imageCLASS 3240;INTERNAL COMPONENTS 5;FM2-1850-000;FILM UNIT;BBA,EBA, VBA,WBA,RBA, ABA,PBA, CBA,TBA, KBA, NBA
Canon;Canon imageCLASS 3240;INTERNAL COMPONENTS 5;FM2-1099-000;FILM UNIT;
Canon;Canon imageCLASS 3240;INTERNAL COMPONENTS 5;XA9-1502-000;SCREW, W/WASHER, M4;
Canon;Canon imageCLASS 3240;INTERNAL COMPONENTS 5;FL2-1044-000;ROLLER, FACE-UP;
Canon;Canon imageCLASS 3240;INTERNAL COMPONENTS 5;FU5-2425-000;SPRING, PRESSURE GROUNDING;
Canon;Canon imageCLASS 3240;INTERNAL COMPONENTS 5;FU5-0713-000;GEAR, 29T;
Canon;Canon imageCLASS 3240;INTERNAL COMPONENTS 5;FU5-0698-000;GEAR, ROLL, FACE-UP;
Canon;Canon imageCLASS 3240;INTERNAL COMPONENTS 5;FC5-4860-000;RUBBER, RING, CONDUCTIVE;
Canon;Canon imageCLASS 3240;INTERNAL COMPONENTS 5;XA9-1386-000;SCREW,RS,M3X8;
Canon;Canon imageCLASS 3240;POWER SUPPLY ASSY;FK2-2863-000;POWER SUPPLY UNIT;UBA,YBA,LBA,ZBA,JBA
Canon;Canon imageCLASS 3240;POWER SUPPLY ASSY;FK2-2864-000;POWER SUPPLY UNIT;BBA,EBA, VBA,WBA,RBA, ABA,PBA, CBA,TBA, KBA, NBA
Canon;Canon imageCLASS 3240;POWER SUPPLY ASSY;FM5-5303-000;HIGH-VOLTAGE PCB UNIT;
Canon;Canon imageCLASS 3240;POWER SUPPLY ASSY;XA9-1386-000;SCREW,RS,M3X8;
Canon;Canon imageCLASS 3240;POWER SUPPLY ASSY;FG3-3836-000;CORD,POWER;JBA
Canon;Canon imageCLASS 3240;POWER SUPPLY ASSY;FM5-5294-000;CORD, POWER;CBA,TBA
Canon;Canon imageCLASS 3240;POWER SUPPLY ASSY;FM5-5292-000;CORD, POWER;BBA,EBA, VBA,WBA, ABA, PBA,KBA,NBA
Canon;Canon imageCLASS 3240;POWER SUPPLY ASSY;FM5-5295-000;CORD, POWER;LBA
Canon;Canon imageCLASS 3240;POWER SUPPLY ASSY;FM5-5296-000;CORD, POWER;RBA
Canon;Canon imageCLASS 3240;POWER SUPPLY ASSY;FM5-5273-000;CORD, POWER;UBA,YBA,ZBA
Canon;Canon imageCLASS 3240;POWER SUPPLY ASSY;FM2-7802-000;HARNESS, SCNT-POWER;
Canon;Canon imageCLASS 3240;POWER SUPPLY ASSY;FM2-7805-000;CORD, GROUNDING;JBA ONLY
Canon;Canon imageCLASS 3240;READER UNIT;FM2-8086-000;OPERATION PANEL UNIT;UBA,YBA,LBA SEE NOTE
Canon;Canon imageCLASS 3240;READER UNIT;FM2-8087-000;OPERATION PANEL UNIT;ZBA SEE NOTE
Canon;Canon imageCLASS 3240;READER UNIT;FM2-8084-000;OPERATION PANEL UNIT;JBA SEE NOTE
Canon;Canon imageCLASS 3240;READER UNIT;FM2-8083-000;OPERATION PANEL UNIT;BBA,EBA SEE NOTE
Canon;Canon imageCLASS 3240;READER UNIT;FM2-8082-000;OPERATION PANEL UNIT;VBA,WBA SEE NOTE
Canon;Canon imageCLASS 3240;READER UNIT;FM2-8088-000;OPERATION PANEL UNIT;RBA SEE NOTE
Canon;Canon imageCLASS 3240;READER UNIT;FM2-8091-000;OPERATION PANEL UNIT;ABA SEE NOTE
Canon;Canon imageCLASS 3240;READER UNIT;FM2-8092-000;OPERATION PANEL UNIT;PBA SEE NOTE
Canon;Canon imageCLASS 3240;READER UNIT;FM2-8089-000;OPERATION PANEL UNIT;CBA SEE NOTE
Canon;Canon imageCLASS 3240;READER UNIT;FM2-8090-000;OPERATION PANEL UNIT;TBA SEE NOTE
Canon;Canon imageCLASS 3240;READER UNIT;FM2-9337-000;OPERATION PANEL UNIT;KBA SEE NOTE
Canon;Canon imageCLASS 3240;READER UNIT;FM2-9349-000;OPERATION PANEL UNIT;NBA SEE NOTE
Canon;Canon imageCLASS 3240;READER UNIT;FM2-8085-000;DOCUMENT COVER ASSY;UBA,YBA,LBA, ZBA,JBA,BBA, EBA,VBA, WBA,RBA, PBA,TBA
Canon;Canon imageCLASS 3240;READER UNIT;FM2-9344-000;DOCUMENT COVER ASSY;ABA,CBA,KBA SEE NOTE
Canon;Canon imageCLASS 3240;READER UNIT;FM2-9350-000;DOCUMENT COVER ASSY;NBA SEE NOTE
Canon;Canon imageCLASS 3240;READER UNIT;FC6-2607-000;HINGE;
Canon;Canon imageCLASS 3240;READER UNIT;FC6-2608-000;SHEET, DOCUMENT PRESSUR;
Canon;Canon imageCLASS 3240;READER UNIT;FL2-4998-000;TOP COVER ASSY;EXCEPT NBA
Canon;Canon imageCLASS 3240;READER UNIT;FL2-5237-000;TOP COVER ASSY;NBA
Canon;Canon imageCLASS 3240;READER UNIT;FK2-2869-000;CONTACT IMAGE SENSOR;
Canon;Canon imageCLASS 3240;READER UNIT;WE8-6218-000;CORE, FERRITE;
Canon;Canon imageCLASS 3240;READER UNIT;FC7-1941-000;HOLDER, PULLEY;
Canon;Canon imageCLASS 3240;READER UNIT;FK2-2870-000;MOTOR,STEPPING;
Canon;Canon imageCLASS 3240;READER UNIT;FC7-1958-000;PLATE, INDEX;EXCEPT JBA
Canon;Canon imageCLASS 3240;READER UNIT;FC7-1959-000;PLATE, INDEX;JBA
Canon;Canon imageCLASS 3240;READER UNIT;FU7-0446-000;GEAR,18T/45T;
Canon;Canon imageCLASS 3240;READER UNIT;FU7-0447-000;GEAR,20T/68T;
Canon;Canon imageCLASS 3240;READER UNIT;FC7-1942-000;STOPPER, BELT;
Canon;Canon imageCLASS 3240;READER UNIT;FK2-2866-000;CABLE, FLAT;
Canon;Canon imageCLASS 3240;READER UNIT;FU6-2797-000;SPRING, COMPRESSION;
Canon;Canon imageCLASS 3240;READER UNIT;FC7-1948-000;COVER, CONNECTOR;UBA,YBA, LBA,ZBA, VBA, WBA,RBA
Canon;Canon imageCLASS 3240;READER UNIT;FC7-1965-000;COVER, CONNECTOR;JBA,BBA, EBA,ABA, PBA, CBA,TBA,KBA
Canon;Canon imageCLASS 3240;READER UNIT;FC7-4791-000;COVER, CONNECTOR;NBA
Canon;Canon imageCLASS 3240;READER UNIT;FC7-1951-000;SPACER, CIS;
Canon;Canon imageCLASS 3240;READER UNIT;FC7-1960-000;BELT, TIMING;
Canon;Canon imageCLASS 3240;READER UNIT;FU5-3515-000;PULLEY, IDLER;
Canon;Canon imageCLASS 3240;READER UNIT;FU6-2796-000;SPRING, COMPRESSION;
Canon;Canon imageCLASS 3240;READER UNIT;XA9-0476-000;SCREW, TP M3X8;
Canon;Canon imageCLASS 3240;READER UNIT;FM2-7921-000;READER UNIT;UBA,YBA,LBA
Canon;Canon imageCLASS 3240;READER UNIT;FM2-9338-000;READER UNIT;ZBA
Canon;Canon imageCLASS 3240;READER UNIT;FM2-7925-000;READER UNIT;JBA
Canon;Canon imageCLASS 3240;READER UNIT;FM2-7924-000;READER UNIT;BBA,EBA
Canon;Canon imageCLASS 3240;READER UNIT;FM2-7922-000;READER UNIT;VBA,WBA
Canon;Canon imageCLASS 3240;READER UNIT;FM2-7923-000;READER UNIT;RBA
Canon;Canon imageCLASS 3240;READER UNIT;FM2-9339-000;READER UNIT;ABA
Canon;Canon imageCLASS 3240;READER UNIT;FM2-9340-000;READER UNIT;PBA
Canon;Canon imageCLASS 3240;READER UNIT;FM2-9341-000;READER UNIT;CBA
Canon;Canon imageCLASS 3240;READER UNIT;FM2-9342-000;READER UNIT;TBA
Canon;Canon imageCLASS 3240;READER UNIT;FM2-9343-000;READER UNIT;KBA
Canon;Canon imageCLASS 3240;READER UNIT;FM2-9348-000;READER UNIT;NBA
Canon;Canon imageCLASS 3240;CASSETTE;FM2-2883-050;CASSETTE UNIT;
Canon;Canon imageCLASS 3240;CASSETTE;FC6-2616-020;COVER, CASSETTE FRONT;
Canon;Canon imageCLASS 3240;CASSETTE;FL2-1047-000;PAD, SEPARATION;
Canon;Canon imageCLASS 3240;CASSETTE;FU5-2434-000;SPRING, PAD;
Canon;Canon imageCLASS 3240;CASSETTE;FC5-4911-020;PLATE, SIDE LIMIT, RIGHT;
Canon;Canon imageCLASS 3240;CASSETTE;FC5-4913-020;PLATE, SIDE LIMIT, LEFT;
Canon;Canon imageCLASS 3240;CASSETTE;FM2-2888-000;CASSETTE EXTENSION UNIT;UBA,YBA, LBA,ZBA, ABA,PBA
Canon;Canon imageCLASS 3240;CASSETTE;FC5-4928-030;TRAY, CASSETTE EXTENSION;JBA,BBA, EBA, VBA, WBA, RBA,TBA, KBA,CBA, NBA
Canon;Canon imageCLASS 3240;CASSETTE;HC1-2008-000;COVER, CASSETTE UPPER;JBA,BBA, EBA,VBA, WBA, RBA,CBA,TBA, KBA,NBA
Canon;Canon imageCLASS 3240;CASSETTE;FC6-2645-000;COVER, CASSETTE UPPER;UBA,YBA, LBA,ZBA, ABA, PBA
Canon;Canon imageCLASS 3240;CASSETTE;FC5-4908-040;PLATE,BACK END LIMIT;UBA,YBA, LBA,ZBA, ABA, PBA
Canon;Canon imageCLASS 3240;BOARD ASSY;FM2-7892-000;SCNT BOARD ASSY;UBA,YBA,LBA
Canon;Canon imageCLASS 3240;BOARD ASSY;FK2-2962-000;SCNT BOARD ASSY;JBA
Canon;Canon imageCLASS 3240;BOARD ASSY;FK2-2961-000;SCNT BOARD ASSY;BBA,EBA, ABA,CBA, KBA, NBA
Canon;Canon imageCLASS 3240;BOARD ASSY;FM2-7891-000;SCNT BOARD ASSY;VBA,WBA,RBA
Canon;Canon imageCLASS 3240;BOARD ASSY;FM3-0168-000;SCNT BOARD ASSY;ZBA
Canon;Canon imageCLASS 3240;BOARD ASSY;FK2-3566-000;SCNT BOARD ASSY;PBA,TBA
Canon;Canon imageCLASS 3240;BOARD ASSY;FM2-7803-000;HARNESS, SCNT-POWER RELAY;
Canon;Canon imageCLASS 3240;BOARD ASSY;FK2-2865-000;CABLE, FLAT;
Canon;Canon imageCLASS 3240;BOARD ASSY;FH2-7192-000;CABLE,USB;EXCEPT YBA, LBA, UBA, ZBA
Canon;Canon imageCLASS 3240;BOARD ASSY;FK2-2076-000;SPEAKER;VBA,WBA, RBA,ZBA, UBA, YBA,LBA
Canon;Canon imageCLASS 3240;BOARD ASSY;FK2-2963-000;NCU PCB ASSEMBLY;ZBA,UBA,YBA,LBA
Canon;Canon imageCLASS 3240;BOARD ASSY;FK2-2964-000;NCU PCB ASSEMBLY;VBA,WBA
Canon;Canon imageCLASS 3240;BOARD ASSY;FK2-3184-000;NCU PCB ASSEMBLY;RBA
Canon;Canon imageCLASS 3240;BOARD ASSY;HH2-2824-000;MODULAR CORD;UBA US, YBA CA,LBA US, ZBA US, VBA EUR,WBA EUR
Canon;Canon imageCLASS 3240;BOARD ASSY;HK1-0547-000;MODULAR CORD;VBA FR
Canon;Canon imageCLASS 3240;BOARD ASSY;HK1-0544-000;MODULAR CORD;VBA DE
Canon;Canon imageCLASS 3240;BOARD ASSY;HK1-0550-000;CORD, MODULAR;VBA IT
Canon;Canon imageCLASS 3240;BOARD ASSY;HK1-0559-000;MODULAR CORD;RBA
Canon;Canon imageCLASS 3240;BOARD ASSY;WT2-5865-000;CLIP CLAMP, WIRE;
