Canon;Canon i-SENSYS LBP5050N;100 EXTERNAL COVERS, PANELS, ETC.;FC7-9839-000;COVER, UPPER, REAR;
Canon;Canon i-SENSYS LBP5050N;100 EXTERNAL COVERS, PANELS, ETC.;FC7-9812-000;COVER, REAR, CENTER;
Canon;Canon i-SENSYS LBP5050N;100 EXTERNAL COVERS, PANELS, ETC.;XA9-1671-000;SCREW, M3X8;
Canon;Canon i-SENSYS LBP5050N;100 EXTERNAL COVERS, PANELS, ETC.;FC7-9863-000;COVER, RIGHT;5050
Canon;Canon i-SENSYS LBP5050N;100 EXTERNAL COVERS, PANELS, ETC.;FC7-9834-000;COVER, RIGHT;5050N
Canon;Canon i-SENSYS LBP5050N;100 EXTERNAL COVERS, PANELS, ETC.;FC7-9852-000;PLATE, COVER REINFOR., REAR;
Canon;Canon i-SENSYS LBP5050N;100 EXTERNAL COVERS, PANELS, ETC.;FC7-9831-000;COVER, FRONT;5050 JP,ASIA,CN
Canon;Canon i-SENSYS LBP5050N;100 EXTERNAL COVERS, PANELS, ETC.;FC7-9860-000;COVER, FRONT;5050N JP
Canon;Canon i-SENSYS LBP5050N;100 EXTERNAL COVERS, PANELS, ETC.;FC7-9859-000;COVER, FRONT;5050N ASIA,AU,LTN,CN
Canon;Canon i-SENSYS LBP5050N;100 EXTERNAL COVERS, PANELS, ETC.;FC7-9861-000;COVER, FRONT;5050 EUR
Canon;Canon i-SENSYS LBP5050N;100 EXTERNAL COVERS, PANELS, ETC.;FC7-9862-000;COVER, FRONT;5050N EUR
Canon;Canon i-SENSYS LBP5050N;100 EXTERNAL COVERS, PANELS, ETC.;FC7-9841-000;COVER, PRIORITY SLOT;
Canon;Canon i-SENSYS LBP5050N;100 EXTERNAL COVERS, PANELS, ETC.;FM3-3438-000;UPPER COVER ASSY;
Canon;Canon i-SENSYS LBP5050N;100 EXTERNAL COVERS, PANELS, ETC.;FM3-3436-000;CONTROL PANEL ASSY;JP
Canon;Canon i-SENSYS LBP5050N;100 EXTERNAL COVERS, PANELS, ETC.;FM3-3445-000;CONTROL PANEL ASSY;LTN,ASIA,AU
Canon;Canon i-SENSYS LBP5050N;100 EXTERNAL COVERS, PANELS, ETC.;FM3-3446-000;CONTROL PANEL ASSY;EUR
Canon;Canon i-SENSYS LBP5050N;100 EXTERNAL COVERS, PANELS, ETC.;FM3-3447-000;CONTROL PANEL ASSY;CN
Canon;Canon i-SENSYS LBP5050N;100 EXTERNAL COVERS, PANELS, ETC.;FC7-9814-000;GUIDE, REAR;
Canon;Canon i-SENSYS LBP5050N;100 EXTERNAL COVERS, PANELS, ETC.;FC7-9833-000;COVER, LEFT;
Canon;Canon i-SENSYS LBP5050N;100 EXTERNAL COVERS, PANELS, ETC.;FC7-9813-000;COVER, REAR, LOWER;
Canon;Canon i-SENSYS LBP5050N;100 EXTERNAL COVERS, PANELS, ETC.;FC7-9811-000;COVER, REAR, UPPER;
Canon;Canon i-SENSYS LBP5050N;100 EXTERNAL COVERS, PANELS, ETC.;XB4-7401-005;SCREW,TAPPING,TRUSS HEAD,M4X10;
Canon;Canon i-SENSYS LBP5050N;100 EXTERNAL COVERS, PANELS, ETC.;FC7-9853-000;PLATE, COVER REINFORCEMENT,FR.;
Canon;Canon i-SENSYS LBP5050N;100 EXTERNAL COVERS, PANELS, ETC.;FC7-9849-000;LABEL, HIGH TMP. CAUTION;
Canon;Canon i-SENSYS LBP5050N;100 EXTERNAL COVERS, PANELS, ETC.;FC7-9846-000;LABEL, FEED JAM CLEARING;
Canon;Canon i-SENSYS LBP5050N;100 EXTERNAL COVERS, PANELS, ETC.;FC7-9848-000;LABEL, CARTRIDGE EXCHANGE;
Canon;Canon i-SENSYS LBP5050N;100 EXTERNAL COVERS, PANELS, ETC.;FC5-5256-000;EMBLEM;JP
Canon;Canon i-SENSYS LBP5050N;100 EXTERNAL COVERS, PANELS, ETC.;RC2-0062-000;EMBLEM;ASIA,AU,LTN,CN,EUR
Canon;Canon i-SENSYS LBP5050N;100 EXTERNAL COVERS, PANELS, ETC.;FC7-9837-000;COVER, LEFT, UPPER;
Canon;Canon i-SENSYS LBP5050N;100 EXTERNAL COVERS, PANELS, ETC.;FC7-9835-000;COVER, LEFT, FRONT;
Canon;Canon i-SENSYS LBP5050N;100 EXTERNAL COVERS, PANELS, ETC.;FC7-9838-000;COVER, RIGHT, UPPER;
Canon;Canon i-SENSYS LBP5050N;100 EXTERNAL COVERS, PANELS, ETC.;FC7-9836-000;COVER, RIGHT, FRONT;
Canon;Canon i-SENSYS LBP5050N;100 EXTERNAL COVERS, PANELS, ETC.;NPN;EXTERNAL COVERS, PANELS, ETC.;
Canon;Canon i-SENSYS LBP5050N;101 INTERNAL COMPONENTS 1;RC2-1993-000;ARM, MF TRAY, LEFT;
Canon;Canon i-SENSYS LBP5050N;101 INTERNAL COMPONENTS 1;RC2-1997-000;ARM, MF TRAY, RIGHT;
Canon;Canon i-SENSYS LBP5050N;101 INTERNAL COMPONENTS 1;RU6-2042-000;SPRING, COMPRESSION;
Canon;Canon i-SENSYS LBP5050N;101 INTERNAL COMPONENTS 1;RC2-2007-000;HOLDER, MF TRAY, LEFT;
Canon;Canon i-SENSYS LBP5050N;101 INTERNAL COMPONENTS 1;RC2-1882-000;ARM, PRESSURE, LEFT;
Canon;Canon i-SENSYS LBP5050N;101 INTERNAL COMPONENTS 1;RC2-1878-000;RAIL, CASSETTE, LEFT FRONT;
Canon;Canon i-SENSYS LBP5050N;101 INTERNAL COMPONENTS 1;RC2-1830-000;COVER, FIXING POWER SUPPLY;
Canon;Canon i-SENSYS LBP5050N;101 INTERNAL COMPONENTS 1;RC2-2889-000;PLATE, STATIC CHARGE;
Canon;Canon i-SENSYS LBP5050N;101 INTERNAL COMPONENTS 1;RC2-1879-000;RAIL, CASSETTE, LEFT REAR;
Canon;Canon i-SENSYS LBP5050N;101 INTERNAL COMPONENTS 1;RC2-1823-000;GUIDE, CABLE, E;
Canon;Canon i-SENSYS LBP5050N;101 INTERNAL COMPONENTS 1;FC7-9869-000;COVER, SPRING, RIGHT;
Canon;Canon i-SENSYS LBP5050N;101 INTERNAL COMPONENTS 1;FC7-9868-000;COVER, SPRING, LEFT;
Canon;Canon i-SENSYS LBP5050N;101 INTERNAL COMPONENTS 1;RL1-1850-000;RAIL, CASSETTE, RIGHT REAR;
Canon;Canon i-SENSYS LBP5050N;101 INTERNAL COMPONENTS 1;RC2-1883-000;ARM, PRESSURE, RIGHT;
Canon;Canon i-SENSYS LBP5050N;101 INTERNAL COMPONENTS 1;RU6-2016-000;SPRING, TENSION;
Canon;Canon i-SENSYS LBP5050N;101 INTERNAL COMPONENTS 1;RM1-4459-000;PRIORITY SLOT DRIVE ASSY;
Canon;Canon i-SENSYS LBP5050N;101 INTERNAL COMPONENTS 1;RM1-4426-000;PICK-UP ROLLER ASSY;
Canon;Canon i-SENSYS LBP5050N;101 INTERNAL COMPONENTS 1;RM1-4425-000;SEPARATION ROLLER ASSY;
Canon;Canon i-SENSYS LBP5050N;101 INTERNAL COMPONENTS 1;RC2-2014-000;COVER, HOLDER;
Canon;Canon i-SENSYS LBP5050N;101 INTERNAL COMPONENTS 1;FM3-3441-000;PRIORITY SLOT TRAY ASSY;
Canon;Canon i-SENSYS LBP5050N;101 INTERNAL COMPONENTS 1;RL1-1849-000;RAIL, CASSETTE, RIGHT FRONT;
Canon;Canon i-SENSYS LBP5050N;101 INTERNAL COMPONENTS 1;XA9-1671-000;SCREW, M3X8;
Canon;Canon i-SENSYS LBP5050N;101 INTERNAL COMPONENTS 1;XB4-7400-809;SCREW,TAPPING,TRUSS HEAD,M4X8;
Canon;Canon i-SENSYS LBP5050N;101 INTERNAL COMPONENTS 1;RM1-4776-000;FIXING POWER SUPPLY ASSY;100V,120V
Canon;Canon i-SENSYS LBP5050N;101 INTERNAL COMPONENTS 1;RM1-4777-000;FIXING POWER SUPPLY ASSY;230V
Canon;Canon i-SENSYS LBP5050N;101 INTERNAL COMPONENTS 1;RM1-4795-000;CABLE, FIXING POWER SUPPLY;
Canon;Canon i-SENSYS LBP5050N;101 INTERNAL COMPONENTS 1;FM3-3453-000;LASER SCANNER ASSEMBLY;
Canon;Canon i-SENSYS LBP5050N;101 INTERNAL COMPONENTS 1;NPN;INTERNAL COMPONENTS 1;
Canon;Canon i-SENSYS LBP5050N;102 INTERNAL COMPONENTS 2;RC2-2919-000;COVER, LOW VOLTAGE, FRONT;
Canon;Canon i-SENSYS LBP5050N;102 INTERNAL COMPONENTS 2;RC2-1776-000;COVER, FMTR, LOWER;
Canon;Canon i-SENSYS LBP5050N;102 INTERNAL COMPONENTS 2;RC2-1819-000;GUIDE, CABLE, A;
Canon;Canon i-SENSYS LBP5050N;102 INTERNAL COMPONENTS 2;RC2-1820-000;GUIDE, CABLE, B;
Canon;Canon i-SENSYS LBP5050N;102 INTERNAL COMPONENTS 2;RC2-1821-000;GUIDE, CABLE;
Canon;Canon i-SENSYS LBP5050N;102 INTERNAL COMPONENTS 2;RC2-2887-000;GUIDE, CABLE, RIGHT;
Canon;Canon i-SENSYS LBP5050N;102 INTERNAL COMPONENTS 2;RC2-3071-000;SPRING, TORSION;
Canon;Canon i-SENSYS LBP5050N;102 INTERNAL COMPONENTS 2;XA9-1449-000;SCREW, RS, M3X8;
Canon;Canon i-SENSYS LBP5050N;102 INTERNAL COMPONENTS 2;XA9-1671-000;SCREW, M3X8;
Canon;Canon i-SENSYS LBP5050N;102 INTERNAL COMPONENTS 2;XD3-2200-122;PIN,DOWEL;
Canon;Canon i-SENSYS LBP5050N;102 INTERNAL COMPONENTS 2;RM1-4815-000;LOW VOLTAGE POWER SUPPLY ASSY;100V,120V
Canon;Canon i-SENSYS LBP5050N;102 INTERNAL COMPONENTS 2;RM1-4816-000;LOW VOLTAGE POWER SUPPLY ASSY;230V
Canon;Canon i-SENSYS LBP5050N;102 INTERNAL COMPONENTS 2;FM3-8791-000;DC CONTROLLER PCB ASSY;
Canon;Canon i-SENSYS LBP5050N;102 INTERNAL COMPONENTS 2;RK2-1955-000;CABLE, FLAT;
Canon;Canon i-SENSYS LBP5050N;102 INTERNAL COMPONENTS 2;RK2-1959-000;CABLE, FLAT;
Canon;Canon i-SENSYS LBP5050N;102 INTERNAL COMPONENTS 2;RM1-4443-000;MAIN DRIVE ASSY;M701
Canon;Canon i-SENSYS LBP5050N;102 INTERNAL COMPONENTS 2;RL1-1617-000;MOTOR, DC;
Canon;Canon i-SENSYS LBP5050N;102 INTERNAL COMPONENTS 2;RM1-4478-000;SUB DRIVE ASSY;
Canon;Canon i-SENSYS LBP5050N;102 INTERNAL COMPONENTS 2;WG8-5696-000;PHOTO INTERRUPTER, TLP1243;SR603
Canon;Canon i-SENSYS LBP5050N;102 INTERNAL COMPONENTS 2;RC2-1922-000;BUSHING;
Canon;Canon i-SENSYS LBP5050N;102 INTERNAL COMPONENTS 2;RM1-4784-000;CABLE, MAIN MOTOR;
Canon;Canon i-SENSYS LBP5050N;102 INTERNAL COMPONENTS 2;FK2-6636-000;CABLE, FLAT;
Canon;Canon i-SENSYS LBP5050N;102 INTERNAL COMPONENTS 2;NPN;INTERNAL COMPONENTS 2;
Canon;Canon i-SENSYS LBP5050N;103 INTERNAL COMPONENTS 3;RM1-4483-000;I.T.B. LOCK LEVER ASSY, RIGHT;
Canon;Canon i-SENSYS LBP5050N;103 INTERNAL COMPONENTS 3;RC2-2142-000;BLOCK, LOCK, RIGHT;
Canon;Canon i-SENSYS LBP5050N;103 INTERNAL COMPONENTS 3;RC2-2879-000;FLAG, DOOR SENSOR, REAR;
Canon;Canon i-SENSYS LBP5050N;103 INTERNAL COMPONENTS 3;RM1-4482-000;I.T.B. LOCK LEVER ASSY, LEFT;
Canon;Canon i-SENSYS LBP5050N;103 INTERNAL COMPONENTS 3;RC2-2111-000;BUSHING;
Canon;Canon i-SENSYS LBP5050N;103 INTERNAL COMPONENTS 3;RC2-2112-000;BUSHING;
Canon;Canon i-SENSYS LBP5050N;103 INTERNAL COMPONENTS 3;RC2-2143-000;BLOCK, LOCK, LEFT;
Canon;Canon i-SENSYS LBP5050N;103 INTERNAL COMPONENTS 3;RC2-2904-000;HOLDER, CARTRIDGE TRAY PUSH;
Canon;Canon i-SENSYS LBP5050N;103 INTERNAL COMPONENTS 3;RC2-2907-000;GUIDE, I.T.B., R;
Canon;Canon i-SENSYS LBP5050N;103 INTERNAL COMPONENTS 3;RM1-4445-000;2ND TRNSFR. ROLLER ASSY;
Canon;Canon i-SENSYS LBP5050N;103 INTERNAL COMPONENTS 3;RC2-3100-000;SPRING, GROUNDING;
Canon;Canon i-SENSYS LBP5050N;103 INTERNAL COMPONENTS 3;RC2-2906-000;LEVER, CARTRIDGE TRAY PUSH;
Canon;Canon i-SENSYS LBP5050N;103 INTERNAL COMPONENTS 3;RC2-2902-000;LEVER, CARTRIDGE TRAY PUSH;
Canon;Canon i-SENSYS LBP5050N;103 INTERNAL COMPONENTS 3;RU6-2017-000;SPRING, COMPRESSION;
Canon;Canon i-SENSYS LBP5050N;103 INTERNAL COMPONENTS 3;RC2-2899-000;SUPPORT, HIGH VOLTAGE PCB;
Canon;Canon i-SENSYS LBP5050N;103 INTERNAL COMPONENTS 3;RC2-2880-000;SPRING, COMPRESSION;
Canon;Canon i-SENSYS LBP5050N;103 INTERNAL COMPONENTS 3;RC2-2881-000;COVER, DOOR SENSOR;
Canon;Canon i-SENSYS LBP5050N;103 INTERNAL COMPONENTS 3;RC2-1822-000;GUIDE, CABLE, D;
Canon;Canon i-SENSYS LBP5050N;103 INTERNAL COMPONENTS 3;RC2-1824-000;GUIDE, CABLE, F;
Canon;Canon i-SENSYS LBP5050N;103 INTERNAL COMPONENTS 3;RL1-1844-000;HOLDER, CONTACT SPRING;
Canon;Canon i-SENSYS LBP5050N;103 INTERNAL COMPONENTS 3;RL1-1845-000;HOLDER, CONTACT SPRING;
Canon;Canon i-SENSYS LBP5050N;103 INTERNAL COMPONENTS 3;RL1-1846-000;HOLDER, CONTACT SPRING;
Canon;Canon i-SENSYS LBP5050N;103 INTERNAL COMPONENTS 3;XA9-1449-000;SCREW, RS, M3X8;
Canon;Canon i-SENSYS LBP5050N;103 INTERNAL COMPONENTS 3;XA9-1671-000;SCREW, M3X8;
Canon;Canon i-SENSYS LBP5050N;103 INTERNAL COMPONENTS 3;XB4-7401-005;SCREW,TAPPING,TRUSS HEAD,M4X8;
Canon;Canon i-SENSYS LBP5050N;103 INTERNAL COMPONENTS 3;RU6-2082-000;SPRING, COMPRESSION;
Canon;Canon i-SENSYS LBP5050N;103 INTERNAL COMPONENTS 3;RM1-4689-000;H.V. POWER SUPPLY PCB ASSY;
Canon;Canon i-SENSYS LBP5050N;103 INTERNAL COMPONENTS 3;RM1-4436-040;INTERMEDIATE TRANS. BELT ASSY;
Canon;Canon i-SENSYS LBP5050N;103 INTERNAL COMPONENTS 3;RM1-4448-000;PAPER FEED GUIDE ASSY;
Canon;Canon i-SENSYS LBP5050N;103 INTERNAL COMPONENTS 3;RC2-2144-000;CAP, GUIDE;
Canon;Canon i-SENSYS LBP5050N;103 INTERNAL COMPONENTS 3;XB4-5401-009;SCREW, TAP, M4X10;
Canon;Canon i-SENSYS LBP5050N;103 INTERNAL COMPONENTS 3;NPN;INTERNAL COMPONENTS 3;
Canon;Canon i-SENSYS LBP5050N;104 INTERNAL COMPONENTS 4;RC2-3109-000;CLAMP, CARTRIDGE TRAY, RIGHT;
Canon;Canon i-SENSYS LBP5050N;104 INTERNAL COMPONENTS 4;RC2-3108-000;CLAMP, CARTRIDGE TRAY, LEFT;
Canon;Canon i-SENSYS LBP5050N;104 INTERNAL COMPONENTS 4;RC2-1784-000;COVER, CARTRIDGE TRAY, LOWER;
Canon;Canon i-SENSYS LBP5050N;104 INTERNAL COMPONENTS 4;FC7-9827-000;CAM, FRONT DOOR, LEFT;
Canon;Canon i-SENSYS LBP5050N;104 INTERNAL COMPONENTS 4;FC7-9828-000;CAM, FRONT DOOR, RIGHT;
Canon;Canon i-SENSYS LBP5050N;104 INTERNAL COMPONENTS 4;RC2-1872-000;LEVER, RAIL, RIGHT;
Canon;Canon i-SENSYS LBP5050N;104 INTERNAL COMPONENTS 4;RC2-1871-000;LEVER, RAIL, LEFT;
Canon;Canon i-SENSYS LBP5050N;104 INTERNAL COMPONENTS 4;FC7-9829-000;COVER, DOOR SIDE, LEFT;
Canon;Canon i-SENSYS LBP5050N;104 INTERNAL COMPONENTS 4;FC7-9830-000;COVER, DOOR SIDE, RIGHT;
Canon;Canon i-SENSYS LBP5050N;104 INTERNAL COMPONENTS 4;RC2-2871-000;CLAW, FRONT DOOR, LEFT;
Canon;Canon i-SENSYS LBP5050N;104 INTERNAL COMPONENTS 4;RC2-2872-000;CLAW, FRONT DOOR, RIGHT;
Canon;Canon i-SENSYS LBP5050N;104 INTERNAL COMPONENTS 4;RC2-2877-000;FLAG, DOOR SENSOR, FRONT;
Canon;Canon i-SENSYS LBP5050N;104 INTERNAL COMPONENTS 4;RC2-2878-000;SPRING, TENSION;
Canon;Canon i-SENSYS LBP5050N;104 INTERNAL COMPONENTS 4;XA9-1671-000;SCREW, M3X8;
Canon;Canon i-SENSYS LBP5050N;104 INTERNAL COMPONENTS 4;XB4-7400-809;SCREW,TAPPING,TRUSS HEAD,M4X8;
Canon;Canon i-SENSYS LBP5050N;104 INTERNAL COMPONENTS 4;RK2-1872-000;MOTOR, STEPPING, DC;M703
Canon;Canon i-SENSYS LBP5050N;104 INTERNAL COMPONENTS 4;RM1-4781-000;CABLE, FIXING MOTOR;
Canon;Canon i-SENSYS LBP5050N;104 INTERNAL COMPONENTS 4;RM1-4787-000;CABLE, FIXING TH;
Canon;Canon i-SENSYS LBP5050N;104 INTERNAL COMPONENTS 4;RM1-4428-000;CARTRIDGE TRAY ASSY;
Canon;Canon i-SENSYS LBP5050N;104 INTERNAL COMPONENTS 4;FM3-3455-000;FIXING DRIVE ASSY;
Canon;Canon i-SENSYS LBP5050N;104 INTERNAL COMPONENTS 4;XA9-1561-000;SCREW, RS, M3X6;
Canon;Canon i-SENSYS LBP5050N;104 INTERNAL COMPONENTS 4;RC2-1911-000;LEVER, ESTRANGEMENT;
Canon;Canon i-SENSYS LBP5050N;104 INTERNAL COMPONENTS 4;RC2-1914-000;STOPPER, LEVER;
Canon;Canon i-SENSYS LBP5050N;104 INTERNAL COMPONENTS 4;RM1-4798-000;CABLE, SENSOR;
Canon;Canon i-SENSYS LBP5050N;104 INTERNAL COMPONENTS 4;FC7-9847-000;LABEL, JAM CLEARING;
Canon;Canon i-SENSYS LBP5050N;104 INTERNAL COMPONENTS 4;NPN;INTERNAL COMPONENTS 4;
Canon;Canon i-SENSYS LBP5050N;300 CASSETTE;FM3-3439-000;CASSETTE;
Canon;Canon i-SENSYS LBP5050N;810 FIXING ASSY;FM3-3434-000;FIXING FILM ASSEMBLY;100V
Canon;Canon i-SENSYS LBP5050N;810 FIXING ASSY;RM1-4432-000;FIXING FILM ASSEMBLY;120V
Canon;Canon i-SENSYS LBP5050N;810 FIXING ASSY;RM1-4433-000;FIXING FILM ASSEMBLY;230V
Canon;Canon i-SENSYS LBP5050N;810 FIXING ASSY;RC2-2146-000;ROLLER, PRESSURE;
Canon;Canon i-SENSYS LBP5050N;810 FIXING ASSY;FM3-3435-000;FIXING ASSY;100V
Canon;Canon i-SENSYS LBP5050N;810 FIXING ASSY;RM1-4430-000;FIXING ASSY;120V
Canon;Canon i-SENSYS LBP5050N;810 FIXING ASSY;RM1-4431-000;FIXING ASSY;230V
Canon;Canon i-SENSYS LBP5050N;900 MAIN CONTROLLER PCB ASSY;FL3-1288-000;IC, S-93C66BD0I-D8S1G,EEP-ROM,;5050 JP
Canon;Canon i-SENSYS LBP5050N;900 MAIN CONTROLLER PCB ASSY;FL3-1286-000;IC, S-93C66BD0I-D8S1G,EEP-ROM,;5050N JP
Canon;Canon i-SENSYS LBP5050N;900 MAIN CONTROLLER PCB ASSY;FL3-1289-000;IC, S-93C66BD0I-D8S1G,EEP-ROM,;5050 ASIA,CN,EUR
Canon;Canon i-SENSYS LBP5050N;900 MAIN CONTROLLER PCB ASSY;FL3-1287-000;IC, S-93C66BD0I-D8S1G,EEP-ROM,;5050N ASIA,AU,LTN,CN,EUR
Canon;Canon i-SENSYS LBP5050N;900 MAIN CONTROLLER PCB ASSY;FM3-7436-000;MAIN CONTROLLER PCB ASSY;5050 JP
Canon;Canon i-SENSYS LBP5050N;900 MAIN CONTROLLER PCB ASSY;FM3-7434-000;MAIN CONTROLLER PCB ASSY;5050N JP
Canon;Canon i-SENSYS LBP5050N;900 MAIN CONTROLLER PCB ASSY;FM3-7437-000;MAIN CONTROLLER PCB ASSY;5050 ASIA,CN,EUR
Canon;Canon i-SENSYS LBP5050N;900 MAIN CONTROLLER PCB ASSY;FM3-7435-000;MAIN CONTROLLER PCB ASSY;5050N ASIA,AU,LTN,CN,EUR
