Canon;Canon i-SENSYS LBP3300;100 EXTERNAL COVERS, PANELS, ETC.;FC5-4820-000;EMBLEM, SATERA;100V
Canon;Canon i-SENSYS LBP3300;100 EXTERNAL COVERS, PANELS, ETC.;RC1-6217-000;EMBLEM, LASER SHOT;120/230V
Canon;Canon i-SENSYS LBP3300;100 EXTERNAL COVERS, PANELS, ETC.;FC7-0779-000;PLATE, LOGO;
Canon;Canon i-SENSYS LBP3300;100 EXTERNAL COVERS, PANELS, ETC.;FC7-0781-000;SHEET, CONTROL PANEL;LBP3300 ASIA
Canon;Canon i-SENSYS LBP3300;100 EXTERNAL COVERS, PANELS, ETC.;FC7-1521-000;SHEET, CONTROL PANEL;LBP3300 KOR
Canon;Canon i-SENSYS LBP3300;100 EXTERNAL COVERS, PANELS, ETC.;FC7-0780-000;COVER, TOP;LBP3300
Canon;Canon i-SENSYS LBP3300;100 EXTERNAL COVERS, PANELS, ETC.;FC7-3184-000;COVER, TOP;LBP3360
Canon;Canon i-SENSYS LBP3300;100 EXTERNAL COVERS, PANELS, ETC.;FC7-0809-000;LABEL, RELEASE LEVER CONTROL;
Canon;Canon i-SENSYS LBP3300;100 EXTERNAL COVERS, PANELS, ETC.;FC7-0810-000;LABEL, DUPLEXING SIZE CONTROL;
Canon;Canon i-SENSYS LBP3300;100 EXTERNAL COVERS, PANELS, ETC.;RU5-8243-000;LABEL, EARTH CONNECT;LBP3300 100V
Canon;Canon i-SENSYS LBP3300;100 EXTERNAL COVERS, PANELS, ETC.;RC1-3851-000;SHEET, LIGHT-BLOCKING;
Canon;Canon i-SENSYS LBP3300;100 EXTERNAL COVERS, PANELS, ETC.;FM2-6700-000;REAR COVER ASSY;
Canon;Canon i-SENSYS LBP3300;100 EXTERNAL COVERS, PANELS, ETC.;FM2-6701-000;FRONT COVER ASSY;LBP3300
Canon;Canon i-SENSYS LBP3300;100 EXTERNAL COVERS, PANELS, ETC.;FM2-8340-000;FRONT COVER ASSY;LBP3360
Canon;Canon i-SENSYS LBP3300;100 EXTERNAL COVERS, PANELS, ETC.;FM2-6716-000;CARTRIDGE COVER ASSY;LPB3300
Canon;Canon i-SENSYS LBP3300;100 EXTERNAL COVERS, PANELS, ETC.;FM2-8341-000;CARTRIDGE COVER ASSY;LBP3360
Canon;Canon i-SENSYS LBP3300;100 EXTERNAL COVERS, PANELS, ETC.;FM2-6714-000;LEFT COVER ASSY;LBP3300
Canon;Canon i-SENSYS LBP3300;100 EXTERNAL COVERS, PANELS, ETC.;FM2-8338-000;LEFT COVER ASSY;LBP3360
Canon;Canon i-SENSYS LBP3300;100 EXTERNAL COVERS, PANELS, ETC.;FM2-6715-000;RIGHT COVER ASSY;LBP3300
Canon;Canon i-SENSYS LBP3300;100 EXTERNAL COVERS, PANELS, ETC.;FM2-8339-000;RIGHT COVER ASSY;LBP3360
Canon;Canon i-SENSYS LBP3300;100 EXTERNAL COVERS, PANELS, ETC.;FC7-0812-000;LABEL, FIXING PRESSURE RELEASE;
Canon;Canon i-SENSYS LBP3300;100 EXTERNAL COVERS, PANELS, ETC.;FM2-6709-000;CONTROL PANEL ASSY;LBP3300 CN
Canon;Canon i-SENSYS LBP3300;100 EXTERNAL COVERS, PANELS, ETC.;FM2-6708-000;CONTROL PANEL ASSY;LBP3300 120V/EUR/UK/ ASIA/AU
Canon;Canon i-SENSYS LBP3300;100 EXTERNAL COVERS, PANELS, ETC.;FM2-6187-000;CONTROL PANEL ASSY;LBP3300 JP
Canon;Canon i-SENSYS LBP3300;100 EXTERNAL COVERS, PANELS, ETC.;FM2-8345-000;CONTROL PANEL ASSY;LBP3360 AU/ASIA
Canon;Canon i-SENSYS LBP3300;100 EXTERNAL COVERS, PANELS, ETC.;FM2-8344-000;CONTROL PANEL ASSY;LBP3360 CN
Canon;Canon i-SENSYS LBP3300;100 EXTERNAL COVERS, PANELS, ETC.;FM2-8337-000;CONTROL PANEL ASSY;LBP3360 EUR
Canon;Canon i-SENSYS LBP3300;100 EXTERNAL COVERS, PANELS, ETC.;FC7-0782-000;KEY TOP, STOP;LBP3300
Canon;Canon i-SENSYS LBP3300;100 EXTERNAL COVERS, PANELS, ETC.;FC7-0783-000;GUIDE, LIGHT;LBP3300
Canon;Canon i-SENSYS LBP3300;100 EXTERNAL COVERS, PANELS, ETC.;FC7-0805-000;PANEL, CONTROL;LBP3300 CN
Canon;Canon i-SENSYS LBP3300;100 EXTERNAL COVERS, PANELS, ETC.;FC7-0804-000;PANEL, CONTROL;LBP3300 120V/EUR/UK/ ASIA/AU
Canon;Canon i-SENSYS LBP3300;100 EXTERNAL COVERS, PANELS, ETC.;FC7-0803-000;PANEL, CONTROL;LBP3300 JP
Canon;Canon i-SENSYS LBP3300;100 EXTERNAL COVERS, PANELS, ETC.;FM2-6194-000;DISPLAY PCB ASSY;LBP3300
Canon;Canon i-SENSYS LBP3300;100 EXTERNAL COVERS, PANELS, ETC.;FM2-6196-000;CABLE, PANEL;LBP3300 J2,101
Canon;Canon i-SENSYS LBP3300;100 EXTERNAL COVERS, PANELS, ETC.;FC7-3050-000;LABEL, PAPER SIZE;LBP3300 100V
Canon;Canon i-SENSYS LBP3300;100 EXTERNAL COVERS, PANELS, ETC.;FC7-1518-000;LABEL, PAPER SIZE;LBP3300 120/230V
Canon;Canon i-SENSYS LBP3300;100 EXTERNAL COVERS, PANELS, ETC.;FC7-3201-000;LABEL, PAPER SIZE;LBP3360
Canon;Canon i-SENSYS LBP3300;100 EXTERNAL COVERS, PANELS, ETC.;FC7-1517-000;LABEL, CLOSE PREVENTION;
Canon;Canon i-SENSYS LBP3300;100 EXTERNAL COVERS, PANELS, ETC.;XA9-1504-000;SCREW,RS,M3X8;
Canon;Canon i-SENSYS LBP3300;100 EXTERNAL COVERS, PANELS, ETC.;FC7-1523-000;LABEL, FEED CAUTION;LBP3300 100/120V
Canon;Canon i-SENSYS LBP3300;100 EXTERNAL COVERS, PANELS, ETC.;FC7-3046-000;LABEL, FEED CAUTION;LBP3300 230V
Canon;Canon i-SENSYS LBP3300;100 EXTERNAL COVERS, PANELS, ETC.;FC7-3198-000;LABEL, FEED CAUTION;LBP3360
Canon;Canon i-SENSYS LBP3300;100 EXTERNAL COVERS, PANELS, ETC.;FC7-0811-000;LABEL, PAPER CONTROL;
Canon;Canon i-SENSYS LBP3300;100 EXTERNAL COVERS, PANELS, ETC.;FM2-8330-000;CABLE, PANEL;LBP3360 J10,101
Canon;Canon i-SENSYS LBP3300;100 EXTERNAL COVERS, PANELS, ETC.;FC7-3192-000;GUIDE, LIGHT;LBP3360
Canon;Canon i-SENSYS LBP3300;100 EXTERNAL COVERS, PANELS, ETC.;FC7-3208-000;PANEL, CONTROL;LBP3360 AU/ASIA
Canon;Canon i-SENSYS LBP3300;100 EXTERNAL COVERS, PANELS, ETC.;FC7-3207-000;PANEL, CONTROL;LBP3360 CN
Canon;Canon i-SENSYS LBP3300;100 EXTERNAL COVERS, PANELS, ETC.;FC7-3189-000;PANEL, CONTROL;LBP3360 EUR
Canon;Canon i-SENSYS LBP3300;100 EXTERNAL COVERS, PANELS, ETC.;FM2-8329-000;DISPLAY PCB ASSY;LBP3360
Canon;Canon i-SENSYS LBP3300;100 EXTERNAL COVERS, PANELS, ETC.;FM2-8342-000;LCD COVER UNIT;LBP3360
Canon;Canon i-SENSYS LBP3300;100 EXTERNAL COVERS, PANELS, ETC.;XB4-7401-005;SCREW,TAPPING,TRUSS HEAD,M4X10;
Canon;Canon i-SENSYS LBP3300;100 EXTERNAL COVERS, PANELS, ETC.;NPN;EXTERNAL COVERS, PANELS, ETC.;
Canon;Canon i-SENSYS LBP3300;101 INTERNAL COMPONENTS 1;RC1-3546-000;CAM, RIGHT;
Canon;Canon i-SENSYS LBP3300;101 INTERNAL COMPONENTS 1;RC1-3665-000;BUSHING;
Canon;Canon i-SENSYS LBP3300;101 INTERNAL COMPONENTS 1;FC7-3047-000;LINK, GEAR RELEASE;
Canon;Canon i-SENSYS LBP3300;101 INTERNAL COMPONENTS 1;RL1-0527-000;ROLLER, FACE-DOWN;
Canon;Canon i-SENSYS LBP3300;101 INTERNAL COMPONENTS 1;RK2-0420-000;SOLENOID;SL3 J1101
Canon;Canon i-SENSYS LBP3300;101 INTERNAL COMPONENTS 1;RU5-0332-000;GEAR, 19T;
Canon;Canon i-SENSYS LBP3300;101 INTERNAL COMPONENTS 1;FM2-6188-000;MANUAL PAPER FEED ASSY;
Canon;Canon i-SENSYS LBP3300;101 INTERNAL COMPONENTS 1;RC1-3731-020;GUIDE, DC CABLE, 2;
Canon;Canon i-SENSYS LBP3300;101 INTERNAL COMPONENTS 1;XA9-1503-000;SCREW, TAP, M3X6;
Canon;Canon i-SENSYS LBP3300;101 INTERNAL COMPONENTS 1;XA9-1495-000;SCREW, RS, M3X6;
Canon;Canon i-SENSYS LBP3300;101 INTERNAL COMPONENTS 1;RM1-1286-000;PAPER FEED GUIDE ASSY;
Canon;Canon i-SENSYS LBP3300;101 INTERNAL COMPONENTS 1;RM1-1301-000;PAPER PICK-UP GEAR ASSY;
Canon;Canon i-SENSYS LBP3300;101 INTERNAL COMPONENTS 1;FM2-6712-000;PAPER RETAINING ASSY;
Canon;Canon i-SENSYS LBP3300;101 INTERNAL COMPONENTS 1;RU5-0331-000;GEAR, 29T;
Canon;Canon i-SENSYS LBP3300;101 INTERNAL COMPONENTS 1;RB2-2895-000;BUSHING, RIGHT;
Canon;Canon i-SENSYS LBP3300;101 INTERNAL COMPONENTS 1;RB2-2896-000;BUSHING, LEFT;
Canon;Canon i-SENSYS LBP3300;101 INTERNAL COMPONENTS 1;RL1-0540-000;ROLLER, PAPER PICK-UP;
Canon;Canon i-SENSYS LBP3300;101 INTERNAL COMPONENTS 1;RC1-3470-000;ROLLER, PAPER PICK-UP IDLER;
Canon;Canon i-SENSYS LBP3300;101 INTERNAL COMPONENTS 1;RC1-3471-000;SHAFT, PAPER PICK-UP DRIVE;
Canon;Canon i-SENSYS LBP3300;101 INTERNAL COMPONENTS 1;RC1-3472-000;FLAG, PAPER SENSING;
Canon;Canon i-SENSYS LBP3300;101 INTERNAL COMPONENTS 1;RC1-3481-000;ROLLER, IDLER;
Canon;Canon i-SENSYS LBP3300;101 INTERNAL COMPONENTS 1;RC1-3482-000;ARM, IDLER ROLLER;
Canon;Canon i-SENSYS LBP3300;101 INTERNAL COMPONENTS 1;RU5-2323-000;SPRING, COMPRESSION;
Canon;Canon i-SENSYS LBP3300;101 INTERNAL COMPONENTS 1;XA9-1420-000;SCREW, W/WASHER, M3X8;
Canon;Canon i-SENSYS LBP3300;101 INTERNAL COMPONENTS 1;RC1-3620-000;COVER, FIXING CABLE;
Canon;Canon i-SENSYS LBP3300;101 INTERNAL COMPONENTS 1;XA9-1504-000;SCREW,RS,M3X8;
Canon;Canon i-SENSYS LBP3300;101 INTERNAL COMPONENTS 1;XB4-7401-005;SCREW,TAPPING,TRUSS HEAD,M4X10;
Canon;Canon i-SENSYS LBP3300;101 INTERNAL COMPONENTS 1;NPN;INTERNAL COMPONENTS 1;
Canon;Canon i-SENSYS LBP3300;102 INTERNAL COMPONENTS 2;RC1-3537-000;HOLDER, FAN;
Canon;Canon i-SENSYS LBP3300;102 INTERNAL COMPONENTS 2;RC1-3539-020;GUIDE, CARTRIDGE, LEFT UPPER;
Canon;Canon i-SENSYS LBP3300;102 INTERNAL COMPONENTS 2;RC1-3540-020;SPRING, TORSION;
Canon;Canon i-SENSYS LBP3300;102 INTERNAL COMPONENTS 2;RC1-3544-020;ARM, CAM;
Canon;Canon i-SENSYS LBP3300;102 INTERNAL COMPONENTS 2;RC1-3550-000;HOLDER, TAG ARM;
Canon;Canon i-SENSYS LBP3300;102 INTERNAL COMPONENTS 2;RC1-3551-000;ARM, TAG;
Canon;Canon i-SENSYS LBP3300;102 INTERNAL COMPONENTS 2;RC1-3552-000;ROD, GROUNDING;
Canon;Canon i-SENSYS LBP3300;102 INTERNAL COMPONENTS 2;RC1-3561-000;ARM, LOCK;
Canon;Canon i-SENSYS LBP3300;102 INTERNAL COMPONENTS 2;RC1-3562-000;BUSHING;
Canon;Canon i-SENSYS LBP3300;102 INTERNAL COMPONENTS 2;RC1-3580-000;STOPPER;
Canon;Canon i-SENSYS LBP3300;102 INTERNAL COMPONENTS 2;RC1-3666-000;GUIDE, THERMISTOR CABLE;
Canon;Canon i-SENSYS LBP3300;102 INTERNAL COMPONENTS 2;RC1-3667-000;GUIDE, DC CABLE, 1;
Canon;Canon i-SENSYS LBP3300;102 INTERNAL COMPONENTS 2;RC1-3728-000;HOLDER, DRAWER;
Canon;Canon i-SENSYS LBP3300;102 INTERNAL COMPONENTS 2;RC1-3773-000;BUSHING;
Canon;Canon i-SENSYS LBP3300;102 INTERNAL COMPONENTS 2;RC1-3827-000;SHIELD, DUPLEXING SOLENOID;
Canon;Canon i-SENSYS LBP3300;102 INTERNAL COMPONENTS 2;RC1-3844-000;GUIDE, CARTRIDGE, FRONT;
Canon;Canon i-SENSYS LBP3300;102 INTERNAL COMPONENTS 2;RC1-3852-000;PLATE, OPTION GROUNDING;
Canon;Canon i-SENSYS LBP3300;102 INTERNAL COMPONENTS 2;RK2-0428-000;FAN;FM1 J204
Canon;Canon i-SENSYS LBP3300;102 INTERNAL COMPONENTS 2;RU5-2335-000;SPRING, COMPRESSION;
Canon;Canon i-SENSYS LBP3300;102 INTERNAL COMPONENTS 2;RU5-2337-000;SPRING, COMPRESSION;
Canon;Canon i-SENSYS LBP3300;102 INTERNAL COMPONENTS 2;XA9-1503-000;SCREW, TAP, M3X6;
Canon;Canon i-SENSYS LBP3300;102 INTERNAL COMPONENTS 2;XA9-1504-000;SCREW,RS,M3X8;
Canon;Canon i-SENSYS LBP3300;102 INTERNAL COMPONENTS 2;RM1-1262-000;DUPLEX DRIVER PCB ASSY;
Canon;Canon i-SENSYS LBP3300;102 INTERNAL COMPONENTS 2;FM2-6702-000;INTERLOCK ASSY;
Canon;Canon i-SENSYS LBP3300;102 INTERNAL COMPONENTS 2;RM1-1321-000;SHUTTER LINK ASSY;
Canon;Canon i-SENSYS LBP3300;102 INTERNAL COMPONENTS 2;RM1-1470-050;SCANNER ASSY;
Canon;Canon i-SENSYS LBP3300;102 INTERNAL COMPONENTS 2;XA9-1495-000;SCREW, RS, M3X6;
Canon;Canon i-SENSYS LBP3300;102 INTERNAL COMPONENTS 2;VS1-7258-007;CONNECTOR, DRAWER;
Canon;Canon i-SENSYS LBP3300;102 INTERNAL COMPONENTS 2;RC1-3824-000;DUCT;
Canon;Canon i-SENSYS LBP3300;102 INTERNAL COMPONENTS 2;RC1-3850-000;GUIDE, FLEXIBLE FLAT CABLE;
Canon;Canon i-SENSYS LBP3300;102 INTERNAL COMPONENTS 2;FK2-1906-000;CABLE, FLAT;J6,801
Canon;Canon i-SENSYS LBP3300;102 INTERNAL COMPONENTS 2;FM2-6195-000;CABLE, SCANNER MOTOR;J1,1610
Canon;Canon i-SENSYS LBP3300;102 INTERNAL COMPONENTS 2;RM1-1247-000;CABLE, MEMORY TAG;J7,2100
Canon;Canon i-SENSYS LBP3300;102 INTERNAL COMPONENTS 2;FM2-8285-000;CABLE, MAIN MOTOR;LBP3300 100V J202,212
Canon;Canon i-SENSYS LBP3300;102 INTERNAL COMPONENTS 2;XB4-7401-005;SCREW,TAPPING,TRUSS HEAD,M4X10;
Canon;Canon i-SENSYS LBP3300;102 INTERNAL COMPONENTS 2;NPN;INTERNAL COMPONENTS 2;
Canon;Canon i-SENSYS LBP3300;103 INTERNAL COMPONENTS 3;FM2-6189-000;REGISTRATION ASSY;
Canon;Canon i-SENSYS LBP3300;103 INTERNAL COMPONENTS 3;RM1-1283-000;TOP SENSOR ASSY;
Canon;Canon i-SENSYS LBP3300;103 INTERNAL COMPONENTS 3;RM1-1471-000;ROLLER, TRANSFER;
Canon;Canon i-SENSYS LBP3300;103 INTERNAL COMPONENTS 3;FC7-0799-000;LABEL, CLEAR JAM;
Canon;Canon i-SENSYS LBP3300;103 INTERNAL COMPONENTS 3;FC7-0806-000;LABEL, TRANSFER GUIDE OPEN;
Canon;Canon i-SENSYS LBP3300;103 INTERNAL COMPONENTS 3;FC7-0800-000;LABEL, FIXING PRESSURE RELEASE;
Canon;Canon i-SENSYS LBP3300;103 INTERNAL COMPONENTS 3;RC1-3702-000;SPRING, TRANSFER, RIGHT;
Canon;Canon i-SENSYS LBP3300;103 INTERNAL COMPONENTS 3;RC1-3708-000;COVER, REGISTRATION GEAR;
Canon;Canon i-SENSYS LBP3300;103 INTERNAL COMPONENTS 3;XB4-7401-005;SCREW,TAPPING,TRUSS HEAD,M4X10;
Canon;Canon i-SENSYS LBP3300;104 INTERNAL COMPONENTS 4;RK2-0419-000;MOTOR, DC;
Canon;Canon i-SENSYS LBP3300;104 INTERNAL COMPONENTS 4;RK2-0424-000;SOLENOID;SL1 J207
Canon;Canon i-SENSYS LBP3300;104 INTERNAL COMPONENTS 4;RM1-1249-000;INLET/SWITCH CABLE ASSY;
Canon;Canon i-SENSYS LBP3300;104 INTERNAL COMPONENTS 4;FC7-0792-000;RAIL, NIC, UPPER;LBP3300
Canon;Canon i-SENSYS LBP3300;104 INTERNAL COMPONENTS 4;FC7-0793-000;RAIL, NIC, LOWER;LBP3300
Canon;Canon i-SENSYS LBP3300;104 INTERNAL COMPONENTS 4;FM2-9333-000;VIDEO CONTROLLER PCB ASSY;LBP3300 100V
Canon;Canon i-SENSYS LBP3300;104 INTERNAL COMPONENTS 4;FM2-9334-000;VIDEO CONTROLLER PCB ASSY;LBP3300 CN
Canon;Canon i-SENSYS LBP3300;104 INTERNAL COMPONENTS 4;FM2-9335-000;VIDEO CONTROLLER PCB ASSY;LBP3300 120V/CN
Canon;Canon i-SENSYS LBP3300;104 INTERNAL COMPONENTS 4;FM2-9497-000;VIDEO CONTROLLER PCB ASSY;LBP3360 AU/ASIA/EUR
Canon;Canon i-SENSYS LBP3300;104 INTERNAL COMPONENTS 4;FM2-9498-000;VIDEO CONTROLLER PCB ASSY;LBP3360 CN
Canon;Canon i-SENSYS LBP3300;104 INTERNAL COMPONENTS 4;FM2-6644-000;USB BOARD PCB ASSEMBLY;LBP3300
Canon;Canon i-SENSYS LBP3300;104 INTERNAL COMPONENTS 4;FC7-0797-000;PLATE, GROUNDING;100V
Canon;Canon i-SENSYS LBP3300;104 INTERNAL COMPONENTS 4;FC7-1514-000;PLATE, GROUNDING;120/230V
Canon;Canon i-SENSYS LBP3300;104 INTERNAL COMPONENTS 4;RH9-1162-000;CORD, POWER, 100V;LBP3300 100V
Canon;Canon i-SENSYS LBP3300;104 INTERNAL COMPONENTS 4;RH9-1164-000;CORD, POWER, 120V;LBP3300 120V
Canon;Canon i-SENSYS LBP3300;104 INTERNAL COMPONENTS 4;RK2-1315-000;CORD, POWER, 230V;ASIA/EUR
Canon;Canon i-SENSYS LBP3300;104 INTERNAL COMPONENTS 4;RH9-1169-000;CORD, POWER, 230V;AU
Canon;Canon i-SENSYS LBP3300;104 INTERNAL COMPONENTS 4;RH9-1166-000;CORD, POWER, 230V;CN
Canon;Canon i-SENSYS LBP3300;104 INTERNAL COMPONENTS 4;RH9-1168-000;POWER CORD;UK
Canon;Canon i-SENSYS LBP3300;104 INTERNAL COMPONENTS 4;RH9-1163-000;WIRE, GROUNDING;LBP3300 100V
Canon;Canon i-SENSYS LBP3300;104 INTERNAL COMPONENTS 4;RK2-1302-000;CABLE, USB HOST POWER SUPPLY;CN/ASIA
Canon;Canon i-SENSYS LBP3300;104 INTERNAL COMPONENTS 4;XA9-1495-000;SCREW, RS, M3X6;
Canon;Canon i-SENSYS LBP3300;104 INTERNAL COMPONENTS 4;XA9-1503-000;SCREW, TAP, M3X6;
Canon;Canon i-SENSYS LBP3300;104 INTERNAL COMPONENTS 4;XA9-1648-000;SCREW, TP, M3X8;
Canon;Canon i-SENSYS LBP3300;104 INTERNAL COMPONENTS 4;FC7-3206-000;PLATE, GROUNDING;LBP3360
Canon;Canon i-SENSYS LBP3300;104 INTERNAL COMPONENTS 4;XB2-6400-607;SCREW, W/WASHER, M4X6 (S);LBP3300 100V
Canon;Canon i-SENSYS LBP3300;104 INTERNAL COMPONENTS 4;NPN;INTERNAL COMPONENTS 4;M1 J202
Canon;Canon i-SENSYS LBP3300;110 ENGINE CONTROLLER ASSY;FM2-8283-000;ENGINE CONTROLLER PCB ASSY;LBP3300 100V
Canon;Canon i-SENSYS LBP3300;110 ENGINE CONTROLLER ASSY;RM1-1242-030;ENGINE CONTROLLER PCB ASSY;LBP3300 120V
Canon;Canon i-SENSYS LBP3300;110 ENGINE CONTROLLER ASSY;RM1-1243-030;ENGINE CONTROLLER PCB ASSY;LBP3300 230V
Canon;Canon i-SENSYS LBP3300;110 ENGINE CONTROLLER ASSY;FM2-8327-000;ENGINE CONTROLLER PCB ASSY;LBP3360
Canon;Canon i-SENSYS LBP3300;110 ENGINE CONTROLLER ASSY;FM2-6719-000;ENGINE CONTROLLER ASSY;LBP3300 100V
Canon;Canon i-SENSYS LBP3300;110 ENGINE CONTROLLER ASSY;RM1-1300-030;ENGINE CONTROLLER ASSY;LBP3300 120V
Canon;Canon i-SENSYS LBP3300;110 ENGINE CONTROLLER ASSY;RM1-1462-030;ENGINE CONTROLLER ASSY;LBP3300 230V
Canon;Canon i-SENSYS LBP3300;110 ENGINE CONTROLLER ASSY;FM2-8343-000;ENGINE CONTROLLER ASSY;LBP3360
Canon;Canon i-SENSYS LBP3300;250 MAIN DRIVE ASSY;RM1-1299-020;MAIN DRIVE ASSY;
Canon;Canon i-SENSYS LBP3300;251 DUPLEXING DRIVE ASSY;RM1-1303-000;NORMAL ROTATION DRIVE ASSY;
Canon;Canon i-SENSYS LBP3300;251 DUPLEXING DRIVE ASSY;RM1-1304-000;REVERSE ROTATION DRIVE ASSY;
Canon;Canon i-SENSYS LBP3300;251 DUPLEXING DRIVE ASSY;RM1-1302-000;DUPLEXING DRIVE ASSY;
Canon;Canon i-SENSYS LBP3300;300 CASSETTE;FM2-6191-000;CASSETTE COVER ASSY;
Canon;Canon i-SENSYS LBP3300;300 CASSETTE;FM2-6192-000;CASSETTE BODY ASSY;
Canon;Canon i-SENSYS LBP3300;300 CASSETTE;RM1-1295-000;BACK END LIMIT ASSY;
Canon;Canon i-SENSYS LBP3300;300 CASSETTE;RM1-1296-000;LEFT PAPER SIDE END ASSY;
Canon;Canon i-SENSYS LBP3300;300 CASSETTE;RM1-1297-020;RIGHT PAPER SIDE END ASSY;
Canon;Canon i-SENSYS LBP3300;300 CASSETTE;FM2-6707-000;SEPARATION PAD ASSY;
Canon;Canon i-SENSYS LBP3300;300 CASSETTE;FM2-6190-000;CASSETTE;
Canon;Canon i-SENSYS LBP3300;360 DUPLEXING ASSY;RM1-1314-000;STANDARD GUIDE ASSY;
Canon;Canon i-SENSYS LBP3300;360 DUPLEXING ASSY;RM1-1319-000;DUPLEX PENDULUM ASSY;
Canon;Canon i-SENSYS LBP3300;360 DUPLEXING ASSY;RM1-1317-020;DUPLEXING OUTLET GUIDE ASSY;
Canon;Canon i-SENSYS LBP3300;360 DUPLEXING ASSY;RM1-1318-000;SIZE CHANGE ASSY;
Canon;Canon i-SENSYS LBP3300;360 DUPLEXING ASSY;RM1-1313-000;DUPLEXING ASSY;
Canon;Canon i-SENSYS LBP3300;810 FIXING ASSY;RM1-1251-000;DELIVERY SENSOR PCB ASSY;PS915 J915
Canon;Canon i-SENSYS LBP3300;810 FIXING ASSY;RU5-2140-000;SPRING, COMPRESSION;
Canon;Canon i-SENSYS LBP3300;810 FIXING ASSY;FM2-6703-000;FILM GUIDE ASSY;100/120V
Canon;Canon i-SENSYS LBP3300;810 FIXING ASSY;FM2-6704-000;FILM GUIDE ASSY;230V
Canon;Canon i-SENSYS LBP3300;810 FIXING ASSY;RM1-1291-000;DELIVERY FRAME ASSY;
Canon;Canon i-SENSYS LBP3300;810 FIXING ASSY;RA0-1090-000;SPRING, TENSION;
Canon;Canon i-SENSYS LBP3300;810 FIXING ASSY;RA0-1189-000;RETAINER, SPRING;
Canon;Canon i-SENSYS LBP3300;810 FIXING ASSY;RC1-3603-000;FRAME, FIXING;
Canon;Canon i-SENSYS LBP3300;810 FIXING ASSY;RC1-3604-000;SIDE PLATE, FIXING, RIGHT;
Canon;Canon i-SENSYS LBP3300;810 FIXING ASSY;RC1-3605-000;SIDE PLATE, FIXING, LEFT;
Canon;Canon i-SENSYS LBP3300;810 FIXING ASSY;RC1-3606-000;PLATE, FIXING REINFORCEMENT;
Canon;Canon i-SENSYS LBP3300;810 FIXING ASSY;RC1-3607-000;GUIDE, FIXING, UPPER;
Canon;Canon i-SENSYS LBP3300;810 FIXING ASSY;RC1-3608-000;GUIDE, FIXING ENTRANCE;
Canon;Canon i-SENSYS LBP3300;810 FIXING ASSY;RC1-3609-020;BUSHING;
Canon;Canon i-SENSYS LBP3300;810 FIXING ASSY;RC1-3610-000;BUSHING;
Canon;Canon i-SENSYS LBP3300;810 FIXING ASSY;RC1-3611-000;GUIDE, PAPER SEPARATE, LOWER;
Canon;Canon i-SENSYS LBP3300;810 FIXING ASSY;RC1-3612-000;HOLDER, SEPARATE LOWER GUIDE;
Canon;Canon i-SENSYS LBP3300;810 FIXING ASSY;RC1-3613-000;FLAG, PAPER DELIVERY SENSOR;
Canon;Canon i-SENSYS LBP3300;810 FIXING ASSY;RC1-3614-000;SPRING, TORSION;
Canon;Canon i-SENSYS LBP3300;810 FIXING ASSY;RC1-3615-000;BUSHING;
Canon;Canon i-SENSYS LBP3300;810 FIXING ASSY;RC1-3616-000;LEVER, PRESSURE RELEASE, RIGHT;
Canon;Canon i-SENSYS LBP3300;810 FIXING ASSY;RC1-3617-000;LEVER, PRESSURE RELEASE, LEFT;
Canon;Canon i-SENSYS LBP3300;810 FIXING ASSY;RC1-3618-000;LEVER, PRESS.RELEASE SENSOR, R;
Canon;Canon i-SENSYS LBP3300;810 FIXING ASSY;RC1-3619-000;LEVER, PRESS.RELEASE SENSOR, L;
Canon;Canon i-SENSYS LBP3300;810 FIXING ASSY;RC1-3621-000;COVER, FIXING;
Canon;Canon i-SENSYS LBP3300;810 FIXING ASSY;RC1-3622-000;FLAG, INTERTWINE PREVENTION;
Canon;Canon i-SENSYS LBP3300;810 FIXING ASSY;RC1-3623-000;PLATE, PRESSURE, RIGHT;
Canon;Canon i-SENSYS LBP3300;810 FIXING ASSY;RC1-3624-000;PLATE, PRESSURE, LEFT;
Canon;Canon i-SENSYS LBP3300;810 FIXING ASSY;XA9-1422-000;SCREW, W/WASHER, M4X12;
Canon;Canon i-SENSYS LBP3300;810 FIXING ASSY;XA9-1503-000;SCREW, TAP, M3X6;
Canon;Canon i-SENSYS LBP3300;810 FIXING ASSY;RC1-3628-000;RING, CONDUCTIVE RUBBER;
Canon;Canon i-SENSYS LBP3300;810 FIXING ASSY;RC1-3630-000;ROLLER, PRESSURE;
Canon;Canon i-SENSYS LBP3300;810 FIXING ASSY;RC1-3633-000;ROLLER, FACE-UP;
Canon;Canon i-SENSYS LBP3300;810 FIXING ASSY;RC1-3635-000;SHEET, FIXING BOTTOM SHEET;
Canon;Canon i-SENSYS LBP3300;810 FIXING ASSY;RU5-0330-000;GEAR, 17T;
Canon;Canon i-SENSYS LBP3300;810 FIXING ASSY;FC7-3048-000;GUIDE, FILM;
Canon;Canon i-SENSYS LBP3300;810 FIXING ASSY;XB4-7300-809;SCREW, TAP, BINDING HEAD, M3X8;
Canon;Canon i-SENSYS LBP3300;810 FIXING ASSY;FM2-6717-000;FIXING ASSY;100/120V
Canon;Canon i-SENSYS LBP3300;810 FIXING ASSY;FM2-6718-000;FIXING ASSY;230V
