Canon;Canon i-SENSYS LBP7110Cw;100 EXTERNAL COVERS, PANELS, ETC.;FE2-1412-000;COVER, FRONT, LOWER;
Canon;Canon i-SENSYS LBP7110Cw;100 EXTERNAL COVERS, PANELS, ETC.;FE2-1416-000;COVER, TOP;
Canon;Canon i-SENSYS LBP7110Cw;100 EXTERNAL COVERS, PANELS, ETC.;FE2-1430-000;COVER, LEFT;
Canon;Canon i-SENSYS LBP7110Cw;100 EXTERNAL COVERS, PANELS, ETC.;FM0-2522-000;COVER UNIT, RIGHT;LBP7110C
Canon;Canon i-SENSYS LBP7110Cw;100 EXTERNAL COVERS, PANELS, ETC.;FM0-2521-000;COVER UNIT, RIGHT;LBP7110Cw
Canon;Canon i-SENSYS LBP7110Cw;100 EXTERNAL COVERS, PANELS, ETC.;FE2-1449-000;COVER, RIGHT;LBP7100C,LBP7100Cn
Canon;Canon i-SENSYS LBP7110Cw;100 EXTERNAL COVERS, PANELS, ETC.;FE2-1435-000;COVER, REAR, RIGHT;
Canon;Canon i-SENSYS LBP7110Cw;100 EXTERNAL COVERS, PANELS, ETC.;FE2-1436-000;COVER, REAR, LOWER;
Canon;Canon i-SENSYS LBP7110Cw;100 EXTERNAL COVERS, PANELS, ETC.;FE2-1451-000;LABEL, EXCHANGE PROCESS;
Canon;Canon i-SENSYS LBP7110Cw;100 EXTERNAL COVERS, PANELS, ETC.;XA9-1671-000;SCREW, D, M3X8;
Canon;Canon i-SENSYS LBP7110Cw;100 EXTERNAL COVERS, PANELS, ETC.;FM0-2505-000;CONTROL PANEL ASSEMBLY;Satera LBP7110C
Canon;Canon i-SENSYS LBP7110Cw;100 EXTERNAL COVERS, PANELS, ETC.;FM0-2506-000;CONTROL PANEL ASSEMBLY;Satera LBP7100C
Canon;Canon i-SENSYS LBP7110Cw;100 EXTERNAL COVERS, PANELS, ETC.;FM0-4591-000;CONTROL PANEL ASSEMBLY;Color imageCLASS LBP7110Cw
Canon;Canon i-SENSYS LBP7110Cw;100 EXTERNAL COVERS, PANELS, ETC.;FM0-2507-000;CONTROL PANEL ASSEMBLY;i-SENSYS LBP7110Cw
Canon;Canon i-SENSYS LBP7110Cw;100 EXTERNAL COVERS, PANELS, ETC.;FM0-2508-000;CONTROL PANEL ASSEMBLY;i-SENSYS LBP7100Cn
Canon;Canon i-SENSYS LBP7110Cw;100 EXTERNAL COVERS, PANELS, ETC.;FM0-2509-000;CONTROL PANEL ASSEMBLY;imageCLASS LBP7110Cw AU,SG,HK,KR
Canon;Canon i-SENSYS LBP7110Cw;100 EXTERNAL COVERS, PANELS, ETC.;FM0-2511-000;CONTROL PANEL ASSEMBLY;imageCLASS LBP7110Cw CN
Canon;Canon i-SENSYS LBP7110Cw;100 EXTERNAL COVERS, PANELS, ETC.;FM0-2510-000;CONTROL PANEL ASSEMBLY;imageCLASS LBP7100Cn AU,SG,HK,KR
Canon;Canon i-SENSYS LBP7110Cw;100 EXTERNAL COVERS, PANELS, ETC.;FM0-2512-000;CONTROL PANEL ASSEMBLY;imageCLASS LBP7100Cn CN
Canon;Canon i-SENSYS LBP7110Cw;100 EXTERNAL COVERS, PANELS, ETC.;FM0-2513-000;FRONT DOOR ASSY;
Canon;Canon i-SENSYS LBP7110Cw;100 EXTERNAL COVERS, PANELS, ETC.;FM0-2514-000;SWITCH COVER ASSEMBLY;
Canon;Canon i-SENSYS LBP7110Cw;100 EXTERNAL COVERS, PANELS, ETC.;FE2-1434-000;COVER, REAR MIDDLE;
Canon;Canon i-SENSYS LBP7110Cw;100 EXTERNAL COVERS, PANELS, ETC.;FM0-2518-000;UPPER COVER ASSEMBLY, REAR;
Canon;Canon i-SENSYS LBP7110Cw;100 EXTERNAL COVERS, PANELS, ETC.;FU7-8875-000;LABEL, GROUNDING CAUTION;100V
Canon;Canon i-SENSYS LBP7110Cw;100 EXTERNAL COVERS, PANELS, ETC.;FE2-1454-000;LABEL, HIGH TMP. CAUTION;
Canon;Canon i-SENSYS LBP7110Cw;100 EXTERNAL COVERS, PANELS, ETC.;NPN;EXTERNAL COVERS, PANELS, ETC.;
Canon;Canon i-SENSYS LBP7110Cw;101 INTERNAL COMPONENTS 1;RM1-8765-000;SEPARATION ROLLER ASSY;
Canon;Canon i-SENSYS LBP7110Cw;101 INTERNAL COMPONENTS 1;RM1-8047-030;PICK-UP ROLLER ASSY;
Canon;Canon i-SENSYS LBP7110Cw;101 INTERNAL COMPONENTS 1;RM1-8720-000;FIXING POWER SUPPLY ASSY;100V,120V
Canon;Canon i-SENSYS LBP7110Cw;101 INTERNAL COMPONENTS 1;RM1-8721-000;FIXING POWER SUPPLY ASSY;230V
Canon;Canon i-SENSYS LBP7110Cw;101 INTERNAL COMPONENTS 1;RC2-2014-000;COVER, HOLDER;
Canon;Canon i-SENSYS LBP7110Cw;101 INTERNAL COMPONENTS 1;FM0-2515-000;CASSETTE ASSY;
Canon;Canon i-SENSYS LBP7110Cw;101 INTERNAL COMPONENTS 1;FM0-4590-000;LASER SCANNER ASSEMBLY;
Canon;Canon i-SENSYS LBP7110Cw;101 INTERNAL COMPONENTS 1;RU6-8007-000;LABEL, LASER CAUTION;
Canon;Canon i-SENSYS LBP7110Cw;101 INTERNAL COMPONENTS 1;XA9-1671-000;SCREW, D, M3X8;
Canon;Canon i-SENSYS LBP7110Cw;101 INTERNAL COMPONENTS 1;NPN;INTERNAL COMPONENTS 1;
Canon;Canon i-SENSYS LBP7110Cw;102 INTERNAL COMPONENTS 2;RM1-9328-000;MAIN DRIVE ASSY;
Canon;Canon i-SENSYS LBP7110Cw;102 INTERNAL COMPONENTS 2;RM1-8785-000;SUB DRIVE ASSY;
Canon;Canon i-SENSYS LBP7110Cw;102 INTERNAL COMPONENTS 2;FM0-3966-000;DC CONTROLLER PCB ASSEMBLY;
Canon;Canon i-SENSYS LBP7110Cw;102 INTERNAL COMPONENTS 2;RM1-9027-000;LOW VOLTAGE POWER SUPPLY ASSY;100V,120V
Canon;Canon i-SENSYS LBP7110Cw;102 INTERNAL COMPONENTS 2;RM1-9022-000;LOW VOLTAGE POWER SUPPLY ASSY;230V
Canon;Canon i-SENSYS LBP7110Cw;102 INTERNAL COMPONENTS 2;RK2-4540-000;CABLE, FLEXIBLE FLAT;
Canon;Canon i-SENSYS LBP7110Cw;102 INTERNAL COMPONENTS 2;RK2-4255-000;FAN;FM1
Canon;Canon i-SENSYS LBP7110Cw;102 INTERNAL COMPONENTS 2;RK2-3125-000;CABLE, FLEXIBLE FLAT;
Canon;Canon i-SENSYS LBP7110Cw;102 INTERNAL COMPONENTS 2;FK3-3425-000;CABLE, FLEXIBLE FLAT;
Canon;Canon i-SENSYS LBP7110Cw;102 INTERNAL COMPONENTS 2;WG8-5935-000;IC, PHOTO INTERRUPTER;SR603
Canon;Canon i-SENSYS LBP7110Cw;102 INTERNAL COMPONENTS 2;RM1-8706-000;DRIVER PCB ASSY;
Canon;Canon i-SENSYS LBP7110Cw;102 INTERNAL COMPONENTS 2;FM1-B950-000;MAIN CONTROLLER PCB ASSEMBLY;LBP7110C
Canon;Canon i-SENSYS LBP7110Cw;102 INTERNAL COMPONENTS 2;FM1-B951-000;MAIN CONTROLLER PCB ASSEMBLY;LBP7110Cw
Canon;Canon i-SENSYS LBP7110Cw;102 INTERNAL COMPONENTS 2;FM1-B952-000;MAIN CONTROLLER PCB ASSEMBLY;LBP7100C,LBP7100Cn
Canon;Canon i-SENSYS LBP7110Cw;102 INTERNAL COMPONENTS 2;XA9-1671-000;SCREW, D, M3X8;
Canon;Canon i-SENSYS LBP7110Cw;102 INTERNAL COMPONENTS 2;FE2-1443-000;PLATE, LAN EXCHANGE;LBP7110C
Canon;Canon i-SENSYS LBP7110Cw;102 INTERNAL COMPONENTS 2;FK3-3426-000;CABLE, FLEXIBLE FLAT;LBP7110C,LBP7110Cw
Canon;Canon i-SENSYS LBP7110Cw;102 INTERNAL COMPONENTS 2;FM0-2519-000;WIRELESS NETWORK PCB ASSEMBLY;LBP7110C,LBP7110Cw
Canon;Canon i-SENSYS LBP7110Cw;102 INTERNAL COMPONENTS 2;XA9-1835-000;SCREW, D, M3X6;
Canon;Canon i-SENSYS LBP7110Cw;102 INTERNAL COMPONENTS 2;NPN;INTERNAL COMPONENTS 2;
Canon;Canon i-SENSYS LBP7110Cw;103 INTERNAL COMPONENTS 3;RM1-4482-000;I.T.B. LOCK LEVER ASSY, LEFT;
Canon;Canon i-SENSYS LBP7110Cw;103 INTERNAL COMPONENTS 3;RM1-4483-000;I.T.B. LOCK LEVER ASSY, RIGHT;
Canon;Canon i-SENSYS LBP7110Cw;103 INTERNAL COMPONENTS 3;RM1-8705-010;H.V. POWER SUPPLY PCB ASSY;
Canon;Canon i-SENSYS LBP7110Cw;103 INTERNAL COMPONENTS 3;RM1-8777-000;INTERMEDIATE TRANS. BELT ASSY;
Canon;Canon i-SENSYS LBP7110Cw;103 INTERNAL COMPONENTS 3;RM1-8779-000;PAPER FEED GUIDE ASSY;
Canon;Canon i-SENSYS LBP7110Cw;103 INTERNAL COMPONENTS 3;RM1-4445-000;ROLLER, TRANSFER;
Canon;Canon i-SENSYS LBP7110Cw;103 INTERNAL COMPONENTS 3;XA9-1671-000;SCREW, D, M3X8;
Canon;Canon i-SENSYS LBP7110Cw;103 INTERNAL COMPONENTS 3;NPN;INTERNAL COMPONENTS 3;
Canon;Canon i-SENSYS LBP7110Cw;104 INTERNAL COMPONENTS 4;FM0-2503-000;FIXING ASSY;100V
Canon;Canon i-SENSYS LBP7110Cw;104 INTERNAL COMPONENTS 4;RM1-8780-000;FIXING ASSY;120V
Canon;Canon i-SENSYS LBP7110Cw;104 INTERNAL COMPONENTS 4;RM1-8781-000;FIXING ASSY;230V
Canon;Canon i-SENSYS LBP7110Cw;104 INTERNAL COMPONENTS 4;RM1-8784-000;FIXING DRIVE ASSY;M703
Canon;Canon i-SENSYS LBP7110Cw;104 INTERNAL COMPONENTS 4;RM1-8774-000;CARTRIDGE TRAY ASSY;
Canon;Canon i-SENSYS LBP7110Cw;104 INTERNAL COMPONENTS 4;FM0-2516-000;MAIN SWITCH PCB ASSY;
Canon;Canon i-SENSYS LBP7110Cw;104 INTERNAL COMPONENTS 4;XA9-1671-000;SCREW, D, M3X8;
Canon;Canon i-SENSYS LBP7110Cw;104 INTERNAL COMPONENTS 4;FE2-1452-000;LABEL, JAM CLEARING;
Canon;Canon i-SENSYS LBP7110Cw;104 INTERNAL COMPONENTS 4;FE2-1453-000;LABEL, JAM CLEARING;
Canon;Canon i-SENSYS LBP7110Cw;104 INTERNAL COMPONENTS 4;NPN;INTERNAL COMPONENTS 4;
