Canon;Canon i-SENSYS LBP623Cdn;100B EXTERNAL COVERS, PANELS, ETC. LBP622Cdw;FE2-A771-000;COVER, LEFT;
Canon;Canon i-SENSYS LBP623Cdn;100B EXTERNAL COVERS, PANELS, ETC. LBP622Cdw;FE2-A770-000;COVER, RIGHT;
Canon;Canon i-SENSYS LBP623Cdn;100B EXTERNAL COVERS, PANELS, ETC. LBP622Cdw;FM1-N654-020;DUPLEXING DOOR ASSY;
Canon;Canon i-SENSYS LBP623Cdn;100B EXTERNAL COVERS, PANELS, ETC. LBP622Cdw;FL1-7033-000;COVER, BOTTOM, REAR;
Canon;Canon i-SENSYS LBP623Cdn;100B EXTERNAL COVERS, PANELS, ETC. LBP622Cdw;RM2-5580-000;REAR DOOR ASSY;
Canon;Canon i-SENSYS LBP623Cdn;100B EXTERNAL COVERS, PANELS, ETC. LBP622Cdw;RM2-5906-000;ROLLER, SECONDARY TRANSFER;
Canon;Canon i-SENSYS LBP623Cdn;100B EXTERNAL COVERS, PANELS, ETC. LBP622Cdw;FM1-N648-000;FRONT DOOR ASSY;
Canon;Canon i-SENSYS LBP623Cdn;100B EXTERNAL COVERS, PANELS, ETC. LBP622Cdw;FM1-N680-010;TOP COVER ASSY;
Canon;Canon i-SENSYS LBP623Cdn;100B EXTERNAL COVERS, PANELS, ETC. LBP622Cdw;FM1-N692-000;CONTROL PANEL ASSEMBLY;UN31, UN41
Canon;Canon i-SENSYS LBP623Cdn;100B EXTERNAL COVERS, PANELS, ETC. LBP622Cdw;FE8-3017-000;LID, MODULAR;
Canon;Canon i-SENSYS LBP623Cdn;100B EXTERNAL COVERS, PANELS, ETC. LBP622Cdw;XA9-1671-000;SCREW, D, M3X8;
Canon;Canon i-SENSYS LBP623Cdn;100B EXTERNAL COVERS, PANELS, ETC. LBP622Cdw;FL1-0525-000;SHEET, HANDSET;
Canon;Canon i-SENSYS LBP623Cdn;100B EXTERNAL COVERS, PANELS, ETC. LBP622Cdw;FE8-3189-000;LID, USB, UPPER;
Canon;Canon i-SENSYS LBP623Cdn;100B EXTERNAL COVERS, PANELS, ETC. LBP622Cdw;FE8-3224-000;COVER, USB;
Canon;Canon i-SENSYS LBP623Cdn;100D EXTERNAL COVERS, PANELS, ETC. LBP623Cdw;FE2-A771-000;COVER, LEFT;
Canon;Canon i-SENSYS LBP623Cdn;100D EXTERNAL COVERS, PANELS, ETC. LBP623Cdw;FE2-A770-000;COVER, RIGHT;
Canon;Canon i-SENSYS LBP623Cdn;100D EXTERNAL COVERS, PANELS, ETC. LBP623Cdw;FM1-N654-020;DUPLEXING DOOR ASSY;
Canon;Canon i-SENSYS LBP623Cdn;100D EXTERNAL COVERS, PANELS, ETC. LBP623Cdw;FL1-7033-000;COVER, BOTTOM, REAR;
Canon;Canon i-SENSYS LBP623Cdn;100D EXTERNAL COVERS, PANELS, ETC. LBP623Cdw;RM2-5580-000;REAR DOOR ASSY;
Canon;Canon i-SENSYS LBP623Cdn;100D EXTERNAL COVERS, PANELS, ETC. LBP623Cdw;RM2-5906-000;ROLLER, SECONDARY TRANSFER;
Canon;Canon i-SENSYS LBP623Cdn;100D EXTERNAL COVERS, PANELS, ETC. LBP623Cdw;FM1-N648-000;FRONT DOOR ASSY;
Canon;Canon i-SENSYS LBP623Cdn;100D EXTERNAL COVERS, PANELS, ETC. LBP623Cdw;FM1-N680-010;TOP COVER ASSY;
Canon;Canon i-SENSYS LBP623Cdn;100D EXTERNAL COVERS, PANELS, ETC. LBP623Cdw;FM1-N692-000;CONTROL PANEL ASSEMBLY;UN31, UN41
Canon;Canon i-SENSYS LBP623Cdn;100D EXTERNAL COVERS, PANELS, ETC. LBP623Cdw;FE8-3017-000;LID, MODULAR;
Canon;Canon i-SENSYS LBP623Cdn;100D EXTERNAL COVERS, PANELS, ETC. LBP623Cdw;XA9-1671-000;SCREW, D, M3X8;
Canon;Canon i-SENSYS LBP623Cdn;100D EXTERNAL COVERS, PANELS, ETC. LBP623Cdw;FL1-0525-000;SHEET, HANDSET;
Canon;Canon i-SENSYS LBP623Cdn;100D EXTERNAL COVERS, PANELS, ETC. LBP623Cdw;FE8-3189-000;LID, USB, UPPER;
Canon;Canon i-SENSYS LBP623Cdn;100D EXTERNAL COVERS, PANELS, ETC. LBP623Cdw;FE8-3224-000;COVER, USB;
Canon;Canon i-SENSYS LBP623Cdn;101C INTERNAL COMPONENTS 1;RM2-5881-000;SEPARATION ROLLER ASSY;
Canon;Canon i-SENSYS LBP623Cdn;101C INTERNAL COMPONENTS 1;RM2-5577-000;FEED ROLLER ASSY;
Canon;Canon i-SENSYS LBP623Cdn;101C INTERNAL COMPONENTS 1;RC5-1975-000;CASE, ROLLER;
Canon;Canon i-SENSYS LBP623Cdn;101C INTERNAL COMPONENTS 1;FM1-V312-000;CASSETTE ASSY;
Canon;Canon i-SENSYS LBP623Cdn;101C INTERNAL COMPONENTS 1;FM1-V315-000;MULTI FEED TRAY ASSY;
Canon;Canon i-SENSYS LBP623Cdn;101C INTERNAL COMPONENTS 1;RM2-9510-000;ENVIRONMENT SENSOR PCB ASSY;UN7, SR602
Canon;Canon i-SENSYS LBP623Cdn;101C INTERNAL COMPONENTS 1;RC4-3848-000;ARM, LOCK, LEFT;
Canon;Canon i-SENSYS LBP623Cdn;101C INTERNAL COMPONENTS 1;RC4-3847-000;ARM, LOCK, RIGHT;
Canon;Canon i-SENSYS LBP623Cdn;101C INTERNAL COMPONENTS 1;RM2-5576-000;PAPER PICK-UP ROLLER ASSY;
Canon;Canon i-SENSYS LBP623Cdn;101C INTERNAL COMPONENTS 1;XA9-1835-000;SCREW, D, M3X6;
Canon;Canon i-SENSYS LBP623Cdn;101C INTERNAL COMPONENTS 1;XA9-1671-000;SCREW, D, M3X8;
Canon;Canon i-SENSYS LBP623Cdn;101C INTERNAL COMPONENTS 1;RM2-5872-000;DUPLEXING DRIVE ASSY;SL713, SL714
Canon;Canon i-SENSYS LBP623Cdn;102B INTERNAL COMPONENTS 2 120V;FM1-W285-000;FIXING ASSY;H802, TH802, TP2, SW2, SW3, SR607, SR609, SR616
Canon;Canon i-SENSYS LBP623Cdn;102B INTERNAL COMPONENTS 2 120V;FE8-0014-000;PLATE, USB, GROUNDING;
Canon;Canon i-SENSYS LBP623Cdn;102B INTERNAL COMPONENTS 2 120V;FM1-R870-000;USB RELAY PCB ASSEMBLY;UN32
Canon;Canon i-SENSYS LBP623Cdn;102B INTERNAL COMPONENTS 2 120V;RK2-9471-000;MOTOR, STEPPING;M702
Canon;Canon i-SENSYS LBP623Cdn;102B INTERNAL COMPONENTS 2 120V;RK2-6425-000;FAN;FM1
Canon;Canon i-SENSYS LBP623Cdn;102B INTERNAL COMPONENTS 2 120V;RM2-8054-000;MAIN MOTOR ASSY;M701
Canon;Canon i-SENSYS LBP623Cdn;102B INTERNAL COMPONENTS 2 120V;FM2-G952-000;L.V. POWER SUPPLY PCB ASSY;UN1
Canon;Canon i-SENSYS LBP623Cdn;102B INTERNAL COMPONENTS 2 120V;FM1-V317-000;CARTRIDGE TRAY ASSY;
Canon;Canon i-SENSYS LBP623Cdn;102B INTERNAL COMPONENTS 2 120V;FM1-N656-000;POWER SUPPLY SWITCH ASSY;UN5, SW601
Canon;Canon i-SENSYS LBP623Cdn;102B INTERNAL COMPONENTS 2 120V;RK2-0534-000;MICROSWITCH;SW4
Canon;Canon i-SENSYS LBP623Cdn;102B INTERNAL COMPONENTS 2 120V;XA9-1835-000;SCREW, D, M3X6;
Canon;Canon i-SENSYS LBP623Cdn;102B INTERNAL COMPONENTS 2 120V;XA9-1671-000;SCREW, D, M3X8;
Canon;Canon i-SENSYS LBP623Cdn;102C INTERNAL COMPONENTS 2 230V;FM1-W286-000;FIXING ASSY;H801, TH802, TP1, SW2, SW3, SR607, SR609, SR616
Canon;Canon i-SENSYS LBP623Cdn;102C INTERNAL COMPONENTS 2 230V;FE8-0014-000;PLATE, USB, GROUNDING;
Canon;Canon i-SENSYS LBP623Cdn;102C INTERNAL COMPONENTS 2 230V;FM1-R870-000;USB RELAY PCB ASSEMBLY;UN32
Canon;Canon i-SENSYS LBP623Cdn;102C INTERNAL COMPONENTS 2 230V;RK2-9471-000;MOTOR, STEPPING;M702
Canon;Canon i-SENSYS LBP623Cdn;102C INTERNAL COMPONENTS 2 230V;RK2-6425-000;FAN;FM1
Canon;Canon i-SENSYS LBP623Cdn;102C INTERNAL COMPONENTS 2 230V;RM2-8054-000;MAIN MOTOR ASSY;M701
Canon;Canon i-SENSYS LBP623Cdn;102C INTERNAL COMPONENTS 2 230V;FM2-G956-000;L.V. POWER SUPPLY PCB ASSY;UN1
Canon;Canon i-SENSYS LBP623Cdn;102C INTERNAL COMPONENTS 2 230V;FM1-V317-000;CARTRIDGE TRAY ASSY;
Canon;Canon i-SENSYS LBP623Cdn;102C INTERNAL COMPONENTS 2 230V;FM1-N656-000;POWER SUPPLY SWITCH ASSY;UN5, SW601
Canon;Canon i-SENSYS LBP623Cdn;102C INTERNAL COMPONENTS 2 230V;RK2-0534-000;MICROSWITCH;SW4
Canon;Canon i-SENSYS LBP623Cdn;102C INTERNAL COMPONENTS 2 230V;XA9-1835-000;SCREW, D, M3X6;
Canon;Canon i-SENSYS LBP623Cdn;102C INTERNAL COMPONENTS 2 230V;XA9-1671-000;SCREW, D, M3X8;
Canon;Canon i-SENSYS LBP623Cdn;103B INTERNAL COMPONENTS 3;RK2-6383-000;CABLE, FLAT;
Canon;Canon i-SENSYS LBP623Cdn;103B INTERNAL COMPONENTS 3;RK2-8980-000;CABLE, FLAT;
Canon;Canon i-SENSYS LBP623Cdn;103B INTERNAL COMPONENTS 3;FM2-G968-000;MAIN CONTROLLER PCB ASSEMBLY;UN30 230V
Canon;Canon i-SENSYS LBP623Cdn;103B INTERNAL COMPONENTS 3;FM2-G969-000;MAIN CONTROLLER PCB ASSEMBLY;UN30 120V
Canon;Canon i-SENSYS LBP623Cdn;103B INTERNAL COMPONENTS 3;FM1-X968-000;CABLE, GROUNDING;
Canon;Canon i-SENSYS LBP623Cdn;103B INTERNAL COMPONENTS 3;RM2-5874-000;DENSITY DETECT SENSOR ASSY;
Canon;Canon i-SENSYS LBP623Cdn;103B INTERNAL COMPONENTS 3;FM2-G958-000;ENGINE CONTROLLER PCB ASSY;UN2
Canon;Canon i-SENSYS LBP623Cdn;103B INTERNAL COMPONENTS 3;RM2-5907-000;INTERMEDIATE TRANS. BELT ASSY;
Canon;Canon i-SENSYS LBP623Cdn;103B INTERNAL COMPONENTS 3;RK2-9730-000;MOTOR, STEPPING;M703
Canon;Canon i-SENSYS LBP623Cdn;103B INTERNAL COMPONENTS 3;XA9-1671-000;SCREW, D, M3X8;
Canon;Canon i-SENSYS LBP623Cdn;103B INTERNAL COMPONENTS 3;FL0-8148-000;CABLE, FLAT;
Canon;Canon i-SENSYS LBP623Cdn;103B INTERNAL COMPONENTS 3;XA9-1835-000;SCREW, D, M3X6;
Canon;Canon i-SENSYS LBP623Cdn;103B INTERNAL COMPONENTS 3;FK4-4651-000;MODULE, WLAN;UN35
Canon;Canon i-SENSYS LBP623Cdn;103B INTERNAL COMPONENTS 3;FL0-8219-000;CABLE, FLAT;
