Canon;Canon i-SENSYS MF515x;EXTERNAL COVERS, PANELS, ETC. 120V 1;FC9-5368-000;LABEL, PRINT INSTRUCTION;
Canon;Canon i-SENSYS MF515x;EXTERNAL COVERS, PANELS, ETC. 120V 1;FC9-5370-000;LABEL, HIGH TMP. CAUTION;
Canon;Canon i-SENSYS MF515x;EXTERNAL COVERS, PANELS, ETC. 120V 1;FE4-7876-000;COVER, RIGHT, REAR;
Canon;Canon i-SENSYS MF515x;EXTERNAL COVERS, PANELS, ETC. 120V 1;FE4-8229-000;LABEL, REAR, JAM, OPERATION;
Canon;Canon i-SENSYS MF515x;EXTERNAL COVERS, PANELS, ETC. 120V 1;FM1-K279-000;USB, HOST, UNIT;
Canon;Canon i-SENSYS MF515x;EXTERNAL COVERS, PANELS, ETC. 120V 1;FE4-7868-000;COVER, LEFT;
Canon;Canon i-SENSYS MF515x;EXTERNAL COVERS, PANELS, ETC. 120V 1;FE4-7873-000;COVER, HANDLE, LEFT;
Canon;Canon i-SENSYS MF515x;EXTERNAL COVERS, PANELS, ETC. 120V 1;FL1-0525-000;SHEET, HANDSET;
Canon;Canon i-SENSYS MF515x;EXTERNAL COVERS, PANELS, ETC. 120V 1;FM1-K272-000;CARTRIDGE COVER ASSEMBLY;
Canon;Canon i-SENSYS MF515x;EXTERNAL COVERS, PANELS, ETC. 120V 1;FM1-K273-000;M.P. COVER ASSEMBLY;
Canon;Canon i-SENSYS MF515x;EXTERNAL COVERS, PANELS, ETC. 120V 1;FM1-K276-000;COVER, TOP, UNIT, MA;
Canon;Canon i-SENSYS MF515x;EXTERNAL COVERS, PANELS, ETC. 120V 1;FM1-K275-000;COVER ASSEMBLY, LOWER RIGHT;
Canon;Canon i-SENSYS MF515x;EXTERNAL COVERS, PANELS, ETC. 120V 1;FE4-7842-000;COVER, UPPER;
Canon;Canon i-SENSYS MF515x;EXTERNAL COVERS, PANELS, ETC. 120V 1;FE4-7844-000;COVER, USB;
Canon;Canon i-SENSYS MF515x;EXTERNAL COVERS, PANELS, ETC. 120V 1;RM1-6308-000;FULL DETECT FLAG ASSEMBLY;
Canon;Canon i-SENSYS MF515x;EXTERNAL COVERS, PANELS, ETC. 120V 1;RM1-6309-000;FACE-DOWN FLAG ASSEMBLY;
Canon;Canon i-SENSYS MF515x;EXTERNAL COVERS, PANELS, ETC. 120V 1;FM1-R870-000;USB RELAY PCB ASSEMBLY;
Canon;Canon i-SENSYS MF515x;EXTERNAL COVERS, PANELS, ETC. 120V 1;FM3-9816-000;HINGE ASSEMBLY;
Canon;Canon i-SENSYS MF515x;EXTERNAL COVERS, PANELS, ETC. 120V 1;FM4-2203-000;REAR COVER ASSY;
Canon;Canon i-SENSYS MF515x;EXTERNAL COVERS, PANELS, ETC. 120V 1;FM4-2251-000;M.P. TRAY LIFTING PLATE ASSY;
Canon;Canon i-SENSYS MF515x;EXTERNAL COVERS, PANELS, ETC. 120V 1;RC2-7705-000;ARM, HINGE, LEFT;
Canon;Canon i-SENSYS MF515x;EXTERNAL COVERS, PANELS, ETC. 120V 1;RC2-7706-000;ARM, HINGE, RIGHT;
Canon;Canon i-SENSYS MF515x;EXTERNAL COVERS, PANELS, ETC. 120V 1;FM1-N239-000;CONTROL PANEL PCBASSEMBLY;
Canon;Canon i-SENSYS MF515x;EXTERNAL COVERS, PANELS, ETC. 120V 1;FM1-K277-000;SUB COVER ASSY, TOP;
Canon;Canon i-SENSYS MF515x;EXTERNAL COVERS, PANELS, ETC. 120V 1;FE8-0014-000;PLATE, USB, GROUNDING;
Canon;Canon i-SENSYS MF515x;EXTERNAL COVERS, PANELS, ETC. 120V 1;FC9-5377-000;LABEL, MULTI-PURPOSE SIZE;
Canon;Canon i-SENSYS MF515x;EXTERNAL COVERS, PANELS, ETC. 120V 1;FE4-7869-000;COVER, RIGHT;
Canon;Canon i-SENSYS MF515x;EXTERNAL COVERS, PANELS, ETC. 120V 1;FM1-K222-000;CONTROL PANEL ASSEMBLY;
Canon;Canon i-SENSYS MF515x;EXTERNAL COVERS, PANELS, ETC. 120V 1;FE4-7863-000;COVER, OPTION;
Canon;Canon i-SENSYS MF515x;EXTERNAL COVERS, PANELS, ETC. 120V 1;FM1-K269-000;SPEAKER HOLDER ASSEMBLY;
Canon;Canon i-SENSYS MF515x;EXTERNAL COVERS, PANELS, ETC. 120V 1;FM1-K281-000;SWITCH ASSEMBLY;
Canon;Canon i-SENSYS MF515x;EXTERNAL COVERS, PANELS, ETC. 120V 2;FC9-5368-000;LABEL, PRINT INSTRUCTION;
Canon;Canon i-SENSYS MF515x;EXTERNAL COVERS, PANELS, ETC. 120V 2;FC9-5370-000;LABEL, HIGH TMP. CAUTION;
Canon;Canon i-SENSYS MF515x;EXTERNAL COVERS, PANELS, ETC. 120V 2;FE4-7876-000;COVER, RIGHT, REAR;
Canon;Canon i-SENSYS MF515x;EXTERNAL COVERS, PANELS, ETC. 120V 2;FE4-8229-000;LABEL, REAR, JAM, OPERATION;
Canon;Canon i-SENSYS MF515x;EXTERNAL COVERS, PANELS, ETC. 120V 2;FM1-K279-000;USB, HOST, UNIT;
Canon;Canon i-SENSYS MF515x;EXTERNAL COVERS, PANELS, ETC. 120V 2;FE4-7868-000;COVER, LEFT;
Canon;Canon i-SENSYS MF515x;EXTERNAL COVERS, PANELS, ETC. 120V 2;FE4-7873-000;COVER, HANDLE, LEFT;
Canon;Canon i-SENSYS MF515x;EXTERNAL COVERS, PANELS, ETC. 120V 2;FL1-0525-000;SHEET, HANDSET;
Canon;Canon i-SENSYS MF515x;EXTERNAL COVERS, PANELS, ETC. 120V 2;FM1-K272-000;CARTRIDGE COVER ASSEMBLY;
Canon;Canon i-SENSYS MF515x;EXTERNAL COVERS, PANELS, ETC. 120V 2;FM1-K273-000;M.P. COVER ASSEMBLY;
Canon;Canon i-SENSYS MF515x;EXTERNAL COVERS, PANELS, ETC. 120V 2;FM1-K276-000;COVER, TOP, UNIT, MA;
Canon;Canon i-SENSYS MF515x;EXTERNAL COVERS, PANELS, ETC. 120V 2;FM1-K275-000;COVER ASSEMBLY, LOWER RIGHT;
Canon;Canon i-SENSYS MF515x;EXTERNAL COVERS, PANELS, ETC. 120V 2;FE4-7842-000;COVER, UPPER;
Canon;Canon i-SENSYS MF515x;EXTERNAL COVERS, PANELS, ETC. 120V 2;FE4-7844-000;COVER, USB;
Canon;Canon i-SENSYS MF515x;EXTERNAL COVERS, PANELS, ETC. 120V 2;RM1-6308-000;FULL DETECT FLAG ASSEMBLY;
Canon;Canon i-SENSYS MF515x;EXTERNAL COVERS, PANELS, ETC. 120V 2;RM1-6309-000;FACE-DOWN FLAG ASSEMBLY;
Canon;Canon i-SENSYS MF515x;EXTERNAL COVERS, PANELS, ETC. 120V 2;FM1-R870-000;USB RELAY PCB ASSEMBLY;
Canon;Canon i-SENSYS MF515x;EXTERNAL COVERS, PANELS, ETC. 120V 2;FM3-9816-000;HINGE ASSEMBLY;
Canon;Canon i-SENSYS MF515x;EXTERNAL COVERS, PANELS, ETC. 120V 2;FM4-2203-000;REAR COVER ASSY;
Canon;Canon i-SENSYS MF515x;EXTERNAL COVERS, PANELS, ETC. 120V 2;FM4-2251-000;M.P. TRAY LIFTING PLATE ASSY;
Canon;Canon i-SENSYS MF515x;EXTERNAL COVERS, PANELS, ETC. 120V 2;RC2-7705-000;ARM, HINGE, LEFT;
Canon;Canon i-SENSYS MF515x;EXTERNAL COVERS, PANELS, ETC. 120V 2;RC2-7706-000;ARM, HINGE, RIGHT;
Canon;Canon i-SENSYS MF515x;EXTERNAL COVERS, PANELS, ETC. 120V 2;FM1-N239-000;CONTROL PANEL PCBASSEMBLY;
Canon;Canon i-SENSYS MF515x;EXTERNAL COVERS, PANELS, ETC. 120V 2;FM1-K277-000;SUB COVER ASSY, TOP;
Canon;Canon i-SENSYS MF515x;EXTERNAL COVERS, PANELS, ETC. 120V 2;FE8-0014-000;PLATE, USB, GROUNDING;
Canon;Canon i-SENSYS MF515x;EXTERNAL COVERS, PANELS, ETC. 120V 2;FC9-5377-000;LABEL, MULTI-PURPOSE SIZE;
Canon;Canon i-SENSYS MF515x;EXTERNAL COVERS, PANELS, ETC. 120V 2;FE4-7869-000;COVER, RIGHT;
Canon;Canon i-SENSYS MF515x;EXTERNAL COVERS, PANELS, ETC. 120V 2;FM1-K222-000;CONTROL PANEL ASSEMBLY;
Canon;Canon i-SENSYS MF515x;EXTERNAL COVERS, PANELS, ETC. 120V 2;FE4-7863-000;COVER, OPTION;
Canon;Canon i-SENSYS MF515x;EXTERNAL COVERS, PANELS, ETC. 120V 2;FM1-K269-000;SPEAKER HOLDER ASSEMBLY;
Canon;Canon i-SENSYS MF515x;EXTERNAL COVERS, PANELS, ETC. 120V 2;FM1-K281-000;SWITCH ASSEMBLY;
Canon;Canon i-SENSYS MF515x;EXTERNAL COVERS, PANELS, ETC. 100V, 230V 1;FC9-5368-000;LABEL, PRINT INSTRUCTION;
Canon;Canon i-SENSYS MF515x;EXTERNAL COVERS, PANELS, ETC. 100V, 230V 1;FC9-5370-000;LABEL, HIGH TMP. CAUTION;
Canon;Canon i-SENSYS MF515x;EXTERNAL COVERS, PANELS, ETC. 100V, 230V 1;FE4-7876-000;COVER, RIGHT, REAR;
Canon;Canon i-SENSYS MF515x;EXTERNAL COVERS, PANELS, ETC. 100V, 230V 1;FE4-8229-000;LABEL, REAR, JAM, OPERATION;
Canon;Canon i-SENSYS MF515x;EXTERNAL COVERS, PANELS, ETC. 100V, 230V 1;FM1-K279-000;USB, HOST, UNIT;
Canon;Canon i-SENSYS MF515x;EXTERNAL COVERS, PANELS, ETC. 100V, 230V 1;FE4-7868-000;COVER, LEFT;
Canon;Canon i-SENSYS MF515x;EXTERNAL COVERS, PANELS, ETC. 100V, 230V 1;FE4-7873-000;COVER, HANDLE, LEFT;
Canon;Canon i-SENSYS MF515x;EXTERNAL COVERS, PANELS, ETC. 100V, 230V 1;FL1-0525-000;SHEET, HANDSET;
Canon;Canon i-SENSYS MF515x;EXTERNAL COVERS, PANELS, ETC. 100V, 230V 1;FM1-K272-000;CARTRIDGE COVER ASSEMBLY;
Canon;Canon i-SENSYS MF515x;EXTERNAL COVERS, PANELS, ETC. 100V, 230V 1;FM1-K273-000;M.P. COVER ASSEMBLY;
Canon;Canon i-SENSYS MF515x;EXTERNAL COVERS, PANELS, ETC. 100V, 230V 1;FM1-K276-000;COVER, TOP, UNIT, MA;
Canon;Canon i-SENSYS MF515x;EXTERNAL COVERS, PANELS, ETC. 100V, 230V 1;FM1-K275-000;COVER ASSEMBLY, LOWER RIGHT;
Canon;Canon i-SENSYS MF515x;EXTERNAL COVERS, PANELS, ETC. 100V, 230V 1;FE4-7842-000;COVER, UPPER;
Canon;Canon i-SENSYS MF515x;EXTERNAL COVERS, PANELS, ETC. 100V, 230V 1;FE4-7844-000;COVER, USB;
Canon;Canon i-SENSYS MF515x;EXTERNAL COVERS, PANELS, ETC. 100V, 230V 1;RM1-6308-000;FULL DETECT FLAG ASSEMBLY;
Canon;Canon i-SENSYS MF515x;EXTERNAL COVERS, PANELS, ETC. 100V, 230V 1;RM1-6309-000;FACE-DOWN FLAG ASSEMBLY;
Canon;Canon i-SENSYS MF515x;EXTERNAL COVERS, PANELS, ETC. 100V, 230V 1;FM1-R870-000;USB RELAY PCB ASSEMBLY;
Canon;Canon i-SENSYS MF515x;EXTERNAL COVERS, PANELS, ETC. 100V, 230V 1;FM3-9816-000;HINGE ASSEMBLY;
Canon;Canon i-SENSYS MF515x;EXTERNAL COVERS, PANELS, ETC. 100V, 230V 1;FM4-2203-000;REAR COVER ASSY;
Canon;Canon i-SENSYS MF515x;EXTERNAL COVERS, PANELS, ETC. 100V, 230V 1;FM4-2251-000;M.P. TRAY LIFTING PLATE ASSY;
Canon;Canon i-SENSYS MF515x;EXTERNAL COVERS, PANELS, ETC. 100V, 230V 1;RC2-7705-000;ARM, HINGE, LEFT;
Canon;Canon i-SENSYS MF515x;EXTERNAL COVERS, PANELS, ETC. 100V, 230V 1;RC2-7706-000;ARM, HINGE, RIGHT;
Canon;Canon i-SENSYS MF515x;EXTERNAL COVERS, PANELS, ETC. 100V, 230V 1;FM1-N239-000;CONTROL PANEL PCBASSEMBLY;
Canon;Canon i-SENSYS MF515x;EXTERNAL COVERS, PANELS, ETC. 100V, 230V 1;FM1-K277-000;SUB COVER ASSY, TOP;
Canon;Canon i-SENSYS MF515x;EXTERNAL COVERS, PANELS, ETC. 100V, 230V 1;FE8-0014-000;PLATE, USB, GROUNDING;
Canon;Canon i-SENSYS MF515x;EXTERNAL COVERS, PANELS, ETC. 100V, 230V 1;FC9-5377-000;LABEL, MULTI-PURPOSE SIZE;
Canon;Canon i-SENSYS MF515x;EXTERNAL COVERS, PANELS, ETC. 100V, 230V 1;FE4-7869-000;COVER, RIGHT;
Canon;Canon i-SENSYS MF515x;EXTERNAL COVERS, PANELS, ETC. 100V, 230V 1;FM1-K223-000;CONTROL PANEL ASSEMBLY;
Canon;Canon i-SENSYS MF515x;EXTERNAL COVERS, PANELS, ETC. 100V, 230V 1;FE4-7863-000;COVER, OPTION;
Canon;Canon i-SENSYS MF515x;EXTERNAL COVERS, PANELS, ETC. 100V, 230V 1;FM1-K269-000;SPEAKER HOLDER ASSEMBLY;
Canon;Canon i-SENSYS MF515x;EXTERNAL COVERS, PANELS, ETC. 100V, 230V 1;FM1-K323-000;SWITCH ASSEMBLY;
Canon;Canon i-SENSYS MF515x;EXTERNAL COVERS, PANELS, ETC. 100V, 230V 2;FC9-5368-000;LABEL, PRINT INSTRUCTION;
Canon;Canon i-SENSYS MF515x;EXTERNAL COVERS, PANELS, ETC. 100V, 230V 2;FC9-5370-000;LABEL, HIGH TMP. CAUTION;
Canon;Canon i-SENSYS MF515x;EXTERNAL COVERS, PANELS, ETC. 100V, 230V 2;FE4-7876-000;COVER, RIGHT, REAR;
Canon;Canon i-SENSYS MF515x;EXTERNAL COVERS, PANELS, ETC. 100V, 230V 2;FE4-8229-000;LABEL, REAR, JAM, OPERATION;
Canon;Canon i-SENSYS MF515x;EXTERNAL COVERS, PANELS, ETC. 100V, 230V 2;FM1-K279-000;USB, HOST, UNIT;
Canon;Canon i-SENSYS MF515x;EXTERNAL COVERS, PANELS, ETC. 100V, 230V 2;FE4-7868-000;COVER, LEFT;
Canon;Canon i-SENSYS MF515x;EXTERNAL COVERS, PANELS, ETC. 100V, 230V 2;FE4-7873-000;COVER, HANDLE, LEFT;
Canon;Canon i-SENSYS MF515x;EXTERNAL COVERS, PANELS, ETC. 100V, 230V 2;FL1-0525-000;SHEET, HANDSET;
Canon;Canon i-SENSYS MF515x;EXTERNAL COVERS, PANELS, ETC. 100V, 230V 2;FM1-K272-000;CARTRIDGE COVER ASSEMBLY;
Canon;Canon i-SENSYS MF515x;EXTERNAL COVERS, PANELS, ETC. 100V, 230V 2;FM1-K273-000;M.P. COVER ASSEMBLY;
Canon;Canon i-SENSYS MF515x;EXTERNAL COVERS, PANELS, ETC. 100V, 230V 2;FM1-K276-000;COVER, TOP, UNIT, MA;
Canon;Canon i-SENSYS MF515x;EXTERNAL COVERS, PANELS, ETC. 100V, 230V 2;FM1-K275-000;COVER ASSEMBLY, LOWER RIGHT;
Canon;Canon i-SENSYS MF515x;EXTERNAL COVERS, PANELS, ETC. 100V, 230V 2;FE4-7842-000;COVER, UPPER;
Canon;Canon i-SENSYS MF515x;EXTERNAL COVERS, PANELS, ETC. 100V, 230V 2;FE4-7844-000;COVER, USB;
Canon;Canon i-SENSYS MF515x;EXTERNAL COVERS, PANELS, ETC. 100V, 230V 2;RM1-6308-000;FULL DETECT FLAG ASSEMBLY;
Canon;Canon i-SENSYS MF515x;EXTERNAL COVERS, PANELS, ETC. 100V, 230V 2;RM1-6309-000;FACE-DOWN FLAG ASSEMBLY;
Canon;Canon i-SENSYS MF515x;EXTERNAL COVERS, PANELS, ETC. 100V, 230V 2;FM1-R870-000;USB RELAY PCB ASSEMBLY;
Canon;Canon i-SENSYS MF515x;EXTERNAL COVERS, PANELS, ETC. 100V, 230V 2;FM3-9816-000;HINGE ASSEMBLY;
Canon;Canon i-SENSYS MF515x;EXTERNAL COVERS, PANELS, ETC. 100V, 230V 2;FM4-2203-000;REAR COVER ASSY;
Canon;Canon i-SENSYS MF515x;EXTERNAL COVERS, PANELS, ETC. 100V, 230V 2;FM4-2251-000;M.P. TRAY LIFTING PLATE ASSY;
Canon;Canon i-SENSYS MF515x;EXTERNAL COVERS, PANELS, ETC. 100V, 230V 2;RC2-7705-000;ARM, HINGE, LEFT;
Canon;Canon i-SENSYS MF515x;EXTERNAL COVERS, PANELS, ETC. 100V, 230V 2;RC2-7706-000;ARM, HINGE, RIGHT;
Canon;Canon i-SENSYS MF515x;EXTERNAL COVERS, PANELS, ETC. 100V, 230V 2;FM1-N239-000;CONTROL PANEL PCBASSEMBLY;
Canon;Canon i-SENSYS MF515x;EXTERNAL COVERS, PANELS, ETC. 100V, 230V 2;FM1-K277-000;SUB COVER ASSY, TOP;
Canon;Canon i-SENSYS MF515x;EXTERNAL COVERS, PANELS, ETC. 100V, 230V 2;FE8-0014-000;PLATE, USB, GROUNDING;
Canon;Canon i-SENSYS MF515x;EXTERNAL COVERS, PANELS, ETC. 100V, 230V 2;FC9-5377-000;LABEL, MULTI-PURPOSE SIZE;
Canon;Canon i-SENSYS MF515x;EXTERNAL COVERS, PANELS, ETC. 100V, 230V 2;FE4-7869-000;COVER, RIGHT;
Canon;Canon i-SENSYS MF515x;EXTERNAL COVERS, PANELS, ETC. 100V, 230V 2;FM1-K223-000;CONTROL PANEL ASSEMBLY;
Canon;Canon i-SENSYS MF515x;EXTERNAL COVERS, PANELS, ETC. 100V, 230V 2;FE4-7863-000;COVER, OPTION;
Canon;Canon i-SENSYS MF515x;EXTERNAL COVERS, PANELS, ETC. 100V, 230V 2;FM1-K269-000;SPEAKER HOLDER ASSEMBLY;
Canon;Canon i-SENSYS MF515x;EXTERNAL COVERS, PANELS, ETC. 100V, 230V 2;FM1-K323-000;SWITCH ASSEMBLY;
Canon;Canon i-SENSYS MF515x;INTERNAL COMPONENTS 1;RM1-6284-000;TAG HOLDER ASSY;
Canon;Canon i-SENSYS MF515x;INTERNAL COMPONENTS 1;RM1-6322-000;LASER SCANNER ASSY;
Canon;Canon i-SENSYS MF515x;INTERNAL COMPONENTS 1;WG8-5935-000;IC, PHOTO INTERRUPTER;PS4
Canon;Canon i-SENSYS MF515x;INTERNAL COMPONENTS 1;RC2-7928-000;STOPPER, BUSHING ARM;
Canon;Canon i-SENSYS MF515x;INTERNAL COMPONENTS 1;RK2-7004-000;CABLE, FLAT;
Canon;Canon i-SENSYS MF515x;INTERNAL COMPONENTS 1;XA9-1420-000;SCREW, W/WASHER, M3X8;
Canon;Canon i-SENSYS MF515x;INTERNAL COMPONENTS 1;XA9-1671-000;SCREW, D, M3X8;
Canon;Canon i-SENSYS MF515x;INTERNAL COMPONENTS 1;FE4-7874-000;COVER, RIGHT, FRONT;
Canon;Canon i-SENSYS MF515x;INTERNAL COMPONENTS 1;XA9-1503-000;SCREW, TAP, M3X6;
Canon;Canon i-SENSYS MF515x;INTERNAL COMPONENTS 1;RC2-7781-000;RACK, PRESSURE RELEASE;
Canon;Canon i-SENSYS MF515x;INTERNAL COMPONENTS 1;VS1-7177-003;CONNECTOR, SNAP TIGHT, BK;
Canon;Canon i-SENSYS MF515x;INTERNAL COMPONENTS 2;RK2-1490-000;SOLENOID;SL1
Canon;Canon i-SENSYS MF515x;INTERNAL COMPONENTS 2;RK2-1492-000;SOLENOID;SL2
Canon;Canon i-SENSYS MF515x;INTERNAL COMPONENTS 2;XA9-1671-000;SCREW, D, M3X8;
Canon;Canon i-SENSYS MF515x;INTERNAL COMPONENTS 3;RM1-6272-000;REGISTRATION ROLLER ASSY;
Canon;Canon i-SENSYS MF515x;INTERNAL COMPONENTS 3;RL1-2412-000;ROLLER, MULTI-PURPOSE;
Canon;Canon i-SENSYS MF515x;INTERNAL COMPONENTS 3;RM1-6315-000;TRANSFER LOWER GUIDE ASSY;
Canon;Canon i-SENSYS MF515x;INTERNAL COMPONENTS 3;FM4-2216-010;CASSETTE ASSEMBLY;
Canon;Canon i-SENSYS MF515x;INTERNAL COMPONENTS 3;RM1-6306-000;BASE PLATE ROLLER ASSY;
Canon;Canon i-SENSYS MF515x;INTERNAL COMPONENTS 3;RC2-8580-000;ROLLER, TRANSFER;
Canon;Canon i-SENSYS MF515x;INTERNAL COMPONENTS 3;RC2-8575-000;PAD, MULTI-PURPOSE SEPARATION;
Canon;Canon i-SENSYS MF515x;INTERNAL COMPONENTS 3;RM1-6303-000;SEPARATION PAD HOLDER ASSY;
Canon;Canon i-SENSYS MF515x;INTERNAL COMPONENTS 3;FE4-8230-000;LABEL, CASSETTE CAUTION;
Canon;Canon i-SENSYS MF515x;INTERNAL COMPONENTS 3;RM1-6314-000;M.P. PAPER PICK-UP SHAFT ASSY;
Canon;Canon i-SENSYS MF515x;INTERNAL COMPONENTS 3;RC2-8568-000;ARM, MULTI-PURPOSE PAD;
Canon;Canon i-SENSYS MF515x;INTERNAL COMPONENTS 3;RM1-6307-000;BACK END STOPPER ASSEMBLY;
Canon;Canon i-SENSYS MF515x;INTERNAL COMPONENTS 4;RK2-1499-000;FAN;FM2
Canon;Canon i-SENSYS MF515x;INTERNAL COMPONENTS 4;RM1-6263-000;LOWER PAPER FEED GUIDE ASSY;
Canon;Canon i-SENSYS MF515x;INTERNAL COMPONENTS 4;RM1-6270-020;PAPER FEED GUIDE ASSY;
Canon;Canon i-SENSYS MF515x;INTERNAL COMPONENTS 4;RM1-6273-000;POSITION GUIDE ASSY;
Canon;Canon i-SENSYS MF515x;INTERNAL COMPONENTS 4;RM1-6280-000;H.V. POWER SUPPLY PCB ASSY;
Canon;Canon i-SENSYS MF515x;INTERNAL COMPONENTS 4;FM1-P935-000;TOP SENSOR PCB ASSY;PS215
Canon;Canon i-SENSYS MF515x;INTERNAL COMPONENTS 4;FM1-P941-000;PAPER WIDTH SENSOR PCB ASSY;PS225
Canon;Canon i-SENSYS MF515x;INTERNAL COMPONENTS 4;XA9-1671-000;SCREW, D, M3X8;
Canon;Canon i-SENSYS MF515x;INTERNAL COMPONENTS 4;RK2-3101-000;CABLE, FLAT;
Canon;Canon i-SENSYS MF515x;INTERNAL COMPONENTS 4;XA9-1503-000;SCREW, TAP, M3X6;
Canon;Canon i-SENSYS MF515x;INTERNAL COMPONENTS 5 120V;FM1-P602-000;FAN UNIT;FM1
Canon;Canon i-SENSYS MF515x;INTERNAL COMPONENTS 5 120V;FM4-2222-000;CASSETTE PAPER PICK-UP ASSY;
Canon;Canon i-SENSYS MF515x;INTERNAL COMPONENTS 5 120V;RM1-6271-000;IDLER ROLLER ASSY;
Canon;Canon i-SENSYS MF515x;INTERNAL COMPONENTS 5 120V;FM1-P938-000;MULTI-PURPOSE SENSOR PCB ASSY;
Canon;Canon i-SENSYS MF515x;INTERNAL COMPONENTS 5 120V;RM1-6274-000;FIXING ASSY;
Canon;Canon i-SENSYS MF515x;INTERNAL COMPONENTS 5 120V;FM1-K282-000;ENGINE CONTROLLER PCB ASSY;
Canon;Canon i-SENSYS MF515x;INTERNAL COMPONENTS 5 120V;FM1-R867-000;OFFHOOK PCB ASSEMBLY;
Canon;Canon i-SENSYS MF515x;INTERNAL COMPONENTS 5 120V;WC4-5171-000;MICROSWITCH;SW4
Canon;Canon i-SENSYS MF515x;INTERNAL COMPONENTS 5 120V;FM1-P961-000;TEMP SENSOR PCB ASSY;
Canon;Canon i-SENSYS MF515x;INTERNAL COMPONENTS 5 120V;RM1-6323-000;CST. PICK-UP ROLLER ASSY;
Canon;Canon i-SENSYS MF515x;INTERNAL COMPONENTS 5 120V;FK3-1998-000;ALL NIGHT POWER SUPPLY PCB;
Canon;Canon i-SENSYS MF515x;INTERNAL COMPONENTS 5 120V;FK4-1248-000;MODULE, WLAN;
Canon;Canon i-SENSYS MF515x;INTERNAL COMPONENTS 5 120V;FK4-2893-000;CABLE, FLAT;
Canon;Canon i-SENSYS MF515x;INTERNAL COMPONENTS 5 120V;FK4-3058-000;CABLE, FLAT;
Canon;Canon i-SENSYS MF515x;INTERNAL COMPONENTS 5 120V;FK4-3062-000;CABLE, FLAT;
Canon;Canon i-SENSYS MF515x;INTERNAL COMPONENTS 5 120V;FM1-P922-000;AC I/F PCB ASSY;
Canon;Canon i-SENSYS MF515x;INTERNAL COMPONENTS 5 120V;FM1-R864-000;NCU PCB ASSEMBLY;
Canon;Canon i-SENSYS MF515x;INTERNAL COMPONENTS 5 230V;FM1-P602-000;FAN UNIT;FM1
Canon;Canon i-SENSYS MF515x;INTERNAL COMPONENTS 5 230V;FM4-2222-000;CASSETTE PAPER PICK-UP ASSY;
Canon;Canon i-SENSYS MF515x;INTERNAL COMPONENTS 5 230V;RM1-6271-000;IDLER ROLLER ASSY;
Canon;Canon i-SENSYS MF515x;INTERNAL COMPONENTS 5 230V;FM1-P938-000;MULTI-PURPOSE SENSOR PCB ASSY;
Canon;Canon i-SENSYS MF515x;INTERNAL COMPONENTS 5 230V;RM1-6319-030;FIXING ASSY;
Canon;Canon i-SENSYS MF515x;INTERNAL COMPONENTS 5 230V;FM1-K312-000;ENGINE CONTROLLER PCB ASSY;
Canon;Canon i-SENSYS MF515x;INTERNAL COMPONENTS 5 230V;FM1-P923-000;ARRESTOR PCB ASSEMBLY;
Canon;Canon i-SENSYS MF515x;INTERNAL COMPONENTS 5 230V;WC4-5171-000;MICROSWITCH;SW4
Canon;Canon i-SENSYS MF515x;INTERNAL COMPONENTS 5 230V;FM1-P961-000;TEMP SENSOR PCB ASSY;
Canon;Canon i-SENSYS MF515x;INTERNAL COMPONENTS 5 230V;RM1-6323-000;CST. PICK-UP ROLLER ASSY;
Canon;Canon i-SENSYS MF515x;INTERNAL COMPONENTS 5 230V;FK3-1998-000;ALL NIGHT POWER SUPPLY PCB;
Canon;Canon i-SENSYS MF515x;INTERNAL COMPONENTS 5 230V;FK4-1248-000;MODULE, WLAN;
Canon;Canon i-SENSYS MF515x;INTERNAL COMPONENTS 5 230V;FK4-2893-000;CABLE, FLAT;
Canon;Canon i-SENSYS MF515x;INTERNAL COMPONENTS 5 230V;FK4-3058-000;CABLE, FLAT;
Canon;Canon i-SENSYS MF515x;INTERNAL COMPONENTS 5 230V;FK4-3062-000;CABLE, FLAT;
Canon;Canon i-SENSYS MF515x;INTERNAL COMPONENTS 5 230V;FM1-P922-000;AC I/F PCB ASSY;
Canon;Canon i-SENSYS MF515x;INTERNAL COMPONENTS 5 230V;FM1-R864-000;NCU PCB ASSEMBLY;
Canon;Canon i-SENSYS MF515x;INTERNAL COMPONENTS 5 230V;FM1-R867-000;OFFHOOK PCB ASSEMBLY;
Canon;Canon i-SENSYS MF515x;INTERNAL COMPONENTS 6;FM1-P931-000;TEMPERATURE SENSOR ASSY;SW235
Canon;Canon i-SENSYS MF515x;INTERNAL COMPONENTS 6;RM1-8523-000;FIXING MOTOR ASSY;M1
Canon;Canon i-SENSYS MF515x;INTERNAL COMPONENTS 6;RM1-6301 -000;PAPER DELIVERY ROLLER ASSY;
Canon;Canon i-SENSYS MF515x;INTERNAL COMPONENTS 6;RM1-6311-000;FACE-DOWN ROLLER ASSY;
Canon;Canon i-SENSYS MF515x;INTERNAL COMPONENTS 6;WG8-5935-000;IC, PHOTO INTERRUPTER;PS6, PS7
Canon;Canon i-SENSYS MF515x;INTERNAL COMPONENTS 6;XA9-1503-000;SCREW, TAP, M3X6;
Canon;Canon i-SENSYS MF515x;INTERNAL COMPONENTS 6;XA9-1671-000;SCREW, D, M3X8;
Canon;Canon i-SENSYS MF515x;INTERNAL COMPONENTS 6;RM1-6520-000;MOTOR, DC;M2
Canon;Canon i-SENSYS MF515x;INTERNAL COMPONENTS 6;RA0-1172-000;GEAR, 17T;
Canon;Canon i-SENSYS MF515x;INTERNAL COMPONENTS 6;RC2-8468-000;BUSHING;
Canon;Canon i-SENSYS MF515x;READER/ADF ASSEMBLY A/ INCH;FC7-6189-000;ROLLER, PICK-UP;
Canon;Canon i-SENSYS MF515x;READER/ADF ASSEMBLY A/ INCH;FC7-6320-000;BUSHING;
Canon;Canon i-SENSYS MF515x;READER/ADF ASSEMBLY A/ INCH;FC7-6321-000;FLAG, DOCUMENT SCANNER;
Canon;Canon i-SENSYS MF515x;READER/ADF ASSEMBLY A/ INCH;VS1-7177-002;CONNECTOR, SNAP TIGHT, BK;
Canon;Canon i-SENSYS MF515x;READER/ADF ASSEMBLY A/ INCH;FC9-1496-000;COVER, ADF, FRONT LOWER;
Canon;Canon i-SENSYS MF515x;READER/ADF ASSEMBLY A/ INCH;FC9-4998-000;COVER, ADF, FRONT UPPER;
Canon;Canon i-SENSYS MF515x;READER/ADF ASSEMBLY A/ INCH;FE4-8226-000;PLATE, PAPER SIZE;
Canon;Canon i-SENSYS MF515x;READER/ADF ASSEMBLY A/ INCH;FC9-1494-000;LABEL, COPY PROHIBITION;
Canon;Canon i-SENSYS MF515x;READER/ADF ASSEMBLY A/ INCH;FE4-8381-000;PANEL, COPYBOARD;
Canon;Canon i-SENSYS MF515x;READER/ADF ASSEMBLY A/ INCH;VS1-7207-004;CONNECTOR, SNAP TIGHT, BK;
Canon;Canon i-SENSYS MF515x;READER/ADF ASSEMBLY A/ INCH;XA9-0831 -000;SCREW,M3X10;
Canon;Canon i-SENSYS MF515x;READER/ADF ASSEMBLY A/ INCH;HU1-1022-000;BUSHING;
Canon;Canon i-SENSYS MF515x;READER/ADF ASSEMBLY A/ INCH;FC9-4999-000;PANEL, OPEN/CLOSE;
Canon;Canon i-SENSYS MF515x;READER/ADF ASSEMBLY A/ INCH;FU7-8987-000;LABEL, GLASS CLEANING;
Canon;Canon i-SENSYS MF515x;READER/ADF ASSEMBLY A/ INCH;FC9-5660-000;CUSHION;
Canon;Canon i-SENSYS MF515x;READER/ADF ASSEMBLY A/ INCH;FC9-5661-000;CUSHION;
Canon;Canon i-SENSYS MF515x;READER/ADF ASSEMBLY A/ INCH;FL2-6637-000;ROLLER, SEPARATION;[DP]
Canon;Canon i-SENSYS MF515x;READER/ADF ASSEMBLY A/ INCH;FL3-3540-000;HOLDER, DOCUMENT,RELEASE SHEET;
Canon;Canon i-SENSYS MF515x;READER/ADF ASSEMBLY A/ INCH;FL3-1430-000;HINGE, ADF;
Canon;Canon i-SENSYS MF515x;READER/ADF ASSEMBLY A/ INCH;FL0-6504-000;COVER, REAR;
Canon;Canon i-SENSYS MF515x;READER/ADF ASSEMBLY A/ INCH;FM4-1888-000;DOCUMENT TRAY ASSEMBLY;
Canon;Canon i-SENSYS MF515x;READER/ADF ASSEMBLY A/ INCH;HC1-0586-000;RETAINING RING;
Canon;Canon i-SENSYS MF515x;READER/ADF ASSEMBLY A/ INCH;FM1-K027-000;SEPARATION ROLLER ASSEMBLY;
Canon;Canon i-SENSYS MF515x;READER/ADF ASSEMBLY A/ INCH;FU7-0672-000;GEAR, 24T;
Canon;Canon i-SENSYS MF515x;READER/ADF ASSEMBLY A/ INCH;FU7-2018-000;SPRING, COMPRESSION;
Canon;Canon i-SENSYS MF515x;READER/ADF ASSEMBLY A/ INCH;FM1-K009-000;PAPER FEED GUIDE ASSEMBLY;
Canon;Canon i-SENSYS MF515x;READER/ADF ASSEMBLY A/ INCH;FM1-P942-000;CABLE, ADF;
Canon;Canon i-SENSYS MF515x;READER/ADF ASSEMBLY A/ INCH;FE4-8227-000;LABEL, SIZE INDEX;
Canon;Canon i-SENSYS MF515x;READER/ADF ASSEMBLY A/ INCH;XA9-0476-000;SCREW,TP M3X8;
Canon;Canon i-SENSYS MF515x;READER/ADF ASSEMBLY A/ INCH;XD9-0219-000;PIN, DOWEL;
Canon;Canon i-SENSYS MF515x;READER/ADF ASSEMBLY A/ INCH;FL1-0264-000;SHEET, INSULATING;
Canon;Canon i-SENSYS MF515x;READER/ADF ASSEMBLY A/ B/ INCH;FC7-6189-000;ROLLER, PICK-UP;
Canon;Canon i-SENSYS MF515x;READER/ADF ASSEMBLY A/ B/ INCH;FC7-6320-000;BUSHING;
Canon;Canon i-SENSYS MF515x;READER/ADF ASSEMBLY A/ B/ INCH;FC7-6321-000;FLAG, DOCUMENT SCANNER;
Canon;Canon i-SENSYS MF515x;READER/ADF ASSEMBLY A/ B/ INCH;VS1-7177-002;CONNECTOR, SNAP TIGHT, BK;
Canon;Canon i-SENSYS MF515x;READER/ADF ASSEMBLY A/ B/ INCH;FC9-1496-000;COVER, ADF, FRONT LOWER;
Canon;Canon i-SENSYS MF515x;READER/ADF ASSEMBLY A/ B/ INCH;FC9-4998-000;COVER, ADF, FRONT UPPER;
Canon;Canon i-SENSYS MF515x;READER/ADF ASSEMBLY A/ B/ INCH;FE4-8225-000;PLATE, PAPER SIZE;
Canon;Canon i-SENSYS MF515x;READER/ADF ASSEMBLY A/ B/ INCH;FC9-5111-000;LABEL, COPY PROHIBITION;
Canon;Canon i-SENSYS MF515x;READER/ADF ASSEMBLY A/ B/ INCH;FE4-8381-000;PANEL, COPYBOARD;
Canon;Canon i-SENSYS MF515x;READER/ADF ASSEMBLY A/ B/ INCH;VS1-7207-004;CONNECTOR, SNAP TIGHT, BK;
Canon;Canon i-SENSYS MF515x;READER/ADF ASSEMBLY A/ B/ INCH;XA9-0831 -000;SCREW,M3X10;
Canon;Canon i-SENSYS MF515x;READER/ADF ASSEMBLY A/ B/ INCH;HU1-1022-000;BUSHING;
Canon;Canon i-SENSYS MF515x;READER/ADF ASSEMBLY A/ B/ INCH;FC9-4999-000;PANEL, OPEN/CLOSE;
Canon;Canon i-SENSYS MF515x;READER/ADF ASSEMBLY A/ B/ INCH;FE4-8871-000;LABEL, GLASS CLEANING;
Canon;Canon i-SENSYS MF515x;READER/ADF ASSEMBLY A/ B/ INCH;FC9-5660-000;CUSHION;
Canon;Canon i-SENSYS MF515x;READER/ADF ASSEMBLY A/ B/ INCH;FC9-5661-000;CUSHION;
Canon;Canon i-SENSYS MF515x;READER/ADF ASSEMBLY A/ B/ INCH;FL2-6637-000;ROLLER, SEPARATION;[DP]
Canon;Canon i-SENSYS MF515x;READER/ADF ASSEMBLY A/ B/ INCH;FL3-3540-000;HOLDER, DOCUMENT,RELEASE SHEET;
Canon;Canon i-SENSYS MF515x;READER/ADF ASSEMBLY A/ B/ INCH;FL3-1430-000;HINGE, ADF;
Canon;Canon i-SENSYS MF515x;READER/ADF ASSEMBLY A/ B/ INCH;FL0-6504-000;COVER, REAR;
Canon;Canon i-SENSYS MF515x;READER/ADF ASSEMBLY A/ B/ INCH;FM4-1888-000;DOCUMENT TRAY ASSEMBLY;
Canon;Canon i-SENSYS MF515x;READER/ADF ASSEMBLY A/ B/ INCH;HC1-0586-000;RETAINING RING;
Canon;Canon i-SENSYS MF515x;READER/ADF ASSEMBLY A/ B/ INCH;FM1-K027-000;SEPARATION ROLLER ASSEMBLY;
Canon;Canon i-SENSYS MF515x;READER/ADF ASSEMBLY A/ B/ INCH;FU7-0672-000;GEAR, 24T;
Canon;Canon i-SENSYS MF515x;READER/ADF ASSEMBLY A/ B/ INCH;FU7-2018-000;SPRING, COMPRESSION;
Canon;Canon i-SENSYS MF515x;READER/ADF ASSEMBLY A/ B/ INCH;FM1-K009-000;PAPER FEED GUIDE ASSEMBLY;
Canon;Canon i-SENSYS MF515x;READER/ADF ASSEMBLY A/ B/ INCH;FM1-P942-000;CABLE, ADF;
Canon;Canon i-SENSYS MF515x;READER/ADF ASSEMBLY A/ B/ INCH;FE4-8228-000;LABEL, SIZE INDEX;
Canon;Canon i-SENSYS MF515x;READER/ADF ASSEMBLY A/ B/ INCH;XA9-0476-000;SCREW,TP M3X8;
Canon;Canon i-SENSYS MF515x;READER/ADF ASSEMBLY A/ B/ INCH;XD9-0219-000;PIN, DOWEL;
Canon;Canon i-SENSYS MF515x;READER/ADF ASSEMBLY A/ B/ INCH;FL1-0264-000;SHEET, INSULATING;
Canon;Canon i-SENSYS MF515x;PAPER FEEDER ASSEMBLY MF515, 512, 511, 419, 418;FC7-6052-010;RATCHET, PAPER FEED ROLLER;
Canon;Canon i-SENSYS MF515x;PAPER FEEDER ASSEMBLY MF515, 512, 511, 419, 418;FC7-6182-000;LEVER, ROLLER RELEASE;
Canon;Canon i-SENSYS MF515x;PAPER FEEDER ASSEMBLY MF515, 512, 511, 419, 418;FC7-6278-000;FLAPPER, PAPER DELIVERY;
Canon;Canon i-SENSYS MF515x;PAPER FEEDER ASSEMBLY MF515, 512, 511, 419, 418;FC7-6281-000;SPRING, ARM;
Canon;Canon i-SENSYS MF515x;PAPER FEEDER ASSEMBLY MF515, 512, 511, 419, 418;FC7-6297-000;PAD, SEPARATION;[DP]
Canon;Canon i-SENSYS MF515x;PAPER FEEDER ASSEMBLY MF515, 512, 511, 419, 418;FC9-5654-000;SHEET, SEPARATION PAD;
Canon;Canon i-SENSYS MF515x;PAPER FEEDER ASSEMBLY MF515, 512, 511, 419, 418;FC7-6299-000;HOLDER, SEPARATION PAD;
Canon;Canon i-SENSYS MF515x;PAPER FEEDER ASSEMBLY MF515, 512, 511, 419, 418;FC7-6300-000;CLAMP, SEPARATION PAD;
Canon;Canon i-SENSYS MF515x;PAPER FEEDER ASSEMBLY MF515, 512, 511, 419, 418;FC9-1512-000;LEVER, RELEASE;
Canon;Canon i-SENSYS MF515x;PAPER FEEDER ASSEMBLY MF515, 512, 511, 419, 418;FL0-6505-000;ARM ASSY, SEPARATION SWING;
Canon;Canon i-SENSYS MF515x;PAPER FEEDER ASSEMBLY MF515, 512, 511, 419, 418;FL3-1437-000;GUIDE LOWER ASSEMBLY;
Canon;Canon i-SENSYS MF515x;PAPER FEEDER ASSEMBLY MF515, 512, 511, 419, 418;FM4-1885-000;PAPER FEED ROLLER ASSEMBLY;
Canon;Canon i-SENSYS MF515x;PAPER FEEDER ASSEMBLY MF515, 512, 511, 419, 418;FM3-9541-000;PAPER DELIVERY ASSEMBLY;
Canon;Canon i-SENSYS MF515x;PAPER FEEDER ASSEMBLY MF515, 512, 511, 419, 418;FM1-K007-000;DRIVE PLATE ASSEMBLY;
Canon;Canon i-SENSYS MF515x;PAPER FEEDER ASSEMBLY MF515, 512, 511, 419, 418;FM3-9543-000;SOLENOID ASSEMBLY;SL4
Canon;Canon i-SENSYS MF515x;PAPER FEEDER ASSEMBLY MF515, 512, 511, 419, 418;FM1-K008-000;MOTOR DRIVE ASSEMBLY;M4
Canon;Canon i-SENSYS MF515x;PAPER FEEDER ASSEMBLY MF515, 512, 511, 419, 418;FM4-1873-000;GUIDE ASSEMBLY, UPPER;
Canon;Canon i-SENSYS MF515x;PAPER FEEDER ASSEMBLY MF515, 512, 511, 419, 418;FL3-2458-000;PAPER DELIVERY ROLLER ASSY;
Canon;Canon i-SENSYS MF515x;PAPER FEEDER ASSEMBLY MF515, 512, 511, 419, 418;FU5-6992-000;ROLLER, AUXILIARY;
Canon;Canon i-SENSYS MF515x;PAPER FEEDER ASSEMBLY MF515, 512, 511, 419, 418;FU6-2998-000;SPRING, COMPRESSION;
Canon;Canon i-SENSYS MF515x;PAPER FEEDER ASSEMBLY MF515, 512, 511, 419, 418;FU6-2999-000;SPRING, TENSION;
Canon;Canon i-SENSYS MF515x;PAPER FEEDER ASSEMBLY MF515, 512, 511, 419, 418;FU7-0667-000;GEAR, 20T;
Canon;Canon i-SENSYS MF515x;PAPER FEEDER ASSEMBLY MF515, 512, 511, 419, 418;FU2-1582-000;GEAR, 54T;
Canon;Canon i-SENSYS MF515x;PAPER FEEDER ASSEMBLY MF515, 512, 511, 419, 418;FU2-1580-000;GEAR, 46T/23T;
Canon;Canon i-SENSYS MF515x;PAPER FEEDER ASSEMBLY MF515, 512, 511, 419, 418;FU7-0671-000;GEAR, 36T;
Canon;Canon i-SENSYS MF515x;PAPER FEEDER ASSEMBLY MF515, 512, 511, 419, 418;FU2-1576-000;GEAR, 18T/42T;
Canon;Canon i-SENSYS MF515x;PAPER FEEDER ASSEMBLY MF515, 512, 511, 419, 418;FU2-1579-000;GEAR, 51T/17T;
Canon;Canon i-SENSYS MF515x;PAPER FEEDER ASSEMBLY MF515, 512, 511, 419, 418;FU7-2016-000;SPRING, COMPRESSION;
Canon;Canon i-SENSYS MF515x;PAPER FEEDER ASSEMBLY MF515, 512, 511, 419, 418;FU7-2021 -000;SPRING, COMPRESSION;
Canon;Canon i-SENSYS MF515x;PAPER FEEDER ASSEMBLY MF515, 512, 511, 419, 418;FU8-2483-000;SPRING, COMPRESSION;
Canon;Canon i-SENSYS MF515x;PAPER FEEDER ASSEMBLY MF515, 512, 511, 419, 418;HC1-0586-000;RETAINING RING;
Canon;Canon i-SENSYS MF515x;PAPER FEEDER ASSEMBLY MF515, 512, 511, 419, 418;HU1-1022-000;BUSHING;
Canon;Canon i-SENSYS MF515x;PAPER FEEDER ASSEMBLY MF515, 512, 511, 419, 418;WG8-5935-000;IC, PHOTO INTERRUPTER;PS2 ,PS3
Canon;Canon i-SENSYS MF515x;PAPER FEEDER ASSEMBLY MF515, 512, 511, 419, 418;FL3-2459-000;PLATE, WHITE SHEET;
Canon;Canon i-SENSYS MF515x;PAPER FEEDER ASSEMBLY MF515, 512, 511, 419, 418;FC9-1526-000;GUIDE, PAPER DELIVERY;
Canon;Canon i-SENSYS MF515x;PAPER FEEDER ASSEMBLY MF515, 512, 511, 419, 418;FC7-6295-000;STOPPER, DOCUMENT;
Canon;Canon i-SENSYS MF515x;PAPER FEEDER ASSEMBLY MF515, 512, 511, 419, 418;FU8-2484-000;SPRING, COMPRESSION;
Canon;Canon i-SENSYS MF515x;PAPER FEEDER ASSEMBLY MF515, 512, 511, 419, 418;FC9-5672-000;PLATE, GROUNDING;
Canon;Canon i-SENSYS MF515x;READER ASSEMBLY;VS1-7177-004;CONNECTOR, SNAP TIGHT, BK;
Canon;Canon i-SENSYS MF515x;READER ASSEMBLY;FK4-2888-000;CABLE, FLAT;
Canon;Canon i-SENSYS MF515x;READER ASSEMBLY;FC0-1945-000;SPACER, CIS;
Canon;Canon i-SENSYS MF515x;READER ASSEMBLY;FK4-2086-000;CONTACT IMAGE SENSOR,HV12I-V02;
Canon;Canon i-SENSYS MF515x;READER ASSEMBLY;FM1-K013-000;READER COVER ASSEMBLY;
Canon;Canon i-SENSYS MF515x;READER ASSEMBLY;FM4-9071-000;DC MOTOR ASSEMBLY;M4
Canon;Canon i-SENSYS MF515x;READER ASSEMBLY;WG8-5935-000;IC, PHOTO INTERRUPTER;PS8
Canon;Canon i-SENSYS MF515x;READER ASSEMBLY;XA9-0476-000;SCREW,TP M3X8;
Canon;Canon i-SENSYS MF515x;READER ASSEMBLY;FK4-3061-000;CABLE, FLAT;
Canon;Canon i-SENSYS MF515x;READER ASSEMBLY;FC9-1493-000;BELT, TIMING;
Canon;Canon i-SENSYS MF515x;READER ASSEMBLY;FE4-7817-000;MOUNT, SUPPORTER;
Canon;Canon i-SENSYS MF515x;READER ASSEMBLY;FC0-4177-000;SHEET, CABLE PROTECTION;
Canon;Canon i-SENSYS MF515x;READER ASSEMBLY;FM1-K285-000;READER ASSEMBLY;
Canon;Canon i-SENSYS MF515x;MAIN CONTROLLER PCB ASSEMBLY;FK4-3035-000;IC, CSRQ5310C25-CBBU-TF, MPU;IC1
Canon;Canon i-SENSYS MF515x;MAIN CONTROLLER PCB ASSEMBLY;FM1-R860-000;MAIN CONTROLLER PCB ASSEMBLY;
