Canon;Canon Color imageCLASS MF731Cdw;100D - External Covers (MF735Cx, NFC);FE8-2996-000;COVER, FRONT, LEFT;
Canon;Canon Color imageCLASS MF731Cdw;100D - External Covers (MF735Cx, NFC);FE8-2997-000;COVER, FRONT, RIGHT;
Canon;Canon Color imageCLASS MF731Cdw;100D - External Covers (MF735Cx, NFC);FE8-2998-000;COVER, REAR, UPPER;
Canon;Canon Color imageCLASS MF731Cdw;100D - External Covers (MF735Cx, NFC);FE8-3066-000;COVER, ARM, LEFT;
Canon;Canon Color imageCLASS MF731Cdw;100D - External Covers (MF735Cx, NFC);FE8-3067-000;COVER, ARM, RIGHT;
Canon;Canon Color imageCLASS MF731Cdw;100D - External Covers (MF735Cx, NFC);FE8-3068-000;COVER, ARM, CENTER;
Canon;Canon Color imageCLASS MF731Cdw;100D - External Covers (MF735Cx, NFC);FE8-3069-000;COVER, PANEL, REAR UPPER;
Canon;Canon Color imageCLASS MF731Cdw;100D - External Covers (MF735Cx, NFC);FE8-3070-000;COVER, PANEL, REAR UNDER;
Canon;Canon Color imageCLASS MF731Cdw;100D - External Covers (MF735Cx, NFC);FE8-3071-000;COVER, PANEL, LOWER;
Canon;Canon Color imageCLASS MF731Cdw;100D - External Covers (MF735Cx, NFC);FE8-3263-000;COVER, PANEL, REAR;
Canon;Canon Color imageCLASS MF731Cdw;100D - External Covers (MF735Cx, NFC);FL1-0525-000;SHEET, HANDSET;
Canon;Canon Color imageCLASS MF731Cdw;100D - External Covers (MF735Cx, NFC);FL1-1416-000;SHEET, BLANKING;
Canon;Canon Color imageCLASS MF731Cdw;100D - External Covers (MF735Cx, NFC);FM1-P235-000;CONTROL PANEL ASSEMBLY;
Canon;Canon Color imageCLASS MF731Cdw;100D - External Covers (MF735Cx, NFC);FM1-P402-000;COVER ASSEMBLY, RIGHT;
Canon;Canon Color imageCLASS MF731Cdw;100D - External Covers (MF735Cx, NFC);FM1-P403-000;COVER ASSEMBLY, LEFT;
Canon;Canon Color imageCLASS MF731Cdw;100D - External Covers (MF735Cx, NFC);FM1-P404-000;DUPLEXING DOOR ASSY;
Canon;Canon Color imageCLASS MF731Cdw;100D - External Covers (MF735Cx, NFC);FM1-P406-000;FRONT DOOR ASSY;
Canon;Canon Color imageCLASS MF731Cdw;100D - External Covers (MF735Cx, NFC);FM1-P408-000;COVER ASSEMBLY, TOP;
Canon;Canon Color imageCLASS MF731Cdw;100D - External Covers (MF735Cx, NFC);FM1-P409-000;UPPER COVER ASSEMBLY, FRONT;
Canon;Canon Color imageCLASS MF731Cdw;100D - External Covers (MF735Cx, NFC);FE8-3007-000;COVER, CASSETTE;
Canon;Canon Color imageCLASS MF731Cdw;100D - External Covers (MF735Cx, NFC);FE8-3016-000;BUTTON, DOOR, FRONT;
Canon;Canon Color imageCLASS MF731Cdw;100D - External Covers (MF735Cx, NFC);FM1-P442-000;HINGE ASSEMBLY;
Canon;Canon Color imageCLASS MF731Cdw;100D - External Covers (MF735Cx, NFC);FU2-1954-000;LABEL, MP SIZE;
Canon;Canon Color imageCLASS MF731Cdw;100D - External Covers (MF735Cx, NFC);FU2-1956-000;LABEL, MP PROHIBITION;
Canon;Canon Color imageCLASS MF731Cdw;100D - External Covers (MF735Cx, NFC);FU2-1959-000;LABEL, NETWORK;
Canon;Canon Color imageCLASS MF731Cdw;100D - External Covers (MF735Cx, NFC);FU2-1962-000;LABEL, DUPLEXING JAM;
Canon;Canon Color imageCLASS MF731Cdw;100D - External Covers (MF735Cx, NFC);XA9-1671-000;SCREW, D, M3X8;
Canon;Canon Color imageCLASS MF731Cdw;100D - External Covers (MF735Cx, NFC);XA9-1835-000;SCREW, D, M3X6;
Canon;Canon Color imageCLASS MF731Cdw;100D - External Covers (MF735Cx, NFC);FU2-1961-000;LABEL, MODULAR;
Canon;Canon Color imageCLASS MF731Cdw;100D - External Covers (MF735Cx, NFC);NPN;EXTERNAL COVERS, PANELS, ETC.;MF735Cx NFC model
Canon;Canon Color imageCLASS MF731Cdw;100E - External Covers (MF735Cdw, NFC);FE8-2996-000;COVER, FRONT, LEFT;
Canon;Canon Color imageCLASS MF731Cdw;100E - External Covers (MF735Cdw, NFC);FE8-2997-000;COVER, FRONT, RIGHT;
Canon;Canon Color imageCLASS MF731Cdw;100E - External Covers (MF735Cdw, NFC);FE8-2998-000;COVER, REAR, UPPER;
Canon;Canon Color imageCLASS MF731Cdw;100E - External Covers (MF735Cdw, NFC);FE8-3066-000;COVER, ARM, LEFT;
Canon;Canon Color imageCLASS MF731Cdw;100E - External Covers (MF735Cdw, NFC);FE8-3067-000;COVER, ARM, RIGHT;
Canon;Canon Color imageCLASS MF731Cdw;100E - External Covers (MF735Cdw, NFC);FE8-3068-000;COVER, ARM, CENTER;
Canon;Canon Color imageCLASS MF731Cdw;100E - External Covers (MF735Cdw, NFC);FE8-3069-000;COVER, PANEL, REAR UPPER;
Canon;Canon Color imageCLASS MF731Cdw;100E - External Covers (MF735Cdw, NFC);FE8-3070-000;COVER, PANEL, REAR UNDER;
Canon;Canon Color imageCLASS MF731Cdw;100E - External Covers (MF735Cdw, NFC);FE8-3071-000;COVER, PANEL, LOWER;
Canon;Canon Color imageCLASS MF731Cdw;100E - External Covers (MF735Cdw, NFC);FE8-3263-000;COVER, PANEL, REAR;
Canon;Canon Color imageCLASS MF731Cdw;100E - External Covers (MF735Cdw, NFC);FL1-0525-000;SHEET, HANDSET;
Canon;Canon Color imageCLASS MF731Cdw;100E - External Covers (MF735Cdw, NFC);FL1-1416-000;SHEET, BLANKING;
Canon;Canon Color imageCLASS MF731Cdw;100E - External Covers (MF735Cdw, NFC);FM1-P235-000;CONTROL PANEL ASSEMBLY;
Canon;Canon Color imageCLASS MF731Cdw;100E - External Covers (MF735Cdw, NFC);FM1-P402-000;COVER ASSEMBLY, RIGHT;
Canon;Canon Color imageCLASS MF731Cdw;100E - External Covers (MF735Cdw, NFC);FM1-P403-000;COVER ASSEMBLY, LEFT;
Canon;Canon Color imageCLASS MF731Cdw;100E - External Covers (MF735Cdw, NFC);FM1-P404-000;DUPLEXING DOOR ASSY;
Canon;Canon Color imageCLASS MF731Cdw;100E - External Covers (MF735Cdw, NFC);FM1-P406-000;FRONT DOOR ASSY;
Canon;Canon Color imageCLASS MF731Cdw;100E - External Covers (MF735Cdw, NFC);FM1-P408-000;COVER ASSEMBLY, TOP;
Canon;Canon Color imageCLASS MF731Cdw;100E - External Covers (MF735Cdw, NFC);FM1-P409-000;UPPER COVER ASSEMBLY, FRONT;
Canon;Canon Color imageCLASS MF731Cdw;100E - External Covers (MF735Cdw, NFC);FE8-3007-000;COVER, CASSETTE;
Canon;Canon Color imageCLASS MF731Cdw;100E - External Covers (MF735Cdw, NFC);FE8-3016-000;BUTTON, DOOR, FRONT;
Canon;Canon Color imageCLASS MF731Cdw;100E - External Covers (MF735Cdw, NFC);FM1-P442-000;HINGE ASSEMBLY;
Canon;Canon Color imageCLASS MF731Cdw;100E - External Covers (MF735Cdw, NFC);FU2-1954-000;LABEL, MP SIZE;
Canon;Canon Color imageCLASS MF731Cdw;100E - External Covers (MF735Cdw, NFC);FU2-1956-000;LABEL, MP PROHIBITION;
Canon;Canon Color imageCLASS MF731Cdw;100E - External Covers (MF735Cdw, NFC);FU2-1959-000;LABEL, NETWORK;
Canon;Canon Color imageCLASS MF731Cdw;100E - External Covers (MF735Cdw, NFC);FU2-1962-000;LABEL, DUPLEXING JAM;
Canon;Canon Color imageCLASS MF731Cdw;100E - External Covers (MF735Cdw, NFC);XA9-1671-000;SCREW, D, M3X8;
Canon;Canon Color imageCLASS MF731Cdw;100E - External Covers (MF735Cdw, NFC);XA9-1835-000;SCREW, D, M3X6;
Canon;Canon Color imageCLASS MF731Cdw;100E - External Covers (MF735Cdw, NFC);FU2-1961-000;LABEL, MODULAR;
Canon;Canon Color imageCLASS MF731Cdw;100E - External Covers (MF735Cdw, NFC);NPN;EXTERNAL COVERS, PANELS, ETC.;MF735Cdw NFC model
Canon;Canon Color imageCLASS MF731Cdw;100F - External Covers (MF733Cdw, NFC);FE8-2996-000;COVER, FRONT, LEFT;
Canon;Canon Color imageCLASS MF731Cdw;100F - External Covers (MF733Cdw, NFC);FE8-2997-000;COVER, FRONT, RIGHT;
Canon;Canon Color imageCLASS MF731Cdw;100F - External Covers (MF733Cdw, NFC);FE8-2998-000;COVER, REAR, UPPER;
Canon;Canon Color imageCLASS MF731Cdw;100F - External Covers (MF733Cdw, NFC);FE8-3066-000;COVER, ARM, LEFT;
Canon;Canon Color imageCLASS MF731Cdw;100F - External Covers (MF733Cdw, NFC);FE8-3067-000;COVER, ARM, RIGHT;
Canon;Canon Color imageCLASS MF731Cdw;100F - External Covers (MF733Cdw, NFC);FE8-3068-000;COVER, ARM, CENTER;
Canon;Canon Color imageCLASS MF731Cdw;100F - External Covers (MF733Cdw, NFC);FE8-3069-000;COVER, PANEL, REAR UPPER;
Canon;Canon Color imageCLASS MF731Cdw;100F - External Covers (MF733Cdw, NFC);FE8-3070-000;COVER, PANEL, REAR UNDER;
Canon;Canon Color imageCLASS MF731Cdw;100F - External Covers (MF733Cdw, NFC);FE8-3071-000;COVER, PANEL, LOWER;
Canon;Canon Color imageCLASS MF731Cdw;100F - External Covers (MF733Cdw, NFC);FE8-3263-000;COVER, PANEL, REAR;
Canon;Canon Color imageCLASS MF731Cdw;100F - External Covers (MF733Cdw, NFC);FL1-0525-000;SHEET, HANDSET;
Canon;Canon Color imageCLASS MF731Cdw;100F - External Covers (MF733Cdw, NFC);FL1-1416-000;SHEET, BLANKING;
Canon;Canon Color imageCLASS MF731Cdw;100F - External Covers (MF733Cdw, NFC);FM1-P235-000;CONTROL PANEL ASSEMBLY;
Canon;Canon Color imageCLASS MF731Cdw;100F - External Covers (MF733Cdw, NFC);FM1-P402-000;COVER ASSEMBLY, RIGHT;
Canon;Canon Color imageCLASS MF731Cdw;100F - External Covers (MF733Cdw, NFC);FM1-P403-000;COVER ASSEMBLY, LEFT;
Canon;Canon Color imageCLASS MF731Cdw;100F - External Covers (MF733Cdw, NFC);FM1-P404-000;DUPLEXING DOOR ASSY;
Canon;Canon Color imageCLASS MF731Cdw;100F - External Covers (MF733Cdw, NFC);FM1-P406-000;FRONT DOOR ASSY;
Canon;Canon Color imageCLASS MF731Cdw;100F - External Covers (MF733Cdw, NFC);FM1-P408-000;COVER ASSEMBLY, TOP;
Canon;Canon Color imageCLASS MF731Cdw;100F - External Covers (MF733Cdw, NFC);FM1-P409-000;UPPER COVER ASSEMBLY, FRONT;
Canon;Canon Color imageCLASS MF731Cdw;100F - External Covers (MF733Cdw, NFC);FE8-3007-000;COVER, CASSETTE;
Canon;Canon Color imageCLASS MF731Cdw;100F - External Covers (MF733Cdw, NFC);FE8-3016-000;BUTTON, DOOR, FRONT;
Canon;Canon Color imageCLASS MF731Cdw;100F - External Covers (MF733Cdw, NFC);FM1-P442-000;HINGE ASSEMBLY;
Canon;Canon Color imageCLASS MF731Cdw;100F - External Covers (MF733Cdw, NFC);FU2-1954-000;LABEL, MP SIZE;
Canon;Canon Color imageCLASS MF731Cdw;100F - External Covers (MF733Cdw, NFC);FU2-1956-000;LABEL, MP PROHIBITION;
Canon;Canon Color imageCLASS MF731Cdw;100F - External Covers (MF733Cdw, NFC);FU2-1959-000;LABEL, NETWORK;
Canon;Canon Color imageCLASS MF731Cdw;100F - External Covers (MF733Cdw, NFC);FU2-1962-000;LABEL, DUPLEXING JAM;
Canon;Canon Color imageCLASS MF731Cdw;100F - External Covers (MF733Cdw, NFC);XA9-1671-000;SCREW, D, M3X8;
Canon;Canon Color imageCLASS MF731Cdw;100F - External Covers (MF733Cdw, NFC);XA9-1835-000;SCREW, D, M3X6;
Canon;Canon Color imageCLASS MF731Cdw;100F - External Covers (MF733Cdw, NFC);FU2-1961-000;LABEL, MODULAR;
Canon;Canon Color imageCLASS MF731Cdw;100F - External Covers (MF733Cdw, NFC);NPN;EXTERNAL COVERS, PANELS, ETC.;MF733Cdw NFC model
Canon;Canon Color imageCLASS MF731Cdw;100G - External Covers (MF731Cdw, w/o NFC);FE8-2996-000;COVER, FRONT, LEFT;
Canon;Canon Color imageCLASS MF731Cdw;100G - External Covers (MF731Cdw, w/o NFC);FE8-2997-000;COVER, FRONT, RIGHT;
Canon;Canon Color imageCLASS MF731Cdw;100G - External Covers (MF731Cdw, w/o NFC);FE8-2998-000;COVER, REAR, UPPER;
Canon;Canon Color imageCLASS MF731Cdw;100G - External Covers (MF731Cdw, w/o NFC);FE8-3066-000;COVER, ARM, LEFT;
Canon;Canon Color imageCLASS MF731Cdw;100G - External Covers (MF731Cdw, w/o NFC);FE8-3067-000;COVER, ARM, RIGHT;
Canon;Canon Color imageCLASS MF731Cdw;100G - External Covers (MF731Cdw, w/o NFC);FE8-3068-000;COVER, ARM, CENTER;
Canon;Canon Color imageCLASS MF731Cdw;100G - External Covers (MF731Cdw, w/o NFC);FE8-3069-000;COVER, PANEL, REAR UPPER;
Canon;Canon Color imageCLASS MF731Cdw;100G - External Covers (MF731Cdw, w/o NFC);FE8-3070-000;COVER, PANEL, REAR UNDER;
Canon;Canon Color imageCLASS MF731Cdw;100G - External Covers (MF731Cdw, w/o NFC);FE8-3071-000;COVER, PANEL, LOWER;
Canon;Canon Color imageCLASS MF731Cdw;100G - External Covers (MF731Cdw, w/o NFC);FE8-3262-000;COVER, PANEL, REAR;
Canon;Canon Color imageCLASS MF731Cdw;100G - External Covers (MF731Cdw, w/o NFC);FL1-0525-000;SHEET, HANDSET;
Canon;Canon Color imageCLASS MF731Cdw;100G - External Covers (MF731Cdw, w/o NFC);FL1-1416-000;SHEET, BLANKING;
Canon;Canon Color imageCLASS MF731Cdw;100G - External Covers (MF731Cdw, w/o NFC);FM1-P234-000;CONTROL PANEL ASSEMBLY;
Canon;Canon Color imageCLASS MF731Cdw;100G - External Covers (MF731Cdw, w/o NFC);FM1-P402-000;COVER ASSEMBLY, RIGHT;
Canon;Canon Color imageCLASS MF731Cdw;100G - External Covers (MF731Cdw, w/o NFC);FM1-P403-000;COVER ASSEMBLY, LEFT;
Canon;Canon Color imageCLASS MF731Cdw;100G - External Covers (MF731Cdw, w/o NFC);FM1-P404-000;DUPLEXING DOOR ASSY;
Canon;Canon Color imageCLASS MF731Cdw;100G - External Covers (MF731Cdw, w/o NFC);FM1-P406-000;FRONT DOOR ASSY;
Canon;Canon Color imageCLASS MF731Cdw;100G - External Covers (MF731Cdw, w/o NFC);FM1-P408-000;COVER ASSEMBLY, TOP;
Canon;Canon Color imageCLASS MF731Cdw;100G - External Covers (MF731Cdw, w/o NFC);FM1-P409-000;UPPER COVER ASSEMBLY, FRONT;
Canon;Canon Color imageCLASS MF731Cdw;100G - External Covers (MF731Cdw, w/o NFC);FE8-3007-000;COVER, CASSETTE;
Canon;Canon Color imageCLASS MF731Cdw;100G - External Covers (MF731Cdw, w/o NFC);FE8-3016-000;BUTTON, DOOR, FRONT;
Canon;Canon Color imageCLASS MF731Cdw;100G - External Covers (MF731Cdw, w/o NFC);FM1-P442-000;HINGE ASSEMBLY;
Canon;Canon Color imageCLASS MF731Cdw;100G - External Covers (MF731Cdw, w/o NFC);FU2-1954-000;LABEL, MP SIZE;
Canon;Canon Color imageCLASS MF731Cdw;100G - External Covers (MF731Cdw, w/o NFC);FU2-1956-000;LABEL, MP PROHIBITION;
Canon;Canon Color imageCLASS MF731Cdw;100G - External Covers (MF731Cdw, w/o NFC);FU2-1959-000;LABEL, NETWORK;
Canon;Canon Color imageCLASS MF731Cdw;100G - External Covers (MF731Cdw, w/o NFC);FU2-1962-000;LABEL, DUPLEXING JAM;
Canon;Canon Color imageCLASS MF731Cdw;100G - External Covers (MF731Cdw, w/o NFC);XA9-1671-000;SCREW, D, M3X8;
Canon;Canon Color imageCLASS MF731Cdw;100G - External Covers (MF731Cdw, w/o NFC);XA9-1835-000;SCREW, D, M3X6;
Canon;Canon Color imageCLASS MF731Cdw;100G - External Covers (MF731Cdw, w/o NFC);FE8-3017-000;LID, MODULAR;
Canon;Canon Color imageCLASS MF731Cdw;100G - External Covers (MF731Cdw, w/o NFC);NPN;EXTERNAL COVERS, PANELS, ETC.;MF731Cdw WITHOUT NFC model
Canon;Canon Color imageCLASS MF731Cdw;101C - Internal Components 1 (MF731Cdw, w/o Fax);FE8-3076-000;SPRING, GROUNDING;
Canon;Canon Color imageCLASS MF731Cdw;101C - Internal Components 1 (MF731Cdw, w/o Fax);FK4-1248-020;MODULE, WLAN;
Canon;Canon Color imageCLASS MF731Cdw;101C - Internal Components 1 (MF731Cdw, w/o Fax);FL0-8151-000;CABLE, FLAT;
Canon;Canon Color imageCLASS MF731Cdw;101C - Internal Components 1 (MF731Cdw, w/o Fax);FL0-8149-000;CABLE, FLEXIBLE FLAT;
Canon;Canon Color imageCLASS MF731Cdw;101C - Internal Components 1 (MF731Cdw, w/o Fax);FM1-P414-000;POWER SWITCH ASSY;
Canon;Canon Color imageCLASS MF731Cdw;101C - Internal Components 1 (MF731Cdw, w/o Fax);FK4-4315-000;FAN;FM2
Canon;Canon Color imageCLASS MF731Cdw;101C - Internal Components 1 (MF731Cdw, w/o Fax);FM2-D942-000;CABLE, FLEXIBLE FLAT;
Canon;Canon Color imageCLASS MF731Cdw;101C - Internal Components 1 (MF731Cdw, w/o Fax);FM2-D943-000;CABLE, FLEXIBLE FLAT;
Canon;Canon Color imageCLASS MF731Cdw;101C - Internal Components 1 (MF731Cdw, w/o Fax);RM2-7374-000;MEMORY PCB ASSY;
Canon;Canon Color imageCLASS MF731Cdw;101C - Internal Components 1 (MF731Cdw, w/o Fax);RM2-7889-000;FRONT DOOR SWITCH CABLE ASSY;SW1
Canon;Canon Color imageCLASS MF731Cdw;101C - Internal Components 1 (MF731Cdw, w/o Fax);RM2-7896-000;CASSETTE SWITCH CABLE ASSY;SW6
Canon;Canon Color imageCLASS MF731Cdw;101C - Internal Components 1 (MF731Cdw, w/o Fax);VS1-7207-003;CONNECTOR, SNAP TIGHT, BK;
Canon;Canon Color imageCLASS MF731Cdw;101C - Internal Components 1 (MF731Cdw, w/o Fax);VS1-7258-007;CONNECTOR,DRAWER;
Canon;Canon Color imageCLASS MF731Cdw;101C - Internal Components 1 (MF731Cdw, w/o Fax);FM1-Y840-000;MAIN CONTROLLER PCB ASSY;
Canon;Canon Color imageCLASS MF731Cdw;101C - Internal Components 1 (MF731Cdw, w/o Fax);FM2-D944-000;ENGINE CONTROLLER PCB ASSY;
Canon;Canon Color imageCLASS MF731Cdw;101C - Internal Components 1 (MF731Cdw, w/o Fax);RM2-5612-000;LASER SCANNER ASSY;M10
Canon;Canon Color imageCLASS MF731Cdw;101C - Internal Components 1 (MF731Cdw, w/o Fax);XA9-1671-000;SCREW, D, M3X8;
Canon;Canon Color imageCLASS MF731Cdw;101C - Internal Components 1 (MF731Cdw, w/o Fax);XA9-1835-000;SCREW, D, M3X6;
Canon;Canon Color imageCLASS MF731Cdw;101C - Internal Components 1 (MF731Cdw, w/o Fax);FK2-8767-000;CORE, FERRITE;
Canon;Canon Color imageCLASS MF731Cdw;101C - Internal Components 1 (MF731Cdw, w/o Fax);FM1-T672-000;FERRITE CORE UNIT;
Canon;Canon Color imageCLASS MF731Cdw;101C - Internal Components 1 (MF731Cdw, w/o Fax);NPN;INTERNAL COMPONENTS 1;MF731Cdw WITHOUT FAX model
Canon;Canon Color imageCLASS MF731Cdw;101D - Internal Components 1 (MF735Cx Fax, MF735Cdw Fax);FE8-3076-000;SPRING, GROUNDING;
Canon;Canon Color imageCLASS MF731Cdw;101D - Internal Components 1 (MF735Cx Fax, MF735Cdw Fax);FK4-1248-020;MODULE, WLAN;
Canon;Canon Color imageCLASS MF731Cdw;101D - Internal Components 1 (MF735Cx Fax, MF735Cdw Fax);FL0-8151-000;CABLE, FLAT;
Canon;Canon Color imageCLASS MF731Cdw;101D - Internal Components 1 (MF735Cx Fax, MF735Cdw Fax);FL0-8149-000;CABLE, FLEXIBLE FLAT;
Canon;Canon Color imageCLASS MF731Cdw;101D - Internal Components 1 (MF735Cx Fax, MF735Cdw Fax);FM1-P414-000;POWER SWITCH ASSY;
Canon;Canon Color imageCLASS MF731Cdw;101D - Internal Components 1 (MF735Cx Fax, MF735Cdw Fax);FK4-4315-000;FAN;FM2
Canon;Canon Color imageCLASS MF731Cdw;101D - Internal Components 1 (MF735Cx Fax, MF735Cdw Fax);FM2-D942-000;CABLE, FLEXIBLE FLAT;
Canon;Canon Color imageCLASS MF731Cdw;101D - Internal Components 1 (MF735Cx Fax, MF735Cdw Fax);FM2-D943-000;CABLE, FLEXIBLE FLAT;
Canon;Canon Color imageCLASS MF731Cdw;101D - Internal Components 1 (MF735Cx Fax, MF735Cdw Fax);RM2-7374-000;MEMORY PCB ASSY;
Canon;Canon Color imageCLASS MF731Cdw;101D - Internal Components 1 (MF735Cx Fax, MF735Cdw Fax);RM2-7889-000;FRONT DOOR SWITCH CABLE ASSY;SW1
Canon;Canon Color imageCLASS MF731Cdw;101D - Internal Components 1 (MF735Cx Fax, MF735Cdw Fax);RM2-7896-000;CASSETTE SWITCH CABLE ASSY;SW6
Canon;Canon Color imageCLASS MF731Cdw;101D - Internal Components 1 (MF735Cx Fax, MF735Cdw Fax);VS1-7207-003;CONNECTOR, SNAP TIGHT, BK;
Canon;Canon Color imageCLASS MF731Cdw;101D - Internal Components 1 (MF735Cx Fax, MF735Cdw Fax);VS1-7258-007;CONNECTOR,DRAWER;
Canon;Canon Color imageCLASS MF731Cdw;101D - Internal Components 1 (MF735Cx Fax, MF735Cdw Fax);FM1-T020-000;MAIN CONTROLLER PCB ASSY SET;
Canon;Canon Color imageCLASS MF731Cdw;101D - Internal Components 1 (MF735Cx Fax, MF735Cdw Fax);FM2-D944-000;ENGINE CONTROLLER PCB ASSY;
Canon;Canon Color imageCLASS MF731Cdw;101D - Internal Components 1 (MF735Cx Fax, MF735Cdw Fax);RM2-5612-000;LASER SCANNER ASSY;M10
Canon;Canon Color imageCLASS MF731Cdw;101D - Internal Components 1 (MF735Cx Fax, MF735Cdw Fax);XA9-1671-000;SCREW, D, M3X8;
Canon;Canon Color imageCLASS MF731Cdw;101D - Internal Components 1 (MF735Cx Fax, MF735Cdw Fax);XA9-1835-000;SCREW, D, M3X6;
Canon;Canon Color imageCLASS MF731Cdw;101D - Internal Components 1 (MF735Cx Fax, MF735Cdw Fax);FK2-8767-000;CORE, FERRITE;
Canon;Canon Color imageCLASS MF731Cdw;101D - Internal Components 1 (MF735Cx Fax, MF735Cdw Fax);FK3-3944-000;SPEAKER;SP1
Canon;Canon Color imageCLASS MF731Cdw;101D - Internal Components 1 (MF735Cx Fax, MF735Cdw Fax);FL0-8150-000;CABLE, FLAT;
Canon;Canon Color imageCLASS MF731Cdw;101D - Internal Components 1 (MF735Cx Fax, MF735Cdw Fax);FM1-R867-000;OFFHOOK PCB ASSEMBLY;
Canon;Canon Color imageCLASS MF731Cdw;101D - Internal Components 1 (MF735Cx Fax, MF735Cdw Fax);FM1-X947-000;NCU PCB ASSEMBLY;
Canon;Canon Color imageCLASS MF731Cdw;101D - Internal Components 1 (MF735Cx Fax, MF735Cdw Fax);FM1-X955-000;CABLE, OFF HOOK;
Canon;Canon Color imageCLASS MF731Cdw;101D - Internal Components 1 (MF735Cx Fax, MF735Cdw Fax);FM1-X957-000;CABLE, PSEUDO CI;
Canon;Canon Color imageCLASS MF731Cdw;101D - Internal Components 1 (MF735Cx Fax, MF735Cdw Fax);FM1-T672-000;FERRITE CORE UNIT;
Canon;Canon Color imageCLASS MF731Cdw;101D - Internal Components 1 (MF735Cx Fax, MF735Cdw Fax);NPN;INTERNAL COMPONENTS 1;MF735Cx FAX model, MF735Cdw FAX model
Canon;Canon Color imageCLASS MF731Cdw;101E - Internal Components 1 (MF733Cdw Fax);FE8-3076-000;SPRING, GROUNDING;
Canon;Canon Color imageCLASS MF731Cdw;101E - Internal Components 1 (MF733Cdw Fax);FK4-1248-020;MODULE, WLAN;
Canon;Canon Color imageCLASS MF731Cdw;101E - Internal Components 1 (MF733Cdw Fax);FL0-8151-000;CABLE, FLAT;
Canon;Canon Color imageCLASS MF731Cdw;101E - Internal Components 1 (MF733Cdw Fax);FL0-8149-000;CABLE, FLEXIBLE FLAT;
Canon;Canon Color imageCLASS MF731Cdw;101E - Internal Components 1 (MF733Cdw Fax);FM1-P414-000;POWER SWITCH ASSY;
Canon;Canon Color imageCLASS MF731Cdw;101E - Internal Components 1 (MF733Cdw Fax);FK4-4315-000;FAN;FM2
Canon;Canon Color imageCLASS MF731Cdw;101E - Internal Components 1 (MF733Cdw Fax);FM2-D942-000;CABLE, FLEXIBLE FLAT;
Canon;Canon Color imageCLASS MF731Cdw;101E - Internal Components 1 (MF733Cdw Fax);FM2-D943-000;CABLE, FLEXIBLE FLAT;
Canon;Canon Color imageCLASS MF731Cdw;101E - Internal Components 1 (MF733Cdw Fax);RM2-7374-000;MEMORY PCB ASSY;
Canon;Canon Color imageCLASS MF731Cdw;101E - Internal Components 1 (MF733Cdw Fax);RM2-7889-000;FRONT DOOR SWITCH CABLE ASSY;SW1
Canon;Canon Color imageCLASS MF731Cdw;101E - Internal Components 1 (MF733Cdw Fax);RM2-7896-000;CASSETTE SWITCH CABLE ASSY;SW6
Canon;Canon Color imageCLASS MF731Cdw;101E - Internal Components 1 (MF733Cdw Fax);VS1-7207-003;CONNECTOR, SNAP TIGHT, BK;
Canon;Canon Color imageCLASS MF731Cdw;101E - Internal Components 1 (MF733Cdw Fax);VS1-7258-007;CONNECTOR,DRAWER;
Canon;Canon Color imageCLASS MF731Cdw;101E - Internal Components 1 (MF733Cdw Fax);FM1-T023-000;MAIN CONTROLLER PCB ASSY SET;
Canon;Canon Color imageCLASS MF731Cdw;101E - Internal Components 1 (MF733Cdw Fax);FM2-D944-000;ENGINE CONTROLLER PCB ASSY;
Canon;Canon Color imageCLASS MF731Cdw;101E - Internal Components 1 (MF733Cdw Fax);RM2-5612-000;LASER SCANNER ASSY;M10
Canon;Canon Color imageCLASS MF731Cdw;101E - Internal Components 1 (MF733Cdw Fax);XA9-1671-000;SCREW, D, M3X8;
Canon;Canon Color imageCLASS MF731Cdw;101E - Internal Components 1 (MF733Cdw Fax);XA9-1835-000;SCREW, D, M3X6;
Canon;Canon Color imageCLASS MF731Cdw;101E - Internal Components 1 (MF733Cdw Fax);FK2-8767-000;CORE, FERRITE;
Canon;Canon Color imageCLASS MF731Cdw;101E - Internal Components 1 (MF733Cdw Fax);FK3-3944-000;SPEAKER;SP1
Canon;Canon Color imageCLASS MF731Cdw;101E - Internal Components 1 (MF733Cdw Fax);FL0-8150-000;CABLE, FLAT;
Canon;Canon Color imageCLASS MF731Cdw;101E - Internal Components 1 (MF733Cdw Fax);FM1-R867-000;OFFHOOK PCB ASSEMBLY;
Canon;Canon Color imageCLASS MF731Cdw;101E - Internal Components 1 (MF733Cdw Fax);FM1-X947-000;NCU PCB ASSEMBLY;
Canon;Canon Color imageCLASS MF731Cdw;101E - Internal Components 1 (MF733Cdw Fax);FM1-X955-000;CABLE, OFF HOOK;
Canon;Canon Color imageCLASS MF731Cdw;101E - Internal Components 1 (MF733Cdw Fax);FM1-X957-000;CABLE, PSEUDO CI;
Canon;Canon Color imageCLASS MF731Cdw;101E - Internal Components 1 (MF733Cdw Fax);FM1-T672-000;FERRITE CORE UNIT;
Canon;Canon Color imageCLASS MF731Cdw;101E - Internal Components 1 (MF733Cdw Fax);NPN;INTERNAL COMPONENTS 1;MF733Cdw FAX model
Canon;Canon Color imageCLASS MF731Cdw;102A - Internal Components 2 (100V, 120V);RM2-8661 -000;CABLE, FLEXIBLE FLAT;
Canon;Canon Color imageCLASS MF731Cdw;102A - Internal Components 2 (100V, 120V);FK4-4315-000;FAN;FM1
Canon;Canon Color imageCLASS MF731Cdw;102A - Internal Components 2 (100V, 120V);RM2-7369-000;DRIVER PCB ASSY;
Canon;Canon Color imageCLASS MF731Cdw;102A - Internal Components 2 (100V, 120V);XA9-1420-000;SCREW, W/WASHER, M3X8;
Canon;Canon Color imageCLASS MF731Cdw;102A - Internal Components 2 (100V, 120V);FE8-0014-000;PLATE, USB, GROUNDING;
Canon;Canon Color imageCLASS MF731Cdw;102A - Internal Components 2 (100V, 120V);FM1-R870-000;USB RELAY PCB ASSEMBLY;
Canon;Canon Color imageCLASS MF731Cdw;102A - Internal Components 2 (100V, 120V);FM1-P474-000;FIXING POWER SUPPLY PCB ASSY;
Canon;Canon Color imageCLASS MF731Cdw;102A - Internal Components 2 (100V, 120V);FM1-Z821-000;L.V. POWER SUPPLY PCB ASSY;
Canon;Canon Color imageCLASS MF731Cdw;102A - Internal Components 2 (100V, 120V);XA9-1671-000;SCREW, D, M3X8;
Canon;Canon Color imageCLASS MF731Cdw;102A - Internal Components 2 (100V, 120V);XA9-1835-000;SCREW, D, M3X6;
Canon;Canon Color imageCLASS MF731Cdw;102A - Internal Components 2 (100V, 120V);FK4-4092-000;CABLE, MADRID HDMI;
Canon;Canon Color imageCLASS MF731Cdw;102A - Internal Components 2 (100V, 120V);NPN;INTERNAL COMPONENTS 2;100V, 120V
Canon;Canon Color imageCLASS MF731Cdw;102B - Internal Components 2 (230V);RM2-8661 -000;CABLE, FLEXIBLE FLAT;
Canon;Canon Color imageCLASS MF731Cdw;102B - Internal Components 2 (230V);FK4-4315-000;FAN;FM1
Canon;Canon Color imageCLASS MF731Cdw;102B - Internal Components 2 (230V);RM2-7369-000;DRIVER PCB ASSY;
Canon;Canon Color imageCLASS MF731Cdw;102B - Internal Components 2 (230V);XA9-1420-000;SCREW, W/WASHER, M3X8;
Canon;Canon Color imageCLASS MF731Cdw;102B - Internal Components 2 (230V);FE8-0014-000;PLATE, USB, GROUNDING;
Canon;Canon Color imageCLASS MF731Cdw;102B - Internal Components 2 (230V);FM1-R870-000;USB RELAY PCB ASSEMBLY;
Canon;Canon Color imageCLASS MF731Cdw;102B - Internal Components 2 (230V);FM1-P443-000;FIXING POWER SUPPLY PCB ASSY;
Canon;Canon Color imageCLASS MF731Cdw;102B - Internal Components 2 (230V);FM1-Z822-000;L.V. POWER SUPPLY PCB ASSY;
Canon;Canon Color imageCLASS MF731Cdw;102B - Internal Components 2 (230V);XA9-1671-000;SCREW, D, M3X8;
Canon;Canon Color imageCLASS MF731Cdw;102B - Internal Components 2 (230V);XA9-1835-000;SCREW, D, M3X6;
Canon;Canon Color imageCLASS MF731Cdw;102B - Internal Components 2 (230V);FK4-4092-000;CABLE, MADRID HDMI;
Canon;Canon Color imageCLASS MF731Cdw;102B - Internal Components 2 (230V);NPN;INTERNAL COMPONENTS 2;230V
Canon;Canon Color imageCLASS MF731Cdw;103 - Internal Components 3;RL1 -2593-000;ROLLER, PAPER PICK-UP;
Canon;Canon Color imageCLASS MF731Cdw;103 - Internal Components 3;RM2-6377-000;CASSETTE ASSY;
Canon;Canon Color imageCLASS MF731Cdw;103 - Internal Components 3;RM2-6406-000;SEPARATION PAD ASSY;
Canon;Canon Color imageCLASS MF731Cdw;103 - Internal Components 3;RM2-6454-000;INTERMEDIATE TRANS. BELT ASSY;SW4, SL30
Canon;Canon Color imageCLASS MF731Cdw;103 - Internal Components 3;RM2-7342-000;DRUM MOTOR ASSY;M2
Canon;Canon Color imageCLASS MF731Cdw;103 - Internal Components 3;RM2-7344-000;DEVELOPING MOTOR ASSY;M3
Canon;Canon Color imageCLASS MF731Cdw;103 - Internal Components 3;RM2-7349-000;FIXING MOTOR ASSY;M4
Canon;Canon Color imageCLASS MF731Cdw;103 - Internal Components 3;RM2-7376-000;ENVIRONMENT SENSOR PCB ASSY;
Canon;Canon Color imageCLASS MF731Cdw;103 - Internal Components 3;RM2-7399-000;DENSITY DETECT SENSOR ASSY;
Canon;Canon Color imageCLASS MF731Cdw;103 - Internal Components 3;WG8-5935-000;IC, PHOTO INTERRUPTER;SR6
Canon;Canon Color imageCLASS MF731Cdw;103 - Internal Components 3;FU2-1958-000;LABEL, CASSETTE OPERATOR;
Canon;Canon Color imageCLASS MF731Cdw;103 - Internal Components 3;XA9-1671-000;SCREW, D, M3X8;
Canon;Canon Color imageCLASS MF731Cdw;103 - Internal Components 3;XA9-1835-000;SCREW, D, M3X6;
Canon;Canon Color imageCLASS MF731Cdw;103 - Internal Components 3;NPN;INTERNAL COMPONENTS 3;
Canon;Canon Color imageCLASS MF731Cdw;104 - Internal Components 4;RM2-5576-000;PAPER PICK-UP ROLLER ASSY;
Canon;Canon Color imageCLASS MF731Cdw;104 - Internal Components 4;RM2-5577-000;FEED ROLLER ASSY;
Canon;Canon Color imageCLASS MF731Cdw;104 - Internal Components 4;RM2-5881-000;SEPARATION ROLLER ASSY;
Canon;Canon Color imageCLASS MF731Cdw;104 - Internal Components 4;RM2-6366-000;FEED GUIDE ASSY, REAR;
Canon;Canon Color imageCLASS MF731Cdw;104 - Internal Components 4;RM2-6368-000;FEED GUIDE ASSY, FRONT;SR5, SR7, SR8
Canon;Canon Color imageCLASS MF731Cdw;104 - Internal Components 4;RM2-6370-000;LIFTER DRIVE ASSY;SL5
Canon;Canon Color imageCLASS MF731Cdw;104 - Internal Components 4;RM2-6372-000;PAPER PICK-UP ASSY;
Canon;Canon Color imageCLASS MF731Cdw;104 - Internal Components 4;RM2-6374-000;REGISTRATION ASSY;SR1
Canon;Canon Color imageCLASS MF731Cdw;104 - Internal Components 4;RM2-6401 -000;CARTRIDGE TRAY ASSY;
Canon;Canon Color imageCLASS MF731Cdw;104 - Internal Components 4;RM2-7350-000;PICK-UP MOTOR ASSY;M1
Canon;Canon Color imageCLASS MF731Cdw;104 - Internal Components 4;XA9-1671-000;SCREW, D, M3X8;
Canon;Canon Color imageCLASS MF731Cdw;104 - Internal Components 4;XA9-1835-000;SCREW, D, M3X6;
Canon;Canon Color imageCLASS MF731Cdw;104 - Internal Components 4;NPN;INTERNAL COMPONENTS 4;
Canon;Canon Color imageCLASS MF731Cdw;105B - Internal Components 5 (230V);RM2-6435-000;FIXING ASSY;H240, FU1, TH801, TH802, TH803, SR2, SR3, SR4, SR21, SL10, SW5
Canon;Canon Color imageCLASS MF731Cdw;105B - Internal Components 5 (230V);FU2-1963-000;LABEL, HIGH TMP. CAUTION;
Canon;Canon Color imageCLASS MF731Cdw;105B - Internal Components 5 (230V);RM2-6387-000;PAPER RE-PICK UP ASSY;CL1, SR22
Canon;Canon Color imageCLASS MF731Cdw;105B - Internal Components 5 (230V);RM2-6389-000;REVERSE DRIVE ASSY;
Canon;Canon Color imageCLASS MF731Cdw;105B - Internal Components 5 (230V);RM2-6397-000;SECONDARY TRANSFER ASSY;
Canon;Canon Color imageCLASS MF731Cdw;105B - Internal Components 5 (230V);RM2-6455-000;2ND TRANSFER ROLLER ASSY;
Canon;Canon Color imageCLASS MF731Cdw;105B - Internal Components 5 (230V);XA9-1671-000;SCREW, D, M3X8;
Canon;Canon Color imageCLASS MF731Cdw;105B - Internal Components 5 (230V);XA9-1835-000;SCREW, D, M3X6;
Canon;Canon Color imageCLASS MF731Cdw;105B - Internal Components 5 (230V);NPN;INTERNAL COMPONENTS 5;230V
Canon;Canon Color imageCLASS MF731Cdw;105C - Internal Components 5 (120V);RM2-6418-000;FIXING ASSY;H120, FU1, TH801, TH802, TH803, SR2, SR3, SR4, SR21, SL10, SW5
Canon;Canon Color imageCLASS MF731Cdw;105C - Internal Components 5 (120V);FU2-1963-000;LABEL, HIGH TMP. CAUTION;
Canon;Canon Color imageCLASS MF731Cdw;105C - Internal Components 5 (120V);RM2-6387-000;PAPER RE-PICK UP ASSY;CL1, SR22
Canon;Canon Color imageCLASS MF731Cdw;105C - Internal Components 5 (120V);RM2-6389-000;REVERSE DRIVE ASSY;
Canon;Canon Color imageCLASS MF731Cdw;105C - Internal Components 5 (120V);RM2-6397-000;SECONDARY TRANSFER ASSY;
Canon;Canon Color imageCLASS MF731Cdw;105C - Internal Components 5 (120V);RM2-6455-000;2ND TRANSFER ROLLER ASSY;
Canon;Canon Color imageCLASS MF731Cdw;105C - Internal Components 5 (120V);XA9-1671-000;SCREW, D, M3X8;
Canon;Canon Color imageCLASS MF731Cdw;105C - Internal Components 5 (120V);XA9-1835-000;SCREW, D, M3X6;
Canon;Canon Color imageCLASS MF731Cdw;105C - Internal Components 5 (120V);NPN;INTERNAL COMPONENTS 5;120V
Canon;Canon Color imageCLASS MF731Cdw;160A - Reader / ADF (Single Pass ADF);FK4-4057-000;CABLE, FLAT;
Canon;Canon Color imageCLASS MF731Cdw;160A - Reader / ADF (Single Pass ADF);FE8-3469-000;SHEET, WHITE;
Canon;Canon Color imageCLASS MF731Cdw;160A - Reader / ADF (Single Pass ADF);FE8-3474-000;COVER, REAR;
Canon;Canon Color imageCLASS MF731Cdw;160A - Reader / ADF (Single Pass ADF);FE8-3475-000;COVER, FRONT;
Canon;Canon Color imageCLASS MF731Cdw;160A - Reader / ADF (Single Pass ADF);FE8-3636-000;RING, E;
Canon;Canon Color imageCLASS MF731Cdw;160A - Reader / ADF (Single Pass ADF);FE8-3643-000;BUSHING;
Canon;Canon Color imageCLASS MF731Cdw;160A - Reader / ADF (Single Pass ADF);FE8-3644-000;SPRING, LEAF;
Canon;Canon Color imageCLASS MF731Cdw;160A - Reader / ADF (Single Pass ADF);FL1-2517-000;PANEL, OPEN/CLOSE;
Canon;Canon Color imageCLASS MF731Cdw;160A - Reader / ADF (Single Pass ADF);FM1-N703-000;SEPARATION ROLLER ASSEMBLY;
Canon;Canon Color imageCLASS MF731Cdw;160A - Reader / ADF (Single Pass ADF);FC8-9251-000;ROLLER, PICK-UP;
Canon;Canon Color imageCLASS MF731Cdw;160A - Reader / ADF (Single Pass ADF);FL3-1023-000;ROLLER, SEPARATION;
Canon;Canon Color imageCLASS MF731Cdw;160A - Reader / ADF (Single Pass ADF);FU2-1865-000;GEAR, 23T;
Canon;Canon Color imageCLASS MF731Cdw;160A - Reader / ADF (Single Pass ADF);FU2-1902-000;BUSHING;
Canon;Canon Color imageCLASS MF731Cdw;160A - Reader / ADF (Single Pass ADF);FU2-1903-000;SPRING, COMPRESSION;
Canon;Canon Color imageCLASS MF731Cdw;160A - Reader / ADF (Single Pass ADF);FE8-3462-000;GUIDE, CABLE;
Canon;Canon Color imageCLASS MF731Cdw;160A - Reader / ADF (Single Pass ADF);FL1-1411 -000;HINGE;
Canon;Canon Color imageCLASS MF731Cdw;160A - Reader / ADF (Single Pass ADF);FE8-3467-000;COVER, LOWER;
Canon;Canon Color imageCLASS MF731Cdw;160A - Reader / ADF (Single Pass ADF);FE8-4189-000;CAP;
Canon;Canon Color imageCLASS MF731Cdw;160A - Reader / ADF (Single Pass ADF);FM1-P584-000;PAPER FEED GUIDE ASSEMBLY;
Canon;Canon Color imageCLASS MF731Cdw;160A - Reader / ADF (Single Pass ADF);FM1-N711 -000;DOCUMENT TRAY ASSEMBLY;
Canon;Canon Color imageCLASS MF731Cdw;160A - Reader / ADF (Single Pass ADF);FE8-4191-000;LABEL, DOCUMENT SIZE;
Canon;Canon Color imageCLASS MF731Cdw;160A - Reader / ADF (Single Pass ADF);FM1-X901-000;CABLE, SIGNAL, DF, 1;
Canon;Canon Color imageCLASS MF731Cdw;160A - Reader / ADF (Single Pass ADF);FM1-X904-000;CABLE, READER SIGNAL, 2;
Canon;Canon Color imageCLASS MF731Cdw;160A - Reader / ADF (Single Pass ADF);FM1-X906-000;CABLE, GROUNDING;
Canon;Canon Color imageCLASS MF731Cdw;160A - Reader / ADF (Single Pass ADF);XA9-0476-000;SCREW,TP M3X8;
Canon;Canon Color imageCLASS MF731Cdw;160A - Reader / ADF (Single Pass ADF);XA9-1503-000;SCREW, TAP, M3X6;
Canon;Canon Color imageCLASS MF731Cdw;160A - Reader / ADF (Single Pass ADF);XA9-1671-000;SCREW, D, M3X8;
Canon;Canon Color imageCLASS MF731Cdw;160A - Reader / ADF (Single Pass ADF);NPN;READER/ADF ASSEMBLY;SINGLE PASS ADF model
Canon;Canon Color imageCLASS MF731Cdw;160B - Reader / ADF (Single Side ADF);FK4-4052-000;CABLE, FLAT;
Canon;Canon Color imageCLASS MF731Cdw;160B - Reader / ADF (Single Side ADF);FE8-3469-000;SHEET, WHITE;
Canon;Canon Color imageCLASS MF731Cdw;160B - Reader / ADF (Single Side ADF);FE8-3474-000;COVER, REAR;
Canon;Canon Color imageCLASS MF731Cdw;160B - Reader / ADF (Single Side ADF);FE8-3475-000;COVER, FRONT;
Canon;Canon Color imageCLASS MF731Cdw;160B - Reader / ADF (Single Side ADF);FE8-3636-000;RING, E;
Canon;Canon Color imageCLASS MF731Cdw;160B - Reader / ADF (Single Side ADF);FE8-3643-000;BUSHING;
Canon;Canon Color imageCLASS MF731Cdw;160B - Reader / ADF (Single Side ADF);FE8-3644-000;SPRING, LEAF;
Canon;Canon Color imageCLASS MF731Cdw;160B - Reader / ADF (Single Side ADF);FL1-2517-000;PANEL, OPEN/CLOSE;
Canon;Canon Color imageCLASS MF731Cdw;160B - Reader / ADF (Single Side ADF);FM1-N703-000;SEPARATION ROLLER ASSEMBLY;
Canon;Canon Color imageCLASS MF731Cdw;160B - Reader / ADF (Single Side ADF);FC8-9251-000;ROLLER, PICK-UP;
Canon;Canon Color imageCLASS MF731Cdw;160B - Reader / ADF (Single Side ADF);FL3-1023-000;ROLLER, SEPARATION;
Canon;Canon Color imageCLASS MF731Cdw;160B - Reader / ADF (Single Side ADF);FU2-1865-000;GEAR, 23T;
Canon;Canon Color imageCLASS MF731Cdw;160B - Reader / ADF (Single Side ADF);FU2-1902-000;BUSHING;
Canon;Canon Color imageCLASS MF731Cdw;160B - Reader / ADF (Single Side ADF);FU2-1903-000;SPRING, COMPRESSION;
Canon;Canon Color imageCLASS MF731Cdw;160B - Reader / ADF (Single Side ADF);FE8-3462-000;GUIDE, CABLE;
Canon;Canon Color imageCLASS MF731Cdw;160B - Reader / ADF (Single Side ADF);FL1-1411 -000;HINGE;
Canon;Canon Color imageCLASS MF731Cdw;160B - Reader / ADF (Single Side ADF);FE8-3467-000;COVER, LOWER;
Canon;Canon Color imageCLASS MF731Cdw;160B - Reader / ADF (Single Side ADF);FE8-4189-000;CAP;
Canon;Canon Color imageCLASS MF731Cdw;160B - Reader / ADF (Single Side ADF);FM1-P584-000;PAPER FEED GUIDE ASSEMBLY;
Canon;Canon Color imageCLASS MF731Cdw;160B - Reader / ADF (Single Side ADF);FM1-N711 -000;DOCUMENT TRAY ASSEMBLY;
Canon;Canon Color imageCLASS MF731Cdw;160B - Reader / ADF (Single Side ADF);FE8-4191-000;LABEL, DOCUMENT SIZE;
Canon;Canon Color imageCLASS MF731Cdw;160B - Reader / ADF (Single Side ADF);FM1-X901-000;CABLE, SIGNAL, DF, 1;
Canon;Canon Color imageCLASS MF731Cdw;160B - Reader / ADF (Single Side ADF);FM1-X904-000;CABLE, READER SIGNAL, 2;
Canon;Canon Color imageCLASS MF731Cdw;160B - Reader / ADF (Single Side ADF);FM1-X906-000;CABLE, GROUNDING;
Canon;Canon Color imageCLASS MF731Cdw;160B - Reader / ADF (Single Side ADF);XA9-0476-000;SCREW,TP M3X8;
Canon;Canon Color imageCLASS MF731Cdw;160B - Reader / ADF (Single Side ADF);XA9-1503-000;SCREW, TAP, M3X6;
Canon;Canon Color imageCLASS MF731Cdw;160B - Reader / ADF (Single Side ADF);XA9-1671-000;SCREW, D, M3X8;
Canon;Canon Color imageCLASS MF731Cdw;160B - Reader / ADF (Single Side ADF);NPN;READER/ADF ASSEMBLY;SINGLE SIDE ADF model
Canon;Canon Color imageCLASS MF731Cdw;161A - Paper Feeder (Single Pass ADF);FM1-N704-000;GUIDE ASSEMBLY, UPPER;
Canon;Canon Color imageCLASS MF731Cdw;161A - Paper Feeder (Single Pass ADF);FE8-3440-000;ROLLER;
Canon;Canon Color imageCLASS MF731Cdw;161A - Paper Feeder (Single Pass ADF);FE8-3444-000;FLAG,SENSOR;
Canon;Canon Color imageCLASS MF731Cdw;161A - Paper Feeder (Single Pass ADF);FE8-3645-000;STOPPER, DOCUMENT;
Canon;Canon Color imageCLASS MF731Cdw;161A - Paper Feeder (Single Pass ADF);FL1-2518-000;GUIDE, UPPER;
Canon;Canon Color imageCLASS MF731Cdw;161A - Paper Feeder (Single Pass ADF);FM1-P580-000;SEPARATION PAD ASSEMBLY;
Canon;Canon Color imageCLASS MF731Cdw;161A - Paper Feeder (Single Pass ADF);FU2-1875-000;SHAFT, TRANSMISSION;
Canon;Canon Color imageCLASS MF731Cdw;161A - Paper Feeder (Single Pass ADF);FU2-1904-000;SPRING, TORSION;
Canon;Canon Color imageCLASS MF731Cdw;161A - Paper Feeder (Single Pass ADF);FU2-1905-000;SPRING, COMPRESSION;
Canon;Canon Color imageCLASS MF731Cdw;161A - Paper Feeder (Single Pass ADF);FU2-1906-000;ROLLER, AUXILIARY;
Canon;Canon Color imageCLASS MF731Cdw;161A - Paper Feeder (Single Pass ADF);FU2-1922-000;SPRING, COMPRESSION;
Canon;Canon Color imageCLASS MF731Cdw;161A - Paper Feeder (Single Pass ADF);XA9-0476-000;SCREW,TP M3X8;
Canon;Canon Color imageCLASS MF731Cdw;161A - Paper Feeder (Single Pass ADF);FM1-T412-000;PAPER FEEDER ASSEMBLY SET;
Canon;Canon Color imageCLASS MF731Cdw;161A - Paper Feeder (Single Pass ADF);FE8-3446-000;GUIDE, PAPER DELIVERY;
Canon;Canon Color imageCLASS MF731Cdw;161A - Paper Feeder (Single Pass ADF);FE8-3448-000;FLAG,SENSOR;
Canon;Canon Color imageCLASS MF731Cdw;161A - Paper Feeder (Single Pass ADF);FE8-3458-000;BUSHING;
Canon;Canon Color imageCLASS MF731Cdw;161A - Paper Feeder (Single Pass ADF);FE8-3459-000;PLATE, GROUNDING;
Canon;Canon Color imageCLASS MF731Cdw;161A - Paper Feeder (Single Pass ADF);FE8-3460-000;PLATE, GROUNDING;
Canon;Canon Color imageCLASS MF731Cdw;161A - Paper Feeder (Single Pass ADF);FE8-3636-000;RING, E;
Canon;Canon Color imageCLASS MF731Cdw;161A - Paper Feeder (Single Pass ADF);FE8-3655-000;STOPPER, RATCHET SPRING;
Canon;Canon Color imageCLASS MF731Cdw;161A - Paper Feeder (Single Pass ADF);FE8-3656-000;RATCHET, PAPER FEED ROLLER;
Canon;Canon Color imageCLASS MF731Cdw;161A - Paper Feeder (Single Pass ADF);FE8-3657-000;LEVER, RELEASE;
Canon;Canon Color imageCLASS MF731Cdw;161A - Paper Feeder (Single Pass ADF);FL1-1367-000;ROLLER, PAPER FEED;
Canon;Canon Color imageCLASS MF731Cdw;161A - Paper Feeder (Single Pass ADF);FL1-1369-000;SHEET, GUIDE;
Canon;Canon Color imageCLASS MF731Cdw;161A - Paper Feeder (Single Pass ADF);FM1-N407-000;ROLLER, PAPER DELIVERY;
Canon;Canon Color imageCLASS MF731Cdw;161A - Paper Feeder (Single Pass ADF);FM1-N709-000;MOTOR DRIVE ASSY;M11
Canon;Canon Color imageCLASS MF731Cdw;161A - Paper Feeder (Single Pass ADF);FM1-X902-000;CABLE, SIGNAL, DF, 2;
Canon;Canon Color imageCLASS MF731Cdw;161A - Paper Feeder (Single Pass ADF);VS1-7207-006;CONNECTOR, SNAP TIGHT;
Canon;Canon Color imageCLASS MF731Cdw;161A - Paper Feeder (Single Pass ADF);FM1-X903-000;CABLE, SENSOR;
Canon;Canon Color imageCLASS MF731Cdw;161A - Paper Feeder (Single Pass ADF);FM1-X906-000;CABLE, GROUNDING;
Canon;Canon Color imageCLASS MF731Cdw;161A - Paper Feeder (Single Pass ADF);FU2-1867-000;GEAR, 67T;
Canon;Canon Color imageCLASS MF731Cdw;161A - Paper Feeder (Single Pass ADF);FU2-1869-000;GEAR, 25T;
Canon;Canon Color imageCLASS MF731Cdw;161A - Paper Feeder (Single Pass ADF);FU2-1870-000;GEAR, 38T;
Canon;Canon Color imageCLASS MF731Cdw;161A - Paper Feeder (Single Pass ADF);FU2-1902-000;BUSHING;
Canon;Canon Color imageCLASS MF731Cdw;161A - Paper Feeder (Single Pass ADF);FU2-1907-000;SPRING, TENSION;
Canon;Canon Color imageCLASS MF731Cdw;161A - Paper Feeder (Single Pass ADF);FU2-1908-000;SPRING, COMPRESSION;
Canon;Canon Color imageCLASS MF731Cdw;161A - Paper Feeder (Single Pass ADF);WG8-5935-000;IC, PHOTO INTERRUPTER;SR9, SR10
Canon;Canon Color imageCLASS MF731Cdw;161A - Paper Feeder (Single Pass ADF);FK4-4053-000;CABLE, FLAT;
Canon;Canon Color imageCLASS MF731Cdw;161A - Paper Feeder (Single Pass ADF);FE8-3450-000;HOLDER, CONTACT IMAGE SENSOR;
Canon;Canon Color imageCLASS MF731Cdw;161A - Paper Feeder (Single Pass ADF);FL1-2502-000;GLASS HOLDER UNIT;
Canon;Canon Color imageCLASS MF731Cdw;161A - Paper Feeder (Single Pass ADF);FU2-1924-000;SPRING, COMPRESSION;
Canon;Canon Color imageCLASS MF731Cdw;161A - Paper Feeder (Single Pass ADF);FM1-T027-000;CONTACT IMAGE SENSOR SET;CIS
Canon;Canon Color imageCLASS MF731Cdw;161A - Paper Feeder (Single Pass ADF);FL1-4365-000;SHEET, WHITE;
Canon;Canon Color imageCLASS MF731Cdw;161A - Paper Feeder (Single Pass ADF);NPN;PAPER FEEDER ASSEMBLY;SINGLE PASS ADF model
Canon;Canon Color imageCLASS MF731Cdw;161B - Paper Feeder (Single Side ADF);FM1-N704-000;GUIDE ASSEMBLY, UPPER;
Canon;Canon Color imageCLASS MF731Cdw;161B - Paper Feeder (Single Side ADF);FE8-3440-000;ROLLER;
Canon;Canon Color imageCLASS MF731Cdw;161B - Paper Feeder (Single Side ADF);FE8-3444-000;FLAG,SENSOR;
Canon;Canon Color imageCLASS MF731Cdw;161B - Paper Feeder (Single Side ADF);FE8-3645-000;STOPPER, DOCUMENT;
Canon;Canon Color imageCLASS MF731Cdw;161B - Paper Feeder (Single Side ADF);FL1-2518-000;GUIDE, UPPER;
Canon;Canon Color imageCLASS MF731Cdw;161B - Paper Feeder (Single Side ADF);FM1-P580-000;SEPARATION PAD ASSEMBLY;
Canon;Canon Color imageCLASS MF731Cdw;161B - Paper Feeder (Single Side ADF);FU2-1875-000;SHAFT, TRANSMISSION;
Canon;Canon Color imageCLASS MF731Cdw;161B - Paper Feeder (Single Side ADF);FU2-1904-000;SPRING, TORSION;
Canon;Canon Color imageCLASS MF731Cdw;161B - Paper Feeder (Single Side ADF);FU2-1905-000;SPRING, COMPRESSION;
Canon;Canon Color imageCLASS MF731Cdw;161B - Paper Feeder (Single Side ADF);FU2-1906-000;ROLLER, AUXILIARY;
Canon;Canon Color imageCLASS MF731Cdw;161B - Paper Feeder (Single Side ADF);FU2-1922-000;SPRING, COMPRESSION;
Canon;Canon Color imageCLASS MF731Cdw;161B - Paper Feeder (Single Side ADF);XA9-0476-000;SCREW,TP M3X8;
Canon;Canon Color imageCLASS MF731Cdw;161B - Paper Feeder (Single Side ADF);FM1-N706-000;PAPER FEEDER ASSEMBLY;
Canon;Canon Color imageCLASS MF731Cdw;161B - Paper Feeder (Single Side ADF);FE8-3446-000;GUIDE, PAPER DELIVERY;
Canon;Canon Color imageCLASS MF731Cdw;161B - Paper Feeder (Single Side ADF);FE8-3448-000;FLAG,SENSOR;
Canon;Canon Color imageCLASS MF731Cdw;161B - Paper Feeder (Single Side ADF);FE8-3458-000;BUSHING;
Canon;Canon Color imageCLASS MF731Cdw;161B - Paper Feeder (Single Side ADF);FE8-3459-000;PLATE, GROUNDING;
Canon;Canon Color imageCLASS MF731Cdw;161B - Paper Feeder (Single Side ADF);FE8-3460-000;PLATE, GROUNDING;
Canon;Canon Color imageCLASS MF731Cdw;161B - Paper Feeder (Single Side ADF);FE8-3636-000;RING, E;
Canon;Canon Color imageCLASS MF731Cdw;161B - Paper Feeder (Single Side ADF);FE8-3655-000;STOPPER, RATCHET SPRING;
Canon;Canon Color imageCLASS MF731Cdw;161B - Paper Feeder (Single Side ADF);FE8-3656-000;RATCHET, PAPER FEED ROLLER;
Canon;Canon Color imageCLASS MF731Cdw;161B - Paper Feeder (Single Side ADF);FE8-3657-000;LEVER, RELEASE;
Canon;Canon Color imageCLASS MF731Cdw;161B - Paper Feeder (Single Side ADF);FL1-1367-000;ROLLER, PAPER FEED;
Canon;Canon Color imageCLASS MF731Cdw;161B - Paper Feeder (Single Side ADF);FL1-1369-000;SHEET, GUIDE;
Canon;Canon Color imageCLASS MF731Cdw;161B - Paper Feeder (Single Side ADF);FM1-N407-000;ROLLER, PAPER DELIVERY;
Canon;Canon Color imageCLASS MF731Cdw;161B - Paper Feeder (Single Side ADF);FM1-N709-000;MOTOR DRIVE ASSY;M11
Canon;Canon Color imageCLASS MF731Cdw;161B - Paper Feeder (Single Side ADF);FM1-X902-000;CABLE, SIGNAL, DF, 2;
Canon;Canon Color imageCLASS MF731Cdw;161B - Paper Feeder (Single Side ADF);VS1-7207-006;CONNECTOR, SNAP TIGHT;
Canon;Canon Color imageCLASS MF731Cdw;161B - Paper Feeder (Single Side ADF);FM1-X903-000;CABLE, SENSOR;
Canon;Canon Color imageCLASS MF731Cdw;161B - Paper Feeder (Single Side ADF);FM1-X906-000;CABLE, GROUNDING;
Canon;Canon Color imageCLASS MF731Cdw;161B - Paper Feeder (Single Side ADF);FU2-1867-000;GEAR, 67T;
Canon;Canon Color imageCLASS MF731Cdw;161B - Paper Feeder (Single Side ADF);FU2-1869-000;GEAR, 25T;
Canon;Canon Color imageCLASS MF731Cdw;161B - Paper Feeder (Single Side ADF);FU2-1870-000;GEAR, 38T;
Canon;Canon Color imageCLASS MF731Cdw;161B - Paper Feeder (Single Side ADF);FU2-1902-000;BUSHING;
Canon;Canon Color imageCLASS MF731Cdw;161B - Paper Feeder (Single Side ADF);FU2-1907-000;SPRING, TENSION;
Canon;Canon Color imageCLASS MF731Cdw;161B - Paper Feeder (Single Side ADF);FU2-1908-000;SPRING, COMPRESSION;
Canon;Canon Color imageCLASS MF731Cdw;161B - Paper Feeder (Single Side ADF);WG8-5935-000;IC, PHOTO INTERRUPTER;SR9, SR10
Canon;Canon Color imageCLASS MF731Cdw;161B - Paper Feeder (Single Side ADF);FU2-1923-000;SPRING, COMPRESSION;
Canon;Canon Color imageCLASS MF731Cdw;161B - Paper Feeder (Single Side ADF);FM1-N708-000;HOLDER UNIT;
Canon;Canon Color imageCLASS MF731Cdw;161B - Paper Feeder (Single Side ADF);NPN;PAPER FEEDER ASSEMBLY;SINGLE SIDE ADF model
Canon;Canon Color imageCLASS MF731Cdw;400B - Reader (ADF, 230V, LTN, AU, SG, HK, IN);FE8-3486-000;PLATE, GROUNDING;
Canon;Canon Color imageCLASS MF731Cdw;400B - Reader (ADF, 230V, LTN, AU, SG, HK, IN);FE8-3479-000;SPACER, CIS;
Canon;Canon Color imageCLASS MF731Cdw;400B - Reader (ADF, 230V, LTN, AU, SG, HK, IN);FE8-3582-000;BELT, TIMING;
Canon;Canon Color imageCLASS MF731Cdw;400B - Reader (ADF, 230V, LTN, AU, SG, HK, IN);FK4-4050-000;CONTACT IMAGE SENSOR, FA106H-01;CIS
Canon;Canon Color imageCLASS MF731Cdw;400B - Reader (ADF, 230V, LTN, AU, SG, HK, IN);FK4-4051-000;CABLE, FLAT;
Canon;Canon Color imageCLASS MF731Cdw;400B - Reader (ADF, 230V, LTN, AU, SG, HK, IN);FL1-1412-000;PULLEY UNIT;
Canon;Canon Color imageCLASS MF731Cdw;400B - Reader (ADF, 230V, LTN, AU, SG, HK, IN);FM1-N718-000;DC MOTOR ASSEMBLY;M5
Canon;Canon Color imageCLASS MF731Cdw;400B - Reader (ADF, 230V, LTN, AU, SG, HK, IN);FM1-X905-000;CABLE, READER SIGNAL, 1;
Canon;Canon Color imageCLASS MF731Cdw;400B - Reader (ADF, 230V, LTN, AU, SG, HK, IN);VS1-7177-004;CONNECTOR, SNAP TIGHT, BK;
Canon;Canon Color imageCLASS MF731Cdw;400B - Reader (ADF, 230V, LTN, AU, SG, HK, IN);WG8-5935-000;IC, PHOTO INTERRUPTER;SR11
Canon;Canon Color imageCLASS MF731Cdw;400B - Reader (ADF, 230V, LTN, AU, SG, HK, IN);FM1-N720-000;COPY BOARD GLASS UNIT;
Canon;Canon Color imageCLASS MF731Cdw;400B - Reader (ADF, 230V, LTN, AU, SG, HK, IN);FE8-4192-000;LABEL, WIDTH SIZE;
Canon;Canon Color imageCLASS MF731Cdw;400B - Reader (ADF, 230V, LTN, AU, SG, HK, IN);FM1-X900-000;CONNECTING PCB ASSEMBLY;
Canon;Canon Color imageCLASS MF731Cdw;400B - Reader (ADF, 230V, LTN, AU, SG, HK, IN);XA9-0476-000;SCREW,TP M3X8;
Canon;Canon Color imageCLASS MF731Cdw;400B - Reader (ADF, 230V, LTN, AU, SG, HK, IN);XA9-1503-000;SCREW, TAP, M3X6;
Canon;Canon Color imageCLASS MF731Cdw;400B - Reader (ADF, 230V, LTN, AU, SG, HK, IN);FE8-4198-000;LABEL, COPY PROHIBITION;SEE NOTE
Canon;Canon Color imageCLASS MF731Cdw;400B - Reader (ADF, 230V, LTN, AU, SG, HK, IN);FE8-4196-000;LABEL, GLASS CLEANING;SEE NOTE
Canon;Canon Color imageCLASS MF731Cdw;400B - Reader (ADF, 230V, LTN, AU, SG, HK, IN);FM1-T598-000;READER ASSEMBLY;ADF model 230V LTN, AU, SG, HK, IN SEE NOTE
Canon;Canon Color imageCLASS MF731Cdw;400C - Reader (ADF, 120V, US, CA, LTN);FE8-3486-000;PLATE, GROUNDING;
Canon;Canon Color imageCLASS MF731Cdw;400C - Reader (ADF, 120V, US, CA, LTN);FE8-3479-000;SPACER, CIS;
Canon;Canon Color imageCLASS MF731Cdw;400C - Reader (ADF, 120V, US, CA, LTN);FE8-3582-000;BELT, TIMING;
Canon;Canon Color imageCLASS MF731Cdw;400C - Reader (ADF, 120V, US, CA, LTN);FK4-4050-000;CONTACT IMAGE SENSOR, FA106H-01;CIS
Canon;Canon Color imageCLASS MF731Cdw;400C - Reader (ADF, 120V, US, CA, LTN);FK4-4051-000;CABLE, FLAT;
Canon;Canon Color imageCLASS MF731Cdw;400C - Reader (ADF, 120V, US, CA, LTN);FL1-1412-000;PULLEY UNIT;
Canon;Canon Color imageCLASS MF731Cdw;400C - Reader (ADF, 120V, US, CA, LTN);FM1-N718-000;DC MOTOR ASSEMBLY;M5
Canon;Canon Color imageCLASS MF731Cdw;400C - Reader (ADF, 120V, US, CA, LTN);FM1-X905-000;CABLE, READER SIGNAL, 1;
Canon;Canon Color imageCLASS MF731Cdw;400C - Reader (ADF, 120V, US, CA, LTN);VS1-7177-004;CONNECTOR, SNAP TIGHT, BK;
Canon;Canon Color imageCLASS MF731Cdw;400C - Reader (ADF, 120V, US, CA, LTN);WG8-5935-000;IC, PHOTO INTERRUPTER;SR11
Canon;Canon Color imageCLASS MF731Cdw;400C - Reader (ADF, 120V, US, CA, LTN);FM1-N720-000;COPY BOARD GLASS UNIT;
Canon;Canon Color imageCLASS MF731Cdw;400C - Reader (ADF, 120V, US, CA, LTN);FE8-4192-000;LABEL, WIDTH SIZE;
Canon;Canon Color imageCLASS MF731Cdw;400C - Reader (ADF, 120V, US, CA, LTN);FM1-X900-000;CONNECTING PCB ASSEMBLY;
Canon;Canon Color imageCLASS MF731Cdw;400C - Reader (ADF, 120V, US, CA, LTN);XA9-0476-000;SCREW,TP M3X8;
Canon;Canon Color imageCLASS MF731Cdw;400C - Reader (ADF, 120V, US, CA, LTN);XA9-1503-000;SCREW, TAP, M3X6;
Canon;Canon Color imageCLASS MF731Cdw;400C - Reader (ADF, 120V, US, CA, LTN);FE8-4198-000;LABEL, COPY PROHIBITION;SEE NOTE
Canon;Canon Color imageCLASS MF731Cdw;400C - Reader (ADF, 120V, US, CA, LTN);FE8-4194-000;LABEL, GLASS CLEANING;SEE NOTE
Canon;Canon Color imageCLASS MF731Cdw;400C - Reader (ADF, 120V, US, CA, LTN);FM1-T598-000;READER ASSEMBLY;ADF model 120V US, CA, LTN SEE NOTE
