Canon;Canon i-SENSYS MF418x;EXTERNAL COVERS, PANELS, ETC. MF419 1;RM1-6441-000;DUPLEXING PAPER FEED ASSY;
Canon;Canon i-SENSYS MF418x;EXTERNAL COVERS, PANELS, ETC. MF419 1;FE4-8742-000;COVER, UPPER;
Canon;Canon i-SENSYS MF418x;EXTERNAL COVERS, PANELS, ETC. MF419 1;FE4-7938-000;COVER, MULTI FEED;
Canon;Canon i-SENSYS MF418x;EXTERNAL COVERS, PANELS, ETC. MF419 1;FE4-8734-000;COVER, MULTI FEED UPPER;
Canon;Canon i-SENSYS MF418x;EXTERNAL COVERS, PANELS, ETC. MF419 1;FC0-3132-000;COVER, LEFT;
Canon;Canon i-SENSYS MF418x;EXTERNAL COVERS, PANELS, ETC. MF419 1;FL3-5852-000;COVER, FRONT, LEFT;
Canon;Canon i-SENSYS MF418x;EXTERNAL COVERS, PANELS, ETC. MF419 1;FC0-3133-000;COVER, LEFT, REAR;
Canon;Canon i-SENSYS MF418x;EXTERNAL COVERS, PANELS, ETC. MF419 1;FC0-3135-000;COVER, RIGHT;
Canon;Canon i-SENSYS MF418x;EXTERNAL COVERS, PANELS, ETC. MF419 1;FC9-2056-000;COVER, REAR RIGHT;
Canon;Canon i-SENSYS MF418x;EXTERNAL COVERS, PANELS, ETC. MF419 1;FE4-8735-000;COVER, RIGHT, UPPER;
Canon;Canon i-SENSYS MF418x;EXTERNAL COVERS, PANELS, ETC. MF419 1;FC9-8944-000;ELIMINATOR, STATIC CHARGE;
Canon;Canon i-SENSYS MF418x;EXTERNAL COVERS, PANELS, ETC. MF419 1;FC9-2166-000;SHEET, ELES. PREVENTION;
Canon;Canon i-SENSYS MF418x;EXTERNAL COVERS, PANELS, ETC. MF419 1;FC9-8934-000;LABEL, HIGH TMP. CAUTION;
Canon;Canon i-SENSYS MF418x;EXTERNAL COVERS, PANELS, ETC. MF419 1;FC9-8943-000;LABEL, HIGH TMP. CAUTION;
Canon;Canon i-SENSYS MF418x;EXTERNAL COVERS, PANELS, ETC. MF419 1;FC0-3196-000;LABEL, USB;
Canon;Canon i-SENSYS MF418x;EXTERNAL COVERS, PANELS, ETC. MF419 1;RU5-2895-000;SPRING, TENSION;
Canon;Canon i-SENSYS MF418x;EXTERNAL COVERS, PANELS, ETC. MF419 1;HB1-5537-000;SHEET,BLANKING;
Canon;Canon i-SENSYS MF418x;EXTERNAL COVERS, PANELS, ETC. MF419 1;FC9-4897-000;LABEL, SIZE EXCHANGE;
Canon;Canon i-SENSYS MF418x;EXTERNAL COVERS, PANELS, ETC. MF419 1;XA9-1671-000;SCREW, D, M3X8;
Canon;Canon i-SENSYS MF418x;EXTERNAL COVERS, PANELS, ETC. MF419 1;FC9-7005-000;LABEL, PAPER SIZE;
Canon;Canon i-SENSYS MF418x;EXTERNAL COVERS, PANELS, ETC. MF419 1;FM1-D779-000;REAR COVER ASSEMBLY;
Canon;Canon i-SENSYS MF418x;EXTERNAL COVERS, PANELS, ETC. MF419 1;FM3-9793-000;EXPANSION TRAY ASSEMBLY;
Canon;Canon i-SENSYS MF418x;EXTERNAL COVERS, PANELS, ETC. MF419 1;FM1-K249-000;INNER COVER ASSEMBLY;
Canon;Canon i-SENSYS MF418x;EXTERNAL COVERS, PANELS, ETC. MF419 1;FC9-2016-000;COVER, FRONT, LOWER;
Canon;Canon i-SENSYS MF418x;EXTERNAL COVERS, PANELS, ETC. MF419 1;FM1-K205-000;CONTROL PANEL ASSEMBLY;
Canon;Canon i-SENSYS MF418x;EXTERNAL COVERS, PANELS, ETC. MF419 1;FM3-9816-000;HINGE ASSEMBLY;
Canon;Canon i-SENSYS MF418x;EXTERNAL COVERS, PANELS, ETC. MF419 1;RM1-6427-000;MP LIFTING PLATE ASSEMBLY;
Canon;Canon i-SENSYS MF418x;EXTERNAL COVERS, PANELS, ETC. MF419 1;RC2-6273-000;HINGE, MULTI-PURPOSE, RIGHT;
Canon;Canon i-SENSYS MF418x;EXTERNAL COVERS, PANELS, ETC. MF419 1;RC2-8291-000;HINGE, MULTI-PURPOSE, LEFT;
Canon;Canon i-SENSYS MF418x;EXTERNAL COVERS, PANELS, ETC. MF419 1;FM1-N239-000;CONTROL PANEL PCB ASSEMBLY;
Canon;Canon i-SENSYS MF418x;EXTERNAL COVERS, PANELS, ETC. MF419 2;RM1-6441-000;DUPLEXING PAPER FEED ASSY;
Canon;Canon i-SENSYS MF418x;EXTERNAL COVERS, PANELS, ETC. MF419 2;FE4-8742-000;COVER, UPPER;
Canon;Canon i-SENSYS MF418x;EXTERNAL COVERS, PANELS, ETC. MF419 2;FE4-7938-000;COVER, MULTI FEED;
Canon;Canon i-SENSYS MF418x;EXTERNAL COVERS, PANELS, ETC. MF419 2;FE4-8734-000;COVER, MULTI FEED UPPER;
Canon;Canon i-SENSYS MF418x;EXTERNAL COVERS, PANELS, ETC. MF419 2;FC0-3132-000;COVER, LEFT;
Canon;Canon i-SENSYS MF418x;EXTERNAL COVERS, PANELS, ETC. MF419 2;FL3-5852-000;COVER, FRONT, LEFT;
Canon;Canon i-SENSYS MF418x;EXTERNAL COVERS, PANELS, ETC. MF419 2;FC0-3133-000;COVER, LEFT, REAR;
Canon;Canon i-SENSYS MF418x;EXTERNAL COVERS, PANELS, ETC. MF419 2;FC0-3135-000;COVER, RIGHT;
Canon;Canon i-SENSYS MF418x;EXTERNAL COVERS, PANELS, ETC. MF419 2;FC9-2056-000;COVER, REAR RIGHT;
Canon;Canon i-SENSYS MF418x;EXTERNAL COVERS, PANELS, ETC. MF419 2;FE4-8735-000;COVER, RIGHT, UPPER;
Canon;Canon i-SENSYS MF418x;EXTERNAL COVERS, PANELS, ETC. MF419 2;FC9-8944-000;ELIMINATOR, STATIC CHARGE;
Canon;Canon i-SENSYS MF418x;EXTERNAL COVERS, PANELS, ETC. MF419 2;FC9-2166-000;SHEET, ELES. PREVENTION;
Canon;Canon i-SENSYS MF418x;EXTERNAL COVERS, PANELS, ETC. MF419 2;FC9-8934-000;LABEL, HIGH TMP. CAUTION;
Canon;Canon i-SENSYS MF418x;EXTERNAL COVERS, PANELS, ETC. MF419 2;FC9-8943-000;LABEL, HIGH TMP. CAUTION;
Canon;Canon i-SENSYS MF418x;EXTERNAL COVERS, PANELS, ETC. MF419 2;FC0-3196-000;LABEL, USB;
Canon;Canon i-SENSYS MF418x;EXTERNAL COVERS, PANELS, ETC. MF419 2;RU5-2895-000;SPRING, TENSION;
Canon;Canon i-SENSYS MF418x;EXTERNAL COVERS, PANELS, ETC. MF419 2;HB1-5537-000;SHEET,BLANKING;
Canon;Canon i-SENSYS MF418x;EXTERNAL COVERS, PANELS, ETC. MF419 2;FC9-4897-000;LABEL, SIZE EXCHANGE;
Canon;Canon i-SENSYS MF418x;EXTERNAL COVERS, PANELS, ETC. MF419 2;XA9-1671-000;SCREW, D, M3X8;
Canon;Canon i-SENSYS MF418x;EXTERNAL COVERS, PANELS, ETC. MF419 2;FC9-7005-000;LABEL, PAPER SIZE;
Canon;Canon i-SENSYS MF418x;EXTERNAL COVERS, PANELS, ETC. MF419 2;FM1-D779-000;REAR COVER ASSEMBLY;
Canon;Canon i-SENSYS MF418x;EXTERNAL COVERS, PANELS, ETC. MF419 2;FM3-9793-000;EXPANSION TRAY ASSEMBLY;
Canon;Canon i-SENSYS MF418x;EXTERNAL COVERS, PANELS, ETC. MF419 2;FM1-K249-000;INNER COVER ASSEMBLY;
Canon;Canon i-SENSYS MF418x;EXTERNAL COVERS, PANELS, ETC. MF419 2;FC9-2016-000;COVER, FRONT, LOWER;
Canon;Canon i-SENSYS MF418x;EXTERNAL COVERS, PANELS, ETC. MF419 2;FM1-K205-000;CONTROL PANEL ASSEMBLY;
Canon;Canon i-SENSYS MF418x;EXTERNAL COVERS, PANELS, ETC. MF419 2;FM3-9816-000;HINGE ASSEMBLY;
Canon;Canon i-SENSYS MF418x;EXTERNAL COVERS, PANELS, ETC. MF419 2;RM1-6427-000;MP LIFTING PLATE ASSEMBLY;
Canon;Canon i-SENSYS MF418x;EXTERNAL COVERS, PANELS, ETC. MF419 2;RC2-6273-000;HINGE, MULTI-PURPOSE, RIGHT;
Canon;Canon i-SENSYS MF418x;EXTERNAL COVERS, PANELS, ETC. MF419 2;RC2-8291-000;HINGE, MULTI-PURPOSE, LEFT;
Canon;Canon i-SENSYS MF418x;EXTERNAL COVERS, PANELS, ETC. MF419 2;FM1-N239-000;CONTROL PANEL PCB ASSEMBLY;
Canon;Canon i-SENSYS MF418x;EXTERNAL COVERS, PANELS, ETC. D1550 1;RM1-6441-000;DUPLEXING PAPER FEED ASSY;
Canon;Canon i-SENSYS MF418x;EXTERNAL COVERS, PANELS, ETC. D1550 1;FE4-8742-000;COVER, UPPER;
Canon;Canon i-SENSYS MF418x;EXTERNAL COVERS, PANELS, ETC. D1550 1;FE4-7938-000;COVER, MULTI FEED;
Canon;Canon i-SENSYS MF418x;EXTERNAL COVERS, PANELS, ETC. D1550 1;FE4-8734-000;COVER, MULTI FEED UPPER;
Canon;Canon i-SENSYS MF418x;EXTERNAL COVERS, PANELS, ETC. D1550 1;FC0-3132-000;COVER, LEFT;
Canon;Canon i-SENSYS MF418x;EXTERNAL COVERS, PANELS, ETC. D1550 1;FL3-5852-000;COVER, FRONT, LEFT;
Canon;Canon i-SENSYS MF418x;EXTERNAL COVERS, PANELS, ETC. D1550 1;FC0-3133-000;COVER, LEFT, REAR;
Canon;Canon i-SENSYS MF418x;EXTERNAL COVERS, PANELS, ETC. D1550 1;FC9-2055-000;COVER, RIGHT;
Canon;Canon i-SENSYS MF418x;EXTERNAL COVERS, PANELS, ETC. D1550 1;FC9-2056-000;COVER, REAR RIGHT;
Canon;Canon i-SENSYS MF418x;EXTERNAL COVERS, PANELS, ETC. D1550 1;FE4-8735-000;COVER, RIGHT, UPPER;
Canon;Canon i-SENSYS MF418x;EXTERNAL COVERS, PANELS, ETC. D1550 1;FC9-8944-000;ELIMINATOR, STATIC CHARGE;
Canon;Canon i-SENSYS MF418x;EXTERNAL COVERS, PANELS, ETC. D1550 1;FC9-2166-000;SHEET, ELES. PREVENTION;
Canon;Canon i-SENSYS MF418x;EXTERNAL COVERS, PANELS, ETC. D1550 1;FC9-8934-000;LABEL, HIGH TMP. CAUTION;
Canon;Canon i-SENSYS MF418x;EXTERNAL COVERS, PANELS, ETC. D1550 1;FC9-8943-000;LABEL, HIGH TMP. CAUTION;
Canon;Canon i-SENSYS MF418x;EXTERNAL COVERS, PANELS, ETC. D1550 1;FC0-3196-000;LABEL, USB;
Canon;Canon i-SENSYS MF418x;EXTERNAL COVERS, PANELS, ETC. D1550 1;RU5-2895-000;SPRING, TENSION;
Canon;Canon i-SENSYS MF418x;EXTERNAL COVERS, PANELS, ETC. D1550 1;HB1-5537-000;SHEET,BLANKING;
Canon;Canon i-SENSYS MF418x;EXTERNAL COVERS, PANELS, ETC. D1550 1;FC9-4897-000;LABEL, SIZE EXCHANGE;
Canon;Canon i-SENSYS MF418x;EXTERNAL COVERS, PANELS, ETC. D1550 1;XA9-1671-000;SCREW, D, M3X8;
Canon;Canon i-SENSYS MF418x;EXTERNAL COVERS, PANELS, ETC. D1550 1;FC9-7005-000;LABEL, PAPER SIZE;
Canon;Canon i-SENSYS MF418x;EXTERNAL COVERS, PANELS, ETC. D1550 1;FM1-D779-000;REAR COVER ASSEMBLY;
Canon;Canon i-SENSYS MF418x;EXTERNAL COVERS, PANELS, ETC. D1550 1;FM3-9793-000;EXPANSION TRAY ASSEMBLY;
Canon;Canon i-SENSYS MF418x;EXTERNAL COVERS, PANELS, ETC. D1550 1;FM1-K249-000;INNER COVER ASSEMBLY;
Canon;Canon i-SENSYS MF418x;EXTERNAL COVERS, PANELS, ETC. D1550 1;FC9-2016-000;COVER, FRONT, LOWER;
Canon;Canon i-SENSYS MF418x;EXTERNAL COVERS, PANELS, ETC. D1550 1;FM1-K212-000;CONTROL PANEL ASSEMBLY;
Canon;Canon i-SENSYS MF418x;EXTERNAL COVERS, PANELS, ETC. D1550 1;FM3-9816-000;HINGE ASSEMBLY;
Canon;Canon i-SENSYS MF418x;EXTERNAL COVERS, PANELS, ETC. D1550 1;RM1-6427-000;MP LIFTING PLATE ASSEMBLY;
Canon;Canon i-SENSYS MF418x;EXTERNAL COVERS, PANELS, ETC. D1550 1;RC2-6273-000;HINGE, MULTI-PURPOSE, RIGHT;
Canon;Canon i-SENSYS MF418x;EXTERNAL COVERS, PANELS, ETC. D1550 1;RC2-8291-000;HINGE, MULTI-PURPOSE, LEFT;
Canon;Canon i-SENSYS MF418x;EXTERNAL COVERS, PANELS, ETC. D1550 1;FM1-N239-000;CONTROL PANEL PCB ASSEMBLY;
Canon;Canon i-SENSYS MF418x;EXTERNAL COVERS, PANELS, ETC. D1550 1;FM1-N812-000;NFC PCB ASSEMBLY;
Canon;Canon i-SENSYS MF418x;EXTERNAL COVERS, PANELS, ETC. D1550 2;RM1-6441-000;DUPLEXING PAPER FEED ASSY;
Canon;Canon i-SENSYS MF418x;EXTERNAL COVERS, PANELS, ETC. D1550 2;FE4-8742-000;COVER, UPPER;
Canon;Canon i-SENSYS MF418x;EXTERNAL COVERS, PANELS, ETC. D1550 2;FE4-7938-000;COVER, MULTI FEED;
Canon;Canon i-SENSYS MF418x;EXTERNAL COVERS, PANELS, ETC. D1550 2;FE4-8734-000;COVER, MULTI FEED UPPER;
Canon;Canon i-SENSYS MF418x;EXTERNAL COVERS, PANELS, ETC. D1550 2;FC0-3132-000;COVER, LEFT;
Canon;Canon i-SENSYS MF418x;EXTERNAL COVERS, PANELS, ETC. D1550 2;FL3-5852-000;COVER, FRONT, LEFT;
Canon;Canon i-SENSYS MF418x;EXTERNAL COVERS, PANELS, ETC. D1550 2;FC0-3133-000;COVER, LEFT, REAR;
Canon;Canon i-SENSYS MF418x;EXTERNAL COVERS, PANELS, ETC. D1550 2;FC9-2055-000;COVER, RIGHT;
Canon;Canon i-SENSYS MF418x;EXTERNAL COVERS, PANELS, ETC. D1550 2;FC9-2056-000;COVER, REAR RIGHT;
Canon;Canon i-SENSYS MF418x;EXTERNAL COVERS, PANELS, ETC. D1550 2;FE4-8735-000;COVER, RIGHT, UPPER;
Canon;Canon i-SENSYS MF418x;EXTERNAL COVERS, PANELS, ETC. D1550 2;FC9-8944-000;ELIMINATOR, STATIC CHARGE;
Canon;Canon i-SENSYS MF418x;EXTERNAL COVERS, PANELS, ETC. D1550 2;FC9-2166-000;SHEET, ELES. PREVENTION;
Canon;Canon i-SENSYS MF418x;EXTERNAL COVERS, PANELS, ETC. D1550 2;FC9-8934-000;LABEL, HIGH TMP. CAUTION;
Canon;Canon i-SENSYS MF418x;EXTERNAL COVERS, PANELS, ETC. D1550 2;FC9-8943-000;LABEL, HIGH TMP. CAUTION;
Canon;Canon i-SENSYS MF418x;EXTERNAL COVERS, PANELS, ETC. D1550 2;FC0-3196-000;LABEL, USB;
Canon;Canon i-SENSYS MF418x;EXTERNAL COVERS, PANELS, ETC. D1550 2;RU5-2895-000;SPRING, TENSION;
Canon;Canon i-SENSYS MF418x;EXTERNAL COVERS, PANELS, ETC. D1550 2;HB1-5537-000;SHEET,BLANKING;
Canon;Canon i-SENSYS MF418x;EXTERNAL COVERS, PANELS, ETC. D1550 2;FC9-4897-000;LABEL, SIZE EXCHANGE;
Canon;Canon i-SENSYS MF418x;EXTERNAL COVERS, PANELS, ETC. D1550 2;XA9-1671-000;SCREW, D, M3X8;
Canon;Canon i-SENSYS MF418x;EXTERNAL COVERS, PANELS, ETC. D1550 2;FC9-7005-000;LABEL, PAPER SIZE;
Canon;Canon i-SENSYS MF418x;EXTERNAL COVERS, PANELS, ETC. D1550 2;FM1-D779-000;REAR COVER ASSEMBLY;
Canon;Canon i-SENSYS MF418x;EXTERNAL COVERS, PANELS, ETC. D1550 2;FM3-9793-000;EXPANSION TRAY ASSEMBLY;
Canon;Canon i-SENSYS MF418x;EXTERNAL COVERS, PANELS, ETC. D1550 2;FM1-K249-000;INNER COVER ASSEMBLY;
Canon;Canon i-SENSYS MF418x;EXTERNAL COVERS, PANELS, ETC. D1550 2;FC9-2016-000;COVER, FRONT, LOWER;
Canon;Canon i-SENSYS MF418x;EXTERNAL COVERS, PANELS, ETC. D1550 2;FM1-K212-000;CONTROL PANEL ASSEMBLY;
Canon;Canon i-SENSYS MF418x;EXTERNAL COVERS, PANELS, ETC. D1550 2;FM3-9816-000;HINGE ASSEMBLY;
Canon;Canon i-SENSYS MF418x;EXTERNAL COVERS, PANELS, ETC. D1550 2;RM1-6427-000;MP LIFTING PLATE ASSEMBLY;
Canon;Canon i-SENSYS MF418x;EXTERNAL COVERS, PANELS, ETC. D1550 2;RC2-6273-000;HINGE, MULTI-PURPOSE, RIGHT;
Canon;Canon i-SENSYS MF418x;EXTERNAL COVERS, PANELS, ETC. D1550 2;RC2-8291-000;HINGE, MULTI-PURPOSE, LEFT;
Canon;Canon i-SENSYS MF418x;EXTERNAL COVERS, PANELS, ETC. D1550 2;FM1-N239-000;CONTROL PANEL PCB ASSEMBLY;
Canon;Canon i-SENSYS MF418x;EXTERNAL COVERS, PANELS, ETC. D1550 2;FM1-N812-000;NFC PCB ASSEMBLY;
Canon;Canon i-SENSYS MF418x;EXTERNAL COVERS, PANELS, ETC. D1520 1;RM1-6441-000;DUPLEXING PAPER FEED ASSY;
Canon;Canon i-SENSYS MF418x;EXTERNAL COVERS, PANELS, ETC. D1520 1;FE4-8742-000;COVER, UPPER;
Canon;Canon i-SENSYS MF418x;EXTERNAL COVERS, PANELS, ETC. D1520 1;FE4-7938-000;COVER, MULTI FEED;
Canon;Canon i-SENSYS MF418x;EXTERNAL COVERS, PANELS, ETC. D1520 1;FE4-8734-000;COVER, MULTI FEED UPPER;
Canon;Canon i-SENSYS MF418x;EXTERNAL COVERS, PANELS, ETC. D1520 1;FC0-3132-000;COVER, LEFT;
Canon;Canon i-SENSYS MF418x;EXTERNAL COVERS, PANELS, ETC. D1520 1;FL3-5852-000;COVER, FRONT, LEFT;
Canon;Canon i-SENSYS MF418x;EXTERNAL COVERS, PANELS, ETC. D1520 1;FC0-3162-000;COVER, LEFT, REAR;
Canon;Canon i-SENSYS MF418x;EXTERNAL COVERS, PANELS, ETC. D1520 1;FC9-2055-000;COVER, RIGHT;
Canon;Canon i-SENSYS MF418x;EXTERNAL COVERS, PANELS, ETC. D1520 1;FC9-2056-000;COVER, REAR RIGHT;
Canon;Canon i-SENSYS MF418x;EXTERNAL COVERS, PANELS, ETC. D1520 1;FE4-8735-000;COVER, RIGHT, UPPER;
Canon;Canon i-SENSYS MF418x;EXTERNAL COVERS, PANELS, ETC. D1520 1;FC9-8944-000;ELIMINATOR, STATIC CHARGE;
Canon;Canon i-SENSYS MF418x;EXTERNAL COVERS, PANELS, ETC. D1520 1;FC9-2166-000;SHEET, ELES. PREVENTION;
Canon;Canon i-SENSYS MF418x;EXTERNAL COVERS, PANELS, ETC. D1520 1;FC9-8934-000;LABEL, HIGH TMP. CAUTION;
Canon;Canon i-SENSYS MF418x;EXTERNAL COVERS, PANELS, ETC. D1520 1;FC9-8943-000;LABEL, HIGH TMP. CAUTION;
Canon;Canon i-SENSYS MF418x;EXTERNAL COVERS, PANELS, ETC. D1520 1;FC0-3196-000;LABEL, USB;
Canon;Canon i-SENSYS MF418x;EXTERNAL COVERS, PANELS, ETC. D1520 1;RU5-2895-000;SPRING, TENSION;
Canon;Canon i-SENSYS MF418x;EXTERNAL COVERS, PANELS, ETC. D1520 1;HB1-5537-000;SHEET,BLANKING;
Canon;Canon i-SENSYS MF418x;EXTERNAL COVERS, PANELS, ETC. D1520 1;FC9-4897-000;LABEL, SIZE EXCHANGE;
Canon;Canon i-SENSYS MF418x;EXTERNAL COVERS, PANELS, ETC. D1520 1;XA9-1671-000;SCREW, D, M3X8;
Canon;Canon i-SENSYS MF418x;EXTERNAL COVERS, PANELS, ETC. D1520 1;FC9-7005-000;LABEL, PAPER SIZE;
Canon;Canon i-SENSYS MF418x;EXTERNAL COVERS, PANELS, ETC. D1520 1;FM1-D779-000;REAR COVER ASSEMBLY;
Canon;Canon i-SENSYS MF418x;EXTERNAL COVERS, PANELS, ETC. D1520 1;FM3-9793-000;EXPANSION TRAY ASSEMBLY;
Canon;Canon i-SENSYS MF418x;EXTERNAL COVERS, PANELS, ETC. D1520 1;FM1-K249-000;INNER COVER ASSEMBLY;
Canon;Canon i-SENSYS MF418x;EXTERNAL COVERS, PANELS, ETC. D1520 1;FC9-2016-000;COVER, FRONT, LOWER;
Canon;Canon i-SENSYS MF418x;EXTERNAL COVERS, PANELS, ETC. D1520 1;FM1-K211-000;CONTROL PANEL ASSEMBLY;
Canon;Canon i-SENSYS MF418x;EXTERNAL COVERS, PANELS, ETC. D1520 1;FM3-9816-000;HINGE ASSEMBLY;
Canon;Canon i-SENSYS MF418x;EXTERNAL COVERS, PANELS, ETC. D1520 1;RM1-6427-000;MP LIFTING PLATE ASSEMBLY;
Canon;Canon i-SENSYS MF418x;EXTERNAL COVERS, PANELS, ETC. D1520 1;RC2-6273-000;HINGE, MULTI-PURPOSE, RIGHT;
Canon;Canon i-SENSYS MF418x;EXTERNAL COVERS, PANELS, ETC. D1520 1;RC2-8291-000;HINGE, MULTI-PURPOSE, LEFT;
Canon;Canon i-SENSYS MF418x;EXTERNAL COVERS, PANELS, ETC. D1520 1;FM1-N239-000;CONTROL PANEL PCB ASSEMBLY;
Canon;Canon i-SENSYS MF418x;EXTERNAL COVERS, PANELS, ETC. D1520 2;RM1-6441-000;DUPLEXING PAPER FEED ASSY;
Canon;Canon i-SENSYS MF418x;EXTERNAL COVERS, PANELS, ETC. D1520 2;FE4-8742-000;COVER, UPPER;
Canon;Canon i-SENSYS MF418x;EXTERNAL COVERS, PANELS, ETC. D1520 2;FE4-7938-000;COVER, MULTI FEED;
Canon;Canon i-SENSYS MF418x;EXTERNAL COVERS, PANELS, ETC. D1520 2;FE4-8734-000;COVER, MULTI FEED UPPER;
Canon;Canon i-SENSYS MF418x;EXTERNAL COVERS, PANELS, ETC. D1520 2;FC0-3132-000;COVER, LEFT;
Canon;Canon i-SENSYS MF418x;EXTERNAL COVERS, PANELS, ETC. D1520 2;FL3-5852-000;COVER, FRONT, LEFT;
Canon;Canon i-SENSYS MF418x;EXTERNAL COVERS, PANELS, ETC. D1520 2;FC0-3162-000;COVER, LEFT, REAR;
Canon;Canon i-SENSYS MF418x;EXTERNAL COVERS, PANELS, ETC. D1520 2;FC9-2055-000;COVER, RIGHT;
Canon;Canon i-SENSYS MF418x;EXTERNAL COVERS, PANELS, ETC. D1520 2;FC9-2056-000;COVER, REAR RIGHT;
Canon;Canon i-SENSYS MF418x;EXTERNAL COVERS, PANELS, ETC. D1520 2;FE4-8735-000;COVER, RIGHT, UPPER;
Canon;Canon i-SENSYS MF418x;EXTERNAL COVERS, PANELS, ETC. D1520 2;FC9-8944-000;ELIMINATOR, STATIC CHARGE;
Canon;Canon i-SENSYS MF418x;EXTERNAL COVERS, PANELS, ETC. D1520 2;FC9-2166-000;SHEET, ELES. PREVENTION;
Canon;Canon i-SENSYS MF418x;EXTERNAL COVERS, PANELS, ETC. D1520 2;FC9-8934-000;LABEL, HIGH TMP. CAUTION;
Canon;Canon i-SENSYS MF418x;EXTERNAL COVERS, PANELS, ETC. D1520 2;FC9-8943-000;LABEL, HIGH TMP. CAUTION;
Canon;Canon i-SENSYS MF418x;EXTERNAL COVERS, PANELS, ETC. D1520 2;FC0-3196-000;LABEL, USB;
Canon;Canon i-SENSYS MF418x;EXTERNAL COVERS, PANELS, ETC. D1520 2;RU5-2895-000;SPRING, TENSION;
Canon;Canon i-SENSYS MF418x;EXTERNAL COVERS, PANELS, ETC. D1520 2;HB1-5537-000;SHEET,BLANKING;
Canon;Canon i-SENSYS MF418x;EXTERNAL COVERS, PANELS, ETC. D1520 2;FC9-4897-000;LABEL, SIZE EXCHANGE;
Canon;Canon i-SENSYS MF418x;EXTERNAL COVERS, PANELS, ETC. D1520 2;XA9-1671-000;SCREW, D, M3X8;
Canon;Canon i-SENSYS MF418x;EXTERNAL COVERS, PANELS, ETC. D1520 2;FC9-7005-000;LABEL, PAPER SIZE;
Canon;Canon i-SENSYS MF418x;EXTERNAL COVERS, PANELS, ETC. D1520 2;FM1-D779-000;REAR COVER ASSEMBLY;
Canon;Canon i-SENSYS MF418x;EXTERNAL COVERS, PANELS, ETC. D1520 2;FM3-9793-000;EXPANSION TRAY ASSEMBLY;
Canon;Canon i-SENSYS MF418x;EXTERNAL COVERS, PANELS, ETC. D1520 2;FM1-K249-000;INNER COVER ASSEMBLY;
Canon;Canon i-SENSYS MF418x;EXTERNAL COVERS, PANELS, ETC. D1520 2;FC9-2016-000;COVER, FRONT, LOWER;
Canon;Canon i-SENSYS MF418x;EXTERNAL COVERS, PANELS, ETC. D1520 2;FM1-K211-000;CONTROL PANEL ASSEMBLY;
Canon;Canon i-SENSYS MF418x;EXTERNAL COVERS, PANELS, ETC. D1520 2;FM3-9816-000;HINGE ASSEMBLY;
Canon;Canon i-SENSYS MF418x;EXTERNAL COVERS, PANELS, ETC. D1520 2;RM1-6427-000;MP LIFTING PLATE ASSEMBLY;
Canon;Canon i-SENSYS MF418x;EXTERNAL COVERS, PANELS, ETC. D1520 2;RC2-6273-000;HINGE, MULTI-PURPOSE, RIGHT;
Canon;Canon i-SENSYS MF418x;EXTERNAL COVERS, PANELS, ETC. D1520 2;RC2-8291-000;HINGE, MULTI-PURPOSE, LEFT;
Canon;Canon i-SENSYS MF418x;EXTERNAL COVERS, PANELS, ETC. D1520 2;FM1-N239-000;CONTROL PANEL PCB ASSEMBLY;
Canon;Canon i-SENSYS MF418x;EXTERNAL COVERS, PANELS, ETC. MF416 1;RM1-6441-000;DUPLEXING PAPER FEED ASSY;
Canon;Canon i-SENSYS MF418x;EXTERNAL COVERS, PANELS, ETC. MF416 1;FE4-7841-000;COVER, MULTI FEED;
Canon;Canon i-SENSYS MF418x;EXTERNAL COVERS, PANELS, ETC. MF416 1;FE4-8208-000;COVER, FRONT UPPER, 2;
Canon;Canon i-SENSYS MF418x;EXTERNAL COVERS, PANELS, ETC. MF416 1;FC9-2135-010;COVER, LEFT;
Canon;Canon i-SENSYS MF418x;EXTERNAL COVERS, PANELS, ETC. MF416 1;FC0-3136-000;COVER, LEFT, REAR;
Canon;Canon i-SENSYS MF418x;EXTERNAL COVERS, PANELS, ETC. MF416 1;FC9-2137-000;COVER, RIGHT;
Canon;Canon i-SENSYS MF418x;EXTERNAL COVERS, PANELS, ETC. MF416 1;FC9-2138-000;COVER, REAR RIGHT;
Canon;Canon i-SENSYS MF418x;EXTERNAL COVERS, PANELS, ETC. MF416 1;FE4-8830-000;COVER, UPPER;
Canon;Canon i-SENSYS MF418x;EXTERNAL COVERS, PANELS, ETC. MF416 1;RM1-6427-000;MP LIFTING PLATE ASSEMBLY;
Canon;Canon i-SENSYS MF418x;EXTERNAL COVERS, PANELS, ETC. MF416 1;FL0-7009-000;PANEL, CONTROL, LOWER;
Canon;Canon i-SENSYS MF418x;EXTERNAL COVERS, PANELS, ETC. MF416 1;FC8-9837-000;COVER, FRONT;
Canon;Canon i-SENSYS MF418x;EXTERNAL COVERS, PANELS, ETC. MF416 1;HB1-5537-000;SHEET,BLANKING;
Canon;Canon i-SENSYS MF418x;EXTERNAL COVERS, PANELS, ETC. MF416 1;FC9-4897-000;LABEL, SIZE EXCHANGE;
Canon;Canon i-SENSYS MF418x;EXTERNAL COVERS, PANELS, ETC. MF416 1;FC9-7005-000;LABEL, PAPER SIZE;
Canon;Canon i-SENSYS MF418x;EXTERNAL COVERS, PANELS, ETC. MF416 1;RU5-2895-000;SPRING, TENSION;
Canon;Canon i-SENSYS MF418x;EXTERNAL COVERS, PANELS, ETC. MF416 1;FC9-8934-000;LABEL, HIGH TMP. CAUTION;
Canon;Canon i-SENSYS MF418x;EXTERNAL COVERS, PANELS, ETC. MF416 1;RC2-6273-000;HINGE, MULTI-PURPOSE, RIGHT;
Canon;Canon i-SENSYS MF418x;EXTERNAL COVERS, PANELS, ETC. MF416 1;RC2-8291-000;HINGE, MULTI-PURPOSE, LEFT;
Canon;Canon i-SENSYS MF418x;EXTERNAL COVERS, PANELS, ETC. MF416 1;FE4-8382-000;LABEL, USB;
Canon;Canon i-SENSYS MF418x;EXTERNAL COVERS, PANELS, ETC. MF416 1;FC9-8943-000;LABEL, HIGH TMP. CAUTION;
Canon;Canon i-SENSYS MF418x;EXTERNAL COVERS, PANELS, ETC. MF416 1;FC9-8944-000;ELIMINATOR, STATIC CHARGE;
Canon;Canon i-SENSYS MF418x;EXTERNAL COVERS, PANELS, ETC. MF416 1;XA9-1671-000;SCREW, D, M3X8;
Canon;Canon i-SENSYS MF418x;EXTERNAL COVERS, PANELS, ETC. MF416 1;FM1-D779-000;REAR COVER ASSEMBLY;
Canon;Canon i-SENSYS MF418x;EXTERNAL COVERS, PANELS, ETC. MF416 1;FM3-9793-000;EXPANSION TRAY ASSEMBLY;
Canon;Canon i-SENSYS MF418x;EXTERNAL COVERS, PANELS, ETC. MF416 1;FM1-K215-000;CONTROL PANEL ASSEMBLY;
Canon;Canon i-SENSYS MF418x;EXTERNAL COVERS, PANELS, ETC. MF416 1;FM3-9816-000;HINGE ASSEMBLY;
Canon;Canon i-SENSYS MF418x;EXTERNAL COVERS, PANELS, ETC. MF416 1;FM1-K242-000;INNER COVER ASSEMBLY;
Canon;Canon i-SENSYS MF418x;EXTERNAL COVERS, PANELS, ETC. MF416 1;FM1-N239-000;CONTROL PANEL PCB ASSEMBLY;
Canon;Canon i-SENSYS MF418x;EXTERNAL COVERS, PANELS, ETC. MF416 1;FM1-N812-000;NFC PCB ASSEMBLY;
Canon;Canon i-SENSYS MF418x;EXTERNAL COVERS, PANELS, ETC. MF416 2;RM1-6441-000;DUPLEXING PAPER FEED ASSY;
Canon;Canon i-SENSYS MF418x;EXTERNAL COVERS, PANELS, ETC. MF416 2;FE4-7841-000;COVER, MULTI FEED;
Canon;Canon i-SENSYS MF418x;EXTERNAL COVERS, PANELS, ETC. MF416 2;FE4-8208-000;COVER, FRONT UPPER, 2;
Canon;Canon i-SENSYS MF418x;EXTERNAL COVERS, PANELS, ETC. MF416 2;FC9-2135-010;COVER, LEFT;
Canon;Canon i-SENSYS MF418x;EXTERNAL COVERS, PANELS, ETC. MF416 2;FC0-3136-000;COVER, LEFT, REAR;
Canon;Canon i-SENSYS MF418x;EXTERNAL COVERS, PANELS, ETC. MF416 2;FC9-2137-000;COVER, RIGHT;
Canon;Canon i-SENSYS MF418x;EXTERNAL COVERS, PANELS, ETC. MF416 2;FC9-2138-000;COVER, REAR RIGHT;
Canon;Canon i-SENSYS MF418x;EXTERNAL COVERS, PANELS, ETC. MF416 2;FE4-8830-000;COVER, UPPER;
Canon;Canon i-SENSYS MF418x;EXTERNAL COVERS, PANELS, ETC. MF416 2;RM1-6427-000;MP LIFTING PLATE ASSEMBLY;
Canon;Canon i-SENSYS MF418x;EXTERNAL COVERS, PANELS, ETC. MF416 2;FL0-7009-000;PANEL, CONTROL, LOWER;
Canon;Canon i-SENSYS MF418x;EXTERNAL COVERS, PANELS, ETC. MF416 2;FC8-9837-000;COVER, FRONT;
Canon;Canon i-SENSYS MF418x;EXTERNAL COVERS, PANELS, ETC. MF416 2;HB1-5537-000;SHEET,BLANKING;
Canon;Canon i-SENSYS MF418x;EXTERNAL COVERS, PANELS, ETC. MF416 2;FC9-4897-000;LABEL, SIZE EXCHANGE;
Canon;Canon i-SENSYS MF418x;EXTERNAL COVERS, PANELS, ETC. MF416 2;FC9-7005-000;LABEL, PAPER SIZE;
Canon;Canon i-SENSYS MF418x;EXTERNAL COVERS, PANELS, ETC. MF416 2;RU5-2895-000;SPRING, TENSION;
Canon;Canon i-SENSYS MF418x;EXTERNAL COVERS, PANELS, ETC. MF416 2;FC9-8934-000;LABEL, HIGH TMP. CAUTION;
Canon;Canon i-SENSYS MF418x;EXTERNAL COVERS, PANELS, ETC. MF416 2;RC2-6273-000;HINGE, MULTI-PURPOSE, RIGHT;
Canon;Canon i-SENSYS MF418x;EXTERNAL COVERS, PANELS, ETC. MF416 2;RC2-8291-000;HINGE, MULTI-PURPOSE, LEFT;
Canon;Canon i-SENSYS MF418x;EXTERNAL COVERS, PANELS, ETC. MF416 2;FE4-8382-000;LABEL, USB;
Canon;Canon i-SENSYS MF418x;EXTERNAL COVERS, PANELS, ETC. MF416 2;FC9-8943-000;LABEL, HIGH TMP. CAUTION;
Canon;Canon i-SENSYS MF418x;EXTERNAL COVERS, PANELS, ETC. MF416 2;FC9-8944-000;ELIMINATOR, STATIC CHARGE;
Canon;Canon i-SENSYS MF418x;EXTERNAL COVERS, PANELS, ETC. MF416 2;XA9-1671-000;SCREW, D, M3X8;
Canon;Canon i-SENSYS MF418x;EXTERNAL COVERS, PANELS, ETC. MF416 2;FM1-D779-000;REAR COVER ASSEMBLY;
Canon;Canon i-SENSYS MF418x;EXTERNAL COVERS, PANELS, ETC. MF416 2;FM3-9793-000;EXPANSION TRAY ASSEMBLY;
Canon;Canon i-SENSYS MF418x;EXTERNAL COVERS, PANELS, ETC. MF416 2;FM1-K215-000;CONTROL PANEL ASSEMBLY;
Canon;Canon i-SENSYS MF418x;EXTERNAL COVERS, PANELS, ETC. MF416 2;FM3-9816-000;HINGE ASSEMBLY;
Canon;Canon i-SENSYS MF418x;EXTERNAL COVERS, PANELS, ETC. MF416 2;FM1-K242-000;INNER COVER ASSEMBLY;
Canon;Canon i-SENSYS MF418x;EXTERNAL COVERS, PANELS, ETC. MF416 2;FM1-N239-000;CONTROL PANEL PCB ASSEMBLY;
Canon;Canon i-SENSYS MF418x;EXTERNAL COVERS, PANELS, ETC. MF416 2;FM1-N812-000;NFC PCB ASSEMBLY;
Canon;Canon i-SENSYS MF418x;EXTERNAL COVERS, PANELS, ETC. MF414 1;RM1-6441-000;DUPLEXING PAPER FEED ASSY;
Canon;Canon i-SENSYS MF418x;EXTERNAL COVERS, PANELS, ETC. MF414 1;FE4-7841-000;COVER, MULTI FEED;
Canon;Canon i-SENSYS MF418x;EXTERNAL COVERS, PANELS, ETC. MF414 1;FE4-8208-000;COVER, FRONT UPPER, 2;
Canon;Canon i-SENSYS MF418x;EXTERNAL COVERS, PANELS, ETC. MF414 1;FC9-2135-010;COVER, LEFT;
Canon;Canon i-SENSYS MF418x;EXTERNAL COVERS, PANELS, ETC. MF414 1;FC0-3136-000;COVER, LEFT, REAR;
Canon;Canon i-SENSYS MF418x;EXTERNAL COVERS, PANELS, ETC. MF414 1;FC9-2137-000;COVER, RIGHT;
Canon;Canon i-SENSYS MF418x;EXTERNAL COVERS, PANELS, ETC. MF414 1;FC9-2138-000;COVER, REAR RIGHT;
Canon;Canon i-SENSYS MF418x;EXTERNAL COVERS, PANELS, ETC. MF414 1;FE4-8830-000;COVER, UPPER;
Canon;Canon i-SENSYS MF418x;EXTERNAL COVERS, PANELS, ETC. MF414 1;RM1-6427-000;MP LIFTING PLATE ASSEMBLY;
Canon;Canon i-SENSYS MF418x;EXTERNAL COVERS, PANELS, ETC. MF414 1;FL0-7009-000;PANEL, CONTROL, LOWER;
Canon;Canon i-SENSYS MF418x;EXTERNAL COVERS, PANELS, ETC. MF414 1;FC8-9837-000;COVER, FRONT;
Canon;Canon i-SENSYS MF418x;EXTERNAL COVERS, PANELS, ETC. MF414 1;HB1-5537-000;SHEET,BLANKING;
Canon;Canon i-SENSYS MF418x;EXTERNAL COVERS, PANELS, ETC. MF414 1;FC9-4897-000;LABEL, SIZE EXCHANGE;
Canon;Canon i-SENSYS MF418x;EXTERNAL COVERS, PANELS, ETC. MF414 1;FC9-7005-000;LABEL, PAPER SIZE;
Canon;Canon i-SENSYS MF418x;EXTERNAL COVERS, PANELS, ETC. MF414 1;RU5-2895-000;SPRING, TENSION;
Canon;Canon i-SENSYS MF418x;EXTERNAL COVERS, PANELS, ETC. MF414 1;FC9-8934-000;LABEL, HIGH TMP. CAUTION;
Canon;Canon i-SENSYS MF418x;EXTERNAL COVERS, PANELS, ETC. MF414 1;RC2-6273-000;HINGE, MULTI-PURPOSE, RIGHT;
Canon;Canon i-SENSYS MF418x;EXTERNAL COVERS, PANELS, ETC. MF414 1;RC2-8291-000;HINGE, MULTI-PURPOSE, LEFT;
Canon;Canon i-SENSYS MF418x;EXTERNAL COVERS, PANELS, ETC. MF414 1;FE4-8382-000;LABEL, USB;
Canon;Canon i-SENSYS MF418x;EXTERNAL COVERS, PANELS, ETC. MF414 1;FC9-8943-000;LABEL, HIGH TMP. CAUTION;
Canon;Canon i-SENSYS MF418x;EXTERNAL COVERS, PANELS, ETC. MF414 1;FC9-8944-000;ELIMINATOR, STATIC CHARGE;
Canon;Canon i-SENSYS MF418x;EXTERNAL COVERS, PANELS, ETC. MF414 1;XA9-1671-000;SCREW, D, M3X8;
Canon;Canon i-SENSYS MF418x;EXTERNAL COVERS, PANELS, ETC. MF414 1;FM1-D779-000;REAR COVER ASSEMBLY;
Canon;Canon i-SENSYS MF418x;EXTERNAL COVERS, PANELS, ETC. MF414 1;FM3-9793-000;EXPANSION TRAY ASSEMBLY;
Canon;Canon i-SENSYS MF418x;EXTERNAL COVERS, PANELS, ETC. MF414 1;FM1-K218-000;CONTROL PANEL ASSEMBLY;
Canon;Canon i-SENSYS MF418x;EXTERNAL COVERS, PANELS, ETC. MF414 1;FM3-9816-000;HINGE ASSEMBLY;
Canon;Canon i-SENSYS MF418x;EXTERNAL COVERS, PANELS, ETC. MF414 1;FM1-K242-000;INNER COVER ASSEMBLY;
Canon;Canon i-SENSYS MF418x;EXTERNAL COVERS, PANELS, ETC. MF414 1;FM1-N239-000;CONTROL PANEL PCB ASSEMBLY;
Canon;Canon i-SENSYS MF418x;EXTERNAL COVERS, PANELS, ETC. MF414 2;RM1-6441-000;DUPLEXING PAPER FEED ASSY;
Canon;Canon i-SENSYS MF418x;EXTERNAL COVERS, PANELS, ETC. MF414 2;FE4-7841-000;COVER, MULTI FEED;
Canon;Canon i-SENSYS MF418x;EXTERNAL COVERS, PANELS, ETC. MF414 2;FE4-8208-000;COVER, FRONT UPPER, 2;
Canon;Canon i-SENSYS MF418x;EXTERNAL COVERS, PANELS, ETC. MF414 2;FC9-2135-010;COVER, LEFT;
Canon;Canon i-SENSYS MF418x;EXTERNAL COVERS, PANELS, ETC. MF414 2;FC0-3136-000;COVER, LEFT, REAR;
Canon;Canon i-SENSYS MF418x;EXTERNAL COVERS, PANELS, ETC. MF414 2;FC9-2137-000;COVER, RIGHT;
Canon;Canon i-SENSYS MF418x;EXTERNAL COVERS, PANELS, ETC. MF414 2;FC9-2138-000;COVER, REAR RIGHT;
Canon;Canon i-SENSYS MF418x;EXTERNAL COVERS, PANELS, ETC. MF414 2;FE4-8830-000;COVER, UPPER;
Canon;Canon i-SENSYS MF418x;EXTERNAL COVERS, PANELS, ETC. MF414 2;RM1-6427-000;MP LIFTING PLATE ASSEMBLY;
Canon;Canon i-SENSYS MF418x;EXTERNAL COVERS, PANELS, ETC. MF414 2;FL0-7009-000;PANEL, CONTROL, LOWER;
Canon;Canon i-SENSYS MF418x;EXTERNAL COVERS, PANELS, ETC. MF414 2;FC8-9837-000;COVER, FRONT;
Canon;Canon i-SENSYS MF418x;EXTERNAL COVERS, PANELS, ETC. MF414 2;HB1-5537-000;SHEET,BLANKING;
Canon;Canon i-SENSYS MF418x;EXTERNAL COVERS, PANELS, ETC. MF414 2;FC9-4897-000;LABEL, SIZE EXCHANGE;
Canon;Canon i-SENSYS MF418x;EXTERNAL COVERS, PANELS, ETC. MF414 2;FC9-7005-000;LABEL, PAPER SIZE;
Canon;Canon i-SENSYS MF418x;EXTERNAL COVERS, PANELS, ETC. MF414 2;RU5-2895-000;SPRING, TENSION;
Canon;Canon i-SENSYS MF418x;EXTERNAL COVERS, PANELS, ETC. MF414 2;FC9-8934-000;LABEL, HIGH TMP. CAUTION;
Canon;Canon i-SENSYS MF418x;EXTERNAL COVERS, PANELS, ETC. MF414 2;RC2-6273-000;HINGE, MULTI-PURPOSE, RIGHT;
Canon;Canon i-SENSYS MF418x;EXTERNAL COVERS, PANELS, ETC. MF414 2;RC2-8291-000;HINGE, MULTI-PURPOSE, LEFT;
Canon;Canon i-SENSYS MF418x;EXTERNAL COVERS, PANELS, ETC. MF414 2;FE4-8382-000;LABEL, USB;
Canon;Canon i-SENSYS MF418x;EXTERNAL COVERS, PANELS, ETC. MF414 2;FC9-8943-000;LABEL, HIGH TMP. CAUTION;
Canon;Canon i-SENSYS MF418x;EXTERNAL COVERS, PANELS, ETC. MF414 2;FC9-8944-000;ELIMINATOR, STATIC CHARGE;
Canon;Canon i-SENSYS MF418x;EXTERNAL COVERS, PANELS, ETC. MF414 2;XA9-1671-000;SCREW, D, M3X8;
Canon;Canon i-SENSYS MF418x;EXTERNAL COVERS, PANELS, ETC. MF414 2;FM1-D779-000;REAR COVER ASSEMBLY;
Canon;Canon i-SENSYS MF418x;EXTERNAL COVERS, PANELS, ETC. MF414 2;FM3-9793-000;EXPANSION TRAY ASSEMBLY;
Canon;Canon i-SENSYS MF418x;EXTERNAL COVERS, PANELS, ETC. MF414 2;FM1-K218-000;CONTROL PANEL ASSEMBLY;
Canon;Canon i-SENSYS MF418x;EXTERNAL COVERS, PANELS, ETC. MF414 2;FM3-9816-000;HINGE ASSEMBLY;
Canon;Canon i-SENSYS MF418x;EXTERNAL COVERS, PANELS, ETC. MF414 2;FM1-K242-000;INNER COVER ASSEMBLY;
Canon;Canon i-SENSYS MF418x;EXTERNAL COVERS, PANELS, ETC. MF414 2;FM1-N239-000;CONTROL PANEL PCB ASSEMBLY;
Canon;Canon i-SENSYS MF418x;INTERNAL COMPONENTS 1 MF419, D1550, D1520;FM3-9797-000;MAIN DRIVE ASSEMBLY;
Canon;Canon i-SENSYS MF418x;INTERNAL COMPONENTS 1 MF419, D1550, D1520;RM1-6405-000;FIXING ASSY;H1,PS915,TH1,TP1
Canon;Canon i-SENSYS MF418x;INTERNAL COMPONENTS 1 MF419, D1550, D1520;RM1-7691-000;PAPER RETAINING DELIVERY ASSY;
Canon;Canon i-SENSYS MF418x;INTERNAL COMPONENTS 1 MF419, D1550, D1520;RM1-6445-000;REVERSE SENSOR ASSY;PS201
Canon;Canon i-SENSYS MF418x;INTERNAL COMPONENTS 1 MF419, D1550, D1520;XA9-1503-000;SCREW, TAP, M3X6;
Canon;Canon i-SENSYS MF418x;INTERNAL COMPONENTS 1 MF419, D1550, D1520;XA9-1671-000;SCREW, D, M3X8;
Canon;Canon i-SENSYS MF418x;INTERNAL COMPONENTS 1 MF419, D1550, D1520;RU6-2610-000;SPRING, COMPRESSION;
Canon;Canon i-SENSYS MF418x;INTERNAL COMPONENTS 1 MF419, D1550, D1520;RL1-2111-000;FACE-DOWN ROLLER UNIT;
Canon;Canon i-SENSYS MF418x;INTERNAL COMPONENTS 1 MF419, D1550, D1520;RL1-2112-000;ROLLER, FACE-DOWN;
Canon;Canon i-SENSYS MF418x;INTERNAL COMPONENTS 1 MF419, D1550, D1520;RC2-6237-000;BUSHING;
Canon;Canon i-SENSYS MF418x;INTERNAL COMPONENTS 1 MF419, D1550, D1520;RU6-0692-000;GEAR, 19T;
Canon;Canon i-SENSYS MF418x;INTERNAL COMPONENTS 1 MF419, D1550, D1520;RU6-0693-000;GEAR, 17T;
Canon;Canon i-SENSYS MF418x;INTERNAL COMPONENTS 1 MF419, D1550, D1520;RC2-6042-000;FRAME, GEAR SUPPORTING;
Canon;Canon i-SENSYS MF418x;INTERNAL COMPONENTS 1 MF419, D1550, D1520;RC2-6198-000;ARM, LINK, 1;
Canon;Canon i-SENSYS MF418x;INTERNAL COMPONENTS 1 MF419, D1550, D1520;RC2-6217-000;COVER, GEAR RETAINING;
Canon;Canon i-SENSYS MF418x;INTERNAL COMPONENTS 1 MF419, D1550, D1520;RU6-0688-000;GEAR, 21T;
Canon;Canon i-SENSYS MF418x;INTERNAL COMPONENTS 1 MF419, D1550, D1520;RU6-0690-000;GEAR, 27T;
Canon;Canon i-SENSYS MF418x;INTERNAL COMPONENTS 1 MF419, D1550, D1520;RU6-0674-000;GEAR, 145T;
Canon;Canon i-SENSYS MF418x;INTERNAL COMPONENTS 1 MF416,414;RM1-6421-000;MAIN DRIVE ASSY;
Canon;Canon i-SENSYS MF418x;INTERNAL COMPONENTS 1 MF416,414;RM1-6405-000;FIXING ASSY;H1,PS915,TH1,TP1
Canon;Canon i-SENSYS MF418x;INTERNAL COMPONENTS 1 MF416,414;RM1-7691-000;PAPER RETAINING DELIVERY ASSY;
Canon;Canon i-SENSYS MF418x;INTERNAL COMPONENTS 1 MF416,414;RM1-6445-000;REVERSE SENSOR ASSY;PS201
Canon;Canon i-SENSYS MF418x;INTERNAL COMPONENTS 1 MF416,414;XA9-1503-000;SCREW, TAP, M3X6;
Canon;Canon i-SENSYS MF418x;INTERNAL COMPONENTS 1 MF416,414;XA9-1671-000;SCREW, D, M3X8;
Canon;Canon i-SENSYS MF418x;INTERNAL COMPONENTS 1 MF416,414;RU6-2610-000;SPRING, COMPRESSION;
Canon;Canon i-SENSYS MF418x;INTERNAL COMPONENTS 1 MF416,414;RL1-2111-000;FACE-DOWN ROLLER UNIT;
Canon;Canon i-SENSYS MF418x;INTERNAL COMPONENTS 1 MF416,414;RL1-2112-000;ROLLER, FACE-DOWN;
Canon;Canon i-SENSYS MF418x;INTERNAL COMPONENTS 1 MF416,414;RC2-6237-000;BUSHING;
Canon;Canon i-SENSYS MF418x;INTERNAL COMPONENTS 1 MF416,414;RU6-0692-000;GEAR, 19T;
Canon;Canon i-SENSYS MF418x;INTERNAL COMPONENTS 1 MF416,414;RU6-0693-000;GEAR, 17T;
Canon;Canon i-SENSYS MF418x;INTERNAL COMPONENTS 1 MF416,414;RC2-6042-000;FRAME, GEAR SUPPORTING;
Canon;Canon i-SENSYS MF418x;INTERNAL COMPONENTS 1 MF416,414;RC2-6198-000;ARM, LINK, 1;
Canon;Canon i-SENSYS MF418x;INTERNAL COMPONENTS 1 MF416,414;RC2-6217-000;COVER, GEAR RETAINING;
Canon;Canon i-SENSYS MF418x;INTERNAL COMPONENTS 1 MF416,414;RU6-0688-000;GEAR, 21T;
Canon;Canon i-SENSYS MF418x;INTERNAL COMPONENTS 1 MF416,414;RU6-0690-000;GEAR, 27T;
Canon;Canon i-SENSYS MF418x;INTERNAL COMPONENTS 1 MF416,414;RU6-0674-000;GEAR, 145T;
Canon;Canon i-SENSYS MF418x;INTERNAL COMPONENTS 2 MF419, D1550, D1520;RC2-6130-000;ROLLER, CASSETTE PAPER PICK-UP;
Canon;Canon i-SENSYS MF418x;INTERNAL COMPONENTS 2 MF419, D1550, D1520;XA9-0994-000;SCREW, TP, M4X6;
Canon;Canon i-SENSYS MF418x;INTERNAL COMPONENTS 2 MF419, D1550, D1520;RU5-2898-000;SPRING, TENSION;
Canon;Canon i-SENSYS MF418x;INTERNAL COMPONENTS 2 MF419, D1550, D1520;RL1-2115-000;PAD, MULTI-PURPOSE SEPARATION;
Canon;Canon i-SENSYS MF418x;INTERNAL COMPONENTS 2 MF419, D1550, D1520;RM1-1301-000;PAPER PICK-UP GEAR ASSY;
Canon;Canon i-SENSYS MF418x;INTERNAL COMPONENTS 2 MF419, D1550, D1520;RM1-6350-000;MULTI-PURPOSE SENSOR PCB ASSY;PS202
Canon;Canon i-SENSYS MF418x;INTERNAL COMPONENTS 2 MF419, D1550, D1520;RM1-6378-000;MAIN MOTOR ASSY;M1
Canon;Canon i-SENSYS MF418x;INTERNAL COMPONENTS 2 MF419, D1550, D1520;RM1-6414-000;PAPER PICK-UP ROLLER ASSY;
Canon;Canon i-SENSYS MF418x;INTERNAL COMPONENTS 2 MF419, D1550, D1520;XA9-1671-000;SCREW, D, M3X8;
Canon;Canon i-SENSYS MF418x;INTERNAL COMPONENTS 2 MF419, D1550, D1520;FM4-5367-000;MAIN SWITCH UNIT;SW1
Canon;Canon i-SENSYS MF418x;INTERNAL COMPONENTS 2 MF419, D1550, D1520;FM4-5386-000;INLET CABLE ASSEMBLY;J1
Canon;Canon i-SENSYS MF418x;INTERNAL COMPONENTS 2 MF419, D1550, D1520;VS1-7258-007;CONNECTOR, DRAWER;
Canon;Canon i-SENSYS MF418x;INTERNAL COMPONENTS 2 MF419, D1550, D1520;RC1-3481-000;ROLLER, IDLER;
Canon;Canon i-SENSYS MF418x;INTERNAL COMPONENTS 2 MF419, D1550, D1520;RC2-6131-000;BUSHING;
Canon;Canon i-SENSYS MF418x;INTERNAL COMPONENTS 2 MF419, D1550, D1520;RC2-6133-000;SHAFT, TRANSMISSION;
Canon;Canon i-SENSYS MF418x;INTERNAL COMPONENTS 2 MF419, D1550, D1520;RC2-8263-000;BUSHING;
Canon;Canon i-SENSYS MF418x;INTERNAL COMPONENTS 2 MF419, D1550, D1520;RU5-2894-000;SPRING, COMPRESSION;
Canon;Canon i-SENSYS MF418x;INTERNAL COMPONENTS 2 MF416, 414;RC2-6130-000;ROLLER, CASSETTE PAPER PICK-UP;
Canon;Canon i-SENSYS MF418x;INTERNAL COMPONENTS 2 MF416, 414;XA9-0994-000;SCREW, TP, M4X6;
Canon;Canon i-SENSYS MF418x;INTERNAL COMPONENTS 2 MF416, 414;RU5-2898-000;SPRING, TENSION;
Canon;Canon i-SENSYS MF418x;INTERNAL COMPONENTS 2 MF416, 414;RL1-2115-000;PAD, MULTI-PURPOSE SEPARATION;
Canon;Canon i-SENSYS MF418x;INTERNAL COMPONENTS 2 MF416, 414;RM1-1301-000;PAPER PICK-UP GEAR ASSY;
Canon;Canon i-SENSYS MF418x;INTERNAL COMPONENTS 2 MF416, 414;RM1-6350-000;MULTI-PURPOSE SENSOR PCB ASSY;PS202
Canon;Canon i-SENSYS MF418x;INTERNAL COMPONENTS 2 MF416, 414;RM1-6378-000;MAIN MOTOR ASSY;M1
Canon;Canon i-SENSYS MF418x;INTERNAL COMPONENTS 2 MF416, 414;RM1-6414-000;PAPER PICK-UP ROLLER ASSY;
Canon;Canon i-SENSYS MF418x;INTERNAL COMPONENTS 2 MF416, 414;XA9-1671-000;SCREW, D, M3X8;
Canon;Canon i-SENSYS MF418x;INTERNAL COMPONENTS 2 MF416, 414;FM4-5367-000;MAIN SWITCH UNIT;SW1
Canon;Canon i-SENSYS MF418x;INTERNAL COMPONENTS 2 MF416, 414;FM4-5386-000;INLET CABLE ASSEMBLY;J1
Canon;Canon i-SENSYS MF418x;INTERNAL COMPONENTS 2 MF416, 414;VS1-7258-007;CONNECTOR, DRAWER;
Canon;Canon i-SENSYS MF418x;INTERNAL COMPONENTS 2 MF416, 414;RC1-3481-000;ROLLER, IDLER;
Canon;Canon i-SENSYS MF418x;INTERNAL COMPONENTS 2 MF416, 414;RC2-6131-000;BUSHING;
Canon;Canon i-SENSYS MF418x;INTERNAL COMPONENTS 2 MF416, 414;RC2-6133-000;SHAFT, TRANSMISSION;
Canon;Canon i-SENSYS MF418x;INTERNAL COMPONENTS 2 MF416, 414;RC2-8263-000;BUSHING;
Canon;Canon i-SENSYS MF418x;INTERNAL COMPONENTS 2 MF416, 414;RU5-2894-000;SPRING, COMPRESSION;
Canon;Canon i-SENSYS MF418x;INTERNAL COMPONENTS 3 MF419, 416, 414;RM1-6402-000;PAPER FEED GUIDE ASSY;
Canon;Canon i-SENSYS MF418x;INTERNAL COMPONENTS 3 MF419, 416, 414;FM4-1659-000;REGISTRATION ASSY;
Canon;Canon i-SENSYS MF418x;INTERNAL COMPONENTS 3 MF419, 416, 414;RM1-6424-000;SCANNER ASSY;M2
Canon;Canon i-SENSYS MF418x;INTERNAL COMPONENTS 3 MF419, 416, 414;XA9-1420-000;SCREW, W/WASHER, M3X8;
Canon;Canon i-SENSYS MF418x;INTERNAL COMPONENTS 3 MF419, 416, 414;XA9-1671-000;SCREW, D, M3X8;
Canon;Canon i-SENSYS MF418x;INTERNAL COMPONENTS 3 MF419, 416, 414;FK3-0730-000;CABLE, FLAT;
Canon;Canon i-SENSYS MF418x;INTERNAL COMPONENTS 3 MF419, 416, 414;RM1-6450-000;TRANSFER ROLLER ASSY;
Canon;Canon i-SENSYS MF418x;INTERNAL COMPONENTS 3 MF419, 416, 414;RM1-6374-000;CABLE, TAG;
Canon;Canon i-SENSYS MF418x;INTERNAL COMPONENTS 3 D1550, D1520;RM1-6402-000;PAPER FEED GUIDE ASSY;
Canon;Canon i-SENSYS MF418x;INTERNAL COMPONENTS 3 D1550, D1520;FM4-1659-000;REGISTRATION ASSY;
Canon;Canon i-SENSYS MF418x;INTERNAL COMPONENTS 3 D1550, D1520;RM1-6424-000;SCANNER ASSY;M2
Canon;Canon i-SENSYS MF418x;INTERNAL COMPONENTS 3 D1550, D1520;XA9-1420-000;SCREW, W/WASHER, M3X8;
Canon;Canon i-SENSYS MF418x;INTERNAL COMPONENTS 3 D1550, D1520;XA9-1671-000;SCREW, D, M3X8;
Canon;Canon i-SENSYS MF418x;INTERNAL COMPONENTS 3 D1550, D1520;FK3-0730-000;CABLE, FLAT;
Canon;Canon i-SENSYS MF418x;INTERNAL COMPONENTS 3 D1550, D1520;RM1-6450-000;TRANSFER ROLLER ASSY;
Canon;Canon i-SENSYS MF418x;INTERNAL COMPONENTS 3 D1550, D1520;RM1-6374-000;CABLE, TAG;
Canon;Canon i-SENSYS MF418x;INTERNAL COMPONENTS 4 MF419;FC9-2142-000;PLATE, USB GROUNDING;
Canon;Canon i-SENSYS MF418x;INTERNAL COMPONENTS 4 MF419;FK3-0732-000;FAN;FM2
Canon;Canon i-SENSYS MF418x;INTERNAL COMPONENTS 4 MF419;FK2-2064-000;FAN;FM3
Canon;Canon i-SENSYS MF418x;INTERNAL COMPONENTS 4 MF419;FM1-R825-000;USB RELAY PCB ASSEMBLY;
Canon;Canon i-SENSYS MF418x;INTERNAL COMPONENTS 4 MF419;FM1-R900-000;ENGINE CONTROLLER PCB ASSY;
Canon;Canon i-SENSYS MF418x;INTERNAL COMPONENTS 4 MF419;RK2-2729-000;SOLENOID;SL1
Canon;Canon i-SENSYS MF418x;INTERNAL COMPONENTS 4 MF419;RK2-2731-000;SOLENOID;SL3
Canon;Canon i-SENSYS MF418x;INTERNAL COMPONENTS 4 MF419;RK2-2733-000;SOLENOID;SL2
Canon;Canon i-SENSYS MF418x;INTERNAL COMPONENTS 4 MF419;RL1-2120-000;ROLLER,MULTI-PURPOSE PICK-UP;
Canon;Canon i-SENSYS MF418x;INTERNAL COMPONENTS 4 MF419;RM1-4275-020;PAPER PICK-UP GEAR ASSY;
Canon;Canon i-SENSYS MF418x;INTERNAL COMPONENTS 4 MF419;RM1-6423-000;REVERSE DRIVE ASSY;
Canon;Canon i-SENSYS MF418x;INTERNAL COMPONENTS 4 MF419;VS1-7177-003;CONNECTOR, SNAP TIGHT, BK;
Canon;Canon i-SENSYS MF418x;INTERNAL COMPONENTS 4 MF419;WC4-5171-000;MICROSWITCH;SW2
Canon;Canon i-SENSYS MF418x;INTERNAL COMPONENTS 4 MF419;XA9-1671-000;SCREW, D, M3X8;
Canon;Canon i-SENSYS MF418x;INTERNAL COMPONENTS 4 MF419;FC9-8942-000;SHEET, PROTECTIVE;
Canon;Canon i-SENSYS MF418x;INTERNAL COMPONENTS 4 MF419;FM1-R906-000;CONNECTING PCB ASSY;
Canon;Canon i-SENSYS MF418x;INTERNAL COMPONENTS 4 MF419;XA9-1503-000;SCREW, TAP, M3X6;
Canon;Canon i-SENSYS MF418x;INTERNAL COMPONENTS 4 MF419;RC2-6136-000;SHAFT, PAPER PICK-UP;
Canon;Canon i-SENSYS MF418x;INTERNAL COMPONENTS 4 D1550, D1520;FC9-2142-000;PLATE, USB GROUNDING;
Canon;Canon i-SENSYS MF418x;INTERNAL COMPONENTS 4 D1550, D1520;FK3-0732-000;FAN;FM2
Canon;Canon i-SENSYS MF418x;INTERNAL COMPONENTS 4 D1550, D1520;FK2-2064-000;FAN;FM3
Canon;Canon i-SENSYS MF418x;INTERNAL COMPONENTS 4 D1550, D1520;FM1-R825-000;USB RELAY PCB ASSEMBLY;
Canon;Canon i-SENSYS MF418x;INTERNAL COMPONENTS 4 D1550, D1520;FM1-R895-000;ENGINE CONTROLLER PCB ASSY;
Canon;Canon i-SENSYS MF418x;INTERNAL COMPONENTS 4 D1550, D1520;RK2-2729-000;SOLENOID;SL1
Canon;Canon i-SENSYS MF418x;INTERNAL COMPONENTS 4 D1550, D1520;RK2-2731-000;SOLENOID;SL3
Canon;Canon i-SENSYS MF418x;INTERNAL COMPONENTS 4 D1550, D1520;RK2-2733-000;SOLENOID;SL2
Canon;Canon i-SENSYS MF418x;INTERNAL COMPONENTS 4 D1550, D1520;RL1-2120-000;ROLLER,MULTI-PURPOSE PICK-UP;
Canon;Canon i-SENSYS MF418x;INTERNAL COMPONENTS 4 D1550, D1520;RM1-4275-020;PAPER PICK-UP GEAR ASSY;
Canon;Canon i-SENSYS MF418x;INTERNAL COMPONENTS 4 D1550, D1520;RM1-6423-000;REVERSE DRIVE ASSY;
Canon;Canon i-SENSYS MF418x;INTERNAL COMPONENTS 4 D1550, D1520;VS1-7177-003;CONNECTOR, SNAP TIGHT, BK;
Canon;Canon i-SENSYS MF418x;INTERNAL COMPONENTS 4 D1550, D1520;WC4-5171-000;MICROSWITCH;SW2
Canon;Canon i-SENSYS MF418x;INTERNAL COMPONENTS 4 D1550, D1520;XA9-1671-000;SCREW, D, M3X8;
Canon;Canon i-SENSYS MF418x;INTERNAL COMPONENTS 4 D1550, D1520;FC9-8942-000;SHEET, PROTECTIVE;
Canon;Canon i-SENSYS MF418x;INTERNAL COMPONENTS 4 D1550, D1520;FM1-R906-000;CONNECTING PCB ASSY;
Canon;Canon i-SENSYS MF418x;INTERNAL COMPONENTS 4 D1550, D1520;XA9-1503-000;SCREW, TAP, M3X6;
Canon;Canon i-SENSYS MF418x;INTERNAL COMPONENTS 4 D1550, D1520;RC2-6136-000;SHAFT, PAPER PICK-UP;
Canon;Canon i-SENSYS MF418x;INTERNAL COMPONENTS 4 MF416, 414;FC9-2142-000;PLATE, USB GROUNDING;
Canon;Canon i-SENSYS MF418x;INTERNAL COMPONENTS 4 MF416, 414;FK3-0732-000;FAN;FM2
Canon;Canon i-SENSYS MF418x;INTERNAL COMPONENTS 4 MF416, 414;FK2-2064-000;FAN;FM3
Canon;Canon i-SENSYS MF418x;INTERNAL COMPONENTS 4 MF416, 414;FM1-R825-000;USB RELAY PCB ASSEMBLY;
Canon;Canon i-SENSYS MF418x;INTERNAL COMPONENTS 4 MF416, 414;FM1-R887-000;ENGINE CONTROLLER PCB ASSY;
Canon;Canon i-SENSYS MF418x;INTERNAL COMPONENTS 4 MF416, 414;RK2-2729-000;SOLENOID;SL1
Canon;Canon i-SENSYS MF418x;INTERNAL COMPONENTS 4 MF416, 414;RK2-2731-000;SOLENOID;SL3
Canon;Canon i-SENSYS MF418x;INTERNAL COMPONENTS 4 MF416, 414;RK2-2733-000;SOLENOID;SL2
Canon;Canon i-SENSYS MF418x;INTERNAL COMPONENTS 4 MF416, 414;RL1-2120-000;ROLLER,MULTI-PURPOSE PICK-UP;
Canon;Canon i-SENSYS MF418x;INTERNAL COMPONENTS 4 MF416, 414;RM1-4275-020;PAPER PICK-UP GEAR ASSY;
Canon;Canon i-SENSYS MF418x;INTERNAL COMPONENTS 4 MF416, 414;RM1-6423-000;REVERSE DRIVE ASSY;
Canon;Canon i-SENSYS MF418x;INTERNAL COMPONENTS 4 MF416, 414;VS1-7177-003;CONNECTOR, SNAP TIGHT, BK;
Canon;Canon i-SENSYS MF418x;INTERNAL COMPONENTS 4 MF416, 414;WC4-5171-000;MICROSWITCH;SW2
Canon;Canon i-SENSYS MF418x;INTERNAL COMPONENTS 4 MF416, 414;XA9-1671-000;SCREW, D, M3X8;
Canon;Canon i-SENSYS MF418x;INTERNAL COMPONENTS 4 MF416, 414;FC9-8942-000;SHEET, PROTECTIVE;
Canon;Canon i-SENSYS MF418x;INTERNAL COMPONENTS 4 MF416, 414;FM1-R906-000;CONNECTING PCB ASSY;
Canon;Canon i-SENSYS MF418x;INTERNAL COMPONENTS 4 MF416, 414;XA9-1503-000;SCREW, TAP, M3X6;
Canon;Canon i-SENSYS MF418x;INTERNAL COMPONENTS 4 MF416, 414;RC2-6136-000;SHAFT, PAPER PICK-UP;
Canon;Canon i-SENSYS MF418x;INTERNAL COMPONENTS 4 MF416, 414;RC2-1568-000;PLATE, GROUNDING;
Canon;Canon i-SENSYS MF418x;INTERNAL COMPONENTS 5 MF419;FC0-3182-000;SHEET, CABLE PROTECTION;
Canon;Canon i-SENSYS MF418x;INTERNAL COMPONENTS 5 MF419;XA9-1671-000;SCREW, D, M3X8;
Canon;Canon i-SENSYS MF418x;INTERNAL COMPONENTS 5 MF419;FK3-1826-000;SPEAKER;SP1
Canon;Canon i-SENSYS MF418x;INTERNAL COMPONENTS 5 MF419;FK4-1146-000;CABLE, FLAT;
Canon;Canon i-SENSYS MF418x;INTERNAL COMPONENTS 5 MF419;FM4-8968-010;OFFHOOK PCB ASSEMBLY;
Canon;Canon i-SENSYS MF418x;INTERNAL COMPONENTS 5 MF419;FK4-1248-020;MODULE, WLAN;
Canon;Canon i-SENSYS MF418x;INTERNAL COMPONENTS 5 MF419;FM1-R914-000;NCU PCB ASSEMBLY;
Canon;Canon i-SENSYS MF418x;INTERNAL COMPONENTS 5 MF419;FK4-3102-000;CABLE, FLAT;
Canon;Canon i-SENSYS MF418x;INTERNAL COMPONENTS 5 MF416, 414, D1550;FC0-3182-000;SHEET, CABLE PROTECTION;
Canon;Canon i-SENSYS MF418x;INTERNAL COMPONENTS 5 MF416, 414, D1550;XA9-1671-000;SCREW, D, M3X8;
Canon;Canon i-SENSYS MF418x;INTERNAL COMPONENTS 5 MF416, 414, D1550;FK3-1826-000;SPEAKER;SP1
Canon;Canon i-SENSYS MF418x;INTERNAL COMPONENTS 5 MF416, 414, D1550;FK4-1146-000;CABLE, FLAT;
Canon;Canon i-SENSYS MF418x;INTERNAL COMPONENTS 5 MF416, 414, D1550;FM4-8968-010;OFFHOOK PCB ASSEMBLY;
Canon;Canon i-SENSYS MF418x;INTERNAL COMPONENTS 5 MF416, 414, D1550;FK4-1248-020;MODULE, WLAN;
Canon;Canon i-SENSYS MF418x;INTERNAL COMPONENTS 5 MF416, 414, D1550;FM1-R914-000;NCU PCB ASSEMBLY;
Canon;Canon i-SENSYS MF418x;INTERNAL COMPONENTS 5 MF416, 414, D1550;FK4-3102-000;CABLE, FLAT;
Canon;Canon i-SENSYS MF418x;INTERNAL COMPONENTS 5 D1520;XA9-1671-000;SCREW, D, M3X8;
Canon;Canon i-SENSYS MF418x;INTERNAL COMPONENTS 5 D1520;NPN;INTERNAL COMPONENTS 5;D1520
Canon;Canon i-SENSYS MF418x;INTERNAL COMPONENTS 6 MF419, D1550, D1520;FC9-2068-000;GUIDE, CASSETTE, RIGHT;
Canon;Canon i-SENSYS MF418x;INTERNAL COMPONENTS 6 MF419, D1550, D1520;FC9-2069-000;GUIDE, CASSETTE, LEFT;
Canon;Canon i-SENSYS MF418x;INTERNAL COMPONENTS 6 MF419, D1550, D1520;FC9-2071-000;SPRING, LEAF;
Canon;Canon i-SENSYS MF418x;INTERNAL COMPONENTS 6 MF419, D1550, D1520;FC9-4891-000;LABEL, EXCHANGE CONTROL PANEL;
Canon;Canon i-SENSYS MF418x;INTERNAL COMPONENTS 6 MF419, D1550, D1520;XA9-1671-000;SCREW, D, M3X8;
Canon;Canon i-SENSYS MF418x;INTERNAL COMPONENTS 6 MF419, D1550, D1520;FM3-9798-000;CASSETTE ASSEMBLY;
Canon;Canon i-SENSYS MF418x;INTERNAL COMPONENTS 6 MF419, D1550, D1520;RM1-6454-000;SEPARATION PAD ASSY;
Canon;Canon i-SENSYS MF418x;INTERNAL COMPONENTS 6 MF416, 414;FM0-4723-000;CASSETTE ASSY;
Canon;Canon i-SENSYS MF418x;INTERNAL COMPONENTS 6 MF416, 414;RM1-6397-000;SEPARATION PAD HOLDER ASSY;
Canon;Canon i-SENSYS MF418x;INTERNAL COMPONENTS 6 MF416, 414;XA9-1671-000;SCREW, D, M3X8;
Canon;Canon i-SENSYS MF418x;READER/ADF ASSEMBLY MF419;FC7-6189-000;ROLLER, PICK-UP;
Canon;Canon i-SENSYS MF418x;READER/ADF ASSEMBLY MF419;FC7-6320-000;BUSHING;
Canon;Canon i-SENSYS MF418x;READER/ADF ASSEMBLY MF419;FC7-6321-000;FLAG, DOCUMENT SCANNER;
Canon;Canon i-SENSYS MF418x;READER/ADF ASSEMBLY MF419;VS1-7177-002;CONNECTOR, SNAP TIGHT, BK;
Canon;Canon i-SENSYS MF418x;READER/ADF ASSEMBLY MF419;FC9-1496-000;COVER, ADF, FRONT LOWER;
Canon;Canon i-SENSYS MF418x;READER/ADF ASSEMBLY MF419;FC9-4998-000;COVER, ADF, FRONT UPPER;
Canon;Canon i-SENSYS MF418x;READER/ADF ASSEMBLY MF419;FE4-8226-000;PLATE, PAPER SIZE;
Canon;Canon i-SENSYS MF418x;READER/ADF ASSEMBLY MF419;FC9-1494-000;LABEL, COPY PROHIBITION;
Canon;Canon i-SENSYS MF418x;READER/ADF ASSEMBLY MF419;FE4-8381-000;PANEL, COPYBOARD;
Canon;Canon i-SENSYS MF418x;READER/ADF ASSEMBLY MF419;VS1-7207-004;CONNECTOR, SNAP TIGHT, BK;
Canon;Canon i-SENSYS MF418x;READER/ADF ASSEMBLY MF419;XA9-0831-000;SCREW,M3X10;
Canon;Canon i-SENSYS MF418x;READER/ADF ASSEMBLY MF419;HU1-1022-000;BUSHING;
Canon;Canon i-SENSYS MF418x;READER/ADF ASSEMBLY MF419;FC9-4999-000;PANEL, OPEN/CLOSE;
Canon;Canon i-SENSYS MF418x;READER/ADF ASSEMBLY MF419;FU7-8987-000;LABEL, GLASS CLEANING;
Canon;Canon i-SENSYS MF418x;READER/ADF ASSEMBLY MF419;FC9-5660-000;CUSHION;
Canon;Canon i-SENSYS MF418x;READER/ADF ASSEMBLY MF419;FC9-5661-000;CUSHION;
Canon;Canon i-SENSYS MF418x;READER/ADF ASSEMBLY MF419;FL2-6637-000;ROLLER, SEPARATION;[DP]
Canon;Canon i-SENSYS MF418x;READER/ADF ASSEMBLY MF419;FL3-3540-000;HOLDER, DOCUMENT,RELEASE SHEET;
Canon;Canon i-SENSYS MF418x;READER/ADF ASSEMBLY MF419;FL3-1430-000;HINGE, ADF;
Canon;Canon i-SENSYS MF418x;READER/ADF ASSEMBLY MF419;FL0-6504-000;COVER, REAR;
Canon;Canon i-SENSYS MF418x;READER/ADF ASSEMBLY MF419;FM4-1888-000;DOCUMENT TRAY ASSEMBLY;
Canon;Canon i-SENSYS MF418x;READER/ADF ASSEMBLY MF419;HC1-0586-000;RETAINING RING;
Canon;Canon i-SENSYS MF418x;READER/ADF ASSEMBLY MF419;FM1-K027-000;SEPARATION ROLLER ASSEMBLY;
Canon;Canon i-SENSYS MF418x;READER/ADF ASSEMBLY MF419;FU7-0672-000;GEAR, 24T;
Canon;Canon i-SENSYS MF418x;READER/ADF ASSEMBLY MF419;FU7-2018-000;SPRING, COMPRESSION;
Canon;Canon i-SENSYS MF418x;READER/ADF ASSEMBLY MF419;FM1-K009-000;PAPER FEED GUIDE ASSEMBLY;
Canon;Canon i-SENSYS MF418x;READER/ADF ASSEMBLY MF419;FM1-P946-000;CABLE, ADF;
Canon;Canon i-SENSYS MF418x;READER/ADF ASSEMBLY MF419;FE4-8227-000;LABEL, SIZE INDEX;
Canon;Canon i-SENSYS MF418x;READER/ADF ASSEMBLY MF419;XA9-0476-000;SCREW,TP M3X8;
Canon;Canon i-SENSYS MF418x;READER/ADF ASSEMBLY MF419;XD9-0219-000;PIN, DOWEL;
Canon;Canon i-SENSYS MF418x;READER/ADF ASSEMBLY MF419;FL1-0264-000;SHEET, INSULATING;
Canon;Canon i-SENSYS MF418x;READER/ADF ASSEMBLY D1550, D1520;FC7-6189-000;ROLLER, PICK-UP;
Canon;Canon i-SENSYS MF418x;READER/ADF ASSEMBLY D1550, D1520;FC7-6320-000;BUSHING;
Canon;Canon i-SENSYS MF418x;READER/ADF ASSEMBLY D1550, D1520;FC7-6321-000;FLAG, DOCUMENT SCANNER;
Canon;Canon i-SENSYS MF418x;READER/ADF ASSEMBLY D1550, D1520;VS1-7177-002;CONNECTOR, SNAP TIGHT, BK;
Canon;Canon i-SENSYS MF418x;READER/ADF ASSEMBLY D1550, D1520;FC9-1496-000;COVER, ADF, FRONT LOWER;
Canon;Canon i-SENSYS MF418x;READER/ADF ASSEMBLY D1550, D1520;FC9-4998-000;COVER, ADF, FRONT UPPER;
Canon;Canon i-SENSYS MF418x;READER/ADF ASSEMBLY D1550, D1520;FE4-8226-000;PLATE, PAPER SIZE;
Canon;Canon i-SENSYS MF418x;READER/ADF ASSEMBLY D1550, D1520;FC9-1494-000;LABEL, COPY PROHIBITION;
Canon;Canon i-SENSYS MF418x;READER/ADF ASSEMBLY D1550, D1520;FE4-8381-000;PANEL, COPYBOARDSHEET, WHITE;
Canon;Canon i-SENSYS MF418x;READER/ADF ASSEMBLY D1550, D1520;VS1-7207-004;CONNECTOR, SNAP TIGHT, BK;
Canon;Canon i-SENSYS MF418x;READER/ADF ASSEMBLY D1550, D1520;XA9-0831-000;SCREW,M3X10;
Canon;Canon i-SENSYS MF418x;READER/ADF ASSEMBLY D1550, D1520;HU1-1022-000;BUSHING;
Canon;Canon i-SENSYS MF418x;READER/ADF ASSEMBLY D1550, D1520;FC9-4999-000;PANEL, OPEN/CLOSE;
Canon;Canon i-SENSYS MF418x;READER/ADF ASSEMBLY D1550, D1520;FU7-8987-000;LABEL, GLASS CLEANING;
Canon;Canon i-SENSYS MF418x;READER/ADF ASSEMBLY D1550, D1520;FC9-5660-000;CUSHION;
Canon;Canon i-SENSYS MF418x;READER/ADF ASSEMBLY D1550, D1520;FC9-5661-000;CUSHION;
Canon;Canon i-SENSYS MF418x;READER/ADF ASSEMBLY D1550, D1520;FL2-6637-000;ROLLER, SEPARATION;[DP]
Canon;Canon i-SENSYS MF418x;READER/ADF ASSEMBLY D1550, D1520;FL3-3539-000;HOLDER, DOCUMENT,RELEASE SHEET;
Canon;Canon i-SENSYS MF418x;READER/ADF ASSEMBLY D1550, D1520;FL3-1430-000;HINGE, ADF;
Canon;Canon i-SENSYS MF418x;READER/ADF ASSEMBLY D1550, D1520;FL0-6504-000;COVER, REAR;
Canon;Canon i-SENSYS MF418x;READER/ADF ASSEMBLY D1550, D1520;FM4-1888-000;DOCUMENT TRAY ASSEMBLY;
Canon;Canon i-SENSYS MF418x;READER/ADF ASSEMBLY D1550, D1520;HC1-0586-000;RETAINING RING;
Canon;Canon i-SENSYS MF418x;READER/ADF ASSEMBLY D1550, D1520;FM1-K027-000;SEPARATION ROLLER ASSEMBLY;
Canon;Canon i-SENSYS MF418x;READER/ADF ASSEMBLY D1550, D1520;FU7-0672-000;GEAR, 24T;
Canon;Canon i-SENSYS MF418x;READER/ADF ASSEMBLY D1550, D1520;FU7-2018-000;SPRING, COMPRESSION;
Canon;Canon i-SENSYS MF418x;READER/ADF ASSEMBLY D1550, D1520;FM1-K009-000;PAPER FEED GUIDE ASSEMBLY;
Canon;Canon i-SENSYS MF418x;READER/ADF ASSEMBLY D1550, D1520;FM1-P946-000;CABLE, ADF;
Canon;Canon i-SENSYS MF418x;READER/ADF ASSEMBLY D1550, D1520;FE4-8227-000;LABEL, SIZE INDEX;
Canon;Canon i-SENSYS MF418x;READER/ADF ASSEMBLY D1550, D1520;XA9-0476-000;SCREW,TP M3X8;
Canon;Canon i-SENSYS MF418x;READER/ADF ASSEMBLY D1550, D1520;XD9-0219-000;PIN, DOWEL;
Canon;Canon i-SENSYS MF418x;READER/ADF ASSEMBLY D1550, D1520;FL1-0264-000;SHEET, INSULATING;
Canon;Canon i-SENSYS MF418x;READER/ADF ASSEMBLY MF416, 414;FC7-6189-000;ROLLER, PICK-UP;
Canon;Canon i-SENSYS MF418x;READER/ADF ASSEMBLY MF416, 414;FC7-6320-000;BUSHING;
Canon;Canon i-SENSYS MF418x;READER/ADF ASSEMBLY MF416, 414;FC7-6321-000;FLAG, DOCUMENT SCANNER;
Canon;Canon i-SENSYS MF418x;READER/ADF ASSEMBLY MF416, 414;FM4-1876-000;DOCUMENT TRAY ASSEMBLY;
Canon;Canon i-SENSYS MF418x;READER/ADF ASSEMBLY MF416, 414;FC9-1494-000;LABEL, COPY PROHIBITION;
Canon;Canon i-SENSYS MF418x;READER/ADF ASSEMBLY MF416, 414;VS1-7177-002;CONNECTOR, SNAP TIGHT, BK;
Canon;Canon i-SENSYS MF418x;READER/ADF ASSEMBLY MF416, 414;FE4-7839-000;COVER, REAR;
Canon;Canon i-SENSYS MF418x;READER/ADF ASSEMBLY MF416, 414;FC9-1533-000;COVER, FRONT UPPER;
Canon;Canon i-SENSYS MF418x;READER/ADF ASSEMBLY MF416, 414;VS1-7207-004;CONNECTOR, SNAP TIGHT, BK;
Canon;Canon i-SENSYS MF418x;READER/ADF ASSEMBLY MF416, 414;FC9-1535-000;TRAY, SUB DOCUMENT;
Canon;Canon i-SENSYS MF418x;READER/ADF ASSEMBLY MF416, 414;FC9-1536-000;PANEL, OPEN/CLOSE;
Canon;Canon i-SENSYS MF418x;READER/ADF ASSEMBLY MF416, 414;FC0-4435-000;SHEET, WHITE;
Canon;Canon i-SENSYS MF418x;READER/ADF ASSEMBLY MF416, 414;FE2-3484-000;PLATE, PAPER SIZE;
Canon;Canon i-SENSYS MF418x;READER/ADF ASSEMBLY MF416, 414;FC9-5655-000;TRAY, SUB;
Canon;Canon i-SENSYS MF418x;READER/ADF ASSEMBLY MF416, 414;HU1-1022-000;BUSHING;
Canon;Canon i-SENSYS MF418x;READER/ADF ASSEMBLY MF416, 414;XA9-0831-000;SCREW,M3X10;
Canon;Canon i-SENSYS MF418x;READER/ADF ASSEMBLY MF416, 414;FC9-7562-000;LABEL, SIZE INDEX;
Canon;Canon i-SENSYS MF418x;READER/ADF ASSEMBLY MF416, 414;FC9-7566-000;LABEL, GLASS CLEANING;
Canon;Canon i-SENSYS MF418x;READER/ADF ASSEMBLY MF416, 414;FL2-6637-000;ROLLER, SEPARATION;[DP]
Canon;Canon i-SENSYS MF418x;READER/ADF ASSEMBLY MF416, 414;FL3-2453-000;HINGE, ADF;
Canon;Canon i-SENSYS MF418x;READER/ADF ASSEMBLY MF416, 414;FL3-3539-000;HOLDER, DOCUMENT,RELEASE SHEET;
Canon;Canon i-SENSYS MF418x;READER/ADF ASSEMBLY MF416, 414;FM1-K027-000;SEPARATION ROLLER ASSEMBLY;
Canon;Canon i-SENSYS MF418x;READER/ADF ASSEMBLY MF416, 414;HC1-0586-000;RETAINING RING;
Canon;Canon i-SENSYS MF418x;READER/ADF ASSEMBLY MF416, 414;FU7-0672-000;GEAR, 24T;
Canon;Canon i-SENSYS MF418x;READER/ADF ASSEMBLY MF416, 414;FU7-2018-000;SPRING, COMPRESSION;
Canon;Canon i-SENSYS MF418x;READER/ADF ASSEMBLY MF416, 414;FM1-K009-000;PAPER FEED GUIDE ASSEMBLY;
Canon;Canon i-SENSYS MF418x;READER/ADF ASSEMBLY MF416, 414;FM1-P946-000;CABLE, ADF;
Canon;Canon i-SENSYS MF418x;READER/ADF ASSEMBLY MF416, 414;FE2-2443-000;LABEL, SIZE INDEX;
Canon;Canon i-SENSYS MF418x;READER/ADF ASSEMBLY MF416, 414;XA9-0476-000;SCREW,TP M3X8;
Canon;Canon i-SENSYS MF418x;READER/ADF ASSEMBLY MF416, 414;XD9-0219-000;PIN, DOWEL;
Canon;Canon i-SENSYS MF418x;READER/ADF ASSEMBLY MF416, 414;FL1-0264-000;SHEET, INSULATING;
Canon;Canon i-SENSYS MF418x;PAPER FEEDER ASSEMBLY MF419;FC7-6052-010;RATCHET, PAPER FEED ROLLER;
Canon;Canon i-SENSYS MF418x;PAPER FEEDER ASSEMBLY MF419;FC7-6182-000;LEVER, ROLLER RELEASE;
Canon;Canon i-SENSYS MF418x;PAPER FEEDER ASSEMBLY MF419;FC7-6278-000;FLAPPER, PAPER DELIVERY;
Canon;Canon i-SENSYS MF418x;PAPER FEEDER ASSEMBLY MF419;FC7-6281-000;SPRING, ARM;
Canon;Canon i-SENSYS MF418x;PAPER FEEDER ASSEMBLY MF419;FC7-6297-000;PAD, SEPARATION;[DP]
Canon;Canon i-SENSYS MF418x;PAPER FEEDER ASSEMBLY MF419;FC9-5654-000;SHEET, SEPARATION PAD;
Canon;Canon i-SENSYS MF418x;PAPER FEEDER ASSEMBLY MF419;FC7-6299-000;HOLDER, SEPARATION PAD;
Canon;Canon i-SENSYS MF418x;PAPER FEEDER ASSEMBLY MF419;FC7-6300-000;CLAMP, SEPARATION PAD;
Canon;Canon i-SENSYS MF418x;PAPER FEEDER ASSEMBLY MF419;FC9-1512-000;LEVER, RELEASE;
Canon;Canon i-SENSYS MF418x;PAPER FEEDER ASSEMBLY MF419;FL0-6505-000;ARM, SEPARATION SWING;
Canon;Canon i-SENSYS MF418x;PAPER FEEDER ASSEMBLY MF419;FL3-1437-000;GUIDE LOWER ASSEMBLY;
Canon;Canon i-SENSYS MF418x;PAPER FEEDER ASSEMBLY MF419;FM4-1885-000;PAPER FEED ROLLER ASSEMBLY;
Canon;Canon i-SENSYS MF418x;PAPER FEEDER ASSEMBLY MF419;FM3-9541-000;PAPER DELIVERY ASSEMBLY;
Canon;Canon i-SENSYS MF418x;PAPER FEEDER ASSEMBLY MF419;FM1-K007-000;DRIVE PLATE ASSEMBLY;
Canon;Canon i-SENSYS MF418x;PAPER FEEDER ASSEMBLY MF419;FM3-9543-000;SOLENOID ASSEMBLY;SL4
Canon;Canon i-SENSYS MF418x;PAPER FEEDER ASSEMBLY MF419;FM1-K008-000;MOTOR DRIVE ASSEMBLY;M4
Canon;Canon i-SENSYS MF418x;PAPER FEEDER ASSEMBLY MF419;FM4-1873-000;GUIDE ASSEMBLY, UPPER;
Canon;Canon i-SENSYS MF418x;PAPER FEEDER ASSEMBLY MF419;FL3-2458-000;PAPER DELIVERY ROLLER ASSY;
Canon;Canon i-SENSYS MF418x;PAPER FEEDER ASSEMBLY MF419;FU5-6992-000;ROLLER, AUXILIARY;
Canon;Canon i-SENSYS MF418x;PAPER FEEDER ASSEMBLY MF419;FU6-2998-000;SPRING, COMPRESSION;
Canon;Canon i-SENSYS MF418x;PAPER FEEDER ASSEMBLY MF419;FU6-2999-000;SPRING, TENSION;
Canon;Canon i-SENSYS MF418x;PAPER FEEDER ASSEMBLY MF419;FU7-0667-000;GEAR, 20T;
Canon;Canon i-SENSYS MF418x;PAPER FEEDER ASSEMBLY MF419;FU2-1582-000;GEAR, 54T;
Canon;Canon i-SENSYS MF418x;PAPER FEEDER ASSEMBLY MF419;FU2-1580-000;GEAR, 46T/23T;
Canon;Canon i-SENSYS MF418x;PAPER FEEDER ASSEMBLY MF419;FU7-0671-000;GEAR, 36T;
Canon;Canon i-SENSYS MF418x;PAPER FEEDER ASSEMBLY MF419;FU2-1576-000;GEAR, 18T/42T;
Canon;Canon i-SENSYS MF418x;PAPER FEEDER ASSEMBLY MF419;FU2-1579-000;GEAR, 51T/17T;
Canon;Canon i-SENSYS MF418x;PAPER FEEDER ASSEMBLY MF419;FU7-2016-000;SPRING, COMPRESSION;
Canon;Canon i-SENSYS MF418x;PAPER FEEDER ASSEMBLY MF419;FU7-2021-000;SPRING, COMPRESSION;
Canon;Canon i-SENSYS MF418x;PAPER FEEDER ASSEMBLY MF419;FU8-2483-000;SPRING, COMPRESSION;
Canon;Canon i-SENSYS MF418x;PAPER FEEDER ASSEMBLY MF419;HC1-0586-000;RETAINING RING;
Canon;Canon i-SENSYS MF418x;PAPER FEEDER ASSEMBLY MF419;HU1-1022-000;BUSHING;
Canon;Canon i-SENSYS MF418x;PAPER FEEDER ASSEMBLY MF419;WG8-5935-000;IC, PHOTO INTERRUPTER;PS2,PS3
Canon;Canon i-SENSYS MF418x;PAPER FEEDER ASSEMBLY MF419;FL3-2459-000;PLATE, WHITE SHEET;
Canon;Canon i-SENSYS MF418x;PAPER FEEDER ASSEMBLY MF419;FC9-1526-000;GUIDE, PAPER DELIVERY;
Canon;Canon i-SENSYS MF418x;PAPER FEEDER ASSEMBLY MF419;FC7-6295-000;STOPPER, DOCUMENT;
Canon;Canon i-SENSYS MF418x;PAPER FEEDER ASSEMBLY MF419;FU8-2484-000;SPRING, COMPRESSION;
Canon;Canon i-SENSYS MF418x;PAPER FEEDER ASSEMBLY MF419;FC9-5672-000;PLATE, GROUNDING;
Canon;Canon i-SENSYS MF418x;PAPER FEEDER ASSEMBLY MF419;FM1-K006-000;PAPER FEEDER ASSEMBLY;MF419
Canon;Canon i-SENSYS MF418x;PAPER FEEDER ASSEMBLY MF416, 414, D1550, D1520;FC7-6052-010;RATCHET, PAPER FEED ROLLER;
Canon;Canon i-SENSYS MF418x;PAPER FEEDER ASSEMBLY MF416, 414, D1550, D1520;FC7-6182-000;LEVER, ROLLER RELEASE;
Canon;Canon i-SENSYS MF418x;PAPER FEEDER ASSEMBLY MF416, 414, D1550, D1520;FC7-6278-000;FLAPPER, PAPER DELIVERY;
Canon;Canon i-SENSYS MF418x;PAPER FEEDER ASSEMBLY MF416, 414, D1550, D1520;FC7-6281-000;SPRING, ARM;
Canon;Canon i-SENSYS MF418x;PAPER FEEDER ASSEMBLY MF416, 414, D1550, D1520;FC7-6297-000;PAD, SEPARATION;[DP]
Canon;Canon i-SENSYS MF418x;PAPER FEEDER ASSEMBLY MF416, 414, D1550, D1520;FC9-5654-000;SHEET, SEPARATION PAD;
Canon;Canon i-SENSYS MF418x;PAPER FEEDER ASSEMBLY MF416, 414, D1550, D1520;FC7-6299-000;HOLDER, SEPARATION PAD;
Canon;Canon i-SENSYS MF418x;PAPER FEEDER ASSEMBLY MF416, 414, D1550, D1520;FC7-6300-000;CLAMP, SEPARATION PAD;
Canon;Canon i-SENSYS MF418x;PAPER FEEDER ASSEMBLY MF416, 414, D1550, D1520;FC9-1512-000;LEVER, RELEASE;
Canon;Canon i-SENSYS MF418x;PAPER FEEDER ASSEMBLY MF416, 414, D1550, D1520;FL0-6505-000;ARM, SEPARATION SWING;
Canon;Canon i-SENSYS MF418x;PAPER FEEDER ASSEMBLY MF416, 414, D1550, D1520;FL3-1437-000;GUIDE LOWER ASSEMBLY;
Canon;Canon i-SENSYS MF418x;PAPER FEEDER ASSEMBLY MF416, 414, D1550, D1520;FM4-1885-000;PAPER FEED ROLLER ASSEMBLY;
Canon;Canon i-SENSYS MF418x;PAPER FEEDER ASSEMBLY MF416, 414, D1550, D1520;FM3-9541-000;PAPER DELIVERY ASSEMBLY;
Canon;Canon i-SENSYS MF418x;PAPER FEEDER ASSEMBLY MF416, 414, D1550, D1520;FM1-K007-000;DRIVE PLATE ASSEMBLY;
Canon;Canon i-SENSYS MF418x;PAPER FEEDER ASSEMBLY MF416, 414, D1550, D1520;FM3-9543-000;SOLENOID ASSEMBLY;SL4
Canon;Canon i-SENSYS MF418x;PAPER FEEDER ASSEMBLY MF416, 414, D1550, D1520;FM1-K008-000;MOTOR DRIVE ASSEMBLY;M4
Canon;Canon i-SENSYS MF418x;PAPER FEEDER ASSEMBLY MF416, 414, D1550, D1520;FM4-1873-000;GUIDE ASSEMBLY, UPPER;
Canon;Canon i-SENSYS MF418x;PAPER FEEDER ASSEMBLY MF416, 414, D1550, D1520;FL3-2458-000;PAPER DELIVERY ROLLER ASSY;
Canon;Canon i-SENSYS MF418x;PAPER FEEDER ASSEMBLY MF416, 414, D1550, D1520;FU5-6992-000;ROLLER, AUXILIARY;
Canon;Canon i-SENSYS MF418x;PAPER FEEDER ASSEMBLY MF416, 414, D1550, D1520;FU6-2998-000;SPRING, COMPRESSION;
Canon;Canon i-SENSYS MF418x;PAPER FEEDER ASSEMBLY MF416, 414, D1550, D1520;FU6-2999-000;SPRING, TENSION;
Canon;Canon i-SENSYS MF418x;PAPER FEEDER ASSEMBLY MF416, 414, D1550, D1520;FU7-0667-000;GEAR, 20T;
Canon;Canon i-SENSYS MF418x;PAPER FEEDER ASSEMBLY MF416, 414, D1550, D1520;FU2-1582-000;GEAR, 54T;
Canon;Canon i-SENSYS MF418x;PAPER FEEDER ASSEMBLY MF416, 414, D1550, D1520;FU2-1580-000;GEAR, 46T/23T;
Canon;Canon i-SENSYS MF418x;PAPER FEEDER ASSEMBLY MF416, 414, D1550, D1520;FU7-0671-000;GEAR, 36T;
Canon;Canon i-SENSYS MF418x;PAPER FEEDER ASSEMBLY MF416, 414, D1550, D1520;FU2-1576-000;GEAR, 18T/42T;
Canon;Canon i-SENSYS MF418x;PAPER FEEDER ASSEMBLY MF416, 414, D1550, D1520;FU2-1579-000;GEAR, 51T/17T;
Canon;Canon i-SENSYS MF418x;PAPER FEEDER ASSEMBLY MF416, 414, D1550, D1520;FU7-2016-000;SPRING, COMPRESSION;
Canon;Canon i-SENSYS MF418x;PAPER FEEDER ASSEMBLY MF416, 414, D1550, D1520;FU7-2021-000;SPRING, COMPRESSION;
Canon;Canon i-SENSYS MF418x;PAPER FEEDER ASSEMBLY MF416, 414, D1550, D1520;FU8-2008-000;SPRING, COMPRESSION;
Canon;Canon i-SENSYS MF418x;PAPER FEEDER ASSEMBLY MF416, 414, D1550, D1520;HC1-0586-000;RETAINING RING;
Canon;Canon i-SENSYS MF418x;PAPER FEEDER ASSEMBLY MF416, 414, D1550, D1520;HU1-1022-000;BUSHING;
Canon;Canon i-SENSYS MF418x;PAPER FEEDER ASSEMBLY MF416, 414, D1550, D1520;WG8-5935-000;IC, PHOTO INTERRUPTER;PS2,PS3
Canon;Canon i-SENSYS MF418x;PAPER FEEDER ASSEMBLY MF416, 414, D1550, D1520;FC9-1537-000;PLATE, SEPARATION GUIDE;
Canon;Canon i-SENSYS MF418x;PAPER FEEDER ASSEMBLY MF416, 414, D1550, D1520;FC9-1526-000;GUIDE, PAPER DELIVERY;
Canon;Canon i-SENSYS MF418x;PAPER FEEDER ASSEMBLY MF416, 414, D1550, D1520;FC7-6295-000;STOPPER, DOCUMENT;
Canon;Canon i-SENSYS MF418x;PAPER FEEDER ASSEMBLY MF416, 414, D1550, D1520;FM1-K005-000;PAPER FEEDER ASSEMBLY;MF416, 414,D1550,D1520
Canon;Canon i-SENSYS MF418x;READER ASSEMBLY MF419, D1550, D1520;VS1-7177-004;CONNECTOR, SNAP TIGHT, BK;
Canon;Canon i-SENSYS MF418x;READER ASSEMBLY MF419, D1550, D1520;FK4-2909-000;CABLE, FLAT;
Canon;Canon i-SENSYS MF418x;READER ASSEMBLY MF419, D1550, D1520;FC0-1945-000;SPACER, CIS;
Canon;Canon i-SENSYS MF418x;READER ASSEMBLY MF419, D1550, D1520;FK4-2086-000;CONTACT IMAGE SENSOR,HV12I-V02;CIS
Canon;Canon i-SENSYS MF418x;READER ASSEMBLY MF419, D1550, D1520;FM1-K013-000;READER COVER ASSEMBLY;
Canon;Canon i-SENSYS MF418x;READER ASSEMBLY MF419, D1550, D1520;FM4-9071-000;DC MOTOR ASSEMBLY;M3
Canon;Canon i-SENSYS MF418x;READER ASSEMBLY MF419, D1550, D1520;WG8-5935-000;IC, PHOTO INTERRUPTER;PS1
Canon;Canon i-SENSYS MF418x;READER ASSEMBLY MF419, D1550, D1520;XA9-0476-000;SCREW,TP M3X8;
Canon;Canon i-SENSYS MF418x;READER ASSEMBLY MF419, D1550, D1520;FK4-3101-000;CABLE, FLAT;
Canon;Canon i-SENSYS MF418x;READER ASSEMBLY MF419, D1550, D1520;FC9-1493-000;BELT, TIMING;
Canon;Canon i-SENSYS MF418x;READER ASSEMBLY MF419, D1550, D1520;FC9-2101-000;MOUNT, SUPPORTER;
Canon;Canon i-SENSYS MF418x;READER ASSEMBLY MF419, D1550, D1520;FC0-4177-000;SHEET, CABLE PROTECTION;
Canon;Canon i-SENSYS MF418x;READER ASSEMBLY MF419, D1550, D1520;FM1-K010-000;READER ASSEMBLY;MF419,D1550,D1520
Canon;Canon i-SENSYS MF418x;READER ASSEMBLY MF416,414;VS1-7177-004;CONNECTOR, SNAP TIGHT, BK;
Canon;Canon i-SENSYS MF418x;READER ASSEMBLY MF416,414;FK4-2908-000;CABLE, FLAT;
Canon;Canon i-SENSYS MF418x;READER ASSEMBLY MF416,414;FC0-1945-000;SPACER, CIS;
Canon;Canon i-SENSYS MF418x;READER ASSEMBLY MF416,414;FK4-2086-000;CONTACT IMAGE SENSOR,HV12I-V02;CIS
Canon;Canon i-SENSYS MF418x;READER ASSEMBLY MF416,414;FM0-3591-000;READER COVER UNIT;
Canon;Canon i-SENSYS MF418x;READER ASSEMBLY MF416,414;FM4-9070-000;DC MOTOR ASSEMBLY;M3
Canon;Canon i-SENSYS MF418x;READER ASSEMBLY MF416,414;WG8-5935-000;IC, PHOTO INTERRUPTER;PS1
Canon;Canon i-SENSYS MF418x;READER ASSEMBLY MF416,414;XA9-0476-000;SCREW,TP M3X8;
Canon;Canon i-SENSYS MF418x;READER ASSEMBLY MF416,414;FK4-3100-000;CABLE, FLAT;
Canon;Canon i-SENSYS MF418x;READER ASSEMBLY MF416,414;FC9-1650-000;BELT, TIMING;
Canon;Canon i-SENSYS MF418x;READER ASSEMBLY MF416,414;FC9-2101-000;MOUNT, SUPPORTER;
Canon;Canon i-SENSYS MF418x;READER ASSEMBLY MF416,414;FM1-K011-000;READER ASSEMBLY;MF416,414
Canon;Canon i-SENSYS MF418x;MAIN CONTROLLER PCB ASSEMBLY MF419;FK4-3035-000;IC, CSRQ5310C25-CBBU-TF, MPU;IC1
Canon;Canon i-SENSYS MF418x;MAIN CONTROLLER PCB ASSEMBLY MF419;FM1-T889-000;MAIN CONTROLLER PCB ASSEMBLY;MF419
Canon;Canon i-SENSYS MF418x;MAIN CONTROLLER PCB ASSEMBLY D1550;FK4-3035-000;IC, CSRQ5310C25-CBBU-TF, MPU;IC1
Canon;Canon i-SENSYS MF418x;MAIN CONTROLLER PCB ASSEMBLY D1550;FM1-T884-000;MAIN CONTROLLER PCB ASSEMBLY;D1550
Canon;Canon i-SENSYS MF418x;MAIN CONTROLLER PCB ASSEMBLY D1520;FK4-3035-000;IC, CSRQ5310C25-CBBU-TF, MPU;IC1
Canon;Canon i-SENSYS MF418x;MAIN CONTROLLER PCB ASSEMBLY D1520;FM1-T881-000;MAIN CONTROLLER PCB ASSEMBLY;D1520
Canon;Canon i-SENSYS MF418x;MAIN CONTROLLER PCB ASSEMBLY MF416;FK4-3035-000;IC, CSRQ5310C25-CBBU-TF, MPU;IC1
Canon;Canon i-SENSYS MF418x;MAIN CONTROLLER PCB ASSEMBLY MF416;FM1-T885-000;MAIN CONTROLLER PCB ASSEMBLY;MF416
Canon;Canon i-SENSYS MF418x;MAIN CONTROLLER PCB ASSEMBLY MF414;FK4-3035-000;IC, CSRQ5310C25-CBBU-TF, MPU;IC1
Canon;Canon i-SENSYS MF418x;MAIN CONTROLLER PCB ASSEMBLY MF414;FM1-T882-000;MAIN CONTROLLER PCB ASSEMBLY;MF414
