Canon;Canon i-SENSYS LBP3460;100 EXTERNAL COVERS, PANEL, ETC.;FC7-0434-000;HANDLE, RIGHT;
Canon;Canon i-SENSYS LBP3460;100 EXTERNAL COVERS, PANEL, ETC.;FC7-0435-000;SWITCH, POWER SUPPLY;
Canon;Canon i-SENSYS LBP3460;100 EXTERNAL COVERS, PANEL, ETC.;FC7-0454-000;COVER, RIGHT UPPER;
Canon;Canon i-SENSYS LBP3460;100 EXTERNAL COVERS, PANEL, ETC.;FC7-0473-000;PLATE, CANON LOGO;
Canon;Canon i-SENSYS LBP3460;100 EXTERNAL COVERS, PANEL, ETC.;FC7-0474-000;HINGE, LEFT;
Canon;Canon i-SENSYS LBP3460;100 EXTERNAL COVERS, PANEL, ETC.;FC7-0475-000;HINGE, RIGHT;
Canon;Canon i-SENSYS LBP3460;100 EXTERNAL COVERS, PANEL, ETC.;FC7-0479-000;PLATE, PANEL;ENGLISH
Canon;Canon i-SENSYS LBP3460;100 EXTERNAL COVERS, PANEL, ETC.;FC7-0482-000;PLATE, PANEL;FRENCH
Canon;Canon i-SENSYS LBP3460;100 EXTERNAL COVERS, PANEL, ETC.;FC7-0484-000;PLATE, PANEL;GERMAN
Canon;Canon i-SENSYS LBP3460;100 EXTERNAL COVERS, PANEL, ETC.;FC7-0483-000;PLATE, PANEL;ITALY
Canon;Canon i-SENSYS LBP3460;100 EXTERNAL COVERS, PANEL, ETC.;FC7-0485-000;PLATE, PANEL;SPANISH
Canon;Canon i-SENSYS LBP3460;100 EXTERNAL COVERS, PANEL, ETC.;FC7-0497-000;PLATE, PANEL;CHINESE
Canon;Canon i-SENSYS LBP3460;100 EXTERNAL COVERS, PANEL, ETC.;FC7-0486-000;LABEL, JAM CLEARING;
Canon;Canon i-SENSYS LBP3460;100 EXTERNAL COVERS, PANEL, ETC.;FC7-0487-000;LABEL, DROPPING, CAUTION;
Canon;Canon i-SENSYS LBP3460;100 EXTERNAL COVERS, PANEL, ETC.;FC7-0489-000;LABEL, MULTI, SET;
Canon;Canon i-SENSYS LBP3460;100 EXTERNAL COVERS, PANEL, ETC.;FC7-0490-000;LABEL, FIXING, JAM RELEASE;
Canon;Canon i-SENSYS LBP3460;100 EXTERNAL COVERS, PANEL, ETC.;XA9-1504-000;SCREW, RS, M3X8;
Canon;Canon i-SENSYS LBP3460;100 EXTERNAL COVERS, PANEL, ETC.;XA9-1500-010;SCREW, S, M3X8;
Canon;Canon i-SENSYS LBP3460;100 EXTERNAL COVERS, PANEL, ETC.;FC7-0493-000;LABEL, TRAY, EXTENSION;
Canon;Canon i-SENSYS LBP3460;100 EXTERNAL COVERS, PANEL, ETC.;FC7-0496-000;EMBLEM;
Canon;Canon i-SENSYS LBP3460;100 EXTERNAL COVERS, PANEL, ETC.;FK2-2369-000;PANEL, CONTROL, LARGE;
Canon;Canon i-SENSYS LBP3460;100 EXTERNAL COVERS, PANEL, ETC.;FC7-0460-000;COVER, LEFT, UPPER;
Canon;Canon i-SENSYS LBP3460;100 EXTERNAL COVERS, PANEL, ETC.;FC7-0461-000;COVER, LEFT, LOWER;
Canon;Canon i-SENSYS LBP3460;100 EXTERNAL COVERS, PANEL, ETC.;RC1-4135-000;PLATE;
Canon;Canon i-SENSYS LBP3460;100 EXTERNAL COVERS, PANEL, ETC.;FC7-0455-000;COVER, RIGHT, UPPER;
Canon;Canon i-SENSYS LBP3460;100 EXTERNAL COVERS, PANEL, ETC.;FC7-0456-000;COVER, RIGHT, LOWER;
Canon;Canon i-SENSYS LBP3460;100 EXTERNAL COVERS, PANEL, ETC.;FC7-0457-000;COVER, RIGHT FRONT, UPPER;
Canon;Canon i-SENSYS LBP3460;100 EXTERNAL COVERS, PANEL, ETC.;FC7-0458-000;COVER, RIGHT FRONT, LOWER;
Canon;Canon i-SENSYS LBP3460;100 EXTERNAL COVERS, PANEL, ETC.;FC7-0459-000;COVER, WINDOW, FRONT;
Canon;Canon i-SENSYS LBP3460;100 EXTERNAL COVERS, PANEL, ETC.;FM2-5999-000;MULTI-PURPOSE TRAY ASSY;
Canon;Canon i-SENSYS LBP3460;100 EXTERNAL COVERS, PANEL, ETC.;FM2-6000-000;CARTRIDGE DOOR ASSY;
Canon;Canon i-SENSYS LBP3460;100 EXTERNAL COVERS, PANEL, ETC.;FM2-6001-000;TOP COVER ASSY;
Canon;Canon i-SENSYS LBP3460;100 EXTERNAL COVERS, PANEL, ETC.;FM2-6002-000;REAR COVER ASSY;
Canon;Canon i-SENSYS LBP3460;100 EXTERNAL COVERS, PANEL, ETC.;FM2-6003-000;MULTI-PURPOSE COVER ASSY;
Canon;Canon i-SENSYS LBP3460;100 EXTERNAL COVERS, PANEL, ETC.;RU5-2388-000;SPRING;
Canon;Canon i-SENSYS LBP3460;100 EXTERNAL COVERS, PANEL, ETC.;RU5-2406-000;SPRING;
Canon;Canon i-SENSYS LBP3460;100 EXTERNAL COVERS, PANEL, ETC.;XA9-1503-000;SCREW, TAP, M3X6;
Canon;Canon i-SENSYS LBP3460;100 EXTERNAL COVERS, PANEL, ETC.;XB4-7401-005;SCREW,TAPPING,TRUSS HEAD,M4X10;
Canon;Canon i-SENSYS LBP3460;100 EXTERNAL COVERS, PANEL, ETC.;NPN;EXTERNAL COVERS, PANEL, ETC.;
Canon;Canon i-SENSYS LBP3460;101 INTERNAL COMPONENTS 1;XA9-1500-010;SCREW, S, M3X8;
Canon;Canon i-SENSYS LBP3460;101 INTERNAL COMPONENTS 1;RM1-1421-000;CABLE ASSY;
Canon;Canon i-SENSYS LBP3460;101 INTERNAL COMPONENTS 1;RM1-1521-000;LASER/SCANNER ASSY;
Canon;Canon i-SENSYS LBP3460;101 INTERNAL COMPONENTS 1;RC1-4128-000;DUCT, SCANNER;
Canon;Canon i-SENSYS LBP3460;101 INTERNAL COMPONENTS 1;RU5-2404-000;SPRING, COMPRESSION;
Canon;Canon i-SENSYS LBP3460;101 INTERNAL COMPONENTS 1;RC1-4125-000;LINK, LASER SHUTTER;
Canon;Canon i-SENSYS LBP3460;101 INTERNAL COMPONENTS 1;RC1-4129-000;DUCT, CARTRIDGE;
Canon;Canon i-SENSYS LBP3460;101 INTERNAL COMPONENTS 1;WT2-5812-000;CLIP, CABLE;
Canon;Canon i-SENSYS LBP3460;101 INTERNAL COMPONENTS 1;XB2-7300-605;SCREW,W/WASHER,M3X6;
Canon;Canon i-SENSYS LBP3460;101 INTERNAL COMPONENTS 1;RC1-4121-020;GUIDE, CRG., LEFT UPPER;
Canon;Canon i-SENSYS LBP3460;101 INTERNAL COMPONENTS 1;RC1-4123-020;LEVER, CRG. CLAMP;
Canon;Canon i-SENSYS LBP3460;101 INTERNAL COMPONENTS 1;RC1-3949-000;GUIDE, CST., LEFT MIDDLE;
Canon;Canon i-SENSYS LBP3460;101 INTERNAL COMPONENTS 1;RC1-4138-000;LEVER;
Canon;Canon i-SENSYS LBP3460;101 INTERNAL COMPONENTS 1;RC1-4122-000;GUIDE, CRG., LEFT LOWER;
Canon;Canon i-SENSYS LBP3460;101 INTERNAL COMPONENTS 1;RC1-3948-000;GUIDE, CST., LEFT FRONT;
Canon;Canon i-SENSYS LBP3460;101 INTERNAL COMPONENTS 1;RA0-1003-000;FOOT, RUBBER;
Canon;Canon i-SENSYS LBP3460;101 INTERNAL COMPONENTS 1;RC1-3946-000;BASE PLATE, FRONT;
Canon;Canon i-SENSYS LBP3460;101 INTERNAL COMPONENTS 1;RC1-4055-000;ARM, DOOR;
Canon;Canon i-SENSYS LBP3460;101 INTERNAL COMPONENTS 1;RU5-2407-000;SPRING, TENSION;
Canon;Canon i-SENSYS LBP3460;101 INTERNAL COMPONENTS 1;RC1-4056-000;GUIDE, DOOR ARM;
Canon;Canon i-SENSYS LBP3460;101 INTERNAL COMPONENTS 1;RC1-4059-000;SPRING, TORSION;
Canon;Canon i-SENSYS LBP3460;101 INTERNAL COMPONENTS 1;RC1-4060-000;LEVER;
Canon;Canon i-SENSYS LBP3460;101 INTERNAL COMPONENTS 1;RC1-4061-000;SPRING, TORSION;
Canon;Canon i-SENSYS LBP3460;101 INTERNAL COMPONENTS 1;RC1-4065-000;LEVER, GROUNDING CONTACT;
Canon;Canon i-SENSYS LBP3460;101 INTERNAL COMPONENTS 1;RC1-4066-020;LEVER, GROUNDING CONTACT;
Canon;Canon i-SENSYS LBP3460;101 INTERNAL COMPONENTS 1;RC1-4067-000;SPRING, LEAF;
Canon;Canon i-SENSYS LBP3460;101 INTERNAL COMPONENTS 1;RC1-4140-000;SPRING, COMPRESSION;
Canon;Canon i-SENSYS LBP3460;101 INTERNAL COMPONENTS 1;RU5-2410-000;SPRING, TORSION;
Canon;Canon i-SENSYS LBP3460;101 INTERNAL COMPONENTS 1;RU5-2403-000;SPRING, TENSION;
Canon;Canon i-SENSYS LBP3460;101 INTERNAL COMPONENTS 1;VS1-7177-003;CONNECTOR, SNAP TIGHT, BK;
Canon;Canon i-SENSYS LBP3460;101 INTERNAL COMPONENTS 1;RC1-4136-000;PLATE, PROTECTIVE;
Canon;Canon i-SENSYS LBP3460;101 INTERNAL COMPONENTS 1;RC1-4137-000;CAM, CONTACT;
Canon;Canon i-SENSYS LBP3460;101 INTERNAL COMPONENTS 1;RK2-0573-000;FAN, SUB;
Canon;Canon i-SENSYS LBP3460;101 INTERNAL COMPONENTS 1;RC1-4134-000;HOLDER, SUB FAN;
Canon;Canon i-SENSYS LBP3460;101 INTERNAL COMPONENTS 1;WT2-5694-000;CLIP CLAMP, WIRE;
Canon;Canon i-SENSYS LBP3460;101 INTERNAL COMPONENTS 1;RC1-4009-000;HOLDER;
Canon;Canon i-SENSYS LBP3460;101 INTERNAL COMPONENTS 1;RC1-3950-020;GUIDE, CST., LEFT REAR;
Canon;Canon i-SENSYS LBP3460;101 INTERNAL COMPONENTS 1;RC1-3951-000;GUIDE, CST., RIGHT FRONT;
Canon;Canon i-SENSYS LBP3460;101 INTERNAL COMPONENTS 1;RC1-3953-000;STAY, TAG HOLDER;
Canon;Canon i-SENSYS LBP3460;101 INTERNAL COMPONENTS 1;RC1-4126-000;STAY, TAG HOLDER;
Canon;Canon i-SENSYS LBP3460;101 INTERNAL COMPONENTS 1;RU5-2405-000;SPRING, COMPRESSION;
Canon;Canon i-SENSYS LBP3460;101 INTERNAL COMPONENTS 1;RC1-4127-000;HOLDER, TAG;
Canon;Canon i-SENSYS LBP3460;101 INTERNAL COMPONENTS 1;VS1-7177-004;CONNECTOR, SNAP TIGHT, BK;
Canon;Canon i-SENSYS LBP3460;101 INTERNAL COMPONENTS 1;RM1-1422-000;CABLE, MEMORY TAG;
Canon;Canon i-SENSYS LBP3460;101 INTERNAL COMPONENTS 1;XA9-1670-000;SCREW, D, M3X6;
Canon;Canon i-SENSYS LBP3460;101 INTERNAL COMPONENTS 1;NPN;INTERNAL COMPONENTS 1;
Canon;Canon i-SENSYS LBP3460;102 INTERNAL COMPONENTS 2;RM1-1425-000;CABLE ASSY;
Canon;Canon i-SENSYS LBP3460;102 INTERNAL COMPONENTS 2;RC1-4170-000;LINK, SWITCH;
Canon;Canon i-SENSYS LBP3460;102 INTERNAL COMPONENTS 2;RC1-4169-000;HOLDER, SWITCH LINK;
Canon;Canon i-SENSYS LBP3460;102 INTERNAL COMPONENTS 2;XA9-1500-010;SCREW, S, M3X8;
Canon;Canon i-SENSYS LBP3460;102 INTERNAL COMPONENTS 2;RK2-0534-000;MICROSWITCH;
Canon;Canon i-SENSYS LBP3460;102 INTERNAL COMPONENTS 2;RC1-4132-000;LEVER, TEST SWITCH;
Canon;Canon i-SENSYS LBP3460;102 INTERNAL COMPONENTS 2;RC1-4130-000;DUCT, ARM;
Canon;Canon i-SENSYS LBP3460;102 INTERNAL COMPONENTS 2;RC1-4131-000;DUCT, COOLING;
Canon;Canon i-SENSYS LBP3460;102 INTERNAL COMPONENTS 2;RK2-0526-000;SOLENOID, MULTI-PURPOSE;
Canon;Canon i-SENSYS LBP3460;102 INTERNAL COMPONENTS 2;RC1-4133-000;HOLDER, MAIN FAN;
Canon;Canon i-SENSYS LBP3460;102 INTERNAL COMPONENTS 2;RK2-0571-000;FAN;
Canon;Canon i-SENSYS LBP3460;102 INTERNAL COMPONENTS 2;RM1-1482-000;PICK-UP ROLLER GEAR ASSY;
Canon;Canon i-SENSYS LBP3460;102 INTERNAL COMPONENTS 2;RK2-0528-000;SOLENOID, CASSETTE;
Canon;Canon i-SENSYS LBP3460;102 INTERNAL COMPONENTS 2;RC1-3955-000;STAY, SOLENOID;
Canon;Canon i-SENSYS LBP3460;102 INTERNAL COMPONENTS 2;RC1-4179-000;SHEET;
Canon;Canon i-SENSYS LBP3460;102 INTERNAL COMPONENTS 2;RC1-4113-000;BASE PLATE, RIGHT;
Canon;Canon i-SENSYS LBP3460;102 INTERNAL COMPONENTS 2;XB4-7401-005;SCREW,TAPPING,TRUSS HEAD,M4X10;
Canon;Canon i-SENSYS LBP3460;102 INTERNAL COMPONENTS 2;RM1-1485-000;ROLLER STAY ASSY;
Canon;Canon i-SENSYS LBP3460;102 INTERNAL COMPONENTS 2;RM1-1507-000;FEED GUIDE ASSY, LOWER;
Canon;Canon i-SENSYS LBP3460;102 INTERNAL COMPONENTS 2;RC1-4096-000;GUIDE, DUPLEX INLET;
Canon;Canon i-SENSYS LBP3460;102 INTERNAL COMPONENTS 2;RC1-3665-000;BUSHING;
Canon;Canon i-SENSYS LBP3460;102 INTERNAL COMPONENTS 2;RC1-3998-000;HOLDER, ROLLER;
Canon;Canon i-SENSYS LBP3460;102 INTERNAL COMPONENTS 2;RC1-3996-000;ROLLER, DELIVERY;
Canon;Canon i-SENSYS LBP3460;102 INTERNAL COMPONENTS 2;RC1-4000-000;COVER, INNER, REAR;
Canon;Canon i-SENSYS LBP3460;102 INTERNAL COMPONENTS 2;XB2-7300-605;SCREW,W/WASHER,M3X6;
Canon;Canon i-SENSYS LBP3460;102 INTERNAL COMPONENTS 2;RC1-3995-000;SPRING, TORSION;
Canon;Canon i-SENSYS LBP3460;102 INTERNAL COMPONENTS 2;RC1-3994-000;ROLLER, FACE-DOWN;
Canon;Canon i-SENSYS LBP3460;102 INTERNAL COMPONENTS 2;WG8-5624-000;IC, PHOTO INTERRUPTER;
Canon;Canon i-SENSYS LBP3460;102 INTERNAL COMPONENTS 2;RC1-4006-000;GUIDE, CABLE;
Canon;Canon i-SENSYS LBP3460;102 INTERNAL COMPONENTS 2;RL1-0580-000;ROLLER, FACE-DOWN;
Canon;Canon i-SENSYS LBP3460;102 INTERNAL COMPONENTS 2;RU5-0375-000;GEAR, 15T;
Canon;Canon i-SENSYS LBP3460;102 INTERNAL COMPONENTS 2;FC7-0491-000;LABEL, DUPLEXING, JAM RELEASE;
Canon;Canon i-SENSYS LBP3460;102 INTERNAL COMPONENTS 2;FC7-0492-000;LABEL, DUPLEXING, JAM PELEASE;
Canon;Canon i-SENSYS LBP3460;102 INTERNAL COMPONENTS 2;NPN;INTERNAL COMPONENTS 2;
Canon;Canon i-SENSYS LBP3460;103 INTERNAL COMPONENTS 3;RM1-1500-000;FIXING DRIVE SIDE PLATE ASSY;
Canon;Canon i-SENSYS LBP3460;103 INTERNAL COMPONENTS 3;XA9-1500-010;SCREW, S, M3X8;
Canon;Canon i-SENSYS LBP3460;103 INTERNAL COMPONENTS 3;XB2-7300-605;SCREW,W/WASHER,M3X6;
Canon;Canon i-SENSYS LBP3460;103 INTERNAL COMPONENTS 3;RU5-2401-000;SPRING, COMPRESSION;
Canon;Canon i-SENSYS LBP3460;103 INTERNAL COMPONENTS 3;RU5-0389-000;GEAR, 201T;
Canon;Canon i-SENSYS LBP3460;103 INTERNAL COMPONENTS 3;RC1-4114-000;CAM;
Canon;Canon i-SENSYS LBP3460;103 INTERNAL COMPONENTS 3;RC1-4115-000;LEVER, COUPLING;
Canon;Canon i-SENSYS LBP3460;103 INTERNAL COMPONENTS 3;RC1-4105-000;BUSHING, INNER;
Canon;Canon i-SENSYS LBP3460;103 INTERNAL COMPONENTS 3;RM1-1522-000;DRIVE RELEASE ASSY;
Canon;Canon i-SENSYS LBP3460;103 INTERNAL COMPONENTS 3;RC1-4117-000;LINK, DRIVE RELEASE;
Canon;Canon i-SENSYS LBP3460;103 INTERNAL COMPONENTS 3;RC1-4116-000;LEVER, DRIVE RELEASE;
Canon;Canon i-SENSYS LBP3460;103 INTERNAL COMPONENTS 3;RA0-1172-000;GEAR, 17T;
Canon;Canon i-SENSYS LBP3460;103 INTERNAL COMPONENTS 3;RC1-4106-020;GUIDE, CRG. RIGHT UPPER;
Canon;Canon i-SENSYS LBP3460;103 INTERNAL COMPONENTS 3;RC1-4185-000;SPRING, COMPRESSION;
Canon;Canon i-SENSYS LBP3460;103 INTERNAL COMPONENTS 3;RM1-1506-000;POSITION GUIDE ASSY;
Canon;Canon i-SENSYS LBP3460;103 INTERNAL COMPONENTS 3;XB4-7401-005;SCREW,TAPPING,TRUSS HEAD,M4X10;
Canon;Canon i-SENSYS LBP3460;103 INTERNAL COMPONENTS 3;RC1-4085-000;PLATE, GROUNDING;
Canon;Canon i-SENSYS LBP3460;103 INTERNAL COMPONENTS 3;RU5-2408-000;SPRING, COMPRESSION;
Canon;Canon i-SENSYS LBP3460;103 INTERNAL COMPONENTS 3;RM1-1504-000;FEED GUIDE ASSY;
Canon;Canon i-SENSYS LBP3460;103 INTERNAL COMPONENTS 3;RU5-0378-000;GEAR, 20T;
Canon;Canon i-SENSYS LBP3460;103 INTERNAL COMPONENTS 3;RU5-0377-000;GEAR, 28T;
Canon;Canon i-SENSYS LBP3460;103 INTERNAL COMPONENTS 3;RC1-4025-000;ELIMINATOR, STATIC CHARGE;
Canon;Canon i-SENSYS LBP3460;103 INTERNAL COMPONENTS 3;RU5-0379-000;GEAR, 19T;
Canon;Canon i-SENSYS LBP3460;103 INTERNAL COMPONENTS 3;WT2-5056-000;CLIP, CORD;
Canon;Canon i-SENSYS LBP3460;103 INTERNAL COMPONENTS 3;RK2-0523-000;MOTOR, STEPPING;
Canon;Canon i-SENSYS LBP3460;103 INTERNAL COMPONENTS 3;XA9-1503-000;SCREW, TAP, M3X6;
Canon;Canon i-SENSYS LBP3460;103 INTERNAL COMPONENTS 3;NPN;INTERNAL COMPONENTS 3;
Canon;Canon i-SENSYS LBP3460;104 INTERNAL COMPONENTS 4;RC1-3936-000;COVER, REGISTRATION;
Canon;Canon i-SENSYS LBP3460;104 INTERNAL COMPONENTS 4;RC1-4070-000;SHEET, STATIC CHARGE;
Canon;Canon i-SENSYS LBP3460;104 INTERNAL COMPONENTS 4;RC1-3935-000;GUIDE, FEED;
Canon;Canon i-SENSYS LBP3460;104 INTERNAL COMPONENTS 4;XB4-7401-005;SCREW,TAPPING,TRUSS HEAD,M4X10;
Canon;Canon i-SENSYS LBP3460;104 INTERNAL COMPONENTS 4;RU5-0409-000;GEAR, 14T;
Canon;Canon i-SENSYS LBP3460;104 INTERNAL COMPONENTS 4;RC1-4189-000;STOPPER, GEAR;
Canon;Canon i-SENSYS LBP3460;104 INTERNAL COMPONENTS 4;RL1-0581-000;PLATE, TRANSFER, LOWER;
Canon;Canon i-SENSYS LBP3460;104 INTERNAL COMPONENTS 4;RA0-1068-000;CAP, CONTINUITY;
Canon;Canon i-SENSYS LBP3460;104 INTERNAL COMPONENTS 4;RU5-0366-000;GEAR, 30T;
Canon;Canon i-SENSYS LBP3460;104 INTERNAL COMPONENTS 4;RU5-2385-000;SPRING, COMPRESSION;
Canon;Canon i-SENSYS LBP3460;104 INTERNAL COMPONENTS 4;RC1-4107-000;GUIDE, CRG., RIGHT LOWER;
Canon;Canon i-SENSYS LBP3460;104 INTERNAL COMPONENTS 4;RC1-0939-000;PAD, SEPARATION;
Canon;Canon i-SENSYS LBP3460;104 INTERNAL COMPONENTS 4;RC1-3937-000;ARM, PAD;
Canon;Canon i-SENSYS LBP3460;104 INTERNAL COMPONENTS 4;RM1-1435-000;SENSOR PCB ASSY;
Canon;Canon i-SENSYS LBP3460;104 INTERNAL COMPONENTS 4;XB4-5300-805;SCREW,P,M3X8;
Canon;Canon i-SENSYS LBP3460;104 INTERNAL COMPONENTS 4;RC1-3939-000;LEVER, SENSOR;
Canon;Canon i-SENSYS LBP3460;104 INTERNAL COMPONENTS 4;RU5-2386-000;SPRING, TORSION;
Canon;Canon i-SENSYS LBP3460;104 INTERNAL COMPONENTS 4;RM1-1416-000;REGISTRATION SENSOR PCB ASSY;
Canon;Canon i-SENSYS LBP3460;104 INTERNAL COMPONENTS 4;RC1-4083-000;GUIDE;
Canon;Canon i-SENSYS LBP3460;104 INTERNAL COMPONENTS 4;RM1-1484-000;M.P. PICK-UP SHAFT ASSY;
Canon;Canon i-SENSYS LBP3460;104 INTERNAL COMPONENTS 4;RU5-0400-000;GEAR, 12T;
Canon;Canon i-SENSYS LBP3460;104 INTERNAL COMPONENTS 4;RM1-1426-000;CABLE ASSY;
Canon;Canon i-SENSYS LBP3460;104 INTERNAL COMPONENTS 4;VS1-7257-007;CONNECTOR, DRAWER;
Canon;Canon i-SENSYS LBP3460;104 INTERNAL COMPONENTS 4;RC1-4108-000;COVER, MAIN MOTOR;
Canon;Canon i-SENSYS LBP3460;104 INTERNAL COMPONENTS 4;XA9-1500-010;SCREW, RS, M3X8;
Canon;Canon i-SENSYS LBP3460;104 INTERNAL COMPONENTS 4;RC1-3954-020;COVER, GEAR;
Canon;Canon i-SENSYS LBP3460;104 INTERNAL COMPONENTS 4;RL1-0587-000;MOTOR, DC 26.2W;
Canon;Canon i-SENSYS LBP3460;104 INTERNAL COMPONENTS 4;RM1-1508-000;TRANSFER ROLLER ASSY;
Canon;Canon i-SENSYS LBP3460;104 INTERNAL COMPONENTS 4;RC1-0922-000;BUSHING, TRANSFER, RIGHT;
Canon;Canon i-SENSYS LBP3460;104 INTERNAL COMPONENTS 4;RC1-4028-000;SPRING, TORSION;
Canon;Canon i-SENSYS LBP3460;104 INTERNAL COMPONENTS 4;RC1-4027-000;LEVER, SENSOR;
Canon;Canon i-SENSYS LBP3460;104 INTERNAL COMPONENTS 4;RL1-0568-000;ROLLER, M.P. PICK-UP;
Canon;Canon i-SENSYS LBP3460;104 INTERNAL COMPONENTS 4;NPN;INTERNAL COMPONENT 4;
Canon;Canon i-SENSYS LBP3460;110 ENGINE CONTOROLLER ASSY;RC1-4168-000;GUIDE, F.F.C.;
Canon;Canon i-SENSYS LBP3460;110 ENGINE CONTOROLLER ASSY;VT2-0012-006;SUPPORT, PCB;
Canon;Canon i-SENSYS LBP3460;110 ENGINE CONTOROLLER ASSY;XB2-7300-605;SC R EW,W/WAS HER,M3X6;
Canon;Canon i-SENSYS LBP3460;110 ENGINE CONTOROLLER ASSY;RC1-4172-000;SHEET, INSULATION;
Canon;Canon i-SENSYS LBP3460;110 ENGINE CONTOROLLER ASSY;XA9-1420-000;SCREW, W/WASHER, M3X8;
Canon;Canon i-SENSYS LBP3460;110 ENGINE CONTOROLLER ASSY;RK2-0525-000;FUSE, 250V, 8A;
Canon;Canon i-SENSYS LBP3460;110 ENGINE CONTOROLLER ASSY;VD7-2893-151;FUSE, 250V, 3.15A;
Canon;Canon i-SENSYS LBP3460;110 ENGINE CONTOROLLER ASSY;RH9-1170-000;CORD, POWER, 230V;AE
Canon;Canon i-SENSYS LBP3460;110 ENGINE CONTOROLLER ASSY;RH9-1169-000;CORD, POWER, 230V;AUS
Canon;Canon i-SENSYS LBP3460;110 ENGINE CONTOROLLER ASSY;RK2-1315-000;CORD, POWER, 230V;EUR
Canon;Canon i-SENSYS LBP3460;110 ENGINE CONTOROLLER ASSY;RH9-1168-000;CORD, POWER, 230V;UK
Canon;Canon i-SENSYS LBP3460;110 ENGINE CONTOROLLER ASSY;RK2-1316-000;CORD, POWER, 230V;UK
Canon;Canon i-SENSYS LBP3460;110 ENGINE CONTOROLLER ASSY;RH9-1166-000;CORD, POWER, 230V;CN
Canon;Canon i-SENSYS LBP3460;110 ENGINE CONTOROLLER ASSY;RM1-1524-040;ENGINE CONTOROLLER ASSY;
Canon;Canon i-SENSYS LBP3460;115 H.V. POWER SUPPLY ASSY;RC1-4087-000;SPACER;
Canon;Canon i-SENSYS LBP3460;115 H.V. POWER SUPPLY ASSY;XA9-1420-000;SCREW, W/WASHER, M3X8;
Canon;Canon i-SENSYS LBP3460;115 H.V. POWER SUPPLY ASSY;RC1-4086-000;SHEET, INSULATION;
Canon;Canon i-SENSYS LBP3460;115 H.V. POWER SUPPLY ASSY;RC1-4186-000;SPRING, TORSION;
Canon;Canon i-SENSYS LBP3460;115 H.V. POWER SUPPLY ASSY;RC1-4088-000;LEVER, SENSOR;
Canon;Canon i-SENSYS LBP3460;115 H.V. POWER SUPPLY ASSY;RC1-4089-000;HOLDER, SENSOR;
Canon;Canon i-SENSYS LBP3460;115 H.V. POWER SUPPLY ASSY;RM1-1415-000;HIGH VOLTAGE PCB ASSY;
Canon;Canon i-SENSYS LBP3460;115 H.V. POWER SUPPLY ASSY;RM1-1505-000;H.V. POWER SUPPLY ASSY;
Canon;Canon i-SENSYS LBP3460;250 PRINTER DRIVE ASSY;RM1-1512-000;PRINTER DRIVE ASSY;
Canon;Canon i-SENSYS LBP3460;300 CASSETTE;RM1-1297-020;RIGHT PAPER SIDE END ASSY;
Canon;Canon i-SENSYS LBP3460;300 CASSETTE;RL1-0522-000;PLATE, LIFTER;
Canon;Canon i-SENSYS LBP3460;300 CASSETTE;FM2-6009-000;SEPARATION PAD ASSY;
Canon;Canon i-SENSYS LBP3460;300 CASSETTE;XB4-7401-005;SCREW,TAPPING,TRUSS HEAD,M4X10;
Canon;Canon i-SENSYS LBP3460;300 CASSETTE;RC1-3489-000;SPRING, COMPRESSION;
Canon;Canon i-SENSYS LBP3460;300 CASSETTE;RC1-3492-000;SPRING, GROUNDING;
Canon;Canon i-SENSYS LBP3460;300 CASSETTE;RC1-3490-000;LOCK, LIFTER PLATE;
Canon;Canon i-SENSYS LBP3460;300 CASSETTE;RU5-2324-000;SPRING, TENSION;
Canon;Canon i-SENSYS LBP3460;300 CASSETTE;RC1-3507-000;STOPPER, CASSETTE, RIGHT;
Canon;Canon i-SENSYS LBP3460;300 CASSETTE;RU5-2327-000;SPRING, COMPRESSION;
Canon;Canon i-SENSYS LBP3460;300 CASSETTE;FC7-0472-000;COVER, INNER;
Canon;Canon i-SENSYS LBP3460;300 CASSETTE;FC7-0441-000;COVER, FRONT, UPPER;
Canon;Canon i-SENSYS LBP3460;300 CASSETTE;FC7-0443-000;ARM, PAPER LEVEL;
Canon;Canon i-SENSYS LBP3460;300 CASSETTE;RC1-3508-000;STOPPER, CASSETTE, LEFT;
Canon;Canon i-SENSYS LBP3460;300 CASSETTE;RM1-1295-000;BACK END LIMIT ASSY;
Canon;Canon i-SENSYS LBP3460;300 CASSETTE;RM1-1296-000;LEFT PAPER SIDE END ASSY;
Canon;Canon i-SENSYS LBP3460;300 CASSETTE;RU5-0328-000;GEAR, 10T;
Canon;Canon i-SENSYS LBP3460;300 CASSETTE;FC7-0442-000;COVER, FRONT, LOWER;
Canon;Canon i-SENSYS LBP3460;300 CASSETTE;FM2-5998-000;CASSETTE;
Canon;Canon i-SENSYS LBP3460;310 CASSETTE PAPER PICK-UP ASSY;RM1-1431-000;CABLE ASSY;
Canon;Canon i-SENSYS LBP3460;310 CASSETTE PAPER PICK-UP ASSY;RB2-2897-020;BUSHING;
Canon;Canon i-SENSYS LBP3460;310 CASSETTE PAPER PICK-UP ASSY;RC1-3913-000;SHAFT, PICK-UP DRIVE;
Canon;Canon i-SENSYS LBP3460;310 CASSETTE PAPER PICK-UP ASSY;XB4-7401-005;SCREW,TAPPING,TRUSS HEAD,M4X10;
Canon;Canon i-SENSYS LBP3460;310 CASSETTE PAPER PICK-UP ASSY;RC1-3908-000;GUIDE, FEED;
Canon;Canon i-SENSYS LBP3460;310 CASSETTE PAPER PICK-UP ASSY;RC1-3470-000;ROLLER, PAPER PICK-UP IDLER;
Canon;Canon i-SENSYS LBP3460;310 CASSETTE PAPER PICK-UP ASSY;RL1-0542-000;ROLLER, PAPER PICK-UP;
Canon;Canon i-SENSYS LBP3460;310 CASSETTE PAPER PICK-UP ASSY;RC1-3912-000;BUSHING;
Canon;Canon i-SENSYS LBP3460;310 CASSETTE PAPER PICK-UP ASSY;RC1-3911-020;BUSHING;
Canon;Canon i-SENSYS LBP3460;310 CASSETTE PAPER PICK-UP ASSY;RC1-3914-000;ARM, PAPER SENSOR;
Canon;Canon i-SENSYS LBP3460;310 CASSETTE PAPER PICK-UP ASSY;WG8-5624-000;IC, PHOTO INTERRUPTER;
Canon;Canon i-SENSYS LBP3460;310 CASSETTE PAPER PICK-UP ASSY;RM1-1481-020;CASSETTE PAPER PICK-UP ASSY;
Canon;Canon i-SENSYS LBP3460;320 REGISTRATION ASSY;RM1-1502-000;REGISTRATION ASSY;
Canon;Canon i-SENSYS LBP3460;810 FIXING ASSY;RC1-3976-000;GUIDE, SEPARATION, UPPER;
Canon;Canon i-SENSYS LBP3460;810 FIXING ASSY;RC1-4011-000;ROLLER, DELIVERY;
Canon;Canon i-SENSYS LBP3460;810 FIXING ASSY;XA9-1500-010;SCREW, S, M3X8;
Canon;Canon i-SENSYS LBP3460;810 FIXING ASSY;RB2-2978-000;SPRING, COMPRESSION;
Canon;Canon i-SENSYS LBP3460;810 FIXING ASSY;RU5-2389-000;SPRING, COMPRESSION;
Canon;Canon i-SENSYS LBP3460;810 FIXING ASSY;RM1-1532-000;FIXING FILM ASSY;
Canon;Canon i-SENSYS LBP3460;810 FIXING ASSY;RC1-3609-020;BUSHING;
Canon;Canon i-SENSYS LBP3460;810 FIXING ASSY;RU5-0331-000;GEAR, 29T;
Canon;Canon i-SENSYS LBP3460;810 FIXING ASSY;RC1-3969-000;ROLLER, PRESSURE;
Canon;Canon i-SENSYS LBP3460;810 FIXING ASSY;RC1-3610-000;BUSHING;
Canon;Canon i-SENSYS LBP3460;810 FIXING ASSY;RC1-3975-000;GUIDE, ENTRANCE, LOWER;
Canon;Canon i-SENSYS LBP3460;810 FIXING ASSY;XA9-1565-000;SCREW, W/WASHER, M3X10;
Canon;Canon i-SENSYS LBP3460;810 FIXING ASSY;RC1-3974-000;GUIDE, ENTRANCE, UPPER;
Canon;Canon i-SENSYS LBP3460;810 FIXING ASSY;RC1-3987-000;ELIMINATOR, BIAS;
Canon;Canon i-SENSYS LBP3460;810 FIXING ASSY;RC1-3988-000;HOLDER, ELIMINATOR;
Canon;Canon i-SENSYS LBP3460;810 FIXING ASSY;RC1-3963-000;DUCT, AIR;
Canon;Canon i-SENSYS LBP3460;810 FIXING ASSY;RC1-3986-000;SPRING, GROUNDING;
Canon;Canon i-SENSYS LBP3460;810 FIXING ASSY;RC1-3984-000;SPRING, LEAF;
Canon;Canon i-SENSYS LBP3460;810 FIXING ASSY;WG8-5624-000;IC, PHOTO INTERRUPTER;
Canon;Canon i-SENSYS LBP3460;810 FIXING ASSY;RC1-3983-000;HOLDER, CONTACT;
Canon;Canon i-SENSYS LBP3460;810 FIXING ASSY;RM1-1494-000;SEPARATION GUIDE ASSY, LOWER;
Canon;Canon i-SENSYS LBP3460;810 FIXING ASSY;RC1-3989-000;GUIDE, REVERSE;
Canon;Canon i-SENSYS LBP3460;810 FIXING ASSY;RM1-1440-000;CABLE ASSY;
Canon;Canon i-SENSYS LBP3460;810 FIXING ASSY;RM1-1531-000;FIXING ASSY;
Canon;Canon i-SENSYS LBP3460;900 VIDEO CONTROLLER BOX ASSEMBLY;FM2-6934-000;VIDEO CONTROLLER PCB ASSY;
Canon;Canon i-SENSYS LBP3460;900 VIDEO CONTROLLER BOX ASSEMBLY;XB1-2300-605;SCREW,MACH.,TRUSS HEAD,M3X6;
Canon;Canon i-SENSYS LBP3460;900 VIDEO CONTROLLER BOX ASSEMBLY;XA9-1670-000;SCREW, D, M3X6;
Canon;Canon i-SENSYS LBP3460;900 VIDEO CONTROLLER BOX ASSEMBLY;FH4-6302-000;IC,S1L50552F32L000,ASIC;
Canon;Canon i-SENSYS LBP3460;900 VIDEO CONTROLLER BOX ASSEMBLY;NPN;VIDEO CONTROLLER BOX ASSEMBLY;
