Canon;Canon imageCLASS LBP215x;100A External Covers, Panels, Etc. (LBP215dw);FE8-6190-000;COVER, TOP;
Canon;Canon imageCLASS LBP215x;100A External Covers, Panels, Etc. (LBP215dw);FE8-6191-000;TRAY, PAPER DELIVERY;
Canon;Canon imageCLASS LBP215x;100A External Covers, Panels, Etc. (LBP215dw);FE8-6202-000;COVER, LEFT;
Canon;Canon imageCLASS LBP215x;100A External Covers, Panels, Etc. (LBP215dw);FE8-6203-000;COVER, LEFT REAR;
Canon;Canon imageCLASS LBP215x;100A External Covers, Panels, Etc. (LBP215dw);FE8-6208-000;COVER, CASSETTE, REAR;
Canon;Canon imageCLASS LBP215x;100A External Covers, Panels, Etc. (LBP215dw);FL1-0525-000;SHEET, HANDSET;
Canon;Canon imageCLASS LBP215x;100A External Covers, Panels, Etc. (LBP215dw);FM1-R680-000;RIGHT COVER ASSY;
Canon;Canon imageCLASS LBP215x;100A External Covers, Panels, Etc. (LBP215dw);FM1-R682-000;CARTRIDGE DOOR ASSY;
Canon;Canon imageCLASS LBP215x;100A External Covers, Panels, Etc. (LBP215dw);FM1-R685-000;REAR DOOR ASSY;
Canon;Canon imageCLASS LBP215x;100A External Covers, Panels, Etc. (LBP215dw);FU2-2392-000;LABEL, CASSETTE OPERATOR;
Canon;Canon imageCLASS LBP215x;100A External Covers, Panels, Etc. (LBP215dw);FU2-2393-000;LABEL, HIGH TMP. CAUTION;
Canon;Canon imageCLASS LBP215x;100A External Covers, Panels, Etc. (LBP215dw);RC2-6075-000;SHEET, DAMPER;
Canon;Canon imageCLASS LBP215x;100A External Covers, Panels, Etc. (LBP215dw);RC4-3002-000;SHAFT, SUPPORT;
Canon;Canon imageCLASS LBP215x;100A External Covers, Panels, Etc. (LBP215dw);RC4-4479-000;LINK, PRESSURE RELEASE;
Canon;Canon imageCLASS LBP215x;100A External Covers, Panels, Etc. (LBP215dw);XA9-1503-000;SCREW, TAP, M3X6;
Canon;Canon imageCLASS LBP215x;100A External Covers, Panels, Etc. (LBP215dw);XA9-1671-000;SCREW, D, M3X8;
Canon;Canon imageCLASS LBP215x;100A External Covers, Panels, Etc. (LBP215dw);NPN;EXTERNAL COVERS, PANELS, ETC.;LBP215dw
Canon;Canon imageCLASS LBP215x;100B External Covers, Panels, Etc. (LBP215x);FE8-6190-000;COVER, TOP;
Canon;Canon imageCLASS LBP215x;100B External Covers, Panels, Etc. (LBP215x);FE8-6191-000;TRAY, PAPER DELIVERY;
Canon;Canon imageCLASS LBP215x;100B External Covers, Panels, Etc. (LBP215x);FE8-6202-000;COVER, LEFT;
Canon;Canon imageCLASS LBP215x;100B External Covers, Panels, Etc. (LBP215x);FE8-6203-000;COVER, LEFT REAR;
Canon;Canon imageCLASS LBP215x;100B External Covers, Panels, Etc. (LBP215x);FE8-6208-000;COVER, CASSETTE, REAR;
Canon;Canon imageCLASS LBP215x;100B External Covers, Panels, Etc. (LBP215x);FL1-0525-000;SHEET, HANDSET;
Canon;Canon imageCLASS LBP215x;100B External Covers, Panels, Etc. (LBP215x);FM1-R680-000;RIGHT COVER ASSY;
Canon;Canon imageCLASS LBP215x;100B External Covers, Panels, Etc. (LBP215x);FM1-R682-000;CARTRIDGE DOOR ASSY;
Canon;Canon imageCLASS LBP215x;100B External Covers, Panels, Etc. (LBP215x);FM1-R685-000;REAR DOOR ASSY;
Canon;Canon imageCLASS LBP215x;100B External Covers, Panels, Etc. (LBP215x);FU2-2392-000;LABEL, CASSETTE OPERATOR;
Canon;Canon imageCLASS LBP215x;100B External Covers, Panels, Etc. (LBP215x);FU2-2393-000;LABEL, HIGH TMP. CAUTION;
Canon;Canon imageCLASS LBP215x;100B External Covers, Panels, Etc. (LBP215x);RC2-6075-000;SHEET, DAMPER;
Canon;Canon imageCLASS LBP215x;100B External Covers, Panels, Etc. (LBP215x);RC4-3002-000;SHAFT, SUPPORT;
Canon;Canon imageCLASS LBP215x;100B External Covers, Panels, Etc. (LBP215x);RC4-4479-000;LINK, PRESSURE RELEASE;
Canon;Canon imageCLASS LBP215x;100B External Covers, Panels, Etc. (LBP215x);XA9-1503-000;SCREW, TAP, M3X6;
Canon;Canon imageCLASS LBP215x;100B External Covers, Panels, Etc. (LBP215x);XA9-1671-000;SCREW, D, M3X8;
Canon;Canon imageCLASS LBP215x;100B External Covers, Panels, Etc. (LBP215x);NPN;EXTERNAL COVERS, PANELS, ETC.;LBP215x
Canon;Canon imageCLASS LBP215x;100C External Covers, Panels, Etc. LBP214dw);FE8-6190-000;COVER, TOP;
Canon;Canon imageCLASS LBP215x;100C External Covers, Panels, Etc. LBP214dw);FE8-6191-000;TRAY, PAPER DELIVERY;
Canon;Canon imageCLASS LBP215x;100C External Covers, Panels, Etc. LBP214dw);FE8-6202-000;COVER, LEFT;
Canon;Canon imageCLASS LBP215x;100C External Covers, Panels, Etc. LBP214dw);FE8-6203-000;COVER, LEFT REAR;
Canon;Canon imageCLASS LBP215x;100C External Covers, Panels, Etc. LBP214dw);FE8-6208-000;COVER, CASSETTE, REAR;
Canon;Canon imageCLASS LBP215x;100C External Covers, Panels, Etc. LBP214dw);FL1-0525-000;SHEET, HANDSET;
Canon;Canon imageCLASS LBP215x;100C External Covers, Panels, Etc. LBP214dw);FM1-R680-000;RIGHT COVER ASSY;
Canon;Canon imageCLASS LBP215x;100C External Covers, Panels, Etc. LBP214dw);FM1-R682-000;CARTRIDGE DOOR ASSY;
Canon;Canon imageCLASS LBP215x;100C External Covers, Panels, Etc. LBP214dw);FM1-R685-000;REAR DOOR ASSY;
Canon;Canon imageCLASS LBP215x;100C External Covers, Panels, Etc. LBP214dw);FU2-2392-000;LABEL, CASSETTE OPERATOR;
Canon;Canon imageCLASS LBP215x;100C External Covers, Panels, Etc. LBP214dw);FU2-2393-000;LABEL, HIGH TMP. CAUTION;
Canon;Canon imageCLASS LBP215x;100C External Covers, Panels, Etc. LBP214dw);RC2-6075-000;SHEET, DAMPER;
Canon;Canon imageCLASS LBP215x;100C External Covers, Panels, Etc. LBP214dw);RC4-3002-000;SHAFT, SUPPORT;
Canon;Canon imageCLASS LBP215x;100C External Covers, Panels, Etc. LBP214dw);RC4-4479-000;LINK, PRESSURE RELEASE;
Canon;Canon imageCLASS LBP215x;100C External Covers, Panels, Etc. LBP214dw);XA9-1503-000;SCREW, TAP, M3X6;
Canon;Canon imageCLASS LBP215x;100C External Covers, Panels, Etc. LBP214dw);XA9-1671-000;SCREW, D, M3X8;
Canon;Canon imageCLASS LBP215x;100C External Covers, Panels, Etc. LBP214dw);NPN;EXTERNAL COVERS, PANELS, ETC.;LBP214dw
Canon;Canon imageCLASS LBP215x;101A Internal Components 1 (120V);FK4-4929-000;CABLE, FLEXIBLE FLAT;
Canon;Canon imageCLASS LBP215x;101A Internal Components 1 (120V);FM1-Z938-000;L.V. POWER SUPPLY PCB ASSY;
Canon;Canon imageCLASS LBP215x;101A Internal Components 1 (120V);FM2-D811 -000;DC CONTROLLER PCB ASSY;
Canon;Canon imageCLASS LBP215x;101A Internal Components 1 (120V);RK2-1378-000;FAN;FM1
Canon;Canon imageCLASS LBP215x;101A Internal Components 1 (120V);RK2-6919-000;CABLE, FLEXIBLE FLAT, LASER;
Canon;Canon imageCLASS LBP215x;101A Internal Components 1 (120V);RM2-5426-000;TAG CABLE ASSY;
Canon;Canon imageCLASS LBP215x;101A Internal Components 1 (120V);RM2-5528-000;LASER SCANNER ASSY;M2
Canon;Canon imageCLASS LBP215x;101A Internal Components 1 (120V);RM2-7508-000;H.V. POWER SUPPLY PCB ASSY;SW101
Canon;Canon imageCLASS LBP215x;101A Internal Components 1 (120V);RM2-7510-000;CONNECTING PCB ASSY;
Canon;Canon imageCLASS LBP215x;101A Internal Components 1 (120V);XA9-1420-000;SCREW, W/WASHER, M3X8;
Canon;Canon imageCLASS LBP215x;101A Internal Components 1 (120V);XA9-1503-000;SCREW, TAP, M3X6;
Canon;Canon imageCLASS LBP215x;101A Internal Components 1 (120V);XA9-1670-000;SCREW, D, M3X6;
Canon;Canon imageCLASS LBP215x;101A Internal Components 1 (120V);XA9-1671-000;SCREW, D, M3X8;
Canon;Canon imageCLASS LBP215x;101A Internal Components 1 (120V);NPN;INTERNAL COMPONENTS 1;120V
Canon;Canon imageCLASS LBP215x;101B Internal Components 1 (230V);FK4-4929-000;CABLE, FLEXIBLE FLAT;
Canon;Canon imageCLASS LBP215x;101B Internal Components 1 (230V);FM1-Z941-000;L.V. POWER SUPPLY PCB ASSY;
Canon;Canon imageCLASS LBP215x;101B Internal Components 1 (230V);FM2-D811 -000;DC CONTROLLER PCB ASSY;
Canon;Canon imageCLASS LBP215x;101B Internal Components 1 (230V);RK2-1378-000;FAN;FM1
Canon;Canon imageCLASS LBP215x;101B Internal Components 1 (230V);RK2-6919-000;CABLE, FLEXIBLE FLAT, LASER;
Canon;Canon imageCLASS LBP215x;101B Internal Components 1 (230V);RM2-5426-000;TAG CABLE ASSY;
Canon;Canon imageCLASS LBP215x;101B Internal Components 1 (230V);RM2-5528-000;LASER SCANNER ASSY;M2
Canon;Canon imageCLASS LBP215x;101B Internal Components 1 (230V);RM2-7508-000;H.V. POWER SUPPLY PCB ASSY;SW101
Canon;Canon imageCLASS LBP215x;101B Internal Components 1 (230V);RM2-7510-000;CONNECTING PCB ASSY;
Canon;Canon imageCLASS LBP215x;101B Internal Components 1 (230V);XA9-1420-000;SCREW, W/WASHER, M3X8;
Canon;Canon imageCLASS LBP215x;101B Internal Components 1 (230V);XA9-1503-000;SCREW, TAP, M3X6;
Canon;Canon imageCLASS LBP215x;101B Internal Components 1 (230V);XA9-1670-000;SCREW, D, M3X6;
Canon;Canon imageCLASS LBP215x;101B Internal Components 1 (230V);XA9-1671-000;SCREW, D, M3X8;
Canon;Canon imageCLASS LBP215x;101B Internal Components 1 (230V);NPN;INTERNAL COMPONENTS 1;230V
Canon;Canon imageCLASS LBP215x;102A Internal Components 2 (120V);FE8-6227-000;LEVER, SWITCH;
Canon;Canon imageCLASS LBP215x;102A Internal Components 2 (120V);FM1-R683-000;CASSETTE ASSY;
Canon;Canon imageCLASS LBP215x;102A Internal Components 2 (120V);FM1-Z945-000;POWER SWITCH PCB ASSY;SW1
Canon;Canon imageCLASS LBP215x;102A Internal Components 2 (120V);FU2-1855-000;LABEL, CST. PAPER SIZE;
Canon;Canon imageCLASS LBP215x;102A Internal Components 2 (120V);RC4-3219-000;COVER, FULL DETECT SENSOR;
Canon;Canon imageCLASS LBP215x;102A Internal Components 2 (120V);RM2-5397-000;CASSETTE SEPARATION ASSY;
Canon;Canon imageCLASS LBP215x;102A Internal Components 2 (120V);FM1-V137-000;FIXING ASSY;H1, PS13, TH1, TP1
Canon;Canon imageCLASS LBP215x;102A Internal Components 2 (120V);RM2-8684-000;MAIN MOTOR ASSY;M1
Canon;Canon imageCLASS LBP215x;102A Internal Components 2 (120V);XA9-1503-000;SCREW, TAP, M3X6;
Canon;Canon imageCLASS LBP215x;102A Internal Components 2 (120V);XA9-1522-000;SCREW, M3X6;
Canon;Canon imageCLASS LBP215x;102A Internal Components 2 (120V);NPN;INTERNAL COMPONENTS 2;120V
Canon;Canon imageCLASS LBP215x;102B Internal Components 2 (230V);FE8-6227-000;LEVER, SWITCH;
Canon;Canon imageCLASS LBP215x;102B Internal Components 2 (230V);FM1-R683-000;CASSETTE ASSY;
Canon;Canon imageCLASS LBP215x;102B Internal Components 2 (230V);FM1-Z945-000;POWER SWITCH PCB ASSY;SW1
Canon;Canon imageCLASS LBP215x;102B Internal Components 2 (230V);FU2-1855-000;LABEL, CST. PAPER SIZE;
Canon;Canon imageCLASS LBP215x;102B Internal Components 2 (230V);RC4-3219-000;COVER, FULL DETECT SENSOR;
Canon;Canon imageCLASS LBP215x;102B Internal Components 2 (230V);RM2-5397-000;CASSETTE SEPARATION ASSY;
Canon;Canon imageCLASS LBP215x;102B Internal Components 2 (230V);FM1-V141-000;FIXING ASSY;H1, PS13, TH1, TP1
Canon;Canon imageCLASS LBP215x;102B Internal Components 2 (230V);RM2-8684-000;MAIN MOTOR ASSY;M1
Canon;Canon imageCLASS LBP215x;102B Internal Components 2 (230V);XA9-1503-000;SCREW, TAP, M3X6;
Canon;Canon imageCLASS LBP215x;102B Internal Components 2 (230V);XA9-1522-000;SCREW, M3X6;
Canon;Canon imageCLASS LBP215x;102B Internal Components 2 (230V);NPN;INTERNAL COMPONENTS 2;230V
Canon;Canon imageCLASS LBP215x;103 Internal Components 3;RC4-3133-000;HOLDER, TRANSFER ROLLER, RIGHT;
Canon;Canon imageCLASS LBP215x;103 Internal Components 3;RC4-3134-000;HOLDER, TRANSFER ROLLER, LEFT;
Canon;Canon imageCLASS LBP215x;103 Internal Components 3;RL2-0656-000;ROLLER, MULTI-PURPOSE;
Canon;Canon imageCLASS LBP215x;103 Internal Components 3;RL2-0657-000;PAD, MULTI-PURPOSE SEPARATION;
Canon;Canon imageCLASS LBP215x;103 Internal Components 3;RM1-4023-000;ROLLER, TRANSFER;
Canon;Canon imageCLASS LBP215x;103 Internal Components 3;RM2-5423-000;FOOT, REAR, RIGHT;
Canon;Canon imageCLASS LBP215x;103 Internal Components 3;RM2-5429-000;FOOT, REAR, LEFT;
Canon;Canon imageCLASS LBP215x;103 Internal Components 3;RM2-5452-000;PAPER PICK-UP ROLLER ASSY;
Canon;Canon imageCLASS LBP215x;103 Internal Components 3;FM1-N761-000;REGISTRATION ASSY;
Canon;Canon imageCLASS LBP215x;103 Internal Components 3;RU8-2935-000;SPRING, COMPRESSION;
Canon;Canon imageCLASS LBP215x;103 Internal Components 3;NPN;INTERNAL COMPONENTS 3;
Canon;Canon imageCLASS LBP215x;104A Internal Components 4 (LBP215dw, LBP215x);FE8-6628-000;PLATE, GROUNDING;
Canon;Canon imageCLASS LBP215x;104A Internal Components 4 (LBP215dw, LBP215x);FE8-7079-000;PLATE, GROUNDING;
Canon;Canon imageCLASS LBP215x;104A Internal Components 4 (LBP215dw, LBP215x);FK4-4651-000;MODULE, WLAN;
Canon;Canon imageCLASS LBP215x;104A Internal Components 4 (LBP215dw, LBP215x);FK4-4931-000;CABLE, FLEXIBLE FLAT;
Canon;Canon imageCLASS LBP215x;104A Internal Components 4 (LBP215dw, LBP215x);FM2-C897-000;MAIN CONTROLLER PCB ASSEMBLY;
Canon;Canon imageCLASS LBP215x;104A Internal Components 4 (LBP215dw, LBP215x);XA9-1503-000;SCREW, TAP, M3X6;
Canon;Canon imageCLASS LBP215x;104A Internal Components 4 (LBP215dw, LBP215x);XA9-1670-000;SCREW, D, M3X6;
Canon;Canon imageCLASS LBP215x;104A Internal Components 4 (LBP215dw, LBP215x);NPN;INTERNAL COMPONENTS 4;LBP215dw, LBP215x
Canon;Canon imageCLASS LBP215x;104B Internal Components 4 (LBP214dw);FE8-6628-000;PLATE, GROUNDING;
Canon;Canon imageCLASS LBP215x;104B Internal Components 4 (LBP214dw);FE8-7079-000;PLATE, GROUNDING;
Canon;Canon imageCLASS LBP215x;104B Internal Components 4 (LBP214dw);FK4-4651-000;MODULE, WLAN;
Canon;Canon imageCLASS LBP215x;104B Internal Components 4 (LBP214dw);FK4-4931-000;CABLE, FLEXIBLE FLAT;
Canon;Canon imageCLASS LBP215x;104B Internal Components 4 (LBP214dw);FM2-C898-000;MAIN CONTROLLER PCB ASSEMBLY;
Canon;Canon imageCLASS LBP215x;104B Internal Components 4 (LBP214dw);XA9-1503-000;SCREW, TAP, M3X6;
Canon;Canon imageCLASS LBP215x;104B Internal Components 4 (LBP214dw);XA9-1670-000;SCREW, D, M3X6;
Canon;Canon imageCLASS LBP215x;104B Internal Components 4 (LBP214dw);NPN;INTERNAL COMPONENTS 4;LBP214dw
Canon;Canon imageCLASS LBP215x;130A Control Panel Assembly (5-line Control Panel Model, 120V LTN);FM1-T095-000;CONTROL PANEL ASSY;
Canon;Canon imageCLASS LBP215x;130A Control Panel Assembly (5-line Control Panel Model, 120V LTN);FM1-X968-000;CABLE, GROUNDING;
Canon;Canon imageCLASS LBP215x;130A Control Panel Assembly (5-line Control Panel Model, 120V LTN);NPN;CONTROL PANEL ASSY;5-LINE CONTROL PANEL model US, CA, 120V LTN
Canon;Canon imageCLASS LBP215x;130D Control Panel Assembly (5-line Control Panel Model 230V LTN);FM1-T096-000;CONTROL PANEL ASSY;
Canon;Canon imageCLASS LBP215x;130D Control Panel Assembly (5-line Control Panel Model 230V LTN);FM1-X968-000;CABLE, GROUNDING;
Canon;Canon imageCLASS LBP215x;130D Control Panel Assembly (5-line Control Panel Model 230V LTN);NPN;CONTROL PANEL ASSY;5-LINE CONTROL PANEL model 230V LTN
Canon;Canon imageCLASS LBP215x;135 Control Panel Assembly (5-inch Touch Panel Model);FE8-6209-000;COVER, PANEL, REAR UPPER;
Canon;Canon imageCLASS LBP215x;135 Control Panel Assembly (5-inch Touch Panel Model);FE8-6210-000;COVER, PANEL, REAR LOWER;
Canon;Canon imageCLASS LBP215x;135 Control Panel Assembly (5-inch Touch Panel Model);FE8-6211-000;COVER, PANEL, LOWER;
Canon;Canon imageCLASS LBP215x;135 Control Panel Assembly (5-inch Touch Panel Model);FE8-6212-000;GUIDE, CABLE;
Canon;Canon imageCLASS LBP215x;135 Control Panel Assembly (5-inch Touch Panel Model);FE8-6217-000;COVER, PANEL, UPPER;
Canon;Canon imageCLASS LBP215x;135 Control Panel Assembly (5-inch Touch Panel Model);FE8-6218-000;COVER, PANEL, LOWER;
Canon;Canon imageCLASS LBP215x;135 Control Panel Assembly (5-inch Touch Panel Model);FE8-6219-000;COVER, PANEL, LEFT;
Canon;Canon imageCLASS LBP215x;135 Control Panel Assembly (5-inch Touch Panel Model);FE8-6220-000;COVER, PANEL, RIGHT;
Canon;Canon imageCLASS LBP215x;135 Control Panel Assembly (5-inch Touch Panel Model);FE8-6360-000;COVER, PANEL, FRONT;
Canon;Canon imageCLASS LBP215x;135 Control Panel Assembly (5-inch Touch Panel Model);FE8-7096-000;PLATE, GROUNDING;
Canon;Canon imageCLASS LBP215x;135 Control Panel Assembly (5-inch Touch Panel Model);FE8-7086-000;COVER, PANEL, REAR;
Canon;Canon imageCLASS LBP215x;135 Control Panel Assembly (5-inch Touch Panel Model);FK4-4934-000;CABLE, HDMI;
Canon;Canon imageCLASS LBP215x;135 Control Panel Assembly (5-inch Touch Panel Model);FM1-R686-000;CONTROL PANEL ASSY;
Canon;Canon imageCLASS LBP215x;135 Control Panel Assembly (5-inch Touch Panel Model);FM1-R870-000;USB RELAY PCB ASSEMBLY;
Canon;Canon imageCLASS LBP215x;135 Control Panel Assembly (5-inch Touch Panel Model);FM1-T109-000;HINGE ASSEMBLY;
Canon;Canon imageCLASS LBP215x;135 Control Panel Assembly (5-inch Touch Panel Model);XA9-1503-000;SCREW, TAP, M3X6;
Canon;Canon imageCLASS LBP215x;135 Control Panel Assembly (5-inch Touch Panel Model);NPN;CONTROL PANEL ASSY;5-INCH TOUCH PANEL model
