Canon;Canon Color imageCLASS MF645Cx;100C EXTERNAL COVERS, PANELS, ETC. MF645Cx;FE8-3066-000;COVER, ARM, LEFT;
Canon;Canon Color imageCLASS MF645Cx;100C EXTERNAL COVERS, PANELS, ETC. MF645Cx;FE8-3068-000;COVER, ARM, CENTER;
Canon;Canon Color imageCLASS MF645Cx;100C EXTERNAL COVERS, PANELS, ETC. MF645Cx;FE8-3069-000;COVER, PANEL, REAR UPPER;
Canon;Canon Color imageCLASS MF645Cx;100C EXTERNAL COVERS, PANELS, ETC. MF645Cx;FE8-3070-000;COVER, PANEL, REAR UNDER;
Canon;Canon Color imageCLASS MF645Cx;100C EXTERNAL COVERS, PANELS, ETC. MF645Cx;FE8-3071-000;COVER, PANEL, LOWER;
Canon;Canon Color imageCLASS MF645Cx;100C EXTERNAL COVERS, PANELS, ETC. MF645Cx;FE8-3094-000;COVER, FRONT, LEFT;
Canon;Canon Color imageCLASS MF645Cx;100C EXTERNAL COVERS, PANELS, ETC. MF645Cx;FE8-3095-000;COVER, FRONT, RIGHT;
Canon;Canon Color imageCLASS MF645Cx;100C EXTERNAL COVERS, PANELS, ETC. MF645Cx;FE8-3115-000;COVER, FRONT UPPER, RIGHT;
Canon;Canon Color imageCLASS MF645Cx;100C EXTERNAL COVERS, PANELS, ETC. MF645Cx;FE8-3142-000;COVER, ARM, RIGHT;
Canon;Canon Color imageCLASS MF645Cx;100C EXTERNAL COVERS, PANELS, ETC. MF645Cx;FE8-3262-000;COVER, PANEL, REAR;
Canon;Canon Color imageCLASS MF645Cx;100C EXTERNAL COVERS, PANELS, ETC. MF645Cx;FM1-V311-000;COVER ASSEMBLY, LEFT;
Canon;Canon Color imageCLASS MF645Cx;100C EXTERNAL COVERS, PANELS, ETC. MF645Cx;FL1-1416-000;SHEET, BLANKING;
Canon;Canon Color imageCLASS MF645Cx;100C EXTERNAL COVERS, PANELS, ETC. MF645Cx;FM1-V319-000;COVER ASSEMBLY, RIGHT;
Canon;Canon Color imageCLASS MF645Cx;100C EXTERNAL COVERS, PANELS, ETC. MF645Cx;FL1-0525-000;SHEET, HANDSET;
Canon;Canon Color imageCLASS MF645Cx;100C EXTERNAL COVERS, PANELS, ETC. MF645Cx;FM1-N648-000;FRONT DOOR ASSY;
Canon;Canon Color imageCLASS MF645Cx;100C EXTERNAL COVERS, PANELS, ETC. MF645Cx;FM1-N649-000;COVER ASSEMBLY, TOP;
Canon;Canon Color imageCLASS MF645Cx;100C EXTERNAL COVERS, PANELS, ETC. MF645Cx;FM1-N654-020;DUPLEXING DOOR ASSY;
Canon;Canon Color imageCLASS MF645Cx;100C EXTERNAL COVERS, PANELS, ETC. MF645Cx;FM1-P234-000;CONTROL PANEL ASSEMBLY;UN31, UN33, UN41, UN42
Canon;Canon Color imageCLASS MF645Cx;100C EXTERNAL COVERS, PANELS, ETC. MF645Cx;FM1-P442-000;HINGE ASSEMBLY;
Canon;Canon Color imageCLASS MF645Cx;100C EXTERNAL COVERS, PANELS, ETC. MF645Cx;RM2-5580-000;REAR DOOR ASSY;
Canon;Canon Color imageCLASS MF645Cx;100C EXTERNAL COVERS, PANELS, ETC. MF645Cx;RM2-5906-000;ROLLER, SECONDARY TRANSFER;
Canon;Canon Color imageCLASS MF645Cx;100C EXTERNAL COVERS, PANELS, ETC. MF645Cx;XA9-1671-000;SCREW, D, M3X8;
Canon;Canon Color imageCLASS MF645Cx;100C EXTERNAL COVERS, PANELS, ETC. MF645Cx;FL1-7033-000;COVER, BOTTOM, REAR;
Canon;Canon Color imageCLASS MF645Cx;100D EXTERNAL COVERS, PANELS, ETC. MF644Cdw;FE8-3066-000;COVER, ARM, LEFT;
Canon;Canon Color imageCLASS MF645Cx;100D EXTERNAL COVERS, PANELS, ETC. MF644Cdw;FE8-3068-000;COVER, ARM, CENTER;
Canon;Canon Color imageCLASS MF645Cx;100D EXTERNAL COVERS, PANELS, ETC. MF644Cdw;FE8-3069-000;COVER, PANEL, REAR UPPER;
Canon;Canon Color imageCLASS MF645Cx;100D EXTERNAL COVERS, PANELS, ETC. MF644Cdw;FE8-3070-000;COVER, PANEL, REAR UNDER;
Canon;Canon Color imageCLASS MF645Cx;100D EXTERNAL COVERS, PANELS, ETC. MF644Cdw;FE8-3071-000;COVER, PANEL, LOWER;
Canon;Canon Color imageCLASS MF645Cx;100D EXTERNAL COVERS, PANELS, ETC. MF644Cdw;FE8-3094-000;COVER, FRONT, LEFT;
Canon;Canon Color imageCLASS MF645Cx;100D EXTERNAL COVERS, PANELS, ETC. MF644Cdw;FE8-3095-000;COVER, FRONT, RIGHT;
Canon;Canon Color imageCLASS MF645Cx;100D EXTERNAL COVERS, PANELS, ETC. MF644Cdw;FE8-3115-000;COVER, FRONT UPPER, RIGHT;
Canon;Canon Color imageCLASS MF645Cx;100D EXTERNAL COVERS, PANELS, ETC. MF644Cdw;FE8-3142-000;COVER, ARM, RIGHT;
Canon;Canon Color imageCLASS MF645Cx;100D EXTERNAL COVERS, PANELS, ETC. MF644Cdw;FE8-3262-000;COVER, PANEL, REAR;
Canon;Canon Color imageCLASS MF645Cx;100D EXTERNAL COVERS, PANELS, ETC. MF644Cdw;FM1-V311-000;COVER ASSEMBLY, LEFT;
Canon;Canon Color imageCLASS MF645Cx;100D EXTERNAL COVERS, PANELS, ETC. MF644Cdw;FL1-1416-000;SHEET, BLANKING;
Canon;Canon Color imageCLASS MF645Cx;100D EXTERNAL COVERS, PANELS, ETC. MF644Cdw;FM1-V319-000;COVER ASSEMBLY, RIGHT;
Canon;Canon Color imageCLASS MF645Cx;100D EXTERNAL COVERS, PANELS, ETC. MF644Cdw;FL1-0525-000;SHEET, HANDSET;
Canon;Canon Color imageCLASS MF645Cx;100D EXTERNAL COVERS, PANELS, ETC. MF644Cdw;FM1-N648-000;FRONT DOOR ASSY;
Canon;Canon Color imageCLASS MF645Cx;100D EXTERNAL COVERS, PANELS, ETC. MF644Cdw;FM1-N649-000;COVER ASSEMBLY, TOP;
Canon;Canon Color imageCLASS MF645Cx;100D EXTERNAL COVERS, PANELS, ETC. MF644Cdw;FM1-N654-020;DUPLEXING DOOR ASSY;
Canon;Canon Color imageCLASS MF645Cx;100D EXTERNAL COVERS, PANELS, ETC. MF644Cdw;FM1-P234-000;CONTROL PANEL ASSEMBLY;UN31, UN33, UN41, UN42
Canon;Canon Color imageCLASS MF645Cx;100D EXTERNAL COVERS, PANELS, ETC. MF644Cdw;FM1-P442-000;HINGE ASSEMBLY;
Canon;Canon Color imageCLASS MF645Cx;100D EXTERNAL COVERS, PANELS, ETC. MF644Cdw;RM2-5580-000;REAR DOOR ASSY;
Canon;Canon Color imageCLASS MF645Cx;100D EXTERNAL COVERS, PANELS, ETC. MF644Cdw;RM2-5906-000;ROLLER, SECONDARY TRANSFER;
Canon;Canon Color imageCLASS MF645Cx;100D EXTERNAL COVERS, PANELS, ETC. MF644Cdw;XA9-1671-000;SCREW, D, M3X8;
Canon;Canon Color imageCLASS MF645Cx;100D EXTERNAL COVERS, PANELS, ETC. MF644Cdw;FL1-7033-000;COVER, BOTTOM, REAR;
Canon;Canon Color imageCLASS MF645Cx;100F EXTERNAL COVERS, PANELS, ETC. MF642Cdw;FE8-3066-000;COVER, ARM, LEFT;
Canon;Canon Color imageCLASS MF645Cx;100F EXTERNAL COVERS, PANELS, ETC. MF642Cdw;FE8-3068-000;COVER, ARM, CENTER;
Canon;Canon Color imageCLASS MF645Cx;100F EXTERNAL COVERS, PANELS, ETC. MF642Cdw;FE8-3069-000;COVER, PANEL, REAR UPPER;
Canon;Canon Color imageCLASS MF645Cx;100F EXTERNAL COVERS, PANELS, ETC. MF642Cdw;FE8-3070-000;COVER, PANEL, REAR UNDER;
Canon;Canon Color imageCLASS MF645Cx;100F EXTERNAL COVERS, PANELS, ETC. MF642Cdw;FE8-3071-000;COVER, PANEL, LOWER;
Canon;Canon Color imageCLASS MF645Cx;100F EXTERNAL COVERS, PANELS, ETC. MF642Cdw;FE8-3094-000;COVER, FRONT, LEFT;
Canon;Canon Color imageCLASS MF645Cx;100F EXTERNAL COVERS, PANELS, ETC. MF642Cdw;FE8-3095-000;COVER, FRONT, RIGHT;
Canon;Canon Color imageCLASS MF645Cx;100F EXTERNAL COVERS, PANELS, ETC. MF642Cdw;FE8-3115-000;COVER, FRONT UPPER, RIGHT;
Canon;Canon Color imageCLASS MF645Cx;100F EXTERNAL COVERS, PANELS, ETC. MF642Cdw;FE8-3142-000;COVER, ARM, RIGHT;
Canon;Canon Color imageCLASS MF645Cx;100F EXTERNAL COVERS, PANELS, ETC. MF642Cdw;FE8-3262-000;COVER, PANEL, REAR;
Canon;Canon Color imageCLASS MF645Cx;100F EXTERNAL COVERS, PANELS, ETC. MF642Cdw;FM1-V311-000;COVER ASSEMBLY, LEFT;
Canon;Canon Color imageCLASS MF645Cx;100F EXTERNAL COVERS, PANELS, ETC. MF642Cdw;FL1-1416-000;SHEET, BLANKING;
Canon;Canon Color imageCLASS MF645Cx;100F EXTERNAL COVERS, PANELS, ETC. MF642Cdw;FM1-V319-000;COVER ASSEMBLY, RIGHT;
Canon;Canon Color imageCLASS MF645Cx;100F EXTERNAL COVERS, PANELS, ETC. MF642Cdw;FL1-0525-000;SHEET, HANDSET;
Canon;Canon Color imageCLASS MF645Cx;100F EXTERNAL COVERS, PANELS, ETC. MF642Cdw;FM1-N648-000;FRONT DOOR ASSY;
Canon;Canon Color imageCLASS MF645Cx;100F EXTERNAL COVERS, PANELS, ETC. MF642Cdw;FM1-N649-000;COVER ASSEMBLY, TOP;
Canon;Canon Color imageCLASS MF645Cx;100F EXTERNAL COVERS, PANELS, ETC. MF642Cdw;FM1-N654-020;DUPLEXING DOOR ASSY;
Canon;Canon Color imageCLASS MF645Cx;100F EXTERNAL COVERS, PANELS, ETC. MF642Cdw;FM1-P234-000;CONTROL PANEL ASSEMBLY;UN31, UN33, UN41, UN42
Canon;Canon Color imageCLASS MF645Cx;100F EXTERNAL COVERS, PANELS, ETC. MF642Cdw;FM1-P442-000;HINGE ASSEMBLY;
Canon;Canon Color imageCLASS MF645Cx;100F EXTERNAL COVERS, PANELS, ETC. MF642Cdw;RM2-5580-000;REAR DOOR ASSY;
Canon;Canon Color imageCLASS MF645Cx;100F EXTERNAL COVERS, PANELS, ETC. MF642Cdw;RM2-5906-000;ROLLER, SECONDARY TRANSFER;
Canon;Canon Color imageCLASS MF645Cx;100F EXTERNAL COVERS, PANELS, ETC. MF642Cdw;XA9-1671-000;SCREW, D, M3X8;
Canon;Canon Color imageCLASS MF645Cx;100F EXTERNAL COVERS, PANELS, ETC. MF642Cdw;FL1-7033-000;COVER, BOTTOM, REAR;
Canon;Canon Color imageCLASS MF645Cx;100F EXTERNAL COVERS, PANELS, ETC. MF642Cdw;FE8-3017-000;LID, MODULAR;
Canon;Canon Color imageCLASS MF645Cx;100U EXTERNAL COVERS, PANELS, ETC. MF641Cw;FE8-3066-000;COVER, ARM, LEFT;
Canon;Canon Color imageCLASS MF645Cx;100U EXTERNAL COVERS, PANELS, ETC. MF641Cw;FE8-3068-000;COVER, ARM, CENTER;
Canon;Canon Color imageCLASS MF645Cx;100U EXTERNAL COVERS, PANELS, ETC. MF641Cw;FE8-3069-000;COVER, PANEL, REAR UPPER;
Canon;Canon Color imageCLASS MF645Cx;100U EXTERNAL COVERS, PANELS, ETC. MF641Cw;FE8-3070-000;COVER, PANEL, REAR UNDER;
Canon;Canon Color imageCLASS MF645Cx;100U EXTERNAL COVERS, PANELS, ETC. MF641Cw;FE8-3071-000;COVER, PANEL, LOWER;
Canon;Canon Color imageCLASS MF645Cx;100U EXTERNAL COVERS, PANELS, ETC. MF641Cw;FE8-3094-000;COVER, FRONT, LEFT;
Canon;Canon Color imageCLASS MF645Cx;100U EXTERNAL COVERS, PANELS, ETC. MF641Cw;FE8-3095-000;COVER, FRONT, RIGHT;
Canon;Canon Color imageCLASS MF645Cx;100U EXTERNAL COVERS, PANELS, ETC. MF641Cw;FE8-3115-000;COVER, FRONT UPPER, RIGHT;
Canon;Canon Color imageCLASS MF645Cx;100U EXTERNAL COVERS, PANELS, ETC. MF641Cw;FE8-3142-000;COVER, ARM, RIGHT;
Canon;Canon Color imageCLASS MF645Cx;100U EXTERNAL COVERS, PANELS, ETC. MF641Cw;FE8-3262-000;COVER, PANEL, REAR;
Canon;Canon Color imageCLASS MF645Cx;100U EXTERNAL COVERS, PANELS, ETC. MF641Cw;FM1-V311-000;COVER ASSEMBLY, LEFT;
Canon;Canon Color imageCLASS MF645Cx;100U EXTERNAL COVERS, PANELS, ETC. MF641Cw;FL1-1416-000;SHEET, BLANKING;
Canon;Canon Color imageCLASS MF645Cx;100U EXTERNAL COVERS, PANELS, ETC. MF641Cw;FM1-V319-000;COVER ASSEMBLY, RIGHT;
Canon;Canon Color imageCLASS MF645Cx;100U EXTERNAL COVERS, PANELS, ETC. MF641Cw;FL1-0525-000;SHEET, HANDSET;
Canon;Canon Color imageCLASS MF645Cx;100U EXTERNAL COVERS, PANELS, ETC. MF641Cw;FM1-N648-000;FRONT DOOR ASSY;
Canon;Canon Color imageCLASS MF645Cx;100U EXTERNAL COVERS, PANELS, ETC. MF641Cw;FM1-N649-000;COVER ASSEMBLY, TOP;
Canon;Canon Color imageCLASS MF645Cx;100U EXTERNAL COVERS, PANELS, ETC. MF641Cw;FE2-B971-000;COVER, REAR, UPPER;
Canon;Canon Color imageCLASS MF645Cx;100U EXTERNAL COVERS, PANELS, ETC. MF641Cw;FM1-P234-000;CONTROL PANEL ASSEMBLY;UN31, UN33, UN41, UN42
Canon;Canon Color imageCLASS MF645Cx;100U EXTERNAL COVERS, PANELS, ETC. MF641Cw;FM1-P442-000;HINGE ASSEMBLY;
Canon;Canon Color imageCLASS MF645Cx;100U EXTERNAL COVERS, PANELS, ETC. MF641Cw;FM1-V320-000;REAR DOOR ASSY;
Canon;Canon Color imageCLASS MF645Cx;100U EXTERNAL COVERS, PANELS, ETC. MF641Cw;RM2-5906-000;ROLLER, SECONDARY TRANSFER;
Canon;Canon Color imageCLASS MF645Cx;100U EXTERNAL COVERS, PANELS, ETC. MF641Cw;XA9-1671-000;SCREW, D, M3X8;
Canon;Canon Color imageCLASS MF645Cx;100U EXTERNAL COVERS, PANELS, ETC. MF641Cw;FE2-B974-000;COVER, BOTTOM, REAR;
Canon;Canon Color imageCLASS MF645Cx;100U EXTERNAL COVERS, PANELS, ETC. MF641Cw;FE8-3017-000;LID, MODULAR;
Canon;Canon Color imageCLASS MF645Cx;SINGLE PASS ADF model, SINGLE SIDE ADF model;RM2-5881-000;SEPARATION ROLLER ASSY;
Canon;Canon Color imageCLASS MF645Cx;SINGLE PASS ADF model, SINGLE SIDE ADF model;RM2-5577-000;FEED ROLLER ASSY;
Canon;Canon Color imageCLASS MF645Cx;SINGLE PASS ADF model, SINGLE SIDE ADF model;RC5-1975-000;CASE, ROLLER;
Canon;Canon Color imageCLASS MF645Cx;SINGLE PASS ADF model, SINGLE SIDE ADF model;FM1-V312-000;CASSETTE ASSY;
Canon;Canon Color imageCLASS MF645Cx;SINGLE PASS ADF model, SINGLE SIDE ADF model;FM1-V315-000;MULTI FEED TRAY ASSY;
Canon;Canon Color imageCLASS MF645Cx;SINGLE PASS ADF model, SINGLE SIDE ADF model;RM2-9510-000;ENVIRONMENT SENSOR PCB ASSY;UN10, SR602
Canon;Canon Color imageCLASS MF645Cx;SINGLE PASS ADF model, SINGLE SIDE ADF model;RC4-3848-000;ARM, LOCK, LEFT;
Canon;Canon Color imageCLASS MF645Cx;SINGLE PASS ADF model, SINGLE SIDE ADF model;RC4-3847-000;ARM, LOCK, RIGHT;
Canon;Canon Color imageCLASS MF645Cx;SINGLE PASS ADF model, SINGLE SIDE ADF model;RM2-5576-000;PAPER PICK-UP ROLLER ASSY;
Canon;Canon Color imageCLASS MF645Cx;SINGLE PASS ADF model, SINGLE SIDE ADF model;XA9-1835-000;SCREW, D, M3X6;
Canon;Canon Color imageCLASS MF645Cx;SINGLE PASS ADF model, SINGLE SIDE ADF model;XA9-1671-000;SCREW, D, M3X8;
Canon;Canon Color imageCLASS MF645Cx;SINGLE PASS ADF model, SINGLE SIDE ADF model;RM2-5872-000;DUPLEXING DRIVE ASSY;SL713, SL714
Canon;Canon Color imageCLASS MF645Cx;101C INTERNAL COMPONENTS 1 COPYBOARD model;RM2-5881-000;SEPARATION ROLLER ASSY;
Canon;Canon Color imageCLASS MF645Cx;101C INTERNAL COMPONENTS 1 COPYBOARD model;RM2-5577-000;FEED ROLLER ASSY;
Canon;Canon Color imageCLASS MF645Cx;101C INTERNAL COMPONENTS 1 COPYBOARD model;RC5-1975-000;CASE, ROLLER;
Canon;Canon Color imageCLASS MF645Cx;101C INTERNAL COMPONENTS 1 COPYBOARD model;FM1-V312-000;CASSETTE ASSY;
Canon;Canon Color imageCLASS MF645Cx;101C INTERNAL COMPONENTS 1 COPYBOARD model;FM1-V315-000;MULTI FEED TRAY ASSY;
Canon;Canon Color imageCLASS MF645Cx;101C INTERNAL COMPONENTS 1 COPYBOARD model;RM2-9510-000;ENVIRONMENT SENSOR PCB ASSY;UN10, SR602
Canon;Canon Color imageCLASS MF645Cx;101C INTERNAL COMPONENTS 1 COPYBOARD model;RC4-3848-000;ARM, LOCK, LEFT;
Canon;Canon Color imageCLASS MF645Cx;101C INTERNAL COMPONENTS 1 COPYBOARD model;RC4-3847-000;ARM, LOCK, RIGHT;
Canon;Canon Color imageCLASS MF645Cx;101C INTERNAL COMPONENTS 1 COPYBOARD model;RM2-5576-000;PAPER PICK-UP ROLLER ASSY;
Canon;Canon Color imageCLASS MF645Cx;101C INTERNAL COMPONENTS 1 COPYBOARD model;XA9-1835-000;SCREW, D, M3X6;
Canon;Canon Color imageCLASS MF645Cx;101C INTERNAL COMPONENTS 1 COPYBOARD model;XA9-1671-000;SCREW, D, M3X8;
Canon;Canon Color imageCLASS MF645Cx;102B INTERNAL COMPONENTS 2 120V;FM1-N656-000;POWER SUPPLY SWITCH ASSY;UN6
Canon;Canon Color imageCLASS MF645Cx;102B INTERNAL COMPONENTS 2 120V;FE8-0014-000;PLATE, USB, GROUNDING;
Canon;Canon Color imageCLASS MF645Cx;102B INTERNAL COMPONENTS 2 120V;FM1-R870-000;USB RELAY PCB ASSEMBLY;UN32
Canon;Canon Color imageCLASS MF645Cx;102B INTERNAL COMPONENTS 2 120V;FM1-W285-000;FIXING ASSY;H802, TH802, TP2, SW2, SW3, SR607, SR609, SR616
Canon;Canon Color imageCLASS MF645Cx;102B INTERNAL COMPONENTS 2 120V;RK2-9471-000;MOTOR, STEPPING;M702
Canon;Canon Color imageCLASS MF645Cx;102B INTERNAL COMPONENTS 2 120V;FM2-G952-000;L.V. POWER SUPPLY PCB ASSY;UN2
Canon;Canon Color imageCLASS MF645Cx;102B INTERNAL COMPONENTS 2 120V;FM1-V317-000;CARTRIDGE TRAY ASSY;
Canon;Canon Color imageCLASS MF645Cx;102B INTERNAL COMPONENTS 2 120V;RM2-8054-000;MAIN MOTOR ASSY;M701
Canon;Canon Color imageCLASS MF645Cx;102B INTERNAL COMPONENTS 2 120V;RK2-6425-000;FAN;FM1
Canon;Canon Color imageCLASS MF645Cx;102B INTERNAL COMPONENTS 2 120V;RK2-0534-000;MICROSWITCH;SW4
Canon;Canon Color imageCLASS MF645Cx;102B INTERNAL COMPONENTS 2 120V;XA9-1671-000;SCREW, D, M3X8;
Canon;Canon Color imageCLASS MF645Cx;102B INTERNAL COMPONENTS 2 120V;XA9-1835-000;SCREW, D, M3X6;
Canon;Canon Color imageCLASS MF645Cx;102C INTERNAL COMPONENTS 2 230V;FM1-N656-000;POWER SUPPLY SWITCH ASSY;UN6
Canon;Canon Color imageCLASS MF645Cx;102C INTERNAL COMPONENTS 2 230V;FE8-0014-000;PLATE, USB, GROUNDING;
Canon;Canon Color imageCLASS MF645Cx;102C INTERNAL COMPONENTS 2 230V;FM1-R870-000;USB RELAY PCB ASSEMBLY;UN32
Canon;Canon Color imageCLASS MF645Cx;102C INTERNAL COMPONENTS 2 230V;FM1-W286-000;FIXING ASSY;H801, TH802, TP1, SW2, SW3, SR607, SR609, SR616
Canon;Canon Color imageCLASS MF645Cx;102C INTERNAL COMPONENTS 2 230V;RK2-9471-000;MOTOR, STEPPING;M702
Canon;Canon Color imageCLASS MF645Cx;102C INTERNAL COMPONENTS 2 230V;FM2-G956-000;L.V. POWER SUPPLY PCB ASSY;UN2
Canon;Canon Color imageCLASS MF645Cx;102C INTERNAL COMPONENTS 2 230V;FM1-V317-000;CARTRIDGE TRAY ASSY;
Canon;Canon Color imageCLASS MF645Cx;102C INTERNAL COMPONENTS 2 230V;RM2-8054-000;MAIN MOTOR ASSY;M701
Canon;Canon Color imageCLASS MF645Cx;102C INTERNAL COMPONENTS 2 230V;RK2-6425-000;FAN;FM1
Canon;Canon Color imageCLASS MF645Cx;102C INTERNAL COMPONENTS 2 230V;RK2-0534-000;MICROSWITCH;SW4
Canon;Canon Color imageCLASS MF645Cx;102C INTERNAL COMPONENTS 2 230V;XA9-1671-000;SCREW, D, M3X8;
Canon;Canon Color imageCLASS MF645Cx;102C INTERNAL COMPONENTS 2 230V;XA9-1835-000;SCREW, D, M3X6;
Canon;Canon Color imageCLASS MF645Cx;102F INTERNAL COMPONENTS 2 COPYBOARD model;FM1-N656-000;POWER SUPPLY SWITCH ASSY;UN6
Canon;Canon Color imageCLASS MF645Cx;102F INTERNAL COMPONENTS 2 COPYBOARD model;FE8-0014-000;PLATE, USB, GROUNDING;
Canon;Canon Color imageCLASS MF645Cx;102F INTERNAL COMPONENTS 2 COPYBOARD model;FM1-R870-000;USB RELAY PCB ASSEMBLY;UN32
Canon;Canon Color imageCLASS MF645Cx;102F INTERNAL COMPONENTS 2 COPYBOARD model;FM1-Y001-000;FIXING ASSY;H802, TH802, TP2, SW2, SW3, SW6 SR606, SR607, SR609
Canon;Canon Color imageCLASS MF645Cx;102F INTERNAL COMPONENTS 2 COPYBOARD model;RK2-9471-000;MOTOR, STEPPING;M702
Canon;Canon Color imageCLASS MF645Cx;102F INTERNAL COMPONENTS 2 COPYBOARD model;FM2-G952-000;L.V. POWER SUPPLY PCB ASSY;UN2
Canon;Canon Color imageCLASS MF645Cx;102F INTERNAL COMPONENTS 2 COPYBOARD model;FM1-V317-000;CARTRIDGE TRAY ASSY;
Canon;Canon Color imageCLASS MF645Cx;102F INTERNAL COMPONENTS 2 COPYBOARD model;RM2-8054-000;MAIN MOTOR ASSY;M701
Canon;Canon Color imageCLASS MF645Cx;102F INTERNAL COMPONENTS 2 COPYBOARD model;RK2-6425-000;FAN;FM1
Canon;Canon Color imageCLASS MF645Cx;102F INTERNAL COMPONENTS 2 COPYBOARD model;RK2-0534-000;MICROSWITCH;SW4
Canon;Canon Color imageCLASS MF645Cx;103C NPN RF INTERNAL COMPONENTS 3 120V;FK2-8767-000;CORE, FERRITE;
Canon;Canon Color imageCLASS MF645Cx;103C NPN RF INTERNAL COMPONENTS 3 120V;FK4-4092-000;CABLE, MADRID HDMI;
Canon;Canon Color imageCLASS MF645Cx;103C NPN RF INTERNAL COMPONENTS 3 120V;FL0-8148-000;CABLE, FLAT;
Canon;Canon Color imageCLASS MF645Cx;103C NPN RF INTERNAL COMPONENTS 3 120V;FM1-W044-000;MAIN CONTROLLER PCB ASSY SET;UN30
Canon;Canon Color imageCLASS MF645Cx;103C NPN RF INTERNAL COMPONENTS 3 120V;FM2-G958-000;ENGINE CONTROLLER PCB ASSY;UN1
Canon;Canon Color imageCLASS MF645Cx;103C NPN RF INTERNAL COMPONENTS 3 120V;RK2-6383-000;CABLE, FLAT;
Canon;Canon Color imageCLASS MF645Cx;103C NPN RF INTERNAL COMPONENTS 3 120V;RK2-8980-000;CABLE, FLAT;
Canon;Canon Color imageCLASS MF645Cx;103C NPN RF INTERNAL COMPONENTS 3 120V;RM2-5874-000;DENSITY DETECT SENSOR ASSY;UN7, UN8
Canon;Canon Color imageCLASS MF645Cx;103C NPN RF INTERNAL COMPONENTS 3 120V;RM2-5907-000;INTERMEDIATE TRANS. BELT ASSY;
Canon;Canon Color imageCLASS MF645Cx;103C NPN RF INTERNAL COMPONENTS 3 120V;XA9-1671-000;SCREW, D, M3X8;
Canon;Canon Color imageCLASS MF645Cx;103C NPN RF INTERNAL COMPONENTS 3 120V;FK4-4651-000;MODULE, WLAN;UN35
Canon;Canon Color imageCLASS MF645Cx;103C NPN RF INTERNAL COMPONENTS 3 120V;FL0-8219-000;CABLE, FLAT;
Canon;Canon Color imageCLASS MF645Cx;103C NPN RF INTERNAL COMPONENTS 3 120V;RK2-9730-000;MOTOR, STEPPING;M703
Canon;Canon Color imageCLASS MF645Cx;103C NPN RF INTERNAL COMPONENTS 3 120V;FM1-X947-000;NCU PCB ASSEMBLY;UN38
Canon;Canon Color imageCLASS MF645Cx;103C NPN RF INTERNAL COMPONENTS 3 120V;FK3-3944-000;SPEAKER;SP1
Canon;Canon Color imageCLASS MF645Cx;103C NPN RF INTERNAL COMPONENTS 3 120V;FL0-8150-000;CABLE, FLAT;
Canon;Canon Color imageCLASS MF645Cx;103C NPN RF INTERNAL COMPONENTS 3 120V;FM2-G945-000;CABLE, PSEUDO CI;
Canon;Canon Color imageCLASS MF645Cx;103C NPN RF INTERNAL COMPONENTS 3 120V;FM1-R867-000;OFFHOOK PCB ASSEMBLY;UN39
Canon;Canon Color imageCLASS MF645Cx;103C NPN RF INTERNAL COMPONENTS 3 120V;FM1-X955-000;CABLE, OFF HOOK;
Canon;Canon Color imageCLASS MF645Cx;103D INTERNAL COMPONENTS 3 230V;FK2-8767-000;CORE, FERRITE;
Canon;Canon Color imageCLASS MF645Cx;103D INTERNAL COMPONENTS 3 230V;FK4-4092-000;CABLE, MADRID HDMI;
Canon;Canon Color imageCLASS MF645Cx;103D INTERNAL COMPONENTS 3 230V;FL0-8148-000;CABLE, FLAT;
Canon;Canon Color imageCLASS MF645Cx;103D INTERNAL COMPONENTS 3 230V;FM1-W043-000;MAIN CONTROLLER PCB ASSY SET;UN30
Canon;Canon Color imageCLASS MF645Cx;103D INTERNAL COMPONENTS 3 230V;FM2-G958-000;ENGINE CONTROLLER PCB ASSY;UN1
Canon;Canon Color imageCLASS MF645Cx;103D INTERNAL COMPONENTS 3 230V;RK2-6383-000;CABLE, FLAT;
Canon;Canon Color imageCLASS MF645Cx;103D INTERNAL COMPONENTS 3 230V;RK2-8980-000;CABLE, FLAT;
Canon;Canon Color imageCLASS MF645Cx;103D INTERNAL COMPONENTS 3 230V;RM2-5874-000;DENSITY DETECT SENSOR ASSY;UN7, UN8
Canon;Canon Color imageCLASS MF645Cx;103D INTERNAL COMPONENTS 3 230V;RM2-5907-000;INTERMEDIATE TRANS. BELT ASSY;
Canon;Canon Color imageCLASS MF645Cx;103D INTERNAL COMPONENTS 3 230V;XA9-1671-000;SCREW, D, M3X8;
Canon;Canon Color imageCLASS MF645Cx;103D INTERNAL COMPONENTS 3 230V;FK4-4651-000;MODULE, WLAN;UN35
Canon;Canon Color imageCLASS MF645Cx;103D INTERNAL COMPONENTS 3 230V;FL0-8219-000;CABLE, FLAT;
Canon;Canon Color imageCLASS MF645Cx;103D INTERNAL COMPONENTS 3 230V;RK2-9730-000;MOTOR, STEPPING;M703
Canon;Canon Color imageCLASS MF645Cx;103D INTERNAL COMPONENTS 3 230V;FM1-X947-000;NCU PCB ASSEMBLY;UN38
Canon;Canon Color imageCLASS MF645Cx;103D INTERNAL COMPONENTS 3 230V;FK3-3944-000;SPEAKER;SP1
Canon;Canon Color imageCLASS MF645Cx;103D INTERNAL COMPONENTS 3 230V;FL0-8150-000;CABLE, FLAT;
Canon;Canon Color imageCLASS MF645Cx;103D INTERNAL COMPONENTS 3 230V;FM2-G945-000;CABLE, PSEUDO CI;
Canon;Canon Color imageCLASS MF645Cx;103D INTERNAL COMPONENTS 3 230V;FM1-R867-000;OFFHOOK PCB ASSEMBLY;UN39
Canon;Canon Color imageCLASS MF645Cx;103D INTERNAL COMPONENTS 3 230V;FM1-X955-000;CABLE, OFF HOOK;
Canon;Canon Color imageCLASS MF645Cx;103E INTERNAL COMPONENTS 3 SINGLE SIDE ADF;FK2-8767-000;CORE, FERRITE;
Canon;Canon Color imageCLASS MF645Cx;103E INTERNAL COMPONENTS 3 SINGLE SIDE ADF;FK4-4092-000;CABLE, MADRID HDMI;
Canon;Canon Color imageCLASS MF645Cx;103E INTERNAL COMPONENTS 3 SINGLE SIDE ADF;FL0-8148-000;CABLE, FLAT;
Canon;Canon Color imageCLASS MF645Cx;103E INTERNAL COMPONENTS 3 SINGLE SIDE ADF;FM2-H937-000;MAIN CONTROLLER PCB ASSY;UN30
Canon;Canon Color imageCLASS MF645Cx;103E INTERNAL COMPONENTS 3 SINGLE SIDE ADF;FM2-G958-000;ENGINE CONTROLLER PCB ASSY;UN1
Canon;Canon Color imageCLASS MF645Cx;103E INTERNAL COMPONENTS 3 SINGLE SIDE ADF;RK2-6383-000;CABLE, FLAT;
Canon;Canon Color imageCLASS MF645Cx;103E INTERNAL COMPONENTS 3 SINGLE SIDE ADF;RK2-8980-000;CABLE, FLAT;
Canon;Canon Color imageCLASS MF645Cx;103E INTERNAL COMPONENTS 3 SINGLE SIDE ADF;RM2-5874-000;DENSITY DETECT SENSOR ASSY;UN7, UN8
Canon;Canon Color imageCLASS MF645Cx;103E INTERNAL COMPONENTS 3 SINGLE SIDE ADF;RM2-5907-000;INTERMEDIATE TRANS. BELT ASSY;
Canon;Canon Color imageCLASS MF645Cx;103E INTERNAL COMPONENTS 3 SINGLE SIDE ADF;XA9-1671-000;SCREW, D, M3X8;
Canon;Canon Color imageCLASS MF645Cx;103E INTERNAL COMPONENTS 3 SINGLE SIDE ADF;FK4-4651-000;MODULE, WLAN;UN35
Canon;Canon Color imageCLASS MF645Cx;103E INTERNAL COMPONENTS 3 SINGLE SIDE ADF;FL0-8219-000;CABLE, FLAT;
Canon;Canon Color imageCLASS MF645Cx;103E INTERNAL COMPONENTS 3 SINGLE SIDE ADF;RK2-9730-000;MOTOR, STEPPING;M703
Canon;Canon Color imageCLASS MF645Cx;103G INTERNAL COMPONENTS 3 COPYBOARD model;FK2-8767-000;CORE, FERRITE;
Canon;Canon Color imageCLASS MF645Cx;103G INTERNAL COMPONENTS 3 COPYBOARD model;FK4-4092-000;CABLE, MADRID HDMI;
Canon;Canon Color imageCLASS MF645Cx;103G INTERNAL COMPONENTS 3 COPYBOARD model;FL0-8148-000;CABLE, FLAT;
Canon;Canon Color imageCLASS MF645Cx;103G INTERNAL COMPONENTS 3 COPYBOARD model;FM2-H940-000;MAIN CONTROLLER PCB ASSY;UN30
Canon;Canon Color imageCLASS MF645Cx;103G INTERNAL COMPONENTS 3 COPYBOARD model;FM2-G959-000;ENGINE CONTROLLER PCB ASSY;UN2
Canon;Canon Color imageCLASS MF645Cx;103G INTERNAL COMPONENTS 3 COPYBOARD model;RK2-6383-000;CABLE, FLAT;
Canon;Canon Color imageCLASS MF645Cx;103G INTERNAL COMPONENTS 3 COPYBOARD model;RK2-8980-000;CABLE, FLAT;
Canon;Canon Color imageCLASS MF645Cx;103G INTERNAL COMPONENTS 3 COPYBOARD model;RM2-5874-000;DENSITY DETECT SENSOR ASSY;UN7, UN8
Canon;Canon Color imageCLASS MF645Cx;103G INTERNAL COMPONENTS 3 COPYBOARD model;RM2-5907-000;INTERMEDIATE TRANS. BELT ASSY;
Canon;Canon Color imageCLASS MF645Cx;103G INTERNAL COMPONENTS 3 COPYBOARD model;XA9-1671-000;SCREW, D, M3X8;
Canon;Canon Color imageCLASS MF645Cx;103G INTERNAL COMPONENTS 3 COPYBOARD model;FK4-4651-000;MODULE, WLAN;UN35
Canon;Canon Color imageCLASS MF645Cx;103G INTERNAL COMPONENTS 3 COPYBOARD model;FL0-8219-000;CABLE, FLAT;
Canon;Canon Color imageCLASS MF645Cx;103G INTERNAL COMPONENTS 3 COPYBOARD model;RK2-9730-000;MOTOR, STEPPING;M703
Canon;Canon Color imageCLASS MF645Cx;160 READER/ADF ASSEMBLY;FE8-4191-000;LABEL, DOCUMENT SIZE;
Canon;Canon Color imageCLASS MF645Cx;160 READER/ADF ASSEMBLY;FE8-3469-000;SHEET, WHITE;
Canon;Canon Color imageCLASS MF645Cx;160 READER/ADF ASSEMBLY;FE8-3474-000;COVER, REAR;
Canon;Canon Color imageCLASS MF645Cx;160 READER/ADF ASSEMBLY;FE8-3475-000;COVER, FRONT;
Canon;Canon Color imageCLASS MF645Cx;160 READER/ADF ASSEMBLY;FE8-3636-000;RING, E;
Canon;Canon Color imageCLASS MF645Cx;160 READER/ADF ASSEMBLY;FE8-3643-000;BUSHING;
Canon;Canon Color imageCLASS MF645Cx;160 READER/ADF ASSEMBLY;FE8-3644-000;SPRING, LEAF;
Canon;Canon Color imageCLASS MF645Cx;160 READER/ADF ASSEMBLY;FL1-2517-000;PANEL, OPEN/CLOSE;
Canon;Canon Color imageCLASS MF645Cx;160 READER/ADF ASSEMBLY;FM1-N703-000;SEPARATION ROLLER ASSEMBLY;
Canon;Canon Color imageCLASS MF645Cx;160 READER/ADF ASSEMBLY;FC8-9251-000;ROLLER, PICK-UP;
Canon;Canon Color imageCLASS MF645Cx;160 READER/ADF ASSEMBLY;FL3-1023-000;ROLLER, SEPARATION;
Canon;Canon Color imageCLASS MF645Cx;160 READER/ADF ASSEMBLY;FU2-1865-000;GEAR, 23T;
Canon;Canon Color imageCLASS MF645Cx;160 READER/ADF ASSEMBLY;FU2-1902-000;BUSHING;
Canon;Canon Color imageCLASS MF645Cx;160 READER/ADF ASSEMBLY;FU2-1903-000;SPRING, COMPRESSION;
Canon;Canon Color imageCLASS MF645Cx;160 READER/ADF ASSEMBLY;FE8-3462-000;GUIDE, CABLE;
Canon;Canon Color imageCLASS MF645Cx;160 READER/ADF ASSEMBLY;FM1-T687-000;HINGE;
Canon;Canon Color imageCLASS MF645Cx;160 READER/ADF ASSEMBLY;FE8-3467-000;COVER, LOWER;
Canon;Canon Color imageCLASS MF645Cx;160 READER/ADF ASSEMBLY;FE8-4189-000;CAP;
Canon;Canon Color imageCLASS MF645Cx;160 READER/ADF ASSEMBLY;FM1-P584-000;PAPER FEED GUIDE ASSEMBLY;
Canon;Canon Color imageCLASS MF645Cx;160 READER/ADF ASSEMBLY;FM1-N711 -000;DOCUMENT TRAY ASSEMBLY;
Canon;Canon Color imageCLASS MF645Cx;160 READER/ADF ASSEMBLY;XA9-0476-000;SCREW,TP M3X8;
Canon;Canon Color imageCLASS MF645Cx;161A PAPER FEEDER ASSEMBLY SINGLE PASS ADF;FM1-N704-000;GUIDE ASSEMBLY, UPPER;
Canon;Canon Color imageCLASS MF645Cx;161A PAPER FEEDER ASSEMBLY SINGLE PASS ADF;FE8-3440-000;ROLLER;
Canon;Canon Color imageCLASS MF645Cx;161A PAPER FEEDER ASSEMBLY SINGLE PASS ADF;FE8-3444-000;FLAG,SENSOR;
Canon;Canon Color imageCLASS MF645Cx;161A PAPER FEEDER ASSEMBLY SINGLE PASS ADF;FE8-3645-000;STOPPER, DOCUMENT;
Canon;Canon Color imageCLASS MF645Cx;161A PAPER FEEDER ASSEMBLY SINGLE PASS ADF;FL1-2518-000;GUIDE, UPPER;
Canon;Canon Color imageCLASS MF645Cx;161A PAPER FEEDER ASSEMBLY SINGLE PASS ADF;FM1-P580-000;SEPARATION PAD ASSEMBLY;
Canon;Canon Color imageCLASS MF645Cx;161A PAPER FEEDER ASSEMBLY SINGLE PASS ADF;FU2-1875-000;SHAFT, TRANSMISSION;
Canon;Canon Color imageCLASS MF645Cx;161A PAPER FEEDER ASSEMBLY SINGLE PASS ADF;FU2-1904-000;SPRING, TORSION;
Canon;Canon Color imageCLASS MF645Cx;161A PAPER FEEDER ASSEMBLY SINGLE PASS ADF;FU2-1905-000;SPRING, COMPRESSION;
Canon;Canon Color imageCLASS MF645Cx;161A PAPER FEEDER ASSEMBLY SINGLE PASS ADF;FU2-1906-000;ROLLER, AUXILIARY;
Canon;Canon Color imageCLASS MF645Cx;161A PAPER FEEDER ASSEMBLY SINGLE PASS ADF;FU2-1922-000;SPRING, COMPRESSION;
Canon;Canon Color imageCLASS MF645Cx;161A PAPER FEEDER ASSEMBLY SINGLE PASS ADF;XA9-0476-000;SCREW,TP M3X8;
Canon;Canon Color imageCLASS MF645Cx;161A PAPER FEEDER ASSEMBLY SINGLE PASS ADF;FM1-W051-000;PAPER FEEDER ASSEMBLY SET;
Canon;Canon Color imageCLASS MF645Cx;161A PAPER FEEDER ASSEMBLY SINGLE PASS ADF;FE8-3446-000;GUIDE, PAPER DELIVERY;
Canon;Canon Color imageCLASS MF645Cx;161A PAPER FEEDER ASSEMBLY SINGLE PASS ADF;FE8-3448-000;FLAG,SENSOR;
Canon;Canon Color imageCLASS MF645Cx;161A PAPER FEEDER ASSEMBLY SINGLE PASS ADF;FE8-3458-000;BUSHING;
Canon;Canon Color imageCLASS MF645Cx;161A PAPER FEEDER ASSEMBLY SINGLE PASS ADF;FE8-3459-000;PLATE, GROUNDING;
Canon;Canon Color imageCLASS MF645Cx;161A PAPER FEEDER ASSEMBLY SINGLE PASS ADF;FE8-3460-000;PLATE, GROUNDING;
Canon;Canon Color imageCLASS MF645Cx;161A PAPER FEEDER ASSEMBLY SINGLE PASS ADF;FE8-3636-000;RING, E;
Canon;Canon Color imageCLASS MF645Cx;161A PAPER FEEDER ASSEMBLY SINGLE PASS ADF;FE8-3655-000;STOPPER, RATCHET SPRING;
Canon;Canon Color imageCLASS MF645Cx;161A PAPER FEEDER ASSEMBLY SINGLE PASS ADF;FE8-3656-000;RATCHET, PAPER FEED ROLLER;
Canon;Canon Color imageCLASS MF645Cx;161A PAPER FEEDER ASSEMBLY SINGLE PASS ADF;FE8-3657-000;LEVER, RELEASE;
Canon;Canon Color imageCLASS MF645Cx;161A PAPER FEEDER ASSEMBLY SINGLE PASS ADF;FL1-1367-000;ROLLER, PAPER FEED;
Canon;Canon Color imageCLASS MF645Cx;161A PAPER FEEDER ASSEMBLY SINGLE PASS ADF;FL1-1369-000;SHEET, GUIDE;
Canon;Canon Color imageCLASS MF645Cx;161A PAPER FEEDER ASSEMBLY SINGLE PASS ADF;FM1-N407-000;ROLLER, PAPER DELIVERY;
Canon;Canon Color imageCLASS MF645Cx;161A PAPER FEEDER ASSEMBLY SINGLE PASS ADF;FM1-N709-000;MOTOR DRIVE ASSY;M11
Canon;Canon Color imageCLASS MF645Cx;161A PAPER FEEDER ASSEMBLY SINGLE PASS ADF;FM2-C963-000;CABLE, SIGNAL, DF, 2;
Canon;Canon Color imageCLASS MF645Cx;161A PAPER FEEDER ASSEMBLY SINGLE PASS ADF;VS1-7207-006;CONNECTOR, SNAP TIGHT;
Canon;Canon Color imageCLASS MF645Cx;161A PAPER FEEDER ASSEMBLY SINGLE PASS ADF;FM1-X903-000;CABLE, SENSOR;
Canon;Canon Color imageCLASS MF645Cx;161A PAPER FEEDER ASSEMBLY SINGLE PASS ADF;FM1-X908-000;CABLE, GROUNDING;
Canon;Canon Color imageCLASS MF645Cx;161A PAPER FEEDER ASSEMBLY SINGLE PASS ADF;FU2-1867-000;GEAR, 67T;
Canon;Canon Color imageCLASS MF645Cx;161A PAPER FEEDER ASSEMBLY SINGLE PASS ADF;FU2-1869-000;GEAR, 25T;
Canon;Canon Color imageCLASS MF645Cx;161A PAPER FEEDER ASSEMBLY SINGLE PASS ADF;FU2-1870-000;GEAR, 38T;
Canon;Canon Color imageCLASS MF645Cx;161A PAPER FEEDER ASSEMBLY SINGLE PASS ADF;FU2-1902-000;BUSHING;
Canon;Canon Color imageCLASS MF645Cx;161A PAPER FEEDER ASSEMBLY SINGLE PASS ADF;FU2-1907-000;SPRING, TENSION;
Canon;Canon Color imageCLASS MF645Cx;161A PAPER FEEDER ASSEMBLY SINGLE PASS ADF;FU2-1908-000;SPRING, COMPRESSION;
Canon;Canon Color imageCLASS MF645Cx;161A PAPER FEEDER ASSEMBLY SINGLE PASS ADF;WG8-5935-000;IC, PHOTO INTERRUPTER;SR9, SR10
Canon;Canon Color imageCLASS MF645Cx;161A PAPER FEEDER ASSEMBLY SINGLE PASS ADF;XA9-2049-000;SCREW, W/WASHER P, M3X10;
Canon;Canon Color imageCLASS MF645Cx;161A PAPER FEEDER ASSEMBLY SINGLE PASS ADF;FK4-5060-000;CABLE, FLAT;
Canon;Canon Color imageCLASS MF645Cx;161A PAPER FEEDER ASSEMBLY SINGLE PASS ADF;FE8-3450-000;HOLDER, CONTACT IMAGE SENSOR;
Canon;Canon Color imageCLASS MF645Cx;161A PAPER FEEDER ASSEMBLY SINGLE PASS ADF;FL1-2502-000;GLASS HOLDER UNIT;
Canon;Canon Color imageCLASS MF645Cx;161A PAPER FEEDER ASSEMBLY SINGLE PASS ADF;FU2-1924-000;SPRING, COMPRESSION;
Canon;Canon Color imageCLASS MF645Cx;161A PAPER FEEDER ASSEMBLY SINGLE PASS ADF;FM1-T027-000;CONTACT IMAGE SENSOR SET;CIS
Canon;Canon Color imageCLASS MF645Cx;161A PAPER FEEDER ASSEMBLY SINGLE PASS ADF;FL1-4365-000;SHEET, WHITE;
Canon;Canon Color imageCLASS MF645Cx;161B PAPER FEEDER ASSEMBLY SINGLE SIDE ADF;FM1-N704-000;GUIDE ASSEMBLY, UPPER;
Canon;Canon Color imageCLASS MF645Cx;161B PAPER FEEDER ASSEMBLY SINGLE SIDE ADF;FE8-3440-000;ROLLER;
Canon;Canon Color imageCLASS MF645Cx;161B PAPER FEEDER ASSEMBLY SINGLE SIDE ADF;FE8-3444-000;FLAG,SENSOR;
Canon;Canon Color imageCLASS MF645Cx;161B PAPER FEEDER ASSEMBLY SINGLE SIDE ADF;FE8-3645-000;STOPPER, DOCUMENT;
Canon;Canon Color imageCLASS MF645Cx;161B PAPER FEEDER ASSEMBLY SINGLE SIDE ADF;FL1-2518-000;GUIDE, UPPER;
Canon;Canon Color imageCLASS MF645Cx;161B PAPER FEEDER ASSEMBLY SINGLE SIDE ADF;FM1-P580-000;SEPARATION PAD ASSEMBLY;
Canon;Canon Color imageCLASS MF645Cx;161B PAPER FEEDER ASSEMBLY SINGLE SIDE ADF;FU2-1875-000;SHAFT, TRANSMISSION;
Canon;Canon Color imageCLASS MF645Cx;161B PAPER FEEDER ASSEMBLY SINGLE SIDE ADF;FU2-1904-000;SPRING, TORSION;
Canon;Canon Color imageCLASS MF645Cx;161B PAPER FEEDER ASSEMBLY SINGLE SIDE ADF;FU2-1905-000;SPRING, COMPRESSION;
Canon;Canon Color imageCLASS MF645Cx;161B PAPER FEEDER ASSEMBLY SINGLE SIDE ADF;FU2-1906-000;ROLLER, AUXILIARY;
Canon;Canon Color imageCLASS MF645Cx;161B PAPER FEEDER ASSEMBLY SINGLE SIDE ADF;FU2-1922-000;SPRING, COMPRESSION;
Canon;Canon Color imageCLASS MF645Cx;161B PAPER FEEDER ASSEMBLY SINGLE SIDE ADF;XA9-0476-000;SCREW,TP M3X8;
Canon;Canon Color imageCLASS MF645Cx;161B PAPER FEEDER ASSEMBLY SINGLE SIDE ADF;FM1-V352-000;PAPER FEEDER ASSEMBLY;
Canon;Canon Color imageCLASS MF645Cx;161B PAPER FEEDER ASSEMBLY SINGLE SIDE ADF;FE8-3446-000;GUIDE, PAPER DELIVERY;
Canon;Canon Color imageCLASS MF645Cx;161B PAPER FEEDER ASSEMBLY SINGLE SIDE ADF;FE8-3448-000;FLAG,SENSOR;
Canon;Canon Color imageCLASS MF645Cx;161B PAPER FEEDER ASSEMBLY SINGLE SIDE ADF;FE8-3458-000;BUSHING;
Canon;Canon Color imageCLASS MF645Cx;161B PAPER FEEDER ASSEMBLY SINGLE SIDE ADF;FE8-3459-000;PLATE, GROUNDING;
Canon;Canon Color imageCLASS MF645Cx;161B PAPER FEEDER ASSEMBLY SINGLE SIDE ADF;FE8-3460-000;PLATE, GROUNDING;
Canon;Canon Color imageCLASS MF645Cx;161B PAPER FEEDER ASSEMBLY SINGLE SIDE ADF;FE8-3636-000;RING, E;
Canon;Canon Color imageCLASS MF645Cx;161B PAPER FEEDER ASSEMBLY SINGLE SIDE ADF;FE8-3655-000;STOPPER, RATCHET SPRING;
Canon;Canon Color imageCLASS MF645Cx;161B PAPER FEEDER ASSEMBLY SINGLE SIDE ADF;FE8-3656-000;RATCHET, PAPER FEED ROLLER;
Canon;Canon Color imageCLASS MF645Cx;161B PAPER FEEDER ASSEMBLY SINGLE SIDE ADF;FE8-3657-000;LEVER, RELEASE;
Canon;Canon Color imageCLASS MF645Cx;161B PAPER FEEDER ASSEMBLY SINGLE SIDE ADF;FL1-1367-000;ROLLER, PAPER FEED;
Canon;Canon Color imageCLASS MF645Cx;161B PAPER FEEDER ASSEMBLY SINGLE SIDE ADF;FL1-1369-000;SHEET, GUIDE;
Canon;Canon Color imageCLASS MF645Cx;161B PAPER FEEDER ASSEMBLY SINGLE SIDE ADF;FM1-N407-000;ROLLER, PAPER DELIVERY;
Canon;Canon Color imageCLASS MF645Cx;161B PAPER FEEDER ASSEMBLY SINGLE SIDE ADF;FM1-N709-000;MOTOR DRIVE ASSY;M11
Canon;Canon Color imageCLASS MF645Cx;161B PAPER FEEDER ASSEMBLY SINGLE SIDE ADF;FM2-C963-000;CABLE, SIGNAL, DF, 2;
Canon;Canon Color imageCLASS MF645Cx;161B PAPER FEEDER ASSEMBLY SINGLE SIDE ADF;VS1-7207-006;CONNECTOR, SNAP TIGHT;
Canon;Canon Color imageCLASS MF645Cx;161B PAPER FEEDER ASSEMBLY SINGLE SIDE ADF;FM1-X903-000;CABLE, SENSOR;
Canon;Canon Color imageCLASS MF645Cx;161B PAPER FEEDER ASSEMBLY SINGLE SIDE ADF;FM1-X908-000;CABLE, GROUNDING;
Canon;Canon Color imageCLASS MF645Cx;161B PAPER FEEDER ASSEMBLY SINGLE SIDE ADF;FU2-1867-000;GEAR, 67T;
Canon;Canon Color imageCLASS MF645Cx;161B PAPER FEEDER ASSEMBLY SINGLE SIDE ADF;FU2-1869-000;GEAR, 25T;
Canon;Canon Color imageCLASS MF645Cx;161B PAPER FEEDER ASSEMBLY SINGLE SIDE ADF;FU2-1870-000;GEAR, 38T;
Canon;Canon Color imageCLASS MF645Cx;161B PAPER FEEDER ASSEMBLY SINGLE SIDE ADF;FU2-1902-000;BUSHING;
Canon;Canon Color imageCLASS MF645Cx;161B PAPER FEEDER ASSEMBLY SINGLE SIDE ADF;FU2-1907-000;SPRING, TENSION;
Canon;Canon Color imageCLASS MF645Cx;161B PAPER FEEDER ASSEMBLY SINGLE SIDE ADF;FU2-1908-000;SPRING, COMPRESSION;
Canon;Canon Color imageCLASS MF645Cx;161B PAPER FEEDER ASSEMBLY SINGLE SIDE ADF;WG8-5935-000;IC, PHOTO INTERRUPTER;SR9, SR10
Canon;Canon Color imageCLASS MF645Cx;161B PAPER FEEDER ASSEMBLY SINGLE SIDE ADF;XA9-2049-000;SCREW, W/WASHER P, M3X10;
Canon;Canon Color imageCLASS MF645Cx;161B PAPER FEEDER ASSEMBLY SINGLE SIDE ADF;FM1-N708-000;HOLDER UNIT;
Canon;Canon Color imageCLASS MF645Cx;161B PAPER FEEDER ASSEMBLY SINGLE SIDE ADF;FU2-1923-000;SPRING, COMPRESSION;
Canon;Canon Color imageCLASS MF645Cx;162 READER/COPYBOARD ASSEMBLY;FM1-N701 -000;COPYBOARD COVER ASSEMBLY;
Canon;Canon Color imageCLASS MF645Cx;162 READER/COPYBOARD ASSEMBLY;XA9-0476-000;SCREW,TP M3X8;
Canon;Canon Color imageCLASS MF645Cx;400C READER ASSEMBLY SINGLE PASS ADF;FM1-U354-000;COPYBOARD GLASS UNIT;
Canon;Canon Color imageCLASS MF645Cx;400C READER ASSEMBLY SINGLE PASS ADF;FE8-3479-000;SPACER, CIS;
Canon;Canon Color imageCLASS MF645Cx;400C READER ASSEMBLY SINGLE PASS ADF;FE8-3582-000;BELT, TIMING;
Canon;Canon Color imageCLASS MF645Cx;400C READER ASSEMBLY SINGLE PASS ADF;FK4-4050-000;CONTACT IMAGE SENSOR,FA106H-01;CIS
Canon;Canon Color imageCLASS MF645Cx;400C READER ASSEMBLY SINGLE PASS ADF;FK4-5059-000;CABLE, FLAT;
Canon;Canon Color imageCLASS MF645Cx;400C READER ASSEMBLY SINGLE PASS ADF;FL1-1412-000;PULLEY UNIT;
Canon;Canon Color imageCLASS MF645Cx;400C READER ASSEMBLY SINGLE PASS ADF;FM1-V349-000;DC MOTOR ASSEMBLY;M5
Canon;Canon Color imageCLASS MF645Cx;400C READER ASSEMBLY SINGLE PASS ADF;FM2-C964-000;CABLE, READER SIGNAL, 2;
Canon;Canon Color imageCLASS MF645Cx;400C READER ASSEMBLY SINGLE PASS ADF;VS1-7177-004;CONNECTOR, SNAP TIGHT, BK;
Canon;Canon Color imageCLASS MF645Cx;400C READER ASSEMBLY SINGLE PASS ADF;WG8-5935-000;IC, PHOTO INTERRUPTER;SR11
Canon;Canon Color imageCLASS MF645Cx;400C READER ASSEMBLY SINGLE PASS ADF;FE8-4192-000;LABEL, WIDTH SIZE;
Canon;Canon Color imageCLASS MF645Cx;400C READER ASSEMBLY SINGLE PASS ADF;XA9-0476-000;SCREW,TP M3X8;
Canon;Canon Color imageCLASS MF645Cx;400C READER ASSEMBLY SINGLE PASS ADF;FE8-4198-000;LABEL, COPY PROHIBITION;
Canon;Canon Color imageCLASS MF645Cx;400C READER ASSEMBLY SINGLE PASS ADF;FE8-4194-000;LABEL, GLASS CLEANING;120V
Canon;Canon Color imageCLASS MF645Cx;400C READER ASSEMBLY SINGLE PASS ADF;FE8-4196-000;LABEL, GLASS CLEANING;230V
Canon;Canon Color imageCLASS MF645Cx;400C READER ASSEMBLY SINGLE PASS ADF;FM1-W052-000;READER ASSEMBLY;SINGLE PASS ADF mode
Canon;Canon Color imageCLASS MF645Cx;400D READER ASSEMBLY SINGLE SIDE ADF;FM1-W187-000;COPYBOARD GLASS UNIT;
Canon;Canon Color imageCLASS MF645Cx;400D READER ASSEMBLY SINGLE SIDE ADF;FE8-3479-000;SPACER, CIS;
Canon;Canon Color imageCLASS MF645Cx;400D READER ASSEMBLY SINGLE SIDE ADF;FE8-3582-000;BELT, TIMING;
Canon;Canon Color imageCLASS MF645Cx;400D READER ASSEMBLY SINGLE SIDE ADF;FK4-4050-000;CONTACT IMAGE SENSOR,FA106H-01;CIS
Canon;Canon Color imageCLASS MF645Cx;400D READER ASSEMBLY SINGLE SIDE ADF;FK4-5059-000;CABLE, FLAT;
Canon;Canon Color imageCLASS MF645Cx;400D READER ASSEMBLY SINGLE SIDE ADF;FL1-1412-000;PULLEY UNIT;
Canon;Canon Color imageCLASS MF645Cx;400D READER ASSEMBLY SINGLE SIDE ADF;FM1-V349-000;DC MOTOR ASSEMBLY;M5
Canon;Canon Color imageCLASS MF645Cx;400D READER ASSEMBLY SINGLE SIDE ADF;FM2-C964-000;CABLE, READER SIGNAL, 2;
Canon;Canon Color imageCLASS MF645Cx;400D READER ASSEMBLY SINGLE SIDE ADF;VS1-7177-004;CONNECTOR, SNAP TIGHT, BK;
Canon;Canon Color imageCLASS MF645Cx;400D READER ASSEMBLY SINGLE SIDE ADF;WG8-5935-000;IC, PHOTO INTERRUPTER;SR11
Canon;Canon Color imageCLASS MF645Cx;400D READER ASSEMBLY SINGLE SIDE ADF;FE8-4192-000;LABEL, WIDTH SIZE;
Canon;Canon Color imageCLASS MF645Cx;400D READER ASSEMBLY SINGLE SIDE ADF;XA9-0476-000;SCREW,TP M3X8;
Canon;Canon Color imageCLASS MF645Cx;400D READER ASSEMBLY SINGLE SIDE ADF;FE8-4198-000;LABEL, COPY PROHIBITION;
Canon;Canon Color imageCLASS MF645Cx;400D READER ASSEMBLY SINGLE SIDE ADF;FE8-4194-000;LABEL, GLASS CLEANING;120V
Canon;Canon Color imageCLASS MF645Cx;400D READER ASSEMBLY SINGLE SIDE ADF;FE8-4196-000;LABEL, GLASS CLEANING;230V
Canon;Canon Color imageCLASS MF645Cx;400D READER ASSEMBLY SINGLE SIDE ADF;FM1-W244-000;READER ASSEMBLY;SINGLE SIDE ADF model
Canon;Canon Color imageCLASS MF645Cx;400E READER ASSEMBLY COPYBOARD model;FM1-W206-000;COPYBOARD GLASS UNIT;
Canon;Canon Color imageCLASS MF645Cx;400E READER ASSEMBLY COPYBOARD model;FE8-3479-000;SPACER, CIS;
Canon;Canon Color imageCLASS MF645Cx;400E READER ASSEMBLY COPYBOARD model;FE8-3582-000;BELT, TIMING;
Canon;Canon Color imageCLASS MF645Cx;400E READER ASSEMBLY COPYBOARD model;FK4-4050-000;CONTACT IMAGE SENSOR,FA106H-01;CIS
Canon;Canon Color imageCLASS MF645Cx;400E READER ASSEMBLY COPYBOARD model;FK4-5059-000;CABLE, FLAT;
Canon;Canon Color imageCLASS MF645Cx;400E READER ASSEMBLY COPYBOARD model;FL1-1412-000;PULLEY UNIT;
Canon;Canon Color imageCLASS MF645Cx;400E READER ASSEMBLY COPYBOARD model;FM1-V349-000;DC MOTOR ASSEMBLY;M5
Canon;Canon Color imageCLASS MF645Cx;400E READER ASSEMBLY COPYBOARD model;FM2-C964-000;CABLE, READER SIGNAL, 2;
Canon;Canon Color imageCLASS MF645Cx;400E READER ASSEMBLY COPYBOARD model;VS1-7177-004;CONNECTOR, SNAP TIGHT, BK;
Canon;Canon Color imageCLASS MF645Cx;400E READER ASSEMBLY COPYBOARD model;WG8-5935-000;IC, PHOTO INTERRUPTER;SR11
Canon;Canon Color imageCLASS MF645Cx;400E READER ASSEMBLY COPYBOARD model;FE8-4192-000;LABEL, WIDTH SIZE;
Canon;Canon Color imageCLASS MF645Cx;400E READER ASSEMBLY COPYBOARD model;XA9-0476-000;SCREW,TP M3X8;
Canon;Canon Color imageCLASS MF645Cx;400E READER ASSEMBLY COPYBOARD model;FE8-4198-000;LABEL, COPY PROHIBITION;
Canon;Canon Color imageCLASS MF645Cx;400E READER ASSEMBLY COPYBOARD model;FE8-4194-000;LABEL, GLASS CLEANING;120V
Canon;Canon Color imageCLASS MF645Cx;400E READER ASSEMBLY COPYBOARD model;FE8-4196-000;LABEL, GLASS CLEANING;230V
Canon;Canon Color imageCLASS MF645Cx;400E READER ASSEMBLY COPYBOARD model;FM1-X424-000;READER ASSEMBLY;COPYBOARD model
