Canon;Canon imageCLASS LBP162dw;100A EXTERNAL COVERS, PANELS, ETC. LBP162dw;FE8-8628-000;COVER, MULTI-PURPOSE;
Canon;Canon imageCLASS LBP162dw;100A EXTERNAL COVERS, PANELS, ETC. LBP162dw;FM1-T707-000;DUPLEXING DOOR ASSY;
Canon;Canon imageCLASS LBP162dw;100A EXTERNAL COVERS, PANELS, ETC. LBP162dw;FE8-8621-000;COVER, RIGHT;
Canon;Canon imageCLASS LBP162dw;100A EXTERNAL COVERS, PANELS, ETC. LBP162dw;FL1-5015-000;COVER, LEFT;
Canon;Canon imageCLASS LBP162dw;100A EXTERNAL COVERS, PANELS, ETC. LBP162dw;FM1-T710-000;CARTRIDGE DOOR ASSY;
Canon;Canon imageCLASS LBP162dw;100A EXTERNAL COVERS, PANELS, ETC. LBP162dw;FE8-8773-000;LABEL, HIGH TMP. CAUTION;
Canon;Canon imageCLASS LBP162dw;100A EXTERNAL COVERS, PANELS, ETC. LBP162dw;FM1-T709-000;TOP FRONT COVER ASSY;
Canon;Canon imageCLASS LBP162dw;100A EXTERNAL COVERS, PANELS, ETC. LBP162dw;FE8-8623-000;COVER, TOP, REAR;
Canon;Canon imageCLASS LBP162dw;100A EXTERNAL COVERS, PANELS, ETC. LBP162dw;RC4-7985-000;GUIDE, FEED, FRONT;
Canon;Canon imageCLASS LBP162dw;100A EXTERNAL COVERS, PANELS, ETC. LBP162dw;FM1-T708-000;FRONT COVER ASSY;
Canon;Canon imageCLASS LBP162dw;100A EXTERNAL COVERS, PANELS, ETC. LBP162dw;RM2-8273-000;POWER SWITCH PCB ASSY;
Canon;Canon imageCLASS LBP162dw;100A EXTERNAL COVERS, PANELS, ETC. LBP162dw;FM1-T713-000;BUTTON, SWITCH;
Canon;Canon imageCLASS LBP162dw;100A EXTERNAL COVERS, PANELS, ETC. LBP162dw;FE8-8631-000;FLAG, PAPER SENSOR;
Canon;Canon imageCLASS LBP162dw;100A EXTERNAL COVERS, PANELS, ETC. LBP162dw;WG8-5935-000;IC, PHOTO INTERRUPTER;PS6
Canon;Canon imageCLASS LBP162dw;100A EXTERNAL COVERS, PANELS, ETC. LBP162dw;FE8-9374-000;LABEL, SIZE;
Canon;Canon imageCLASS LBP162dw;100A EXTERNAL COVERS, PANELS, ETC. LBP162dw;FE8-9375-000;LABEL, CAUTION;
Canon;Canon imageCLASS LBP162dw;100A EXTERNAL COVERS, PANELS, ETC. LBP162dw;XA9-1503-000;SCREW, TAP, M3X6;
Canon;Canon imageCLASS LBP162dw;101A INTERNAL COMPONENTS 1 120V WIRELESS LAN model;FK4-5166-000;CABLE, FLEXIBLE FLAT;
Canon;Canon imageCLASS LBP162dw;101A INTERNAL COMPONENTS 1 120V WIRELESS LAN model;FK4-5208-000;CABLE, FLEXIBLE FLAT;
Canon;Canon imageCLASS LBP162dw;101A INTERNAL COMPONENTS 1 120V WIRELESS LAN model;RM2-0837-000;L.V. POWER SUPPLY PCB ASSY;
Canon;Canon imageCLASS LBP162dw;101A INTERNAL COMPONENTS 1 120V WIRELESS LAN model;RM2-8381 -000;CABLE, FLEXIBLE FLAT;
Canon;Canon imageCLASS LBP162dw;101A INTERNAL COMPONENTS 1 120V WIRELESS LAN model;RM2-9191-000;CABLE, FLEXIBLE FLAT;
Canon;Canon imageCLASS LBP162dw;101A INTERNAL COMPONENTS 1 120V WIRELESS LAN model;FM2-B929-000;ENGINE CONTROL PCB ASSY;
Canon;Canon imageCLASS LBP162dw;101A INTERNAL COMPONENTS 1 120V WIRELESS LAN model;XA9-1420-000;SCREW, W/WASHER, M3X8;
Canon;Canon imageCLASS LBP162dw;101A INTERNAL COMPONENTS 1 120V WIRELESS LAN model;XA9-1503-000;SCREW, TAP, M3X6;
Canon;Canon imageCLASS LBP162dw;101A INTERNAL COMPONENTS 1 120V WIRELESS LAN model;FM2-D855-000;MAIN CONTROLLER PCB ASSY;
Canon;Canon imageCLASS LBP162dw;101A INTERNAL COMPONENTS 1 120V WIRELESS LAN model;FK4-4645-000;CABLE, FLEXIBLE FLAT;
Canon;Canon imageCLASS LBP162dw;101A INTERNAL COMPONENTS 1 120V WIRELESS LAN model;FK4-4651-000;MODULE, WLAN;
Canon;Canon imageCLASS LBP162dw;101B INTERNAL COMPONENTS 1 230V WIRELESS LAN model;FK4-5166-000;CABLE, FLEXIBLE FLAT;
Canon;Canon imageCLASS LBP162dw;101B INTERNAL COMPONENTS 1 230V WIRELESS LAN model;FK4-5208-000;CABLE, FLEXIBLE FLAT;
Canon;Canon imageCLASS LBP162dw;101B INTERNAL COMPONENTS 1 230V WIRELESS LAN model;RM2-0839-000;L.V. POWER SUPPLY PCB ASSY;
Canon;Canon imageCLASS LBP162dw;101B INTERNAL COMPONENTS 1 230V WIRELESS LAN model;RM2-8381 -000;CABLE, FLEXIBLE FLAT;
Canon;Canon imageCLASS LBP162dw;101B INTERNAL COMPONENTS 1 230V WIRELESS LAN model;RM2-9191-000;CABLE, FLEXIBLE FLAT;
Canon;Canon imageCLASS LBP162dw;101B INTERNAL COMPONENTS 1 230V WIRELESS LAN model;FM2-B929-000;ENGINE CONTROL PCB ASSY;
Canon;Canon imageCLASS LBP162dw;101B INTERNAL COMPONENTS 1 230V WIRELESS LAN model;XA9-1420-000;SCREW, W/WASHER, M3X8;
Canon;Canon imageCLASS LBP162dw;101B INTERNAL COMPONENTS 1 230V WIRELESS LAN model;XA9-1503-000;SCREW, TAP, M3X6;
Canon;Canon imageCLASS LBP162dw;101B INTERNAL COMPONENTS 1 230V WIRELESS LAN model;FM2-D855-000;MAIN CONTROLLER PCB ASSY;
Canon;Canon imageCLASS LBP162dw;101B INTERNAL COMPONENTS 1 230V WIRELESS LAN model;FK4-4645-000;CABLE, FLEXIBLE FLAT;
Canon;Canon imageCLASS LBP162dw;101B INTERNAL COMPONENTS 1 230V WIRELESS LAN model;FK4-4651-000;MODULE, WLAN;
Canon;Canon imageCLASS LBP162dw;102A INTERNAL COMPONENTS 2 120V;RC4-7980-000;LINK, PRESSURE RELEASE, LEFT;
Canon;Canon imageCLASS LBP162dw;102A INTERNAL COMPONENTS 2 120V;RC4-7981-000;LINK, PRESSURE RELEASE, RIGHT;
Canon;Canon imageCLASS LBP162dw;102A INTERNAL COMPONENTS 2 120V;RL1 -2593-000;ROLLER, PAPER PICK-UP;
Canon;Canon imageCLASS LBP162dw;102A INTERNAL COMPONENTS 2 120V;RM2-0812-000;SEPARATION PAD HOLDER ASSY;
Canon;Canon imageCLASS LBP162dw;102A INTERNAL COMPONENTS 2 120V;FM2-B920-000;ENVIRONMENT SENSOR PCB ASSY;PS1, PS2
Canon;Canon imageCLASS LBP162dw;102A INTERNAL COMPONENTS 2 120V;FM1-U357-000;TRANSFER ASSY;
Canon;Canon imageCLASS LBP162dw;102A INTERNAL COMPONENTS 2 120V;RM2-0835-000;FIXING ASSY;
Canon;Canon imageCLASS LBP162dw;102A INTERNAL COMPONENTS 2 120V;RM2-0814-000;FIXING FILM ASSY;H1, TH1, TP1
Canon;Canon imageCLASS LBP162dw;102A INTERNAL COMPONENTS 2 120V;RM2-8279-000;DELIVERY SENSOR PCB ASSY;PS4, PS5
Canon;Canon imageCLASS LBP162dw;102A INTERNAL COMPONENTS 2 120V;RM2-1660-000;TRANSFER ROLLER ASSY;
Canon;Canon imageCLASS LBP162dw;102A INTERNAL COMPONENTS 2 120V;RM2-0807-000;SWITCH BACK ASSY;SL3
Canon;Canon imageCLASS LBP162dw;102A INTERNAL COMPONENTS 2 120V;RM2-2086-000;DUPLEXING PAPER FEED ASSY;
Canon;Canon imageCLASS LBP162dw;102A INTERNAL COMPONENTS 2 120V;FM2-B921-000;PAPER PICK-UP SENSOR PCB ASSY;PS3
Canon;Canon imageCLASS LBP162dw;102A INTERNAL COMPONENTS 2 120V;XA9-1503-000;SCREW, TAP, M3X6;
Canon;Canon imageCLASS LBP162dw;102B INTERNAL COMPONENTS 2 230V;RC4-7980-000;LINK, PRESSURE RELEASE, LEFT;
Canon;Canon imageCLASS LBP162dw;102B INTERNAL COMPONENTS 2 230V;RC4-7981-000;LINK, PRESSURE RELEASE, RIGHT;
Canon;Canon imageCLASS LBP162dw;102B INTERNAL COMPONENTS 2 230V;RL1 -2593-000;ROLLER, PAPER PICK-UP;
Canon;Canon imageCLASS LBP162dw;102B INTERNAL COMPONENTS 2 230V;RM2-0812-000;SEPARATION PAD HOLDER ASSY;
Canon;Canon imageCLASS LBP162dw;102B INTERNAL COMPONENTS 2 230V;FM2-B920-000;ENVIRONMENT SENSOR PCB ASSY;PS1, PS2
Canon;Canon imageCLASS LBP162dw;102B INTERNAL COMPONENTS 2 230V;FM1-U357-000;TRANSFER ASSY;
Canon;Canon imageCLASS LBP162dw;102B INTERNAL COMPONENTS 2 230V;RM2-0836-000;FIXING ASSY;
Canon;Canon imageCLASS LBP162dw;102B INTERNAL COMPONENTS 2 230V;RM2-0815-000;FIXING FILM ASSY;H1, TH1, TP1
Canon;Canon imageCLASS LBP162dw;102B INTERNAL COMPONENTS 2 230V;RM2-8279-000;DELIVERY SENSOR PCB ASSY;PS4, PS5
Canon;Canon imageCLASS LBP162dw;102B INTERNAL COMPONENTS 2 230V;RM2-1660-000;TRANSFER ROLLER ASSY;
Canon;Canon imageCLASS LBP162dw;102B INTERNAL COMPONENTS 2 230V;RM2-0807-000;SWITCH BACK ASSY;SL3
Canon;Canon imageCLASS LBP162dw;102B INTERNAL COMPONENTS 2 230V;RM2-2086-000;DUPLEXING PAPER FEED ASSY;
Canon;Canon imageCLASS LBP162dw;102B INTERNAL COMPONENTS 2 230V;FM2-B921-000;PAPER PICK-UP SENSOR PCB ASSY;PS3
Canon;Canon imageCLASS LBP162dw;102B INTERNAL COMPONENTS 2 230V;XA9-1503-000;SCREW, TAP, M3X6;
Canon;Canon imageCLASS LBP162dw;103 INTERNAL COMPONENTS 3;RK2-1378-000;FAN;FM1
Canon;Canon imageCLASS LBP162dw;103 INTERNAL COMPONENTS 3;RK2-7601-000;SOLENOID;SL2
Canon;Canon imageCLASS LBP162dw;103 INTERNAL COMPONENTS 3;RM2-6911 -000;LASER SCANNER ASSY;M1
Canon;Canon imageCLASS LBP162dw;103 INTERNAL COMPONENTS 3;RM2-8351 -000;MOTOR PCB ASSY;PS601
Canon;Canon imageCLASS LBP162dw;103 INTERNAL COMPONENTS 3;RL2-5016-000;GUIDE, END;
Canon;Canon imageCLASS LBP162dw;103 INTERNAL COMPONENTS 3;XA9-1503-000;SCREW, TAP, M3X6;
Canon;Canon imageCLASS LBP162dw;103 INTERNAL COMPONENTS 3;RU5-8841-000;LABEL, ATTENTION;
Canon;Canon imageCLASS LBP162dw;103 INTERNAL COMPONENTS 3;NPN;INTERNAL COMPONENTS 3;
