Canon;Canon i-SENSYS LBP6000;100 EXTERNAL COVERS, PANELS, ETC.;FM4-5097-000;FRONT COVER ASSY;WHITE
Canon;Canon i-SENSYS LBP6000;100 EXTERNAL COVERS, PANELS, ETC.;FM4-5101-000;FRONT COVER ASSY;BLACK
Canon;Canon i-SENSYS LBP6000;100 EXTERNAL COVERS, PANELS, ETC.;FM1-B530-000;PAPER PICK-UP TRAY ASSY;imageCLASS LBP6030w
Canon;Canon i-SENSYS LBP6000;100 EXTERNAL COVERS, PANELS, ETC.;FM4-8816-000;PAPER PICK-UP TRAY ASSY;imageCLASS LBP6000
Canon;Canon i-SENSYS LBP6000;100 EXTERNAL COVERS, PANELS, ETC.;FM4-8817-000;PAPER PICK-UP TRAY ASSY, L6;i-SENSYS LBP6020
Canon;Canon i-SENSYS LBP6000;100 EXTERNAL COVERS, PANELS, ETC.;FM4-8818-000;PAPER PICK-UP TRAY ASSY, L6;i-SENSYS LBP6020B
Canon;Canon i-SENSYS LBP6000;100 EXTERNAL COVERS, PANELS, ETC.;FM4-5108-000;PAPER PICK-UP TRAY ASSY;i-SENSYS LBP6000
Canon;Canon i-SENSYS LBP6000;100 EXTERNAL COVERS, PANELS, ETC.;FM4-5109-000;PAPER PICK-UP TRAY ASSY;i-SENSYS LBP6000B
Canon;Canon i-SENSYS LBP6000;100 EXTERNAL COVERS, PANELS, ETC.;FM4-5107-000;PAPER PICK-UP TRAY ASSY;LASER SHOT LBP6018
Canon;Canon i-SENSYS LBP6000;100 EXTERNAL COVERS, PANELS, ETC.;FM4-5103-000;PAPER PICK-UP TRAY ASSY;LASER SHOT LBP6018B
Canon;Canon i-SENSYS LBP6000;100 EXTERNAL COVERS, PANELS, ETC.;FM4-5099-000;PAPER PICK-UP TRAY ASSY;LASER SHOT LBP6000
Canon;Canon i-SENSYS LBP6000;100 EXTERNAL COVERS, PANELS, ETC.;FC9-8336-000;TRAY, PAPER DELIVERY;WHITE
Canon;Canon i-SENSYS LBP6000;100 EXTERNAL COVERS, PANELS, ETC.;FC0-0657-000;TRAY, PAPER DELIVERY;BLACK
Canon;Canon i-SENSYS LBP6000;100 EXTERNAL COVERS, PANELS, ETC.;FC9-8334-000;DOOR, CARTRIDGE;WHITE
Canon;Canon i-SENSYS LBP6000;100 EXTERNAL COVERS, PANELS, ETC.;FC9-8349-000;DOOR, CARTRIDGE;BLACK
Canon;Canon i-SENSYS LBP6000;100 EXTERNAL COVERS, PANELS, ETC.;FM4-5098-000;LEFT COVER ASSY;WHITE EXCEPT LBP6030w
Canon;Canon i-SENSYS LBP6000;100 EXTERNAL COVERS, PANELS, ETC.;FM1-B521-000;LEFT COVER ASSY;WHITE LBP6030w
Canon;Canon i-SENSYS LBP6000;100 EXTERNAL COVERS, PANELS, ETC.;FM4-5102-000;LEFT COVER ASSY;BLACK
Canon;Canon i-SENSYS LBP6000;100 EXTERNAL COVERS, PANELS, ETC.;FC9-8332-000;COVER, RIGHT;WHITE
Canon;Canon i-SENSYS LBP6000;100 EXTERNAL COVERS, PANELS, ETC.;FC9-8352-000;COVER, RIGHT;BLACK
Canon;Canon i-SENSYS LBP6000;100 EXTERNAL COVERS, PANELS, ETC.;FM4-5095-000;TOP COVER ASSEMBLY;WHITE EXCEPT LBP6030w
Canon;Canon i-SENSYS LBP6000;100 EXTERNAL COVERS, PANELS, ETC.;FM1-B519-000;TOP COVER ASSEMBLY;WHITE LBP6030w
Canon;Canon i-SENSYS LBP6000;100 EXTERNAL COVERS, PANELS, ETC.;FM4-5100-000;TOP COVER ASSEMBLY;BLACK
Canon;Canon i-SENSYS LBP6000;100 EXTERNAL COVERS, PANELS, ETC.;FC9-8330-000;PANEL, REAR;
Canon;Canon i-SENSYS LBP6000;100 EXTERNAL COVERS, PANELS, ETC.;NPN;EXTERNAL COVERS, PANELS, ETC.;
Canon;Canon i-SENSYS LBP6000;101 INTERNAL COMPONENTS 1;RM1-6920-000;FIXING PAPER DELIVERY ASSY;120V LBP6000
Canon;Canon i-SENSYS LBP6000;101 INTERNAL COMPONENTS 1;FM1-B524-000;FIXING PAPER DELIVERY ASSY;120V LBP6030w
Canon;Canon i-SENSYS LBP6000;101 INTERNAL COMPONENTS 1;RM1-6921-000;FIXING PAPER DELIVERY ASSY;230V
Canon;Canon i-SENSYS LBP6000;101 INTERNAL COMPONENTS 1;FM4-6845-000;ENGINE CONTROL PCB ASSY;120V LBP6000
Canon;Canon i-SENSYS LBP6000;101 INTERNAL COMPONENTS 1;FM1-F805-000;ENGINE CONTROL PCB ASSY;120V LBP6030w
Canon;Canon i-SENSYS LBP6000;101 INTERNAL COMPONENTS 1;FM4-6846-000;ENGINE CONTROL PCB ASSY;230V
Canon;Canon i-SENSYS LBP6000;101 INTERNAL COMPONENTS 1;FM4-7015-000;MAIN CONTROLLER PCB ASSEMBLY;LBP6018
Canon;Canon i-SENSYS LBP6000;101 INTERNAL COMPONENTS 1;FM4-9190-000;MAIN CONTROLLER PCB ASSEMBLY;LBP6000 US
Canon;Canon i-SENSYS LBP6000;101 INTERNAL COMPONENTS 1;FM1-G844-000;MAIN CONTROLLER PCB ASSEMBLY;LBP6030w
Canon;Canon i-SENSYS LBP6000;101 INTERNAL COMPONENTS 1;FM4-7016-000;MAIN CONTROLLER PCB ASSEMBLY;LBP6000 EUR,LBP6000B,6018B
Canon;Canon i-SENSYS LBP6000;101 INTERNAL COMPONENTS 1;FM0-4096-000;MAIN CONTROLLER PCB ASSY, L6;LBP6020,6020B
Canon;Canon i-SENSYS LBP6000;101 INTERNAL COMPONENTS 1;RM1-6872-000;FIXING FILM ASSEMBLY;120V
Canon;Canon i-SENSYS LBP6000;101 INTERNAL COMPONENTS 1;RM1-6873-000;FIXING FILM ASSEMBLY;230V
Canon;Canon i-SENSYS LBP6000;101 INTERNAL COMPONENTS 1;RM1-8066-000;DELIVERY SENSOR PCB ASSY;LBP6020,6020B,6018,601 8B,6000,6000B
Canon;Canon i-SENSYS LBP6000;101 INTERNAL COMPONENTS 1;FM1-F807-000;DELIVERY SENSOR PCB ASSY;LBP6030w
Canon;Canon i-SENSYS LBP6000;101 INTERNAL COMPONENTS 1;RC2-9208-000;ROLLER, PRESSURE;
Canon;Canon i-SENSYS LBP6000;101 INTERNAL COMPONENTS 1;XA9-1670-000;SCREW, D, M3X6;
Canon;Canon i-SENSYS LBP6000;101 INTERNAL COMPONENTS 1;XA9-1420-000;SCREW, W/WASHER, M3X8;
Canon;Canon i-SENSYS LBP6000;101 INTERNAL COMPONENTS 1;XA9-1418-000;SCREW, TAP, M3X6;
Canon;Canon i-SENSYS LBP6000;101 INTERNAL COMPONENTS 1;FK4-1248-000;MODULE, W LAN;LBP6030w
Canon;Canon i-SENSYS LBP6000;101 INTERNAL COMPONENTS 1;NPN;INTERNAL COMPONENTS 1;
Canon;Canon i-SENSYS LBP6000;102 INTERNAL COMPONENTS 2;FM4-5106-000;PICK-UP TRANSFER FRAME ASSY;LBP6020,6020B,6018,601 8B,6000,6000B
Canon;Canon i-SENSYS LBP6000;102 INTERNAL COMPONENTS 2;FM1-D030-000;PICK-UP TRANSFER FRAME ASSY;LBP6030w
Canon;Canon i-SENSYS LBP6000;102 INTERNAL COMPONENTS 2;RM1-4023-000;ROLLER, TRANSFER;
Canon;Canon i-SENSYS LBP6000;102 INTERNAL COMPONENTS 2;RM1-4006-000;SEPARATION PAD ASSY;
Canon;Canon i-SENSYS LBP6000;102 INTERNAL COMPONENTS 2;XA9-1670-000;SCREW, D, M3X6;
Canon;Canon i-SENSYS LBP6000;102 INTERNAL COMPONENTS 2;RL1-2593-000;ROLLER, PAPER PICK-UP;
Canon;Canon i-SENSYS LBP6000;102 INTERNAL COMPONENTS 2;FM4-6848-000;PAPER PICK-UP SENSOR PCB ASSY;LBP6020,6020B,6018,601 8B,6000,6000B
Canon;Canon i-SENSYS LBP6000;102 INTERNAL COMPONENTS 2;FM1-F808-000;PAPER PICK-UP SENSOR PCB ASSY;LBP6030w
Canon;Canon i-SENSYS LBP6000;102 INTERNAL COMPONENTS 2;NPN;INTERNAL COMPONENTS 2;
Canon;Canon i-SENSYS LBP6000;103 INTERNAL COMPONENTS 3;RM1-6878-010;LASER SCANNER ASSY;
Canon;Canon i-SENSYS LBP6000;103 INTERNAL COMPONENTS 3;FM4-6849-000;MOTOR PCB ASSY;LBP6020,6020B,6018,6018B,6000,6000B
Canon;Canon i-SENSYS LBP6000;103 INTERNAL COMPONENTS 3;FM1-F809-000;MOTOR PCB ASSY;LBP6030w
Canon;Canon i-SENSYS LBP6000;103 INTERNAL COMPONENTS 3;RM1-7604-000;CABLE, FLAT;
Canon;Canon i-SENSYS LBP6000;103 INTERNAL COMPONENTS 3;RL1-2949-000;MOTOR, DC24V;
Canon;Canon i-SENSYS LBP6000;103 INTERNAL COMPONENTS 3;XA9-1832-000;SCREW, D, M3X10;
Canon;Canon i-SENSYS LBP6000;103 INTERNAL COMPONENTS 3;XA9-1670-000;SCREW, D, M3X6;
Canon;Canon i-SENSYS LBP6000;103 INTERNAL COMPONENTS 3;NPN;INTERNAL COMPONENTS 3;
