Canon;Canon i-SENSYS LBP3370;100 EXTERNAL COVERS, PANELS, ETC.;FC5-5256-000;EMBLEM;100V
Canon;Canon i-SENSYS LBP3370;100 EXTERNAL COVERS, PANELS, ETC.;FC7-0496-000;EMBLEM;120V/230V
Canon;Canon i-SENSYS LBP3370;100 EXTERNAL COVERS, PANELS, ETC.;FM3-3586-000;RIGHT COVER ASSY;
Canon;Canon i-SENSYS LBP3370;100 EXTERNAL COVERS, PANELS, ETC.;FC8-0061-000;COVER, TOP;
Canon;Canon i-SENSYS LBP3370;100 EXTERNAL COVERS, PANELS, ETC.;FM3-3599-000;CONTROL PANEL ASSY;LBP3310 LXMA
Canon;Canon i-SENSYS LBP3370;100 EXTERNAL COVERS, PANELS, ETC.;FM3-3600-000;CONTROL PANEL ASSY;LBP3310 LXNA,LXPA
Canon;Canon i-SENSYS LBP3370;100 EXTERNAL COVERS, PANELS, ETC.;FM3-3601-000;CONTROL PANEL ASSY;LBP3310 LXQA,LXSA
Canon;Canon i-SENSYS LBP3370;100 EXTERNAL COVERS, PANELS, ETC.;FM3-3602-000;CONTROL PANEL ASSY;LBP3310 LXRA
Canon;Canon i-SENSYS LBP3370;100 EXTERNAL COVERS, PANELS, ETC.;FM2-8337-000;CONTROL PANEL ASSY;LBP3370 LXYA
Canon;Canon i-SENSYS LBP3370;100 EXTERNAL COVERS, PANELS, ETC.;FM2-8345-000;CONTROL PANEL ASSY;LBP3370 LYAA,LYCA
Canon;Canon i-SENSYS LBP3370;100 EXTERNAL COVERS, PANELS, ETC.;FM2-8344-000;CONTROL PANEL ASSY;LBP3370 LYBA
Canon;Canon i-SENSYS LBP3370;100 EXTERNAL COVERS, PANELS, ETC.;FM2-6194-000;DISPLAY PCB ASSY;LBP3310
Canon;Canon i-SENSYS LBP3370;100 EXTERNAL COVERS, PANELS, ETC.;FM2-8329-000;DISPLAY PCB ASSY;LBP3370
Canon;Canon i-SENSYS LBP3370;100 EXTERNAL COVERS, PANELS, ETC.;FC8-0067-000;COVER, FRONT UPPER;
Canon;Canon i-SENSYS LBP3370;100 EXTERNAL COVERS, PANELS, ETC.;RC2-0311-000;SHEET, NOISE ABSORB;
Canon;Canon i-SENSYS LBP3370;100 EXTERNAL COVERS, PANELS, ETC.;FL2-8044-000;COVER, FRONT LOWER;
Canon;Canon i-SENSYS LBP3370;100 EXTERNAL COVERS, PANELS, ETC.;FM3-3585-000;LEFT COVER ASSY;
Canon;Canon i-SENSYS LBP3370;100 EXTERNAL COVERS, PANELS, ETC.;FM3-3596-000;REAR COVER ASSY;
Canon;Canon i-SENSYS LBP3370;100 EXTERNAL COVERS, PANELS, ETC.;FM3-4341-000;CABLE, PANEL;LBP3310
Canon;Canon i-SENSYS LBP3370;100 EXTERNAL COVERS, PANELS, ETC.;FM3-4344-000;CABLE, PANEL;LBP3370
Canon;Canon i-SENSYS LBP3370;100 EXTERNAL COVERS, PANELS, ETC.;FC8-0082-000;GUEDE, LIGHT;LBP3310
Canon;Canon i-SENSYS LBP3370;100 EXTERNAL COVERS, PANELS, ETC.;FC8-0083-000;KEYTOP, JOB/CANCEL;LBP3310
Canon;Canon i-SENSYS LBP3370;100 EXTERNAL COVERS, PANELS, ETC.;FC7-3192-000;GUEDE, LIGHT;LBP3370
Canon;Canon i-SENSYS LBP3370;100 EXTERNAL COVERS, PANELS, ETC.;FM2-8342-000;LCD COVER UNIT;LBP3370
Canon;Canon i-SENSYS LBP3370;100 EXTERNAL COVERS, PANELS, ETC.;FC7-0812-000;LABEL, FIXING PRESSURE RELEASE;
Canon;Canon i-SENSYS LBP3370;100 EXTERNAL COVERS, PANELS, ETC.;FC7-0810-000;LABEL, DUPLEXING SIZE CONTROL;
Canon;Canon i-SENSYS LBP3370;100 EXTERNAL COVERS, PANELS, ETC.;FC8-0110-000;LABEL, DUPLEXING RELEASE LEVER;
Canon;Canon i-SENSYS LBP3370;100 EXTERNAL COVERS, PANELS, ETC.;FC8-0109-000;LABEL, PREVENTION;
Canon;Canon i-SENSYS LBP3370;100 EXTERNAL COVERS, PANELS, ETC.;RU5-8243-000;LABEL, EARTH CONNECT;100V
Canon;Canon i-SENSYS LBP3370;100 EXTERNAL COVERS, PANELS, ETC.;XA9-1504-000;SCREW,RS,M3X8;
Canon;Canon i-SENSYS LBP3370;100 EXTERNAL COVERS, PANELS, ETC.;XB4-5300-609;SCREW,P,M3X6;LBP3370
Canon;Canon i-SENSYS LBP3370;100 EXTERNAL COVERS, PANELS, ETC.;NPN;EXTERNAL COVERS, PANELS, ETC.;
Canon;Canon i-SENSYS LBP3370;101 CARTRIDGE DOOR ASSY;FM3-3594-000;INNER COVER ASSY;
Canon;Canon i-SENSYS LBP3370;101 CARTRIDGE DOOR ASSY;RM1-4268-000;MP LIFTING PLATE ASSY;
Canon;Canon i-SENSYS LBP3370;101 CARTRIDGE DOOR ASSY;RC2-0422-000;HINGE, MULTI-PURPOSE, RIGHT;LBP3310
Canon;Canon i-SENSYS LBP3370;101 CARTRIDGE DOOR ASSY;FC8-0065-000;COVER, MULTI-PURPOSE;LXMA,LXNA,LXQA,LXSA, LXRA
Canon;Canon i-SENSYS LBP3370;101 CARTRIDGE DOOR ASSY;FC8-0097-000;COVER, MULTI-PURPOSE;LBP3310 LXPA
Canon;Canon i-SENSYS LBP3370;101 CARTRIDGE DOOR ASSY;FC8-0115-000;COVER, MULTI-PURPOSE;LBP3370 LYAA,LYCA,LYBA
Canon;Canon i-SENSYS LBP3370;101 CARTRIDGE DOOR ASSY;FC8-0116-000;COVER, MULTI-PURPOSE;LBP3370 LXYA
Canon;Canon i-SENSYS LBP3370;101 CARTRIDGE DOOR ASSY;RC2-0421-000;HINGE, MULTI-PURPOSE, LEFT;
Canon;Canon i-SENSYS LBP3370;101 CARTRIDGE DOOR ASSY;FM3-3595-000;EXPANSION TRAY ASSY;
Canon;Canon i-SENSYS LBP3370;101 CARTRIDGE DOOR ASSY;RU5-2895-000;SPRING, TENSION;
Canon;Canon i-SENSYS LBP3370;101 CARTRIDGE DOOR ASSY;FC8-0073-000;MOUNT, HANDLE;
Canon;Canon i-SENSYS LBP3370;101 CARTRIDGE DOOR ASSY;FC8-0074-000;HANDLE;LBP3310
Canon;Canon i-SENSYS LBP3370;101 CARTRIDGE DOOR ASSY;FC8-0113-000;HANDLE;LBP3370
Canon;Canon i-SENSYS LBP3370;101 CARTRIDGE DOOR ASSY;RC1-3477-000;ROLLER,PAPER FEEDEF;
Canon;Canon i-SENSYS LBP3370;101 CARTRIDGE DOOR ASSY;RM1-1288-000;PAPER RE-PICK UP ASSY;
Canon;Canon i-SENSYS LBP3370;101 CARTRIDGE DOOR ASSY;FC8-0103-000;LABEL, PRINT INSTRUCTION;
Canon;Canon i-SENSYS LBP3370;101 CARTRIDGE DOOR ASSY;FC8-0104-000;LABEL, PAPER SIZE;100V
Canon;Canon i-SENSYS LBP3370;101 CARTRIDGE DOOR ASSY;FC8-0105-000;LABEL, PAPER SIZE;120V/230V
Canon;Canon i-SENSYS LBP3370;101 CARTRIDGE DOOR ASSY;XB4-7300-805;SCREW, TP, BH3X8, S;
Canon;Canon i-SENSYS LBP3370;101 CARTRIDGE DOOR ASSY;FM3-3592-000;CARTRIDGE DOOR ASSY;LBP3310 LXMA
Canon;Canon i-SENSYS LBP3370;101 CARTRIDGE DOOR ASSY;FM3-3593-000;CARTRIDGE DOOR ASSY;LBP3310 LXPA
Canon;Canon i-SENSYS LBP3370;101 CARTRIDGE DOOR ASSY;FM3-4282-000;CARTRIDGE DOOR ASSY;LBP3310 LXNA,LXQA,LXSA,LXRA
Canon;Canon i-SENSYS LBP3370;101 CARTRIDGE DOOR ASSY;FM3-3613-000;CARTRIDGE DOOR ASSY;LBP3370 LXYA
Canon;Canon i-SENSYS LBP3370;101 CARTRIDGE DOOR ASSY;FM3-3612-000;CARTRIDGE DOOR ASSY;LBP3370 LYAA,LYCA,LYBA
Canon;Canon i-SENSYS LBP3370;102 INTERNAL COMPONENTS 1;FM3-3591-000;PAPER RETAINING ASSY;
Canon;Canon i-SENSYS LBP3370;102 INTERNAL COMPONENTS 1;FM3-4204-000;VIDEO CONTROLLER PCB ASSY;LBP3310
Canon;Canon i-SENSYS LBP3370;102 INTERNAL COMPONENTS 1;RM1-4263-000;PAPER FEED GUIDE ASSY;
Canon;Canon i-SENSYS LBP3370;102 INTERNAL COMPONENTS 1;XA9-1469-000;SCREW, TP,M3X6;
Canon;Canon i-SENSYS LBP3370;102 INTERNAL COMPONENTS 1;RC1-3668-000;LINK, GEAR RELEASE;
Canon;Canon i-SENSYS LBP3370;102 INTERNAL COMPONENTS 1;RC2-1569-000;GUIDE, CABLE;
Canon;Canon i-SENSYS LBP3370;102 INTERNAL COMPONENTS 1;RM1-1301-000;PAPER PICK-UP GEAR ASSY;
Canon;Canon i-SENSYS LBP3370;102 INTERNAL COMPONENTS 1;RB2-2897-020;BUSHING;
Canon;Canon i-SENSYS LBP3370;102 INTERNAL COMPONENTS 1;RC2-0414-000;HOLDER, M.P. SENSOR;
Canon;Canon i-SENSYS LBP3370;102 INTERNAL COMPONENTS 1;RU5-2898-000;SPRING, TENSION;
Canon;Canon i-SENSYS LBP3370;102 INTERNAL COMPONENTS 1;RL1-1524-000;PAD, M.P. SEPARATION;
Canon;Canon i-SENSYS LBP3370;102 INTERNAL COMPONENTS 1;RM1-4162-000;M.P. SENSOR PCB ASSY;
Canon;Canon i-SENSYS LBP3370;102 INTERNAL COMPONENTS 1;FM3-4539-000;VIDEO CONTROLLER PCB ASSY;LBP3370
Canon;Canon i-SENSYS LBP3370;102 INTERNAL COMPONENTS 1;RC2-0415-000;FLAG, M.P. SENSOR;
Canon;Canon i-SENSYS LBP3370;102 INTERNAL COMPONENTS 1;FC7-0797-000;PLATE, GROUNDING;100V
Canon;Canon i-SENSYS LBP3370;102 INTERNAL COMPONENTS 1;RC2-0419-000;BASE, SEPARATION PAD;
Canon;Canon i-SENSYS LBP3370;102 INTERNAL COMPONENTS 1;RU5-2894-000;SPRING, COMPRESSION;
Canon;Canon i-SENSYS LBP3370;102 INTERNAL COMPONENTS 1;RC1-3471-000;SHAFT, PAPER PICK-UP DRIVE;
Canon;Canon i-SENSYS LBP3370;102 INTERNAL COMPONENTS 1;RC1-3472-000;FLAG, PAPER SENSING;
Canon;Canon i-SENSYS LBP3370;102 INTERNAL COMPONENTS 1;RB2-2895-000;BUSHING, RIGHT;
Canon;Canon i-SENSYS LBP3370;102 INTERNAL COMPONENTS 1;RC1-3470-000;ROLLER, PAPER PICK-UP IDLER;
Canon;Canon i-SENSYS LBP3370;102 INTERNAL COMPONENTS 1;RL1-0540-000;ROLLER, PAPER PICK-UP;
Canon;Canon i-SENSYS LBP3370;102 INTERNAL COMPONENTS 1;RB2-2896-000;BUSHING, LEFT;
Canon;Canon i-SENSYS LBP3370;102 INTERNAL COMPONENTS 1;RC1-3482-000;ARM, IDLER ROLLER;
Canon;Canon i-SENSYS LBP3370;102 INTERNAL COMPONENTS 1;RC1-3481-000;ROLLER, IDLER;
Canon;Canon i-SENSYS LBP3370;102 INTERNAL COMPONENTS 1;RU5-2323-000;SPRING, COMPRESSION;
Canon;Canon i-SENSYS LBP3370;102 INTERNAL COMPONENTS 1;RU5-0331-000;GEAR, 29T;
Canon;Canon i-SENSYS LBP3370;102 INTERNAL COMPONENTS 1;RU5-0332-000;GEAR, 19T;
Canon;Canon i-SENSYS LBP3370;102 INTERNAL COMPONENTS 1;XA9-1503-000;SCREW, TAP, M3X6;
Canon;Canon i-SENSYS LBP3370;102 INTERNAL COMPONENTS 1;RC1-3665-000;BUSHING;
Canon;Canon i-SENSYS LBP3370;102 INTERNAL COMPONENTS 1;RC2-0323-010;GUIDE, REVERSE;
Canon;Canon i-SENSYS LBP3370;102 INTERNAL COMPONENTS 1;RL1-0527-000;ROLLER, FACE-DOWN;
Canon;Canon i-SENSYS LBP3370;102 INTERNAL COMPONENTS 1;FC7-1514-000;PLATE, GROUNDING;120V/230V
Canon;Canon i-SENSYS LBP3370;102 INTERNAL COMPONENTS 1;FC7-3206-000;PLATE, GROUNDING;
Canon;Canon i-SENSYS LBP3370;102 INTERNAL COMPONENTS 1;FC8-0085-000;RAIL, NIC, UPPER;LBP3310
Canon;Canon i-SENSYS LBP3370;102 INTERNAL COMPONENTS 1;FC8-0086-000;RAIL, NIC, LOWER;LBP3310
Canon;Canon i-SENSYS LBP3370;102 INTERNAL COMPONENTS 1;FM2-6644-000;USB BOARD PCB ASSEMBLY;LBP3310
Canon;Canon i-SENSYS LBP3370;102 INTERNAL COMPONENTS 1;XB4-7401-005;SCREW,TAPPING,TRUSS HEAD,M4X10;
Canon;Canon i-SENSYS LBP3370;102 INTERNAL COMPONENTS 1;XB4-7300-809;SCREW, TAP, BINDING HEAD, M3X8;
Canon;Canon i-SENSYS LBP3370;102 INTERNAL COMPONENTS 1;XB1-2300-605;SCREW, MACHINE M3X6;
Canon;Canon i-SENSYS LBP3370;102 INTERNAL COMPONENTS 1;NPN;INTERNAL COMPONENTS 1;
Canon;Canon i-SENSYS LBP3370;103 INTERNAL COMPONENTS 2;XA9-1504-000;SCREW,RS,M3X8;
Canon;Canon i-SENSYS LBP3370;103 INTERNAL COMPONENTS 2;RC2-0354-000;DUCT;
Canon;Canon i-SENSYS LBP3370;103 INTERNAL COMPONENTS 2;RC2-0392-000;ARM, TAG;
Canon;Canon i-SENSYS LBP3370;103 INTERNAL COMPONENTS 2;RU5-2335-000;SPRING, COMPRESSION;
Canon;Canon i-SENSYS LBP3370;103 INTERNAL COMPONENTS 2;RM1-4163-000;CABLE, MEMORY TAG;
Canon;Canon i-SENSYS LBP3370;103 INTERNAL COMPONENTS 2;FC8-0084-000;SHIELD, SOLENOID;
Canon;Canon i-SENSYS LBP3370;103 INTERNAL COMPONENTS 2;XA9-1495-000;SCREW, RS, M3X6;
Canon;Canon i-SENSYS LBP3370;103 INTERNAL COMPONENTS 2;RK2-0420-000;SOLENOID;SL3
Canon;Canon i-SENSYS LBP3370;103 INTERNAL COMPONENTS 2;RM1-1262-000;DUPLEX DRIVER PCB ASSY;
Canon;Canon i-SENSYS LBP3370;103 INTERNAL COMPONENTS 2;RC2-0349-000;HOLDER, FAN;
Canon;Canon i-SENSYS LBP3370;103 INTERNAL COMPONENTS 2;RK2-1589-000;FAN;FM1
Canon;Canon i-SENSYS LBP3370;103 INTERNAL COMPONENTS 2;RC2-0350-000;ROD, GROUNDING;
Canon;Canon i-SENSYS LBP3370;103 INTERNAL COMPONENTS 2;RC2-0396-000;HOLDER, DRAWER CONNECTOR;
Canon;Canon i-SENSYS LBP3370;103 INTERNAL COMPONENTS 2;RM1-4168-000;CABLE ASSY;
Canon;Canon i-SENSYS LBP3370;103 INTERNAL COMPONENTS 2;VS1-7258-007;CONNECTOR, DRAWER;
Canon;Canon i-SENSYS LBP3370;103 INTERNAL COMPONENTS 2;RC2-1568-000;PLATE, GROUNDING;
Canon;Canon i-SENSYS LBP3370;103 INTERNAL COMPONENTS 2;RC1-3580-000;STOPPER;
Canon;Canon i-SENSYS LBP3370;103 INTERNAL COMPONENTS 2;RC1-3546-000;CAM, RIGHT;
Canon;Canon i-SENSYS LBP3370;103 INTERNAL COMPONENTS 2;RC2-0410-000;CAM;
Canon;Canon i-SENSYS LBP3370;103 INTERNAL COMPONENTS 2;RC2-0406-000;ARM, LINK;
Canon;Canon i-SENSYS LBP3370;103 INTERNAL COMPONENTS 2;RC2-0405-000;ARM, CAM;
Canon;Canon i-SENSYS LBP3370;103 INTERNAL COMPONENTS 2;RK2-0424-000;SOLENOID;SL1
Canon;Canon i-SENSYS LBP3370;103 INTERNAL COMPONENTS 2;RC1-3459-000;PLATE, SOLENOID HOLDER;
Canon;Canon i-SENSYS LBP3370;103 INTERNAL COMPONENTS 2;RC2-0428-000;GUIDE, SHUTTER, FRONT;
Canon;Canon i-SENSYS LBP3370;103 INTERNAL COMPONENTS 2;RC2-0346-000;GUIDE, CRG., RIGHT LOWER;
Canon;Canon i-SENSYS LBP3370;103 INTERNAL COMPONENTS 2;XA9-1561-000;SCREW, RS, M3X6;
Canon;Canon i-SENSYS LBP3370;103 INTERNAL COMPONENTS 2;RC2-0426-000;GUIDE, CRG., RIGHT UPPER;
Canon;Canon i-SENSYS LBP3370;103 INTERNAL COMPONENTS 2;RC1-3535-000;GUIDE, SHUTTER, REAR;
Canon;Canon i-SENSYS LBP3370;103 INTERNAL COMPONENTS 2;RL1-0517-000;GUIDE, CASSETTE, RIGHT FRONT;
Canon;Canon i-SENSYS LBP3370;103 INTERNAL COMPONENTS 2;RC1-3456-000;GUIDE, CASSETTE,RIGHT CENTER 1;
Canon;Canon i-SENSYS LBP3370;103 INTERNAL COMPONENTS 2;XA9-1503-000;SCREW, TAP, M3X6;
Canon;Canon i-SENSYS LBP3370;103 INTERNAL COMPONENTS 2;RC1-3457-000;GUIDE, CASSETTE,RIGHT CENTER 2;
Canon;Canon i-SENSYS LBP3370;103 INTERNAL COMPONENTS 2;RK2-1567-000;MOTOR, DC;M1
Canon;Canon i-SENSYS LBP3370;103 INTERNAL COMPONENTS 2;RC2-0416-000;GUIDE, CASSETTE, RIGHT REAR;
Canon;Canon i-SENSYS LBP3370;103 INTERNAL COMPONENTS 2;RC2-0397-000;GUIDE, CABLE;
Canon;Canon i-SENSYS LBP3370;103 INTERNAL COMPONENTS 2;RM1-4164-000;CABLE ASSY;
Canon;Canon i-SENSYS LBP3370;103 INTERNAL COMPONENTS 2;RC2-0351-000;DUCT;
Canon;Canon i-SENSYS LBP3370;103 INTERNAL COMPONENTS 2;RK2-0381-000;CABLE, FLEXIBLE FLAT, 13P;
Canon;Canon i-SENSYS LBP3370;103 INTERNAL COMPONENTS 2;RM1-4169-000;INLET/SWITCH CABLE ASSY;
Canon;Canon i-SENSYS LBP3370;103 INTERNAL COMPONENTS 2;RC1-3727-000;HOLDER, SWITCH;
Canon;Canon i-SENSYS LBP3370;103 INTERNAL COMPONENTS 2;RM1-4262-000;SCANNER ASSY;
Canon;Canon i-SENSYS LBP3370;103 INTERNAL COMPONENTS 2;XA9-1648-000;SCREW, TP, M3X8;
Canon;Canon i-SENSYS LBP3370;103 INTERNAL COMPONENTS 2;RK2-2692-000;CORD, POWER, 230V;100V
Canon;Canon i-SENSYS LBP3370;103 INTERNAL COMPONENTS 2;RH9-1164-000;POWER CORD;120V
Canon;Canon i-SENSYS LBP3370;103 INTERNAL COMPONENTS 2;RK2-1315-000;CORD, POWER, 230V;EUR/ASIA
Canon;Canon i-SENSYS LBP3370;103 INTERNAL COMPONENTS 2;RH9-1169-000;POWER CORD;AU
Canon;Canon i-SENSYS LBP3370;103 INTERNAL COMPONENTS 2;RH9-1166-000;POWER CORD;CN
Canon;Canon i-SENSYS LBP3370;103 INTERNAL COMPONENTS 2;RK2-1302-000;CABLE, USB HOST POWER SUPPLY;ASIA/CN
Canon;Canon i-SENSYS LBP3370;103 INTERNAL COMPONENTS 2;RH9-1171-000;WIRE, GROUNDING;100V
Canon;Canon i-SENSYS LBP3370;103 INTERNAL COMPONENTS 2;XB2-7400-606;SCREW, TOOTHED WASHER, M4X6;
Canon;Canon i-SENSYS LBP3370;103 INTERNAL COMPONENTS 2;XB2-6400-607;SCREW, W/WASHER, M4X6 (S);100V
Canon;Canon i-SENSYS LBP3370;103 INTERNAL COMPONENTS 2;NPN;INTERNAL COMPONENTS 2;
Canon;Canon i-SENSYS LBP3370;104 INTERNAL COMPONENTS 3;RC1-3698-000;PLATE, TRANSFER GROUNDING;
Canon;Canon i-SENSYS LBP3370;104 INTERNAL COMPONENTS 3;FC7-0806-000;LABEL, TRANSFER GUIDE OPEN;
Canon;Canon i-SENSYS LBP3370;104 INTERNAL COMPONENTS 3;RU5-0320-000;GEAR, 33T;
Canon;Canon i-SENSYS LBP3370;104 INTERNAL COMPONENTS 3;RM1-4244-000;REGISTRATION ASSY;
Canon;Canon i-SENSYS LBP3370;104 INTERNAL COMPONENTS 3;FC8-0108-000;LABEL, JAM CLEARING;
Canon;Canon i-SENSYS LBP3370;104 INTERNAL COMPONENTS 3;FC8-0107-000;LABEL, FIXING PRESSURE RELEASE;
Canon;Canon i-SENSYS LBP3370;104 INTERNAL COMPONENTS 3;RC1-3708-000;COVER, REGISTRATION GEAR;
Canon;Canon i-SENSYS LBP3370;104 INTERNAL COMPONENTS 3;RM1-1321-000;SHUTTER LINK ASSY;
Canon;Canon i-SENSYS LBP3370;104 INTERNAL COMPONENTS 3;XA9-1504-000;SCREW,RS,M3X8;
Canon;Canon i-SENSYS LBP3370;104 INTERNAL COMPONENTS 3;RM1-1283-000;TOP SENSOR ASSY;
Canon;Canon i-SENSYS LBP3370;104 INTERNAL COMPONENTS 3;RC1-3736-000;SPRING, COMPRESSION;
Canon;Canon i-SENSYS LBP3370;104 INTERNAL COMPONENTS 3;XA9-1422-000;SCREW, W/WASHER, M4X12;
Canon;Canon i-SENSYS LBP3370;104 INTERNAL COMPONENTS 3;RC1-3702-000;SPRING, TRANSFER, RIGHT;
Canon;Canon i-SENSYS LBP3370;104 INTERNAL COMPONENTS 3;RM1-4159-000;PAPER SENSOR PCB ASSY;
Canon;Canon i-SENSYS LBP3370;104 INTERNAL COMPONENTS 3;RM1-4245-000;PAPER WIDTH SENSOR ASSY;
Canon;Canon i-SENSYS LBP3370;104 INTERNAL COMPONENTS 3;RC2-0344-000;SPRING, CONTACT;
Canon;Canon i-SENSYS LBP3370;104 INTERNAL COMPONENTS 3;RC1-3700-000;SPRING, GROUNDING;
Canon;Canon i-SENSYS LBP3370;104 INTERNAL COMPONENTS 3;RU5-0929-000;GEAR, 14T;
Canon;Canon i-SENSYS LBP3370;104 INTERNAL COMPONENTS 3;RC2-0384-000;PLATE, REGISTRATION GROUNDING;
Canon;Canon i-SENSYS LBP3370;104 INTERNAL COMPONENTS 3;XA9-1420-000;SCREW, W/WASHER, M3X8;
Canon;Canon i-SENSYS LBP3370;104 INTERNAL COMPONENTS 3;RC1-3695-000;SHEET, REGISTRATION DAMPER;
Canon;Canon i-SENSYS LBP3370;104 INTERNAL COMPONENTS 3;RC1-3565-000;PLATE, DRUM GROUNDING;
Canon;Canon i-SENSYS LBP3370;104 INTERNAL COMPONENTS 3;RU5-2338-000;SPRING, COMPRESSION;
Canon;Canon i-SENSYS LBP3370;104 INTERNAL COMPONENTS 3;RC1-3563-000;COVER, DRUM;
Canon;Canon i-SENSYS LBP3370;104 INTERNAL COMPONENTS 3;RC2-0358-000;ELIMINATOR, STATIC CHARGE;
Canon;Canon i-SENSYS LBP3370;104 INTERNAL COMPONENTS 3;RU5-2144-000;SPRING, COMPRESSION;
Canon;Canon i-SENSYS LBP3370;104 INTERNAL COMPONENTS 3;RC2-0356-000;BUSHING;
Canon;Canon i-SENSYS LBP3370;104 INTERNAL COMPONENTS 3;RM1-4279-000;ROLLER, TRANSFER;
Canon;Canon i-SENSYS LBP3370;104 INTERNAL COMPONENTS 3;RC2-0359-000;GUIDE, TRANSFER FRONT;
Canon;Canon i-SENSYS LBP3370;104 INTERNAL COMPONENTS 3;RC2-0357-000;BUSHING;
Canon;Canon i-SENSYS LBP3370;104 INTERNAL COMPONENTS 3;XB4-7401-005;SCREW,TAPPING,TRUSS HEAD,M4X10;
Canon;Canon i-SENSYS LBP3370;104 INTERNAL COMPONENTS 3;NPN;INTERNAL COMPONENTS 3;
Canon;Canon i-SENSYS LBP3370;105 INTERNAL COMPONENTS 4;RC2-0425-000;GUIDE, CRG., LEFT UPPER;
Canon;Canon i-SENSYS LBP3370;105 INTERNAL COMPONENTS 4;RC2-0427-000;SPRING, TORSION;
Canon;Canon i-SENSYS LBP3370;105 INTERNAL COMPONENTS 4;RC2-0339-000;GUIDE, CRG., LEFT LOWER;
Canon;Canon i-SENSYS LBP3370;105 INTERNAL COMPONENTS 4;XA9-1504-000;SCREW,RS,M3X8;
Canon;Canon i-SENSYS LBP3370;105 INTERNAL COMPONENTS 4;RC1-3461-000;GUIDE, CASSETTE, LEFT CENTER 1;
Canon;Canon i-SENSYS LBP3370;105 INTERNAL COMPONENTS 4;RL1-0518-000;GUIDE, CASSETTE, LEFT FRONT;
Canon;Canon i-SENSYS LBP3370;105 INTERNAL COMPONENTS 4;RC2-0335-000;GUIDE, M.P. CABLE;
Canon;Canon i-SENSYS LBP3370;105 INTERNAL COMPONENTS 4;RM1-4275-000;PAPER PICK-UP GEAR ASSY;
Canon;Canon i-SENSYS LBP3370;105 INTERNAL COMPONENTS 4;RA0-1068-000;CAP, CONTINUITY;
Canon;Canon i-SENSYS LBP3370;105 INTERNAL COMPONENTS 4;RC2-0334-000;HOLDER, M.P. SOLENOID;
Canon;Canon i-SENSYS LBP3370;105 INTERNAL COMPONENTS 4;RK2-1587-000;SOLENOID;
Canon;Canon i-SENSYS LBP3370;105 INTERNAL COMPONENTS 4;XA9-1495-000;SCREW, RS, M3X6;
Canon;Canon i-SENSYS LBP3370;105 INTERNAL COMPONENTS 4;RC2-0340-000;GUIDE, CARTRIDGE, FRONT;
Canon;Canon i-SENSYS LBP3370;105 INTERNAL COMPONENTS 4;RK2-0534-000;MICROSWITCH;
Canon;Canon i-SENSYS LBP3370;105 INTERNAL COMPONENTS 4;RC1-3562-000;BUSHING;
Canon;Canon i-SENSYS LBP3370;105 INTERNAL COMPONENTS 4;RC1-0944-000;SPRING, GROUNDING;
Canon;Canon i-SENSYS LBP3370;105 INTERNAL COMPONENTS 4;RU5-0927-000;GEAR, 19T;
Canon;Canon i-SENSYS LBP3370;105 INTERNAL COMPONENTS 4;RU5-0928-000;GEAR, 26T;
Canon;Canon i-SENSYS LBP3370;105 INTERNAL COMPONENTS 4;RL1-1531-000;SIDE PLATE, M.P. DRIVE;
Canon;Canon i-SENSYS LBP3370;105 INTERNAL COMPONENTS 4;RC2-0423-000;GUIDE, F.F.C.;
Canon;Canon i-SENSYS LBP3370;105 INTERNAL COMPONENTS 4;RC1-3463-000;GUIDE, CASSETTE, LEFT REAR;
Canon;Canon i-SENSYS LBP3370;105 INTERNAL COMPONENTS 4;RC1-3541-000;PLATE, DRUM GROUNDING;
Canon;Canon i-SENSYS LBP3370;105 INTERNAL COMPONENTS 4;RC1-3462-000;GUIDE, CASSETTE, LEFT CENTER 2;
Canon;Canon i-SENSYS LBP3370;105 INTERNAL COMPONENTS 4;RC1-3543-000;SPRING, TORSION;
Canon;Canon i-SENSYS LBP3370;105 INTERNAL COMPONENTS 4;RC1-3542-000;LEVER, CARTRIDGE CONTACT;
Canon;Canon i-SENSYS LBP3370;105 INTERNAL COMPONENTS 4;RC1-3561-000;ARM, LOCK;
Canon;Canon i-SENSYS LBP3370;105 INTERNAL COMPONENTS 4;RU5-2337-000;SPRING, COMPRESSION;
Canon;Canon i-SENSYS LBP3370;105 INTERNAL COMPONENTS 4;RC2-0424-000;GUIDE, F.F.C.;
Canon;Canon i-SENSYS LBP3370;105 INTERNAL COMPONENTS 4;RC1-3719-000;SPRING, CONTACT;
Canon;Canon i-SENSYS LBP3370;105 INTERNAL COMPONENTS 4;RC2-0342-000;HOLDER, CONTACT;
Canon;Canon i-SENSYS LBP3370;105 INTERNAL COMPONENTS 4;RC2-0387-000;CAM, M.P., LEFT;
Canon;Canon i-SENSYS LBP3370;105 INTERNAL COMPONENTS 4;RC1-0950-000;ROLLER;
Canon;Canon i-SENSYS LBP3370;105 INTERNAL COMPONENTS 4;RC2-0386-000;HOLDER, PAPER PICK-UP ROLLER;
Canon;Canon i-SENSYS LBP3370;105 INTERNAL COMPONENTS 4;RL1-1525-000;ROLLER, M.P. PAPER PICK-UP;
Canon;Canon i-SENSYS LBP3370;105 INTERNAL COMPONENTS 4;RC2-0420-000;COVER, PAPER PICK-UP ROLLER;
Canon;Canon i-SENSYS LBP3370;105 INTERNAL COMPONENTS 4;RC2-0388-000;CAM, M.P., RIGHT;
Canon;Canon i-SENSYS LBP3370;105 INTERNAL COMPONENTS 4;NPN;INTERNAL COMPONENTS 4;
Canon;Canon i-SENSYS LBP3370;110 ENGINE CONTROLLER ASSY;FM3-4302-000;CABLE, DOOR SW;LBP3310
Canon;Canon i-SENSYS LBP3370;110 ENGINE CONTROLLER ASSY;FM3-4283-000;ENGINE CONTROLLER ASSY;LBP3310 100/120V
Canon;Canon i-SENSYS LBP3370;110 ENGINE CONTROLLER ASSY;FM3-4284-000;ENGINE CONTROLLER ASSY;LBP3310 230V
Canon;Canon i-SENSYS LBP3370;110 ENGINE CONTROLLER ASSY;FM3-3608-000;ENGINE CONTROLLER ASSY;LBP3370
Canon;Canon i-SENSYS LBP3370;250 MAIN DRIVE ASSY;RM1-4253-000;MAIN DRIVE ASSY;
Canon;Canon i-SENSYS LBP3370;251 DUPLEXING DRIVE ASSY;RM1-4256-000;NORMAL ROTATION DRIVE ASSY;
Canon;Canon i-SENSYS LBP3370;251 DUPLEXING DRIVE ASSY;RM1-4257-000;REVERS ROTATION DRIVE ASSY;
Canon;Canon i-SENSYS LBP3370;251 DUPLEXING DRIVE ASSY;RM1-4255-000;DUPLEXING DRIVE ASSY;
Canon;Canon i-SENSYS LBP3370;300 CASSETTE;FM2-6707-000;SEPARATION PAD ASSY;
Canon;Canon i-SENSYS LBP3370;300 CASSETTE;FC8-0106-000;LABEL, PAPER EXCHANGE;
Canon;Canon i-SENSYS LBP3370;300 CASSETTE;RC1-3489-000;SPRING, COMPRESSION;
Canon;Canon i-SENSYS LBP3370;300 CASSETTE;RC1-4198-000;STOPPER, CLAW;
Canon;Canon i-SENSYS LBP3370;300 CASSETTE;RC1-3492-000;SPRING, GROUNDING;
Canon;Canon i-SENSYS LBP3370;300 CASSETTE;RU5-0328-000;GEAR, 10T;
Canon;Canon i-SENSYS LBP3370;300 CASSETTE;RC1-3507-000;STOPPER, CASSETTE, RIGHT;
Canon;Canon i-SENSYS LBP3370;300 CASSETTE;RU5-2327-000;SPRING, COMPRESSION;
Canon;Canon i-SENSYS LBP3370;300 CASSETTE;FM3-3590-000;CASSETTE COVER ASSY;
Canon;Canon i-SENSYS LBP3370;300 CASSETTE;FM2-6192-000;CASSETTE BODY ASSY;
Canon;Canon i-SENSYS LBP3370;300 CASSETTE;RU5-2324-000;SPRING, TENSION;
Canon;Canon i-SENSYS LBP3370;300 CASSETTE;RC1-3490-000;LOCK, LIFTER PLATE;
Canon;Canon i-SENSYS LBP3370;300 CASSETTE;RC1-3508-000;STOPPER, CASSETTE, LEFT;
Canon;Canon i-SENSYS LBP3370;300 CASSETTE;RM1-1296-000;LEFT PAPER SIDE END ASSY;
Canon;Canon i-SENSYS LBP3370;300 CASSETTE;RM1-1295-000;BACK END LIMIT ASSY;
Canon;Canon i-SENSYS LBP3370;300 CASSETTE;RL1-0522-020;PLATE, LIFTER;
Canon;Canon i-SENSYS LBP3370;300 CASSETTE;RM1-1297-020;RIGHT PAPER SIDE END ASSY;
Canon;Canon i-SENSYS LBP3370;300 CASSETTE;XB4-7401-005;SCREW,TAPPING,TRUSS HEAD,M4X10;
Canon;Canon i-SENSYS LBP3370;300 CASSETTE;FM3-3589-000;CASSETTE;
Canon;Canon i-SENSYS LBP3370;360 DUPLEXING PAPER FEED ASSY;RM1-4258-000;DUPLEXING PAPER FEED ASSY;
Canon;Canon i-SENSYS LBP3370;810 FIXING ASSY;RA0-1189-000;RETAINER, SPRING;
Canon;Canon i-SENSYS LBP3370;810 FIXING ASSY;RU5-2901-000;SPRING, COMPRESSION;
Canon;Canon i-SENSYS LBP3370;810 FIXING ASSY;RC1-3623-000;PLATE, PRESSURE, RIGHT;
Canon;Canon i-SENSYS LBP3370;810 FIXING ASSY;RC1-3624-000;PLATE, PRESSURE, LEFT;
Canon;Canon i-SENSYS LBP3370;810 FIXING ASSY;RA0-1090-000;SPRING, TENSION;
Canon;Canon i-SENSYS LBP3370;810 FIXING ASSY;XA9-1503-000;SCREW, TAP, M3X6;
Canon;Canon i-SENSYS LBP3370;810 FIXING ASSY;FM2-6703-000;FILM GUIDE ASSY;100V/120V
Canon;Canon i-SENSYS LBP3370;810 FIXING ASSY;FM2-6704-000;FILM GUIDE ASSY;230V
Canon;Canon i-SENSYS LBP3370;810 FIXING ASSY;RC1-3616-000;LEVER, PRESSURE RELEASE, RIGHT;
Canon;Canon i-SENSYS LBP3370;810 FIXING ASSY;RU5-0330-000;GEAR, 17T;
Canon;Canon i-SENSYS LBP3370;810 FIXING ASSY;RC1-3615-000;BUSHING;
Canon;Canon i-SENSYS LBP3370;810 FIXING ASSY;RC2-0297-000;BUSHING;
Canon;Canon i-SENSYS LBP3370;810 FIXING ASSY;RC1-3604-000;SIDE PLATE, FIXING, RIGHT;
Canon;Canon i-SENSYS LBP3370;810 FIXING ASSY;RC1-3628-000;RING, CONDUCTIVE RUBBER;
Canon;Canon i-SENSYS LBP3370;810 FIXING ASSY;RC2-0303-000;ROLLER, PRESSURE;
Canon;Canon i-SENSYS LBP3370;810 FIXING ASSY;RC2-0299-000;NEEDLE, FIXING STATIC CHARGE;
Canon;Canon i-SENSYS LBP3370;810 FIXING ASSY;RC2-0296-000;GUIDE, FIXING ENTRANCE;
Canon;Canon i-SENSYS LBP3370;810 FIXING ASSY;RC2-0431-000;SHEET, FIXING BOTTOM SHEET;
Canon;Canon i-SENSYS LBP3370;810 FIXING ASSY;RC2-0295-000;FRAME, FIXING;
Canon;Canon i-SENSYS LBP3370;810 FIXING ASSY;RC1-3625-000;SPRING, COMPRESSION;
Canon;Canon i-SENSYS LBP3370;810 FIXING ASSY;RC1-3627-000;HOLDER, LEAF SPRING;
Canon;Canon i-SENSYS LBP3370;810 FIXING ASSY;XB4-7300-809;SCREW, TAP, BINDING HEAD, M3X8;
Canon;Canon i-SENSYS LBP3370;810 FIXING ASSY;RM1-1251-000;DELIVERY SENSOR PCB ASSY;
Canon;Canon i-SENSYS LBP3370;810 FIXING ASSY;RC2-0429-000;HOLDER, SEPARATE LOWER GUIDE;
Canon;Canon i-SENSYS LBP3370;810 FIXING ASSY;RC1-3618-000;LEVER, PRESS.RELEASE SENSOR, R;
Canon;Canon i-SENSYS LBP3370;810 FIXING ASSY;RC1-3614-000;SPRING, TORSION;
Canon;Canon i-SENSYS LBP3370;810 FIXING ASSY;RC1-3613-000;FLAG, PAPER DELIVERY SENSOR;
Canon;Canon i-SENSYS LBP3370;810 FIXING ASSY;RC1-3611-000;GUIDE, PAPER SEPARATE, LOWER;
Canon;Canon i-SENSYS LBP3370;810 FIXING ASSY;RC1-3619-000;LEVER, PRESS.RELEASE SENSOR, L;
Canon;Canon i-SENSYS LBP3370;810 FIXING ASSY;XA9-1422-000;SCREW, W/WASHER, M4X12;
Canon;Canon i-SENSYS LBP3370;810 FIXING ASSY;RC2-0298-000;BUSHING;
Canon;Canon i-SENSYS LBP3370;810 FIXING ASSY;RC1-3617-000;LEVER, PRESSURE RELEASE, LEFT;
Canon;Canon i-SENSYS LBP3370;810 FIXING ASSY;RC1-3605-000;SIDE PLATE, FIXING, LEFT;
Canon;Canon i-SENSYS LBP3370;810 FIXING ASSY;RC1-3633-000;ROLLER, FACE-UP;
Canon;Canon i-SENSYS LBP3370;810 FIXING ASSY;RC2-0300-000;COVER, FIXING;
Canon;Canon i-SENSYS LBP3370;810 FIXING ASSY;RC1-3622-000;FLAG, INTERTWINE PREVENTION;
Canon;Canon i-SENSYS LBP3370;810 FIXING ASSY;RC1-3607-000;GUIDE, FIXING, UPPER;
Canon;Canon i-SENSYS LBP3370;810 FIXING ASSY;RC1-3606-000;PLATE, FIXING REINFORCEMENT;
Canon;Canon i-SENSYS LBP3370;810 FIXING ASSY;RM1-1291-000;DELIVERY FRAME ASSY;
Canon;Canon i-SENSYS LBP3370;810 FIXING ASSY;FM3-3587-000;FIXING ASSY;100V/120V
Canon;Canon i-SENSYS LBP3370;810 FIXING ASSY;FM3-3588-000;FIXING ASSY;230V
