Canon;Canon Faxphone L190;EXTERNAL COVERS, PANELS, ETC. (DADF model);FC0-1708-000;LABEL, DOCUMENT PROHIBITION;
Canon;Canon Faxphone L190;EXTERNAL COVERS, PANELS, ETC. (DADF model);FC0-1771-000;GUIDE, CABLE;
Canon;Canon Faxphone L190;EXTERNAL COVERS, PANELS, ETC. (DADF model);FC0-1787-000;COVER, HINGE BLANKING;
Canon;Canon Faxphone L190;EXTERNAL COVERS, PANELS, ETC. (DADF model);FC0-2037-000;LABEL, GROUNDING CAUTION;JP
Canon;Canon Faxphone L190;EXTERNAL COVERS, PANELS, ETC. (DADF model);FC6-5204-000;SHEET, HANDSET;
Canon;Canon Faxphone L190;EXTERNAL COVERS, PANELS, ETC. (DADF model);FC8-1370-000;SCREW, TP, M3X6;
Canon;Canon Faxphone L190;EXTERNAL COVERS, PANELS, ETC. (DADF model);FC8-9307-000;LABEL, COPY PROHIBITION;US,CA,LTN,EUR
Canon;Canon Faxphone L190;EXTERNAL COVERS, PANELS, ETC. (DADF model);FC9-1324-000;LABEL, COPY PROHIBITION;JP,AU
Canon;Canon Faxphone L190;EXTERNAL COVERS, PANELS, ETC. (DADF model);FE2-2466-000;PLATE, PAPER SIZE;
Canon;Canon Faxphone L190;EXTERNAL COVERS, PANELS, ETC. (DADF model);FE2-2735-000;COVER, LEFT;EXCEPT JP,US LZY
Canon;Canon Faxphone L190;EXTERNAL COVERS, PANELS, ETC. (DADF model);FE2-2777-000;COVER, LEFT;JP,US LZY
Canon;Canon Faxphone L190;EXTERNAL COVERS, PANELS, ETC. (DADF model);FE2-2736-000;COVER, RIGHT;EXCEPT JP,US LZY
Canon;Canon Faxphone L190;EXTERNAL COVERS, PANELS, ETC. (DADF model);FE2-2776-000;COVER, RIGHT;JP,US LZY
Canon;Canon Faxphone L190;EXTERNAL COVERS, PANELS, ETC. (DADF model);FE2-2781-000;LABEL, GLASS CLEANING;L410 JP,AU
Canon;Canon Faxphone L190;EXTERNAL COVERS, PANELS, ETC. (DADF model);FE2-2783-000;LABEL, GLASS CLEANING;D560,L190
Canon;Canon Faxphone L190;EXTERNAL COVERS, PANELS, ETC. (DADF model);FE2-2785-000;LABEL, GLASS CLEANING;L410 EUR
Canon;Canon Faxphone L190;EXTERNAL COVERS, PANELS, ETC. (DADF model);FE2-3239-000;SEAL, PORT DOCKING;JP
Canon;Canon Faxphone L190;EXTERNAL COVERS, PANELS, ETC. (DADF model);FL3-5063-000;HOLDER, DOCUMENT GUIDE;
Canon;Canon Faxphone L190;EXTERNAL COVERS, PANELS, ETC. (DADF model);FM0-4480-000;CONTROL PANEL ASSY;D560
Canon;Canon Faxphone L190;EXTERNAL COVERS, PANELS, ETC. (DADF model);FM0-3651-000;CONTROL PANEL ASSY;FAXPHONE L190 US LZX
Canon;Canon Faxphone L190;EXTERNAL COVERS, PANELS, ETC. (DADF model);FM0-4441-000;CONTROL PANEL ASSY;FAXPHONE L190 US,LTN LZZ
Canon;Canon Faxphone L190;EXTERNAL COVERS, PANELS, ETC. (DADF model);FM0-3647-000;CONTROL PANEL ASSY;FAX-L410 EUR
Canon;Canon Faxphone L190;EXTERNAL COVERS, PANELS, ETC. (DADF model);FM0-3650-000;CONTROL PANEL ASSY;FAX-L410 AU
Canon;Canon Faxphone L190;EXTERNAL COVERS, PANELS, ETC. (DADF model);FM0-3652-000;CONTROL PANEL ASSY;CANOFAX L410
Canon;Canon Faxphone L190;EXTERNAL COVERS, PANELS, ETC. (DADF model);FM0-3722-000;DUPLEXING DOOR ASSY;US LZX
Canon;Canon Faxphone L190;EXTERNAL COVERS, PANELS, ETC. (DADF model);FM4-6898-000;DUPLEXING DOOR ASSY;EXCEPT US LZX
Canon;Canon Faxphone L190;EXTERNAL COVERS, PANELS, ETC. (DADF model);FM0-4444-000;CARTRIDGE DOOR ASSY;US LZX
Canon;Canon Faxphone L190;EXTERNAL COVERS, PANELS, ETC. (DADF model);FM4-6956-000;CARTRIDGE DOOR ASSY;EXCEPT US LZX
Canon;Canon Faxphone L190;EXTERNAL COVERS, PANELS, ETC. (COPYBOARD model);FC6-5204-000;SHEET, HANDSET;
Canon;Canon Faxphone L190;EXTERNAL COVERS, PANELS, ETC. (COPYBOARD model);FC8-0654-000;PANEL, COPYBOARD;
Canon;Canon Faxphone L190;EXTERNAL COVERS, PANELS, ETC. (COPYBOARD model);FC8-1370-000;SCREW, TP, M3X6;
Canon;Canon Faxphone L190;EXTERNAL COVERS, PANELS, ETC. (COPYBOARD model);FC8-9307-000;LABEL, COPY PROHIBITION;
Canon;Canon Faxphone L190;EXTERNAL COVERS, PANELS, ETC. (COPYBOARD model);FE2-2466-000;PLATE, PAPER SIZE;
Canon;Canon Faxphone L190;EXTERNAL COVERS, PANELS, ETC. (COPYBOARD model);FE2-2735-000;COVER, LEFT;US,CA, LTN NYB
Canon;Canon Faxphone L190;EXTERNAL COVERS, PANELS, ETC. (COPYBOARD model);FE2-2777-000;COVER, LEFT;US,CA,LTN NYA
Canon;Canon Faxphone L190;EXTERNAL COVERS, PANELS, ETC. (COPYBOARD model);FE2-2736-000;COVER, RIGHT;US,CA,LTN NYB
Canon;Canon Faxphone L190;EXTERNAL COVERS, PANELS, ETC. (COPYBOARD model);FE2-2776-000;COVER, RIGHT;US,CA,LTN NYA
Canon;Canon Faxphone L190;EXTERNAL COVERS, PANELS, ETC. (COPYBOARD model);FM0-3654-000;CONTROL PANEL ASSY;US,CA,LTN NYA
Canon;Canon Faxphone L190;EXTERNAL COVERS, PANELS, ETC. (COPYBOARD model);FM0-4481-000;CONTROL PANEL ASSY;US,CA,LTN NYB
Canon;Canon Faxphone L190;EXTERNAL COVERS, PANELS, ETC. (COPYBOARD model);FM0-3661-000;COPYBOARD COVER ASSEMBLY;
Canon;Canon Faxphone L190;EXTERNAL COVERS, PANELS, ETC. (COPYBOARD model);FM0-3722-000;DUPLEXING DOOR ASSY;US,CA,LTN NYA
Canon;Canon Faxphone L190;EXTERNAL COVERS, PANELS, ETC. (COPYBOARD model);FM4-6898-000;DUPLEXING DOOR ASSY;US,CA,LTN NYB
Canon;Canon Faxphone L190;EXTERNAL COVERS, PANELS, ETC. (COPYBOARD model);FM0-4444-000;CARTRIDGE DOOR ASSY;US,CA,LTN NYA
Canon;Canon Faxphone L190;EXTERNAL COVERS, PANELS, ETC. (COPYBOARD model);FM4-6956-000;CARTRIDGE DOOR ASSY;US,CA,LTN NYB
Canon;Canon Faxphone L190;FRONT COVER ASSY;FC0-1665-000;STOPPER, CARD;L410,190
Canon;Canon Faxphone L190;FRONT COVER ASSY;FE2-2601-000;COVER, DUST;D560,530
Canon;Canon Faxphone L190;FRONT COVER ASSY;FE2-2605-000;LABEL, FEED INDICATION;D560,530
Canon;Canon Faxphone L190;FRONT COVER ASSY;FE2-2606-000;LABEL, SIZE INSTRUCTION;D560,530
Canon;Canon Faxphone L190;FRONT COVER ASSY;FE2-2726-000;COVER, FRONT;EXCEPT JP,US, CA,LTN LZY,NYA
Canon;Canon Faxphone L190;FRONT COVER ASSY;FE2-2778-000;COVER, FRONT;JP,US,CA,LTN LZY,NYA
Canon;Canon Faxphone L190;FRONT COVER ASSY;FE2-2727-000;COVER, FRONT LOWER;EXCEPT JP,US, CA,LTN LZY,NYA
Canon;Canon Faxphone L190;FRONT COVER ASSY;FE2-2779-000;COVER, FRONT LOWER;JP,US,CA,LTN LZY,NYA
Canon;Canon Faxphone L190;FRONT COVER ASSY;FE2-2728-000;STOPPER, PAPER DELIVERY;
Canon;Canon Faxphone L190;FRONT COVER ASSY;FE2-2729-000;PLATE, EXTENSION;
Canon;Canon Faxphone L190;FRONT COVER ASSY;FE2-2730-000;STOPPER, PAPER;
Canon;Canon Faxphone L190;FRONT COVER ASSY;FE2-2731-000;TRAY, MULTI, UPPER;
Canon;Canon Faxphone L190;FRONT COVER ASSY;FE2-2732-000;TRAY, MULTI, LOWER;
Canon;Canon Faxphone L190;FRONT COVER ASSY;FE2-2734-000;DOOR, DUST;
Canon;Canon Faxphone L190;FRONT COVER ASSY;FE2-2738-000;TRAY, PAPER DELIVERY;EXCEPT D530 US,CA, LTN NYA
Canon;Canon Faxphone L190;FRONT COVER ASSY;FE2-3317-000;TRAY, PAPER DELIVERY;D530 US,CA,LTN NYA
Canon;Canon Faxphone L190;FRONT COVER ASSY;FE2-2765-000;COVER, LIGHT;L410 AU, EUR, L190 US,LTN LZZ
Canon;Canon Faxphone L190;FRONT COVER ASSY;FE2-3274-000;COVER, LIGHT;L410 JP,L190 US LZY
Canon;Canon Faxphone L190;FRONT COVER ASSY;FE2-2768-000;LABEL, PAPER PICK-UP SIZE;
Canon;Canon Faxphone L190;FRONT COVER ASSY;FM0-3726-000;PAPER DELIVERY TRAY ASSY;EXCEPT D530 US,CA, LTN NYA
Canon;Canon Faxphone L190;FRONT COVER ASSY;FM0-4484-000;PAPER DELIVERY TRAY ASSY;D530 US,CA,LTN NYA
Canon;Canon Faxphone L190;FRONT COVER ASSY;FM0-3727-000;POWER SUPPLY SWITCH ASSY;
Canon;Canon Faxphone L190;FRONT COVER ASSY;XA9-0476-000;SCREW,TP M3X8;
Canon;Canon Faxphone L190;FRONT COVER ASSY;FM0-4449-000;FRONT COVER ASSY;L410 JP,L190 US LZY
Canon;Canon Faxphone L190;FRONT COVER ASSY;FM0-3657-000;FRONT COVER ASSY;D560, D530 US,CA, LTN NYB
Canon;Canon Faxphone L190;FRONT COVER ASSY;FM0-4482-000;FRONT COVER ASSY;D530 US,CA,LTN NYA
Canon;Canon Faxphone L190;FRONT COVER ASSY;FM0-3724-000;FRONT COVER ASSY;L410 AU, EUR, L190 US,LTN LZZ
Canon;Canon Faxphone L190;INTERNAL COMPONENTS 1;FC0-1644-000;LINK, PRESSURE RELEASE, LEFT;
Canon;Canon Faxphone L190;INTERNAL COMPONENTS 1;FC0-1645-000;LINK, PRESSURE RELEASE, RIGHT;
Canon;Canon Faxphone L190;INTERNAL COMPONENTS 1;FC0-1789-000;SPRING;
Canon;Canon Faxphone L190;INTERNAL COMPONENTS 1;FC8-1367-000;SCREW, W/WASHER, M3X8;
Canon;Canon Faxphone L190;INTERNAL COMPONENTS 1;FC8-1368-000;SCREW, S, M3X6;
Canon;Canon Faxphone L190;INTERNAL COMPONENTS 1;FC8-1370-000;SCREW, TP, M3X6;
Canon;Canon Faxphone L190;INTERNAL COMPONENTS 1;FK3-1145-000;CABLE, FLAT, SCNT-CIS;L410,190
Canon;Canon Faxphone L190;INTERNAL COMPONENTS 1;FK3-3643-000;CABLE, FLAT, SCNT-CIS;D560,530
Canon;Canon Faxphone L190;INTERNAL COMPONENTS 1;FK3-1175-000;CABLE, FLAT, SCNT-CIS;JP
Canon;Canon Faxphone L190;INTERNAL COMPONENTS 1;FK3-3544-000;CABLE, FLAT, SCNT-CIS;L410,190
Canon;Canon Faxphone L190;INTERNAL COMPONENTS 1;FK3-3648-000;SPEAKER;L410,190 SP1
Canon;Canon Faxphone L190;INTERNAL COMPONENTS 1;FM0-2242-000;PSEUDO CI PCB ASSEMBLY;JP
Canon;Canon Faxphone L190;INTERNAL COMPONENTS 1;FM0-3943-000;MAIN CONTROLLER PCB ASSY;D560
Canon;Canon Faxphone L190;INTERNAL COMPONENTS 1;FM0-3944-000;MAIN CONTROLLER PCB ASSY;D530
Canon;Canon Faxphone L190;INTERNAL COMPONENTS 1;FM0-3938-000;MAIN CONTROLLER PCB ASSY;EXCEPT D560, 530, L410 JP
Canon;Canon Faxphone L190;INTERNAL COMPONENTS 1;FM0-3939-000;MAIN CONTROLLER PCB ASSY;L410 JP
Canon;Canon Faxphone L190;INTERNAL COMPONENTS 1;FM0-3940-000;NCU PCB ASSEMBLY;L410 JP
Canon;Canon Faxphone L190;INTERNAL COMPONENTS 1;FM0-3941-000;NCU PCB ASSEMBLY;L410 EUR
Canon;Canon Faxphone L190;INTERNAL COMPONENTS 1;FM0-3942-000;NCU PCB ASSEMBLY;L410 AU,L190
Canon;Canon Faxphone L190;INTERNAL COMPONENTS 1;FM0-4111-000;ENGINE CONTROL PCB ASSY;100V L410
Canon;Canon Faxphone L190;INTERNAL COMPONENTS 1;FM0-4112-000;ENGINE CONTROL PCB ASSY;120V L190
Canon;Canon Faxphone L190;INTERNAL COMPONENTS 1;FM0-4113-000;ENGINE CONTROL PCB ASSY;230V L410
Canon;Canon Faxphone L190;INTERNAL COMPONENTS 1;FM0-4114-000;ENGINE CONTROL PCB ASSY;D560,530
Canon;Canon Faxphone L190;INTERNAL COMPONENTS 1;FM4-6895-000;SWITCH LEVER ASSY;
Canon;Canon Faxphone L190;INTERNAL COMPONENTS 1;FM4-6983-000;FIXING PAPER DELIVERY ASSY;100V
Canon;Canon Faxphone L190;INTERNAL COMPONENTS 1;RM1-7576-000;FIXING PAPER DELIVERY ASSY;120V
Canon;Canon Faxphone L190;INTERNAL COMPONENTS 1;RM1-7577-000;FIXING PAPER DELIVERY ASSY;230V
Canon;Canon Faxphone L190;INTERNAL COMPONENTS 1;WE8-6854-000;CORE,RING;L410,190
Canon;Canon Faxphone L190;INTERNAL COMPONENTS 1;WE8-7078-000;CORE, FERRITE;
Canon;Canon Faxphone L190;INTERNAL COMPONENTS 2;FC8-1368-000;SCREW, S, M3X6;
Canon;Canon Faxphone L190;INTERNAL COMPONENTS 2;FC8-1369-000;SCREW, S, M3X10;
Canon;Canon Faxphone L190;INTERNAL COMPONENTS 2;FC8-1370-000;SCREW, TP, M3X6;
Canon;Canon Faxphone L190;INTERNAL COMPONENTS 2;FE2-2742-000;COVER, FRONT;
Canon;Canon Faxphone L190;INTERNAL COMPONENTS 2;FM0-3656-000;PHOTO SENSOR ASSY, MULTI;D560,530
Canon;Canon Faxphone L190;INTERNAL COMPONENTS 2;FM0-3740-000;PHOTO SENSOR ASSY, TONER;L410,190
Canon;Canon Faxphone L190;INTERNAL COMPONENTS 2;FM0-3743-000;PAPER PICK-UP ASSY;
Canon;Canon Faxphone L190;INTERNAL COMPONENTS 2;FM0-3723-000;LASER SCANNER ASSY;
Canon;Canon Faxphone L190;INTERNAL COMPONENTS 2;FM0-4131-000;MOTOR PCB ASSY;
Canon;Canon Faxphone L190;INTERNAL COMPONENTS 2;FM0-4133-000;PAPER PICK-UP SENSOR PCB ASSY;
Canon;Canon Faxphone L190;INTERNAL COMPONENTS 2;FM4-6893-000;SEPARATION PAD ASSY;
Canon;Canon Faxphone L190;INTERNAL COMPONENTS 2;FM4-6896-000;DUPLEXING FRAME ASSY;
Canon;Canon Faxphone L190;INTERNAL COMPONENTS 2;FM4-7064-000;DUPLEXING PCB ASSY;
Canon;Canon Faxphone L190;INTERNAL COMPONENTS 2;FM4-7491-000;MOTOR, DC24V;M1
Canon;Canon Faxphone L190;INTERNAL COMPONENTS 2;RC2-1182-000;ROLLER, TRANSFER;
Canon;Canon Faxphone L190;INTERNAL COMPONENTS 2;RK2-0420-000;SOLENOID;SL2
Canon;Canon Faxphone L190;INTERNAL COMPONENTS 2;RK2-3438-000;FAN;FM1
Canon;Canon Faxphone L190;INTERNAL COMPONENTS 2;RL1-1497-000;ROLLER, PICK-UP;
Canon;Canon Faxphone L190;ADF ASSY (DADF model);FC0-1744-000;CAP;
Canon;Canon Faxphone L190;ADF ASSY (DADF model);FC0-1745-010;COVER, DF;EXCEPT US LZY
Canon;Canon Faxphone L190;ADF ASSY (DADF model);FE2-2612-000;COVER, DF;US LZY
Canon;Canon Faxphone L190;ADF ASSY (DADF model);FC0-1802-000;COVER, REAR;JP
Canon;Canon Faxphone L190;ADF ASSY (DADF model);FL3-9245-000;COVER, REAR;EXCEPT JP,US LZY
Canon;Canon Faxphone L190;ADF ASSY (DADF model);FL3-9246-000;COVER, REAR;US LZY
Canon;Canon Faxphone L190;ADF ASSY (DADF model);FC6-5210-000;RETAINING RING (E-TYRE);
Canon;Canon Faxphone L190;ADF ASSY (DADF model);FC7-6321-000;FLAG, DOCUMENT SCANNER;
Canon;Canon Faxphone L190;ADF ASSY (DADF model);FC7-6322-000;ELIMINATOR, STATIC CHARGE;
Canon;Canon Faxphone L190;ADF ASSY (DADF model);FC8-9210-000;PANEL, COPYBOARD;
Canon;Canon Faxphone L190;ADF ASSY (DADF model);FC8-9251-000;ROLLER, PICK-UP;
Canon;Canon Faxphone L190;ADF ASSY (DADF model);FC9-5060-000;BUSHING;
Canon;Canon Faxphone L190;ADF ASSY (DADF model);FE2-2752-000;COVER, DF, FRONT;
Canon;Canon Faxphone L190;ADF ASSY (DADF model);FL3-1021-000;HINGE, ADF;EXCEPT US LZY
Canon;Canon Faxphone L190;ADF ASSY (DADF model);FL3-9247-000;HINGE, ADF;US LZY
Canon;Canon Faxphone L190;ADF ASSY (DADF model);FL3-1023-000;ROLLER, SEPARATION;
Canon;Canon Faxphone L190;ADF ASSY (DADF model);FL3-8631-000;COVER, DF, FRONT;D560
Canon;Canon Faxphone L190;ADF ASSY (DADF model);FL3-8672-000;COVER, DF, FRONT;L410,190
Canon;Canon Faxphone L190;ADF ASSY (DADF model);FM0-3717-000;DADF BASE ASSEMBLY;EXCEPT US LZY
Canon;Canon Faxphone L190;ADF ASSY (DADF model);FM0-3734-000;DADF BASE ASSEMBLY;US LZY
Canon;Canon Faxphone L190;ADF ASSY (DADF model);FM0-3718-000;DOCUMENT TRAY ASSEMBLY;
Canon;Canon Faxphone L190;ADF ASSY (DADF model);FM3-8679-000;SEPARATION ROLLER ASSY;
Canon;Canon Faxphone L190;ADF ASSY (DADF model);FM4-7531-000;OPEN/CLOSE PANEL ASSEMBLY;
Canon;Canon Faxphone L190;ADF ASSY (DADF model);FU5-1552-000;BUSHING;
Canon;Canon Faxphone L190;ADF ASSY (DADF model);FU7-2869-000;SPRING, COMPRESSION;
Canon;Canon Faxphone L190;ADF ASSY (DADF model);FU8-0473-000;GEAR, 24T;
Canon;Canon Faxphone L190;ADF ASSY (DADF model);XA9-0476-000;SCREW,TP M3X8;
Canon;Canon Faxphone L190;PAPER FEEDER ASSEMBLY (DADF model);FC6-5210-000;RETAINING RING (E-TYRE);
Canon;Canon Faxphone L190;PAPER FEEDER ASSEMBLY (DADF model);FC7-6182-000;LEVER, ROLLER RELEASE;
Canon;Canon Faxphone L190;PAPER FEEDER ASSEMBLY (DADF model);FC7-6278-000;FLAPPER, PAPER DELIVERY;
Canon;Canon Faxphone L190;PAPER FEEDER ASSEMBLY (DADF model);FC9-1325-000;SPRING,SEPARATION SWING ARM;
Canon;Canon Faxphone L190;PAPER FEEDER ASSEMBLY (DADF model);FM0-4128-000;CABLE, MOTOR;
Canon;Canon Faxphone L190;PAPER FEEDER ASSEMBLY (DADF model);FM3-8682-000;PAPER DELIVERY ASSY;
Canon;Canon Faxphone L190;PAPER FEEDER ASSEMBLY (DADF model);FM3-8685-000;MOTOR DRIVE ASSY;M4
Canon;Canon Faxphone L190;PAPER FEEDER ASSEMBLY (DADF model);FM3-8690-000;PAPER DELIVERY ROLLER ASSY;
Canon;Canon Faxphone L190;PAPER FEEDER ASSEMBLY (DADF model);FM3-9491-000;GUIDE ASSEMBLY, UPPER;
Canon;Canon Faxphone L190;PAPER FEEDER ASSEMBLY (DADF model);FM4-6919-000;SOLENOID ASSY;SL3
Canon;Canon Faxphone L190;PAPER FEEDER ASSEMBLY (DADF model);FM4-7532-000;PAPER FEED ROLLER ASSEMBLY;
Canon;Canon Faxphone L190;PAPER FEEDER ASSEMBLY (DADF model);FU5-1552-000;BUSHING;
Canon;Canon Faxphone L190;PAPER FEEDER ASSEMBLY (DADF model);FU6-2249-000;SPRING, COMPRESSION;
Canon;Canon Faxphone L190;PAPER FEEDER ASSEMBLY (DADF model);FU7-2021-000;SPRING, COMPRESSION;
Canon;Canon Faxphone L190;PAPER FEEDER ASSEMBLY (DADF model);WG8-5935-000;PHOTOINTERRUPTER;
Canon;Canon Faxphone L190;READER ASSEMBLY (DADF model);FC0-1945-000;SPACER, CIS;
Canon;Canon Faxphone L190;READER ASSEMBLY (DADF model);FE2-3233-000;BELT, TIMING;
Canon;Canon Faxphone L190;READER ASSEMBLY (DADF model);FK3-1153-000;CONTACT IMAGE SENSOR ASSY;
Canon;Canon Faxphone L190;READER ASSEMBLY (DADF model);FK3-1160-000;CABLE, FLAT, SCNT-OP;
Canon;Canon Faxphone L190;READER ASSEMBLY (DADF model);FK3-3626-000;CABLE, FLAT, SCNT-OP;D560
Canon;Canon Faxphone L190;READER ASSEMBLY (DADF model);FK3-3656-000;CABLE, FLAT, SCNT-OP;L410,190
Canon;Canon Faxphone L190;READER ASSEMBLY (DADF model);FL3-5062-000;IDLER PULLEY HOLDER ASSY;
Canon;Canon Faxphone L190;READER ASSEMBLY (DADF model);FL3-5072-000;COPYBOARD GLASS ASSY;
Canon;Canon Faxphone L190;READER ASSEMBLY (DADF model);FM0-4434-000;MOTOR ASSY;M3
Canon;Canon Faxphone L190;READER ASSEMBLY (DADF model);XA9-0476-000;SCREW,TP M3X8;
Canon;Canon Faxphone L190;READER ASSEMBLY (DADF model);FM0-3719-000;READER ASSEMBLY;DADF model EXCEPTD560,L190 US LZY
Canon;Canon Faxphone L190;READER ASSEMBLY (DADF model);FM0-3735-000;READER ASSEMBLY;DADF model L190 US LZY
Canon;Canon Faxphone L190;READER ASSEMBLY (DADF model);FM0-4486-000;READER ASSEMBLY;DADF model D560
Canon;Canon Faxphone L190;READER ASSEMBLY (COPYBOARD model);FC0-1945-000;SPACER, CIS;
Canon;Canon Faxphone L190;READER ASSEMBLY (COPYBOARD model);FE2-3233-000;BELT, TIMING;
Canon;Canon Faxphone L190;READER ASSEMBLY (COPYBOARD model);FK3-1153-000;CONTACT IMAGE SENSOR;
Canon;Canon Faxphone L190;READER ASSEMBLY (COPYBOARD model);FK3-1160-000;CABLE, FLAT, SCNT-OP;
Canon;Canon Faxphone L190;READER ASSEMBLY (COPYBOARD model);FK3-3626-000;CABLE, FLAT, SCNT-OP;
Canon;Canon Faxphone L190;READER ASSEMBLY (COPYBOARD model);FL2-5621-000;COPYBOARD GLASS ASSY;US,CA,LTN NYB
Canon;Canon Faxphone L190;READER ASSEMBLY (COPYBOARD model);FL3-5072-000;COPYBOARD GLASS ASSY;US,CA,LTN NYA
Canon;Canon Faxphone L190;READER ASSEMBLY (COPYBOARD model);FL3-5062-000;IDLER PULLEY HOLDER ASSY;
Canon;Canon Faxphone L190;READER ASSEMBLY (COPYBOARD model);FM0-4434-000;MOTOR ASSY;M3
Canon;Canon Faxphone L190;READER ASSEMBLY (COPYBOARD model);XA9-0476-000;SCREW,TP M3X8;
Canon;Canon Faxphone L190;READER ASSEMBLY (COPYBOARD model);FM0-3662-000;READER ASSEMBLY;COPYBOARD model D530 US,CA, LTN NYB
Canon;Canon Faxphone L190;READER ASSEMBLY (COPYBOARD model);FM0-3665-000;READER ASSEMBLY;COPYBOARD model D530 US, CA,LTN NYA
