Canon;Canon imageCLASS MF264dw;100A EXTERNAL COVERS, PANELS, ETC. DADF model 120V;FE8-8628-000;COVER, MULTI-PURPOSE;
Canon;Canon imageCLASS MF264dw;100A EXTERNAL COVERS, PANELS, ETC. DADF model 120V;FM1-T707-000;DUPLEXING DOOR ASSY;
Canon;Canon imageCLASS MF264dw;100A EXTERNAL COVERS, PANELS, ETC. DADF model 120V;FE8-9726-000;COVER, RIGHT;
Canon;Canon imageCLASS MF264dw;100A EXTERNAL COVERS, PANELS, ETC. DADF model 120V;FE8-9723-000;COVER, LEFT;
Canon;Canon imageCLASS MF264dw;100A EXTERNAL COVERS, PANELS, ETC. DADF model 120V;FM1-U236-000;CONTROL PANEL ASSY;
Canon;Canon imageCLASS MF264dw;100A EXTERNAL COVERS, PANELS, ETC. DADF model 120V;FL1-5174-000;COVER, TOP;
Canon;Canon imageCLASS MF264dw;100A EXTERNAL COVERS, PANELS, ETC. DADF model 120V;FM1-U147-000;CARTRIDGE DOOR ASSY;
Canon;Canon imageCLASS MF264dw;100A EXTERNAL COVERS, PANELS, ETC. DADF model 120V;FE8-8773-000;LABEL, HIGH TMP. CAUTION;
Canon;Canon imageCLASS MF264dw;100A EXTERNAL COVERS, PANELS, ETC. DADF model 120V;RC4-7985-000;GUIDE, FEED, FRONT;
Canon;Canon imageCLASS MF264dw;100A EXTERNAL COVERS, PANELS, ETC. DADF model 120V;FE8-9729-000;TRAY, PAPER DELIVERY;
Canon;Canon imageCLASS MF264dw;100A EXTERNAL COVERS, PANELS, ETC. DADF model 120V;FE8-9375-000;LABEL, CAUTION;
Canon;Canon imageCLASS MF264dw;100A EXTERNAL COVERS, PANELS, ETC. DADF model 120V;FE8-9745-000;GUIDE, READER SHAFT;
Canon;Canon imageCLASS MF264dw;100A EXTERNAL COVERS, PANELS, ETC. DADF model 120V;FE8-9747-000;GUIDE, CABLE SHAFT;
Canon;Canon imageCLASS MF264dw;100A EXTERNAL COVERS, PANELS, ETC. DADF model 120V;FE2-A529-000;COVER, TOP, SUB;
Canon;Canon imageCLASS MF264dw;100A EXTERNAL COVERS, PANELS, ETC. DADF model 120V;FE4-0866-000;PLATE, PAPER SIZE;
Canon;Canon imageCLASS MF264dw;100A EXTERNAL COVERS, PANELS, ETC. DADF model 120V;FL1-5368-000;HINGE UNIT;
Canon;Canon imageCLASS MF264dw;100A EXTERNAL COVERS, PANELS, ETC. DADF model 120V;XA9-1503-000;SCREW, TAP, M3X6;
Canon;Canon imageCLASS MF264dw;100A EXTERNAL COVERS, PANELS, ETC. DADF model 120V;FE8-9721-000;COVER, TOP, SUB;
Canon;Canon imageCLASS MF264dw;100A EXTERNAL COVERS, PANELS, ETC. DADF model 120V;FE8-9755-000;COVER, HINGE BLANKING;
Canon;Canon imageCLASS MF264dw;100A EXTERNAL COVERS, PANELS, ETC. DADF model 120V;FE8-9759-000;SHAFT, HINGE ARM;
Canon;Canon imageCLASS MF264dw;100A EXTERNAL COVERS, PANELS, ETC. DADF model 120V;FL0-3574-000;HOLDER, DOCUMENT GUIDE;
Canon;Canon imageCLASS MF264dw;100A EXTERNAL COVERS, PANELS, ETC. DADF model 120V;FE4-1566-000;LABEL, DOCUMENT PROHIBITION;
Canon;Canon imageCLASS MF264dw;100A EXTERNAL COVERS, PANELS, ETC. DADF model 120V;FE4-1589-000;SHEET, HANDSET;
Canon;Canon imageCLASS MF264dw;100A EXTERNAL COVERS, PANELS, ETC. DADF model 120V;FC8-1370-000;SCREW, TP, M3X6;
Canon;Canon imageCLASS MF264dw;100B EXTERNAL COVERS, PANELS, ETC. SADF model MF267;FE8-8628-000;COVER, MULTI-PURPOSE;
Canon;Canon imageCLASS MF264dw;100B EXTERNAL COVERS, PANELS, ETC. SADF model MF267;FM1-T707-000;DUPLEXING DOOR ASSY;
Canon;Canon imageCLASS MF264dw;100B EXTERNAL COVERS, PANELS, ETC. SADF model MF267;FE8-9726-000;COVER, RIGHT;
Canon;Canon imageCLASS MF264dw;100B EXTERNAL COVERS, PANELS, ETC. SADF model MF267;FE8-9723-000;COVER, LEFT;
Canon;Canon imageCLASS MF264dw;100B EXTERNAL COVERS, PANELS, ETC. SADF model MF267;FM1-U236-000;CONTROL PANEL ASSY;
Canon;Canon imageCLASS MF264dw;100B EXTERNAL COVERS, PANELS, ETC. SADF model MF267;FL1-5174-000;COVER, TOP;
Canon;Canon imageCLASS MF264dw;100B EXTERNAL COVERS, PANELS, ETC. SADF model MF267;FM1-U147-000;CARTRIDGE DOOR ASSY;
Canon;Canon imageCLASS MF264dw;100B EXTERNAL COVERS, PANELS, ETC. SADF model MF267;FE8-8773-000;LABEL, HIGH TMP. CAUTION;
Canon;Canon imageCLASS MF264dw;100B EXTERNAL COVERS, PANELS, ETC. SADF model MF267;RC4-7985-000;GUIDE, FEED, FRONT;
Canon;Canon imageCLASS MF264dw;100B EXTERNAL COVERS, PANELS, ETC. SADF model MF267;FE8-9729-000;TRAY, PAPER DELIVERY;
Canon;Canon imageCLASS MF264dw;100B EXTERNAL COVERS, PANELS, ETC. SADF model MF267;FE8-9375-000;LABEL, CAUTION;
Canon;Canon imageCLASS MF264dw;100B EXTERNAL COVERS, PANELS, ETC. SADF model MF267;FE8-9746-000;GUIDE, READER SHAFT;
Canon;Canon imageCLASS MF264dw;100B EXTERNAL COVERS, PANELS, ETC. SADF model MF267;FE8-9748-000;GUIDE, CABLE SHAFT;
Canon;Canon imageCLASS MF264dw;100B EXTERNAL COVERS, PANELS, ETC. SADF model MF267;FE2-A529-000;COVER, TOP, SUB;
Canon;Canon imageCLASS MF264dw;100B EXTERNAL COVERS, PANELS, ETC. SADF model MF267;FE4-0866-000;PLATE, PAPER SIZE;
Canon;Canon imageCLASS MF264dw;100B EXTERNAL COVERS, PANELS, ETC. SADF model MF267;FL1-5367-000;HINGE UNIT;
Canon;Canon imageCLASS MF264dw;100B EXTERNAL COVERS, PANELS, ETC. SADF model MF267;XA9-1503-000;SCREW, TAP, M3X6;
Canon;Canon imageCLASS MF264dw;100B EXTERNAL COVERS, PANELS, ETC. SADF model MF267;FE8-9721-000;COVER, TOP, SUB;
Canon;Canon imageCLASS MF264dw;100B EXTERNAL COVERS, PANELS, ETC. SADF model MF267;FE8-9755-000;COVER, HINGE BLANKING;
Canon;Canon imageCLASS MF264dw;100B EXTERNAL COVERS, PANELS, ETC. SADF model MF267;FE8-9759-000;SHAFT, HINGE ARM;
Canon;Canon imageCLASS MF264dw;100B EXTERNAL COVERS, PANELS, ETC. SADF model MF267;FL0-3574-000;HOLDER, DOCUMENT GUIDE;
Canon;Canon imageCLASS MF264dw;100B EXTERNAL COVERS, PANELS, ETC. SADF model MF267;FE4-1566-000;LABEL, DOCUMENT PROHIBITION;
Canon;Canon imageCLASS MF264dw;100B EXTERNAL COVERS, PANELS, ETC. SADF model MF267;FE4-1589-000;SHEET, HANDSET;
Canon;Canon imageCLASS MF264dw;100B EXTERNAL COVERS, PANELS, ETC. SADF model MF267;FC8-1370-000;SCREW, TP, M3X6;
Canon;Canon imageCLASS MF264dw;100C EXTERNAL COVERS, PANELS, ETC. SADF model MF264 120V;FE8-8628-000;COVER, MULTI-PURPOSE;
Canon;Canon imageCLASS MF264dw;100C EXTERNAL COVERS, PANELS, ETC. SADF model MF264 120V;FM1-T707-000;DUPLEXING DOOR ASSY;
Canon;Canon imageCLASS MF264dw;100C EXTERNAL COVERS, PANELS, ETC. SADF model MF264 120V;FE8-9726-000;COVER, RIGHT;
Canon;Canon imageCLASS MF264dw;100C EXTERNAL COVERS, PANELS, ETC. SADF model MF264 120V;FE8-9767-000;COVER, LEFT;
Canon;Canon imageCLASS MF264dw;100C EXTERNAL COVERS, PANELS, ETC. SADF model MF264 120V;FM1-U249-000;CONTROL PANEL ASSY;
Canon;Canon imageCLASS MF264dw;100C EXTERNAL COVERS, PANELS, ETC. SADF model MF264 120V;FL1-5174-000;COVER, TOP;
Canon;Canon imageCLASS MF264dw;100C EXTERNAL COVERS, PANELS, ETC. SADF model MF264 120V;FM1-U147-000;CARTRIDGE DOOR ASSY;
Canon;Canon imageCLASS MF264dw;100C EXTERNAL COVERS, PANELS, ETC. SADF model MF264 120V;FE8-8773-000;LABEL, HIGH TMP. CAUTION;
Canon;Canon imageCLASS MF264dw;100C EXTERNAL COVERS, PANELS, ETC. SADF model MF264 120V;RC4-7985-000;GUIDE, FEED, FRONT;
Canon;Canon imageCLASS MF264dw;100C EXTERNAL COVERS, PANELS, ETC. SADF model MF264 120V;FE8-9729-000;TRAY, PAPER DELIVERY;
Canon;Canon imageCLASS MF264dw;100C EXTERNAL COVERS, PANELS, ETC. SADF model MF264 120V;FE8-9375-000;LABEL, CAUTION;
Canon;Canon imageCLASS MF264dw;100C EXTERNAL COVERS, PANELS, ETC. SADF model MF264 120V;FE8-9746-000;GUIDE, READER SHAFT;
Canon;Canon imageCLASS MF264dw;100C EXTERNAL COVERS, PANELS, ETC. SADF model MF264 120V;FE8-9748-000;GUIDE, CABLE SHAFT;
Canon;Canon imageCLASS MF264dw;100C EXTERNAL COVERS, PANELS, ETC. SADF model MF264 120V;FE2-A529-000;COVER, TOP, SUB;
Canon;Canon imageCLASS MF264dw;100C EXTERNAL COVERS, PANELS, ETC. SADF model MF264 120V;FE4-0866-000;PLATE, PAPER SIZE;
Canon;Canon imageCLASS MF264dw;100C EXTERNAL COVERS, PANELS, ETC. SADF model MF264 120V;FL1-5367-000;HINGE UNIT;
Canon;Canon imageCLASS MF264dw;100C EXTERNAL COVERS, PANELS, ETC. SADF model MF264 120V;XA9-1503-000;SCREW, TAP, M3X6;
Canon;Canon imageCLASS MF264dw;100C EXTERNAL COVERS, PANELS, ETC. SADF model MF264 120V;FE8-9721-000;COVER, TOP, SUB;
Canon;Canon imageCLASS MF264dw;100C EXTERNAL COVERS, PANELS, ETC. SADF model MF264 120V;FE8-9755-000;COVER, HINGE BLANKING;
Canon;Canon imageCLASS MF264dw;100C EXTERNAL COVERS, PANELS, ETC. SADF model MF264 120V;FE8-9759-000;SHAFT, HINGE ARM;
Canon;Canon imageCLASS MF264dw;100C EXTERNAL COVERS, PANELS, ETC. SADF model MF264 120V;FL0-3574-000;HOLDER, DOCUMENT GUIDE;
Canon;Canon imageCLASS MF264dw;100C EXTERNAL COVERS, PANELS, ETC. SADF model MF264 120V;FE4-1566-000;LABEL, DOCUMENT PROHIBITION;
Canon;Canon imageCLASS MF264dw;100C EXTERNAL COVERS, PANELS, ETC. SADF model MF264 120V;FC8-1370-000;SCREW, TP, M3X6;
Canon;Canon imageCLASS MF264dw;100D EXTERNAL COVERS, PANELS, ETC. DADF model 230V;FE8-8628-000;COVER, MULTI-PURPOSE;
Canon;Canon imageCLASS MF264dw;100D EXTERNAL COVERS, PANELS, ETC. DADF model 230V;FM1-T707-000;DUPLEXING DOOR ASSY;
Canon;Canon imageCLASS MF264dw;100D EXTERNAL COVERS, PANELS, ETC. DADF model 230V;FE8-9726-000;COVER, RIGHT;
Canon;Canon imageCLASS MF264dw;100D EXTERNAL COVERS, PANELS, ETC. DADF model 230V;FE8-9723-000;COVER, LEFT;
Canon;Canon imageCLASS MF264dw;100D EXTERNAL COVERS, PANELS, ETC. DADF model 230V;FM1-U236-000;CONTROL PANEL ASSY;
Canon;Canon imageCLASS MF264dw;100D EXTERNAL COVERS, PANELS, ETC. DADF model 230V;FL1-5174-000;COVER, TOP;
Canon;Canon imageCLASS MF264dw;100D EXTERNAL COVERS, PANELS, ETC. DADF model 230V;FM1-U147-000;CARTRIDGE DOOR ASSY;
Canon;Canon imageCLASS MF264dw;100D EXTERNAL COVERS, PANELS, ETC. DADF model 230V;FE8-8773-000;LABEL, HIGH TMP. CAUTION;
Canon;Canon imageCLASS MF264dw;100D EXTERNAL COVERS, PANELS, ETC. DADF model 230V;RC4-7985-000;GUIDE, FEED, FRONT;
Canon;Canon imageCLASS MF264dw;100D EXTERNAL COVERS, PANELS, ETC. DADF model 230V;FE8-9729-000;TRAY, PAPER DELIVERY;
Canon;Canon imageCLASS MF264dw;100D EXTERNAL COVERS, PANELS, ETC. DADF model 230V;FE8-9375-000;LABEL, CAUTION;
Canon;Canon imageCLASS MF264dw;100D EXTERNAL COVERS, PANELS, ETC. DADF model 230V;FE8-9745-000;GUIDE, READER SHAFT;
Canon;Canon imageCLASS MF264dw;100D EXTERNAL COVERS, PANELS, ETC. DADF model 230V;FE8-9747-000;GUIDE, CABLE SHAFT;
Canon;Canon imageCLASS MF264dw;100D EXTERNAL COVERS, PANELS, ETC. DADF model 230V;FE2-A529-000;COVER, TOP, SUB;
Canon;Canon imageCLASS MF264dw;100D EXTERNAL COVERS, PANELS, ETC. DADF model 230V;FE4-0866-000;PLATE, PAPER SIZE;
Canon;Canon imageCLASS MF264dw;100D EXTERNAL COVERS, PANELS, ETC. DADF model 230V;FL1-5368-000;HINGE UNIT;
Canon;Canon imageCLASS MF264dw;100D EXTERNAL COVERS, PANELS, ETC. DADF model 230V;XA9-1503-000;SCREW, TAP, M3X6;
Canon;Canon imageCLASS MF264dw;100D EXTERNAL COVERS, PANELS, ETC. DADF model 230V;FE8-9721-000;COVER, TOP, SUB;
Canon;Canon imageCLASS MF264dw;100D EXTERNAL COVERS, PANELS, ETC. DADF model 230V;FE8-9755-000;COVER, HINGE BLANKING;
Canon;Canon imageCLASS MF264dw;100D EXTERNAL COVERS, PANELS, ETC. DADF model 230V;FE8-9759-000;SHAFT, HINGE ARM;
Canon;Canon imageCLASS MF264dw;100D EXTERNAL COVERS, PANELS, ETC. DADF model 230V;FL0-3574-000;HOLDER, DOCUMENT GUIDE;
Canon;Canon imageCLASS MF264dw;100D EXTERNAL COVERS, PANELS, ETC. DADF model 230V;FE4-1566-000;LABEL, DOCUMENT PROHIBITION;
Canon;Canon imageCLASS MF264dw;100D EXTERNAL COVERS, PANELS, ETC. DADF model 230V;FE4-1589-000;SHEET, HANDSET;
Canon;Canon imageCLASS MF264dw;100D EXTERNAL COVERS, PANELS, ETC. DADF model 230V;FC8-1370-000;SCREW, TP, M3X6;
Canon;Canon imageCLASS MF264dw;100F EXTERNAL COVERS, PANELS, ETC. SADF model MF264 230V;FE8-8628-000;COVER, MULTI-PURPOSE;
Canon;Canon imageCLASS MF264dw;100F EXTERNAL COVERS, PANELS, ETC. SADF model MF264 230V;FM1-T707-000;DUPLEXING DOOR ASSY;
Canon;Canon imageCLASS MF264dw;100F EXTERNAL COVERS, PANELS, ETC. SADF model MF264 230V;FE8-9726-000;COVER, RIGHT;
Canon;Canon imageCLASS MF264dw;100F EXTERNAL COVERS, PANELS, ETC. SADF model MF264 230V;FE8-9767-000;COVER, LEFT;
Canon;Canon imageCLASS MF264dw;100F EXTERNAL COVERS, PANELS, ETC. SADF model MF264 230V;FM1-U250-000;CONTROL PANEL ASSY;
Canon;Canon imageCLASS MF264dw;100F EXTERNAL COVERS, PANELS, ETC. SADF model MF264 230V;FL1-5174-000;COVER, TOP;
Canon;Canon imageCLASS MF264dw;100F EXTERNAL COVERS, PANELS, ETC. SADF model MF264 230V;FM1-U147-000;CARTRIDGE DOOR ASSY;
Canon;Canon imageCLASS MF264dw;100F EXTERNAL COVERS, PANELS, ETC. SADF model MF264 230V;FE8-8773-000;LABEL, HIGH TMP. CAUTION;
Canon;Canon imageCLASS MF264dw;100F EXTERNAL COVERS, PANELS, ETC. SADF model MF264 230V;RC4-7985-000;GUIDE, FEED, FRONT;
Canon;Canon imageCLASS MF264dw;100F EXTERNAL COVERS, PANELS, ETC. SADF model MF264 230V;FE8-9729-000;TRAY, PAPER DELIVERY;
Canon;Canon imageCLASS MF264dw;100F EXTERNAL COVERS, PANELS, ETC. SADF model MF264 230V;FE8-9375-000;LABEL, CAUTION;
Canon;Canon imageCLASS MF264dw;100F EXTERNAL COVERS, PANELS, ETC. SADF model MF264 230V;FE8-9746-000;GUIDE, READER SHAFT;
Canon;Canon imageCLASS MF264dw;100F EXTERNAL COVERS, PANELS, ETC. SADF model MF264 230V;FE8-9748-000;GUIDE, CABLE SHAFT;
Canon;Canon imageCLASS MF264dw;100F EXTERNAL COVERS, PANELS, ETC. SADF model MF264 230V;FE2-A529-000;COVER, TOP, SUB;
Canon;Canon imageCLASS MF264dw;100F EXTERNAL COVERS, PANELS, ETC. SADF model MF264 230V;FE4-0866-000;PLATE, PAPER SIZE;
Canon;Canon imageCLASS MF264dw;100F EXTERNAL COVERS, PANELS, ETC. SADF model MF264 230V;FL1-5367-000;HINGE UNIT;
Canon;Canon imageCLASS MF264dw;100F EXTERNAL COVERS, PANELS, ETC. SADF model MF264 230V;XA9-1503-000;SCREW, TAP, M3X6;
Canon;Canon imageCLASS MF264dw;100F EXTERNAL COVERS, PANELS, ETC. SADF model MF264 230V;FE8-9721-000;COVER, TOP, SUB;
Canon;Canon imageCLASS MF264dw;100F EXTERNAL COVERS, PANELS, ETC. SADF model MF264 230V;FE8-9755-000;COVER, HINGE BLANKING;
Canon;Canon imageCLASS MF264dw;100F EXTERNAL COVERS, PANELS, ETC. SADF model MF264 230V;FE8-9759-000;SHAFT, HINGE ARM;
Canon;Canon imageCLASS MF264dw;100F EXTERNAL COVERS, PANELS, ETC. SADF model MF264 230V;FL0-3574-000;HOLDER, DOCUMENT GUIDE;
Canon;Canon imageCLASS MF264dw;100F EXTERNAL COVERS, PANELS, ETC. SADF model MF264 230V;FE4-1566-000;LABEL, DOCUMENT PROHIBITION;
Canon;Canon imageCLASS MF264dw;100F EXTERNAL COVERS, PANELS, ETC. SADF model MF264 230V;FC8-1370-000;SCREW, TP, M3X6;
Canon;Canon imageCLASS MF264dw;101 FRONT COVER ASSY;FM1-T713-000;BUTTON, SWITCH;
Canon;Canon imageCLASS MF264dw;101 FRONT COVER ASSY;FE8-8631-000;FLAG, PAPER SENSOR;
Canon;Canon imageCLASS MF264dw;101 FRONT COVER ASSY;WG8-5935-000;IC, PHOTO INTERRUPTER;PS10
Canon;Canon imageCLASS MF264dw;101 FRONT COVER ASSY;RM2-8273-000;POWER SWITCH PCB ASSY;
Canon;Canon imageCLASS MF264dw;101 FRONT COVER ASSY;FE8-9374-000;LABEL, SIZE;
Canon;Canon imageCLASS MF264dw;101 FRONT COVER ASSY;FM1-U146-000;FRONT COVER ASSY;
Canon;Canon imageCLASS MF264dw;102A INTERNAL COMPONENTS 1 MF269 120V;FK4-5410-000;CABLE, FLAT;
Canon;Canon imageCLASS MF264dw;102A INTERNAL COMPONENTS 1 MF269 120V;FK4-5327-000;CABLE, FLAT;
Canon;Canon imageCLASS MF264dw;102A INTERNAL COMPONENTS 1 MF269 120V;FM1-U196-000;L.V. POWER SUPPLY PCB ASSY;
Canon;Canon imageCLASS MF264dw;102A INTERNAL COMPONENTS 1 MF269 120V;RM2-8381 -000;CABLE, FLEXIBLE FLAT;
Canon;Canon imageCLASS MF264dw;102A INTERNAL COMPONENTS 1 MF269 120V;RM2-9191-000;CABLE, FLEXIBLE FLAT;
Canon;Canon imageCLASS MF264dw;102A INTERNAL COMPONENTS 1 MF269 120V;FM2-B929-000;ENGINE CONTROL PCB ASSY;
Canon;Canon imageCLASS MF264dw;102A INTERNAL COMPONENTS 1 MF269 120V;XA9-1420-000;SCREW, W/WASHER, M3X8;
Canon;Canon imageCLASS MF264dw;102A INTERNAL COMPONENTS 1 MF269 120V;XA9-1503-000;SCREW, TAP, M3X6;
Canon;Canon imageCLASS MF264dw;102A INTERNAL COMPONENTS 1 MF269 120V;FM2-F846-000;MAIN CONTROLLER PCB ASSY;
Canon;Canon imageCLASS MF264dw;102A INTERNAL COMPONENTS 1 MF269 120V;FK4-5413-000;CABLE, FLAT;
Canon;Canon imageCLASS MF264dw;102A INTERNAL COMPONENTS 1 MF269 120V;FK4-4651-000;MODULE, WLAN;
Canon;Canon imageCLASS MF264dw;102A INTERNAL COMPONENTS 1 MF269 120V;WE8-6481-000;CORE, FERRITE;
Canon;Canon imageCLASS MF264dw;102A INTERNAL COMPONENTS 1 MF269 120V;FM2-F855-000;NCU PCB ASSEMBLY;
Canon;Canon imageCLASS MF264dw;102A INTERNAL COMPONENTS 1 MF269 120V;FC8-1370-000;SCREW, TP, M3X6;
Canon;Canon imageCLASS MF264dw;102A INTERNAL COMPONENTS 1 MF269 120V;FK3-2987-000;SPEAKER;SP1
Canon;Canon imageCLASS MF264dw;102A INTERNAL COMPONENTS 1 MF269 120V;VS1-7440-002;CONNECTOR, SNAP TIGHT;
Canon;Canon imageCLASS MF264dw;102B INTERNAL COMPONENTS 1 MF267 120V;FK4-5410-000;CABLE, FLAT;
Canon;Canon imageCLASS MF264dw;102B INTERNAL COMPONENTS 1 MF267 120V;FK4-5327-000;CABLE, FLAT;
Canon;Canon imageCLASS MF264dw;102B INTERNAL COMPONENTS 1 MF267 120V;FM1-U196-000;L.V. POWER SUPPLY PCB ASSY;
Canon;Canon imageCLASS MF264dw;102B INTERNAL COMPONENTS 1 MF267 120V;RM2-8381 -000;CABLE, FLEXIBLE FLAT;
Canon;Canon imageCLASS MF264dw;102B INTERNAL COMPONENTS 1 MF267 120V;RM2-9191-000;CABLE, FLEXIBLE FLAT;
Canon;Canon imageCLASS MF264dw;102B INTERNAL COMPONENTS 1 MF267 120V;FM2-B929-000;ENGINE CONTROL PCB ASSY;
Canon;Canon imageCLASS MF264dw;102B INTERNAL COMPONENTS 1 MF267 120V;XA9-1420-000;SCREW, W/WASHER, M3X8;
Canon;Canon imageCLASS MF264dw;102B INTERNAL COMPONENTS 1 MF267 120V;XA9-1503-000;SCREW, TAP, M3X6;
Canon;Canon imageCLASS MF264dw;102B INTERNAL COMPONENTS 1 MF267 120V;FM2-F847-000;MAIN CONTROLLER PCB ASSY;
Canon;Canon imageCLASS MF264dw;102B INTERNAL COMPONENTS 1 MF267 120V;FK4-5413-000;CABLE, FLAT;
Canon;Canon imageCLASS MF264dw;102B INTERNAL COMPONENTS 1 MF267 120V;FK4-4651-000;MODULE, WLAN;
Canon;Canon imageCLASS MF264dw;102B INTERNAL COMPONENTS 1 MF267 120V;WE8-6481-000;CORE, FERRITE;
Canon;Canon imageCLASS MF264dw;102B INTERNAL COMPONENTS 1 MF267 120V;FM2-F855-000;NCU PCB ASSEMBLY;
Canon;Canon imageCLASS MF264dw;102B INTERNAL COMPONENTS 1 MF267 120V;FC8-1370-000;SCREW, TP, M3X6;
Canon;Canon imageCLASS MF264dw;102B INTERNAL COMPONENTS 1 MF267 120V;FK3-2987-000;SPEAKER;SP1
Canon;Canon imageCLASS MF264dw;102B INTERNAL COMPONENTS 1 MF267 120V;VS1-7440-002;CONNECTOR, SNAP TIGHT;
Canon;Canon imageCLASS MF264dw;102C INTERNAL COMPONENTS 1 MF264 120V;FK4-5327-000;CABLE, FLAT;
Canon;Canon imageCLASS MF264dw;102C INTERNAL COMPONENTS 1 MF264 120V;FM1-U196-000;L.V. POWER SUPPLY PCB ASSY;
Canon;Canon imageCLASS MF264dw;102C INTERNAL COMPONENTS 1 MF264 120V;RM2-8381 -000;CABLE, FLEXIBLE FLAT;
Canon;Canon imageCLASS MF264dw;102C INTERNAL COMPONENTS 1 MF264 120V;RM2-9191-000;CABLE, FLEXIBLE FLAT;
Canon;Canon imageCLASS MF264dw;102C INTERNAL COMPONENTS 1 MF264 120V;FM2-B929-000;ENGINE CONTROL PCB ASSY;
Canon;Canon imageCLASS MF264dw;102C INTERNAL COMPONENTS 1 MF264 120V;XA9-1420-000;SCREW, W/WASHER, M3X8;
Canon;Canon imageCLASS MF264dw;102C INTERNAL COMPONENTS 1 MF264 120V;XA9-1503-000;SCREW, TAP, M3X6;
Canon;Canon imageCLASS MF264dw;102C INTERNAL COMPONENTS 1 MF264 120V;FM2-F849-000;MAIN CONTROLLER PCB ASSY;
Canon;Canon imageCLASS MF264dw;102C INTERNAL COMPONENTS 1 MF264 120V;FK4-5413-000;CABLE, FLAT;
Canon;Canon imageCLASS MF264dw;102C INTERNAL COMPONENTS 1 MF264 120V;FK4-4651-000;MODULE, WLAN;
Canon;Canon imageCLASS MF264dw;102C INTERNAL COMPONENTS 1 MF264 120V;WE8-6481-000;CORE, FERRITE;
Canon;Canon imageCLASS MF264dw;102C INTERNAL COMPONENTS 1 MF264 120V;FC8-1370-000;SCREW, TP, M3X6;
Canon;Canon imageCLASS MF264dw;102D INTERNAL COMPONENTS 1 MF269 230V;FK4-5410-000;CABLE, FLAT;
Canon;Canon imageCLASS MF264dw;102D INTERNAL COMPONENTS 1 MF269 230V;FK4-5327-000;CABLE, FLAT;
Canon;Canon imageCLASS MF264dw;102D INTERNAL COMPONENTS 1 MF269 230V;FM1-U194-000;L.V. POWER SUPPLY PCB ASSY;
Canon;Canon imageCLASS MF264dw;102D INTERNAL COMPONENTS 1 MF269 230V;RM2-8381 -000;CABLE, FLEXIBLE FLAT;
Canon;Canon imageCLASS MF264dw;102D INTERNAL COMPONENTS 1 MF269 230V;RM2-9191-000;CABLE, FLEXIBLE FLAT;
Canon;Canon imageCLASS MF264dw;102D INTERNAL COMPONENTS 1 MF269 230V;FM2-B929-000;ENGINE CONTROL PCB ASSY;
Canon;Canon imageCLASS MF264dw;102D INTERNAL COMPONENTS 1 MF269 230V;XA9-1420-000;SCREW, W/WASHER, M3X8;
Canon;Canon imageCLASS MF264dw;102D INTERNAL COMPONENTS 1 MF269 230V;XA9-1503-000;SCREW, TAP, M3X6;
Canon;Canon imageCLASS MF264dw;102D INTERNAL COMPONENTS 1 MF269 230V;FM2-F846-000;MAIN CONTROLLER PCB ASSY;
Canon;Canon imageCLASS MF264dw;102D INTERNAL COMPONENTS 1 MF269 230V;FK4-5413-000;CABLE, FLAT;
Canon;Canon imageCLASS MF264dw;102D INTERNAL COMPONENTS 1 MF269 230V;FK4-4651-000;MODULE, WLAN;
Canon;Canon imageCLASS MF264dw;102D INTERNAL COMPONENTS 1 MF269 230V;WE8-6481-000;CORE, FERRITE;
Canon;Canon imageCLASS MF264dw;102D INTERNAL COMPONENTS 1 MF269 230V;FM2-F855-000;NCU PCB ASSEMBLY;
Canon;Canon imageCLASS MF264dw;102D INTERNAL COMPONENTS 1 MF269 230V;FC8-1370-000;SCREW, TP, M3X6;
Canon;Canon imageCLASS MF264dw;102D INTERNAL COMPONENTS 1 MF269 230V;FK3-2987-000;SPEAKER;SP1
Canon;Canon imageCLASS MF264dw;102D INTERNAL COMPONENTS 1 MF269 230V;VS1-7440-002;CONNECTOR, SNAP TIGHT;
Canon;Canon imageCLASS MF264dw;102F INTERNAL COMPONENTS 1 MF264 230V;FK4-5327-000;CABLE, FLAT;
Canon;Canon imageCLASS MF264dw;102F INTERNAL COMPONENTS 1 MF264 230V;FM1-U194-000;L.V. POWER SUPPLY PCB ASSY;
Canon;Canon imageCLASS MF264dw;102F INTERNAL COMPONENTS 1 MF264 230V;RM2-8381 -000;CABLE, FLEXIBLE FLAT;
Canon;Canon imageCLASS MF264dw;102F INTERNAL COMPONENTS 1 MF264 230V;RM2-9191-000;CABLE, FLEXIBLE FLAT;
Canon;Canon imageCLASS MF264dw;102F INTERNAL COMPONENTS 1 MF264 230V;FM2-B929-000;ENGINE CONTROL PCB ASSY;
Canon;Canon imageCLASS MF264dw;102F INTERNAL COMPONENTS 1 MF264 230V;XA9-1420-000;SCREW, W/WASHER, M3X8;
Canon;Canon imageCLASS MF264dw;102F INTERNAL COMPONENTS 1 MF264 230V;XA9-1503-000;SCREW, TAP, M3X6;
Canon;Canon imageCLASS MF264dw;102F INTERNAL COMPONENTS 1 MF264 230V;FM2-F849-000;MAIN CONTROLLER PCB ASSY;
Canon;Canon imageCLASS MF264dw;102F INTERNAL COMPONENTS 1 MF264 230V;FK4-5413-000;CABLE, FLAT;
Canon;Canon imageCLASS MF264dw;102F INTERNAL COMPONENTS 1 MF264 230V;FK4-4651-000;MODULE, WLAN;
Canon;Canon imageCLASS MF264dw;102F INTERNAL COMPONENTS 1 MF264 230V;WE8-6481-000;CORE, FERRITE;
Canon;Canon imageCLASS MF264dw;102F INTERNAL COMPONENTS 1 MF264 230V;FC8-1370-000;SCREW, TP, M3X6;
Canon;Canon imageCLASS MF264dw;103A INTERNAL COMPONENTS 2 120V;RC4-7980-000;LINK, PRESSURE RELEASE, LEFT;
Canon;Canon imageCLASS MF264dw;103A INTERNAL COMPONENTS 2 120V;RC4-7981-000;LINK, PRESSURE RELEASE, RIGHT;
Canon;Canon imageCLASS MF264dw;103A INTERNAL COMPONENTS 2 120V;RL1 -2593-000;ROLLER, PAPER PICK-UP;
Canon;Canon imageCLASS MF264dw;103A INTERNAL COMPONENTS 2 120V;RM2-0812-000;SEPARATION PAD HOLDER ASSY;
Canon;Canon imageCLASS MF264dw;103A INTERNAL COMPONENTS 2 120V;FM2-B920-000;ENVIRONMENT SENSOR PCB ASSY;PS1, PS2
Canon;Canon imageCLASS MF264dw;103A INTERNAL COMPONENTS 2 120V;FM1-U357-000;TRANSFER ASSY;
Canon;Canon imageCLASS MF264dw;103A INTERNAL COMPONENTS 2 120V;RM2-0835-000;FIXING ASSY;
Canon;Canon imageCLASS MF264dw;103A INTERNAL COMPONENTS 2 120V;RM2-0814-000;FIXING FILM ASSY;H1, TH1, TP1
Canon;Canon imageCLASS MF264dw;103A INTERNAL COMPONENTS 2 120V;RM2-8279-000;DELIVERY SENSOR PCB ASSY;PS4, PS5
Canon;Canon imageCLASS MF264dw;103A INTERNAL COMPONENTS 2 120V;RM2-1660-000;TRANSFER ROLLER ASSY;
Canon;Canon imageCLASS MF264dw;103A INTERNAL COMPONENTS 2 120V;RM2-0807-000;SWITCH BACK ASSY;SL3
Canon;Canon imageCLASS MF264dw;103A INTERNAL COMPONENTS 2 120V;RM2-2086-000;DUPLEXING PAPER FEED ASSY;
Canon;Canon imageCLASS MF264dw;103A INTERNAL COMPONENTS 2 120V;FM2-B921-000;PAPER PICK-UP SENSOR PCB ASSY;PS3
Canon;Canon imageCLASS MF264dw;103A INTERNAL COMPONENTS 2 120V;XA9-1503-000;SCREW, TAP, M3X6;
Canon;Canon imageCLASS MF264dw;103B INTERNAL COMPONENTS 2 230V;RC4-7980-000;LINK, PRESSURE RELEASE, LEFT;
Canon;Canon imageCLASS MF264dw;103B INTERNAL COMPONENTS 2 230V;RC4-7981-000;LINK, PRESSURE RELEASE, RIGHT;
Canon;Canon imageCLASS MF264dw;103B INTERNAL COMPONENTS 2 230V;RL1 -2593-000;ROLLER, PAPER PICK-UP;
Canon;Canon imageCLASS MF264dw;103B INTERNAL COMPONENTS 2 230V;RM2-0812-000;SEPARATION PAD HOLDER ASSY;
Canon;Canon imageCLASS MF264dw;103B INTERNAL COMPONENTS 2 230V;FM2-B920-000;ENVIRONMENT SENSOR PCB ASSY;PS1, PS2
Canon;Canon imageCLASS MF264dw;103B INTERNAL COMPONENTS 2 230V;FM1-U357-000;TRANSFER ASSY;
Canon;Canon imageCLASS MF264dw;103B INTERNAL COMPONENTS 2 230V;RM2-0836-000;FIXING ASSY;
Canon;Canon imageCLASS MF264dw;103B INTERNAL COMPONENTS 2 230V;RM2-0815-000;FIXING FILM ASSY;H1, TH1, TP1
Canon;Canon imageCLASS MF264dw;103B INTERNAL COMPONENTS 2 230V;RM2-8279-000;DELIVERY SENSOR PCB ASSY;PS4, PS5
Canon;Canon imageCLASS MF264dw;103B INTERNAL COMPONENTS 2 230V;RM2-1660-000;TRANSFER ROLLER ASSY;
Canon;Canon imageCLASS MF264dw;103B INTERNAL COMPONENTS 2 230V;RM2-0807-000;SWITCH BACK ASSY;SL3
Canon;Canon imageCLASS MF264dw;103B INTERNAL COMPONENTS 2 230V;RM2-2086-000;DUPLEXING PAPER FEED ASSY;
Canon;Canon imageCLASS MF264dw;103B INTERNAL COMPONENTS 2 230V;FM2-B921-000;PAPER PICK-UP SENSOR PCB ASSY;PS3
Canon;Canon imageCLASS MF264dw;103B INTERNAL COMPONENTS 2 230V;XA9-1503-000;SCREW, TAP, M3X6;
Canon;Canon imageCLASS MF264dw;104 INTERNAL COMPONENTS 3;RK2-1378-000;FAN;FM1
Canon;Canon imageCLASS MF264dw;104 INTERNAL COMPONENTS 3;RK2-7601-000;SOLENOID;SL2
Canon;Canon imageCLASS MF264dw;104 INTERNAL COMPONENTS 3;RM2-6911 -000;LASER SCANNER ASSY;M1
Canon;Canon imageCLASS MF264dw;104 INTERNAL COMPONENTS 3;RM2-8351 -000;MOTOR PCB ASSY;PS601
Canon;Canon imageCLASS MF264dw;104 INTERNAL COMPONENTS 3;RL2-5016-000;GUIDE, END;
Canon;Canon imageCLASS MF264dw;104 INTERNAL COMPONENTS 3;XA9-1503-000;SCREW, TAP, M3X6;
Canon;Canon imageCLASS MF264dw;104 INTERNAL COMPONENTS 3;RU5-8841-000;LABEL, ATTENTION;
Canon;Canon imageCLASS MF264dw;160A ADF ASSY DADF model;FE4-0820-000;CAP;
Canon;Canon imageCLASS MF264dw;160A ADF ASSY DADF model;FM1-F351-000;DADF COVER ASSY;
Canon;Canon imageCLASS MF264dw;160A ADF ASSY DADF model;FE4-0806-000;COVER, FRONT UPPER;
Canon;Canon imageCLASS MF264dw;160A ADF ASSY DADF model;FC6-5210-000;RETAINING RING (E-TYRE);
Canon;Canon imageCLASS MF264dw;160A ADF ASSY DADF model;FC7-6321-000;FLAG, DOCUMENT SCANNER;
Canon;Canon imageCLASS MF264dw;160A ADF ASSY DADF model;FC7-6322-000;ELIMINATOR, STATIC CHARGE;
Canon;Canon imageCLASS MF264dw;160A ADF ASSY DADF model;FC8-9210-000;PANEL, COPYBOARD;
Canon;Canon imageCLASS MF264dw;160A ADF ASSY DADF model;FC8-9251-000;ROLLER, PICK-UP;
Canon;Canon imageCLASS MF264dw;160A ADF ASSY DADF model;FC9-5060-000;BUSHING;
Canon;Canon imageCLASS MF264dw;160A ADF ASSY DADF model;FL0-3575-000;COVER, REAR;
Canon;Canon imageCLASS MF264dw;160A ADF ASSY DADF model;FL0-3573-000;HINGE, DADF;
Canon;Canon imageCLASS MF264dw;160A ADF ASSY DADF model;FL3-1023-000;ROLLER, SEPARATION;
Canon;Canon imageCLASS MF264dw;160A ADF ASSY DADF model;FE4-0805-000;COVER, DF, FRONT;
Canon;Canon imageCLASS MF264dw;160A ADF ASSY DADF model;FM1-F346-000;DOCUMENT TRAY ASSY;
Canon;Canon imageCLASS MF264dw;160A ADF ASSY DADF model;FM1-F347-000;DADF BASE ASSY;
Canon;Canon imageCLASS MF264dw;160A ADF ASSY DADF model;FE4-0738-000;TRAY, DOCUMENT;
Canon;Canon imageCLASS MF264dw;160A ADF ASSY DADF model;FM0-4439-000;SEPARATION ROLLER ASSY;
Canon;Canon imageCLASS MF264dw;160A ADF ASSY DADF model;FM0-4452-000;FEED GUIDE ASSEMBLY;
Canon;Canon imageCLASS MF264dw;160A ADF ASSY DADF model;FU5-1552-000;BUSHING;
Canon;Canon imageCLASS MF264dw;160A ADF ASSY DADF model;FU7-2869-000;SPRING, COMPRESSION;
Canon;Canon imageCLASS MF264dw;160A ADF ASSY DADF model;FU8-0473-000;GEAR, 24T;
Canon;Canon imageCLASS MF264dw;160A ADF ASSY DADF model;XA9-0476-000;SCREW,TP M3X8;
Canon;Canon imageCLASS MF264dw;160A ADF ASSY DADF model;FE4-0811-000;COVER, HANDLE;
Canon;Canon imageCLASS MF264dw;160A ADF ASSY DADF model;XD9-0219-000;PIN, DOWEL;
Canon;Canon imageCLASS MF264dw;160B ADF ASSY SADF model;FC0-1698-000;PANEL, COPYBOARD;
Canon;Canon imageCLASS MF264dw;160B ADF ASSY SADF model;FE4-0820-000;CAP;
Canon;Canon imageCLASS MF264dw;160B ADF ASSY SADF model;FC6-5210-000;RETAINING RING (E-TYRE);
Canon;Canon imageCLASS MF264dw;160B ADF ASSY SADF model;FC8-9251-000;ROLLER, PICK-UP;
Canon;Canon imageCLASS MF264dw;160B ADF ASSY SADF model;FC9-5060-000;BUSHING;
Canon;Canon imageCLASS MF264dw;160B ADF ASSY SADF model;FE4-0892-000;COVER, DF, LOWER;
Canon;Canon imageCLASS MF264dw;160B ADF ASSY SADF model;FE4-1344-000;HINGE, SADF;
Canon;Canon imageCLASS MF264dw;160B ADF ASSY SADF model;FK4-5332-000;MOTOR, STEPPING, DC;M5
Canon;Canon imageCLASS MF264dw;160B ADF ASSY SADF model;FL3-1023-000;ROLLER, SEPARATION;
Canon;Canon imageCLASS MF264dw;160B ADF ASSY SADF model;FE4-0895-000;COVER, DF, FRONT;
Canon;Canon imageCLASS MF264dw;160B ADF ASSY SADF model;FM1-F371-000;SADF BASE ASSEMBLY;
Canon;Canon imageCLASS MF264dw;160B ADF ASSY SADF model;FM1-U214-000;AUTO DOCUMENT FEEDER ASSEMBLY;
Canon;Canon imageCLASS MF264dw;160B ADF ASSY SADF model;FM0-4413-000;FEED ROLLER ASSY;
Canon;Canon imageCLASS MF264dw;160B ADF ASSY SADF model;FE4-0738-000;TRAY, DOCUMENT;
Canon;Canon imageCLASS MF264dw;160B ADF ASSY SADF model;FM0-4439-000;SEPARATION ROLLER ASSY;
Canon;Canon imageCLASS MF264dw;160B ADF ASSY SADF model;FM3-8687-000;SEPARATION PAD ASSEMBLY;
Canon;Canon imageCLASS MF264dw;160B ADF ASSY SADF model;FU0-0204-000;GEAR, 21T;
Canon;Canon imageCLASS MF264dw;160B ADF ASSY SADF model;FU5-1552-000;BUSHING;
Canon;Canon imageCLASS MF264dw;160B ADF ASSY SADF model;FU5-6711 -000;ROLLER, AUXILIARY;
Canon;Canon imageCLASS MF264dw;160B ADF ASSY SADF model;FU7-2869-000;SPRING, COMPRESSION;
Canon;Canon imageCLASS MF264dw;160B ADF ASSY SADF model;WG8-5935-000;IC, PHOTO INTERRUPTER;PS8, PS9
Canon;Canon imageCLASS MF264dw;160B ADF ASSY SADF model;XA9-0476-000;SCREW,TP M3X8;
Canon;Canon imageCLASS MF264dw;160B ADF ASSY SADF model;FE4-0889-000;COVER, REAR;
Canon;Canon imageCLASS MF264dw;160B ADF ASSY SADF model;FE4-0891-000;COVER, DF, UPPER;
Canon;Canon imageCLASS MF264dw;160B ADF ASSY SADF model;FE4-0811-000;COVER, HANDLE;
Canon;Canon imageCLASS MF264dw;160B ADF ASSY SADF model;FM1-F374-000;DOCUMENT SLIDE ASSY;
Canon;Canon imageCLASS MF264dw;160B ADF ASSY SADF model;XD9-0219-000;PIN, DOWEL;
Canon;Canon imageCLASS MF264dw;161 PAPER FEEDER ASSEMBLY DADF model;FC6-5210-000;RETAINING RING (E-TYRE);
Canon;Canon imageCLASS MF264dw;161 PAPER FEEDER ASSEMBLY DADF model;FE8-1971-000;LEVER, ROLLER RELEASE;
Canon;Canon imageCLASS MF264dw;161 PAPER FEEDER ASSEMBLY DADF model;FC7-6278-000;FLAPPER, PAPER DELIVERY;
Canon;Canon imageCLASS MF264dw;161 PAPER FEEDER ASSEMBLY DADF model;FC9-1325-000;SPRING,SEPARATION SWING ARM;
Canon;Canon imageCLASS MF264dw;161 PAPER FEEDER ASSEMBLY DADF model;FM2-D807-000;CABLE, MOTOR;
Canon;Canon imageCLASS MF264dw;161 PAPER FEEDER ASSEMBLY DADF model;FM3-8682-000;PAPER DELIVERY ASSY;
Canon;Canon imageCLASS MF264dw;161 PAPER FEEDER ASSEMBLY DADF model;FM1-G017-000;MOTOR DRIVE ASSY;M4
Canon;Canon imageCLASS MF264dw;161 PAPER FEEDER ASSEMBLY DADF model;FM3-8690-000;PAPER DELIVERY ROLLER ASSY;
Canon;Canon imageCLASS MF264dw;161 PAPER FEEDER ASSEMBLY DADF model;FM3-8686-000;GUIDE ASSEMBLY, UPPER;
Canon;Canon imageCLASS MF264dw;161 PAPER FEEDER ASSEMBLY DADF model;FM1-U198-000;SOLENOID ASSY;SL4
Canon;Canon imageCLASS MF264dw;161 PAPER FEEDER ASSEMBLY DADF model;FM4-7532-000;PAPER FEED ROLLER ASSEMBLY;
Canon;Canon imageCLASS MF264dw;161 PAPER FEEDER ASSEMBLY DADF model;FU5-1552-000;BUSHING;
Canon;Canon imageCLASS MF264dw;161 PAPER FEEDER ASSEMBLY DADF model;FU6-2249-000;SPRING, COMPRESSION;
Canon;Canon imageCLASS MF264dw;161 PAPER FEEDER ASSEMBLY DADF model;FU7-2021 -000;SPRING, COMPRESSION;
Canon;Canon imageCLASS MF264dw;161 PAPER FEEDER ASSEMBLY DADF model;WG8-5935-000;IC, PHOTO INTERRUPTER;PS6, PS7
Canon;Canon imageCLASS MF264dw;161 PAPER FEEDER ASSEMBLY DADF model;FC7-6052-010;RATCHET, PAPER FEED ROLLER;
Canon;Canon imageCLASS MF264dw;161 PAPER FEEDER ASSEMBLY DADF model;FC8-9214-000;LEVER, RELEASE;
Canon;Canon imageCLASS MF264dw;161 PAPER FEEDER ASSEMBLY DADF model;FL3-1018-000;ARM, SEPARATION SWING;
Canon;Canon imageCLASS MF264dw;161 PAPER FEEDER ASSEMBLY DADF model;FU5-6711 -000;ROLLER, AUXILIARY;
Canon;Canon imageCLASS MF264dw;161 PAPER FEEDER ASSEMBLY DADF model;FU7-0668-000;GEAR, 54T;
Canon;Canon imageCLASS MF264dw;161 PAPER FEEDER ASSEMBLY DADF model;FU7-0669-000;GEAR, 46T/23T;
Canon;Canon imageCLASS MF264dw;161 PAPER FEEDER ASSEMBLY DADF model;FU7-0671-000;GEAR, 36T;
Canon;Canon imageCLASS MF264dw;161 PAPER FEEDER ASSEMBLY DADF model;FU7-0676-000;GEAR, 21T/42T;
Canon;Canon imageCLASS MF264dw;161 PAPER FEEDER ASSEMBLY DADF model;FU7-0678-000;GEAR, 51T/17T;
Canon;Canon imageCLASS MF264dw;161 PAPER FEEDER ASSEMBLY DADF model;FU7-2868-000;SPRING, TENSION;
Canon;Canon imageCLASS MF264dw;161 PAPER FEEDER ASSEMBLY DADF model;FU8-0472-000;GEAR, 20T;
Canon;Canon imageCLASS MF264dw;161 PAPER FEEDER ASSEMBLY DADF model;FM2-D810-000;CABLE, GROUNDING;
Canon;Canon imageCLASS MF264dw;161 PAPER FEEDER ASSEMBLY DADF model;FM2-D936-000;CABLE, SENSOR;
Canon;Canon imageCLASS MF264dw;161 PAPER FEEDER ASSEMBLY DADF model;FM3-8687-000;SEPARATION PAD ASSEMBLY;
Canon;Canon imageCLASS MF264dw;400A READER ASSEMBLY DADF model 120V US, CA, LTN;FC0-1945-000;SPACER, CIS;
Canon;Canon imageCLASS MF264dw;400A READER ASSEMBLY DADF model 120V US, CA, LTN;FE2-2498-000;LINK, TILT;
Canon;Canon imageCLASS MF264dw;400A READER ASSEMBLY DADF model 120V US, CA, LTN;FE2-3233-000;BELT, TIMING;
Canon;Canon imageCLASS MF264dw;400A READER ASSEMBLY DADF model 120V US, CA, LTN;FK4-2086-000;CONTACT IMAGE SENSOR,HV12I-V02;CIS
Canon;Canon imageCLASS MF264dw;400A READER ASSEMBLY DADF model 120V US, CA, LTN;FK4-5333-000;CABLE, FLAT;
Canon;Canon imageCLASS MF264dw;400A READER ASSEMBLY DADF model 120V US, CA, LTN;FK4-5404-000;CABLE, FLAT;
Canon;Canon imageCLASS MF264dw;400A READER ASSEMBLY DADF model 120V US, CA, LTN;FL3-5062-000;IDLER PULLEY HOLDER ASSY;
Canon;Canon imageCLASS MF264dw;400A READER ASSEMBLY DADF model 120V US, CA, LTN;FL1-2224-000;GLASS, COPYBOARD;
Canon;Canon imageCLASS MF264dw;400A READER ASSEMBLY DADF model 120V US, CA, LTN;FM1-U216-000;DC MOTOR ASSY;M3
Canon;Canon imageCLASS MF264dw;400A READER ASSEMBLY DADF model 120V US, CA, LTN;XA9-0476-000;SCREW,TP M3X8;
Canon;Canon imageCLASS MF264dw;400A READER ASSEMBLY DADF model 120V US, CA, LTN;FU6-2873-000;SPRING, COMPRESSION;
Canon;Canon imageCLASS MF264dw;400A READER ASSEMBLY DADF model 120V US, CA, LTN;FE8-9744-000;GUIDE, READER HINGE RAIL;
Canon;Canon imageCLASS MF264dw;400A READER ASSEMBLY DADF model 120V US, CA, LTN;FM1-U199-000;READER ASSEMBLY;DADF model 120V US, CA, LTN
Canon;Canon imageCLASS MF264dw;400B READER ASSEMBLY SADF model MF267 120V US, CA;FC0-1945-000;SPACER, CIS;
Canon;Canon imageCLASS MF264dw;400B READER ASSEMBLY SADF model MF267 120V US, CA;FE2-2498-000;LINK, TILT;
Canon;Canon imageCLASS MF264dw;400B READER ASSEMBLY SADF model MF267 120V US, CA;FE2-3233-000;BELT, TIMING;
Canon;Canon imageCLASS MF264dw;400B READER ASSEMBLY SADF model MF267 120V US, CA;FK4-2086-000;CONTACT IMAGE SENSOR,HV12I-V02;CIS
Canon;Canon imageCLASS MF264dw;400B READER ASSEMBLY SADF model MF267 120V US, CA;FK4-5333-000;CABLE, FLAT;
Canon;Canon imageCLASS MF264dw;400B READER ASSEMBLY SADF model MF267 120V US, CA;FK4-5404-000;CABLE, FLAT;
Canon;Canon imageCLASS MF264dw;400B READER ASSEMBLY SADF model MF267 120V US, CA;FL3-5062-000;IDLER PULLEY HOLDER ASSY;
Canon;Canon imageCLASS MF264dw;400B READER ASSEMBLY SADF model MF267 120V US, CA;FL1-2225-000;GLASS, COPYBOARD;
Canon;Canon imageCLASS MF264dw;400B READER ASSEMBLY SADF model MF267 120V US, CA;FM1-U216-000;DC MOTOR ASSY;M3
Canon;Canon imageCLASS MF264dw;400B READER ASSEMBLY SADF model MF267 120V US, CA;XA9-0476-000;SCREW,TP M3X8;
Canon;Canon imageCLASS MF264dw;400B READER ASSEMBLY SADF model MF267 120V US, CA;FU6-2873-000;SPRING, COMPRESSION;
Canon;Canon imageCLASS MF264dw;400B READER ASSEMBLY SADF model MF267 120V US, CA;FE8-9744-000;GUIDE, READER HINGE RAIL;
Canon;Canon imageCLASS MF264dw;400B READER ASSEMBLY SADF model MF267 120V US, CA;FM1-U203-000;READER ASSEMBLY;SADF model MF267 120V US, CA
Canon;Canon imageCLASS MF264dw;400C READER ASSEMBLY SADF model MF264 120V;FC0-1945-000;SPACER, CIS;
Canon;Canon imageCLASS MF264dw;400C READER ASSEMBLY SADF model MF264 120V;FE2-2498-000;LINK, TILT;
Canon;Canon imageCLASS MF264dw;400C READER ASSEMBLY SADF model MF264 120V;FE2-3233-000;BELT, TIMING;
Canon;Canon imageCLASS MF264dw;400C READER ASSEMBLY SADF model MF264 120V;FK4-2086-000;CONTACT IMAGE SENSOR,HV12I-V02;CIS
Canon;Canon imageCLASS MF264dw;400C READER ASSEMBLY SADF model MF264 120V;FK4-5333-000;CABLE, FLAT;
Canon;Canon imageCLASS MF264dw;400C READER ASSEMBLY SADF model MF264 120V;FK4-5407-000;CABLE, FLAT;
Canon;Canon imageCLASS MF264dw;400C READER ASSEMBLY SADF model MF264 120V;FL3-5062-000;IDLER PULLEY HOLDER ASSY;
Canon;Canon imageCLASS MF264dw;400C READER ASSEMBLY SADF model MF264 120V;FL3-5071-000;GLASS, COPYBOARD;
Canon;Canon imageCLASS MF264dw;400C READER ASSEMBLY SADF model MF264 120V;FM1-U216-000;DC MOTOR ASSY;M3
Canon;Canon imageCLASS MF264dw;400C READER ASSEMBLY SADF model MF264 120V;XA9-0476-000;SCREW,TP M3X8;
Canon;Canon imageCLASS MF264dw;400C READER ASSEMBLY SADF model MF264 120V;FU6-2873-000;SPRING, COMPRESSION;
Canon;Canon imageCLASS MF264dw;400C READER ASSEMBLY SADF model MF264 120V;FE8-9744-000;GUIDE, READER HINGE RAIL;
Canon;Canon imageCLASS MF264dw;400C READER ASSEMBLY SADF model MF264 120V;FM1-U207-000;READER ASSEMBLY;SADF model MF264 120V
Canon;Canon imageCLASS MF264dw;400D READER ASSEMBLY DADF model 230V;FC0-1945-000;SPACER, CIS;
Canon;Canon imageCLASS MF264dw;400D READER ASSEMBLY DADF model 230V;FE2-2498-000;LINK, TILT;
Canon;Canon imageCLASS MF264dw;400D READER ASSEMBLY DADF model 230V;FE2-3233-000;BELT, TIMING;
Canon;Canon imageCLASS MF264dw;400D READER ASSEMBLY DADF model 230V;FK4-2086-000;CONTACT IMAGE SENSOR,HV12I-V02;CIS
Canon;Canon imageCLASS MF264dw;400D READER ASSEMBLY DADF model 230V;FK4-5333-000;CABLE, FLAT;
Canon;Canon imageCLASS MF264dw;400D READER ASSEMBLY DADF model 230V;FK4-5404-000;CABLE, FLAT;
Canon;Canon imageCLASS MF264dw;400D READER ASSEMBLY DADF model 230V;FL3-5062-000;IDLER PULLEY HOLDER ASSY;
Canon;Canon imageCLASS MF264dw;400D READER ASSEMBLY DADF model 230V;FL1-2224-000;GLASS, COPYBOARD;
Canon;Canon imageCLASS MF264dw;400D READER ASSEMBLY DADF model 230V;FM1-U216-000;DC MOTOR ASSY;M3
Canon;Canon imageCLASS MF264dw;400D READER ASSEMBLY DADF model 230V;XA9-0476-000;SCREW,TP M3X8;
Canon;Canon imageCLASS MF264dw;400D READER ASSEMBLY DADF model 230V;FU6-2873-000;SPRING, COMPRESSION;
Canon;Canon imageCLASS MF264dw;400D READER ASSEMBLY DADF model 230V;FE8-9744-000;GUIDE, READER HINGE RAIL;
Canon;Canon imageCLASS MF264dw;400D READER ASSEMBLY DADF model 230V;FM1-U201 -000;READER ASSEMBLY;DADF model 230V
Canon;Canon imageCLASS MF264dw;400F READER ASSEMBLY SADF model MF264 230V;FC0-1945-000;SPACER, CIS;
Canon;Canon imageCLASS MF264dw;400F READER ASSEMBLY SADF model MF264 230V;FE2-2498-000;LINK, TILT;
Canon;Canon imageCLASS MF264dw;400F READER ASSEMBLY SADF model MF264 230V;FE2-3233-000;BELT, TIMING;
Canon;Canon imageCLASS MF264dw;400F READER ASSEMBLY SADF model MF264 230V;FK4-2086-000;CONTACT IMAGE SENSOR,HV12I-V02;CIS
Canon;Canon imageCLASS MF264dw;400F READER ASSEMBLY SADF model MF264 230V;FK4-5333-000;CABLE, FLAT;
Canon;Canon imageCLASS MF264dw;400F READER ASSEMBLY SADF model MF264 230V;FK4-5407-000;CABLE, FLAT;
Canon;Canon imageCLASS MF264dw;400F READER ASSEMBLY SADF model MF264 230V;FL3-5062-000;IDLER PULLEY HOLDER ASSY;
Canon;Canon imageCLASS MF264dw;400F READER ASSEMBLY SADF model MF264 230V;FL3-5071-000;GLASS, COPYBOARD;
Canon;Canon imageCLASS MF264dw;400F READER ASSEMBLY SADF model MF264 230V;FM1-U216-000;DC MOTOR ASSY;M3
Canon;Canon imageCLASS MF264dw;400F READER ASSEMBLY SADF model MF264 230V;XA9-0476-000;SCREW,TP M3X8;
Canon;Canon imageCLASS MF264dw;400F READER ASSEMBLY SADF model MF264 230V;FU6-2873-000;SPRING, COMPRESSION;
Canon;Canon imageCLASS MF264dw;400F READER ASSEMBLY SADF model MF264 230V;FE8-9744-000;GUIDE, READER HINGE RAIL;
Canon;Canon imageCLASS MF264dw;400F READER ASSEMBLY SADF model MF264 230V;FM1-U209-000;READER ASSEMBLY;SADF model MF264 230V
