Canon;Canon imageCLASS LBP323x;EXTERNAL COVERS, PANELS, ETC.;FE8-0822-000;TRAY, PAPER DELIVERY;
Canon;Canon imageCLASS LBP323x;EXTERNAL COVERS, PANELS, ETC.;FE8-0827-000;BUSHING, M.P. COVER;
Canon;Canon imageCLASS LBP323x;EXTERNAL COVERS, PANELS, ETC.;FE8-0829-000;COVER, RIGHT;
Canon;Canon imageCLASS LBP323x;EXTERNAL COVERS, PANELS, ETC.;FE8-0867-000;COVER, WINDOW, RIGHT;
Canon;Canon imageCLASS LBP323x;EXTERNAL COVERS, PANELS, ETC.;FM1-N759-000;CARTRIDGE DOOR ASSY;
Canon;Canon imageCLASS LBP323x;EXTERNAL COVERS, PANELS, ETC.;RC4-3002-000;SHAFT, SUPPORT;
Canon;Canon imageCLASS LBP323x;EXTERNAL COVERS, PANELS, ETC.;RC4-4479-000;LINK, PRESSURE RELEASE;
Canon;Canon imageCLASS LBP323x;EXTERNAL COVERS, PANELS, ETC.;FM1-N489-000;TOP COVER ASSY;
Canon;Canon imageCLASS LBP323x;EXTERNAL COVERS, PANELS, ETC.;FM1-N490-000;REAR DOOR ASSY;
Canon;Canon imageCLASS LBP323x;EXTERNAL COVERS, PANELS, ETC.;FM1-N491 -000;LEFT COVER ASSY;
Canon;Canon imageCLASS LBP323x;EXTERNAL COVERS, PANELS, ETC.;FM1-N496-000;OPERATION PANEL ASSY;UN20, UN21
Canon;Canon imageCLASS LBP323x;EXTERNAL COVERS, PANELS, ETC.;FU2-1858-000;LABEL, CASSETTE OPERATOR;
Canon;Canon imageCLASS LBP323x;EXTERNAL COVERS, PANELS, ETC.;FU2-1860-000;LABEL, HIGH TMP. CAUTION;
Canon;Canon imageCLASS LBP323x;EXTERNAL COVERS, PANELS, ETC.;FE8-0835-000;COVER, IOT;
Canon;Canon imageCLASS LBP323x;EXTERNAL COVERS, PANELS, ETC.;XA9-1503-000;SCREW, TAP, M3X6;
Canon;Canon imageCLASS LBP323x;INTERNAL COMPONENTS 1;RK2-0534-000;MICROSWITCH;SW2
Canon;Canon imageCLASS LBP323x;INTERNAL COMPONENTS 1;RK2-1378-000;FAN;FM1
Canon;Canon imageCLASS LBP323x;INTERNAL COMPONENTS 1;RK2-8657-000;CABLE, FLEXIBLE FLAT;
Canon;Canon imageCLASS LBP323x;INTERNAL COMPONENTS 1;RK2-6260-000;CABLE, FLEXIBLE FLAT;
Canon;Canon imageCLASS LBP323x;INTERNAL COMPONENTS 1;RM3-7424-000;H.V. POWER SUPPLY PCB ASSY;UN1
Canon;Canon imageCLASS LBP323x;INTERNAL COMPONENTS 1;RM2-2891 -000;LASER SCANNER ASSY;M3, UN5
Canon;Canon imageCLASS LBP323x;INTERNAL COMPONENTS 1;RM2-2596-000;TAG CABLE ASSY;
Canon;Canon imageCLASS LBP323x;INTERNAL COMPONENTS 1;XA9-1420-000;SCREW, W/WASHER, M3X8;
Canon;Canon imageCLASS LBP323x;INTERNAL COMPONENTS 1;XA9-1670-000;SCREW, D, M3X6;
Canon;Canon imageCLASS LBP323x;INTERNAL COMPONENTS 1;FU2-2983-000;LABEL, SAFETY MARK, GEAR;
Canon;Canon imageCLASS LBP323x;INTERNAL COMPONENTS 2;FM1-W154-000;FIXING ASSY;H1, TP1, TH1, PS13, FU1, FU2
Canon;Canon imageCLASS LBP323x;INTERNAL COMPONENTS 2;FM1-N488-000;CASSETTE ASSY;
Canon;Canon imageCLASS LBP323x;INTERNAL COMPONENTS 2;FU2-1855-000;LABEL, CST. PAPER SIZE;
Canon;Canon imageCLASS LBP323x;INTERNAL COMPONENTS 2;RM2-8684-000;MAIN MOTOR ASSY;M1
Canon;Canon imageCLASS LBP323x;INTERNAL COMPONENTS 2;RM2-5746-000;BACK END LIMIT ASSEMBLY;
Canon;Canon imageCLASS LBP323x;INTERNAL COMPONENTS 2;FE8-0847-000;LEVER, SWITCH;
Canon;Canon imageCLASS LBP323x;INTERNAL COMPONENTS 2;FK4-4043-000;CABLE, USB INTERFACE;
Canon;Canon imageCLASS LBP323x;INTERNAL COMPONENTS 2;FM1-V946-000;SWITCH PCB ASSY;SW1
Canon;Canon imageCLASS LBP323x;INTERNAL COMPONENTS 2;FM1-X808-000;CABLE, MAIN SWITCH;
Canon;Canon imageCLASS LBP323x;INTERNAL COMPONENTS 2;XA9-1503-000;SCREW, TAP, M3X6;
Canon;Canon imageCLASS LBP323x;INTERNAL COMPONENTS 2;XA9-1670-000;SCREW, D, M3X6;
Canon;Canon imageCLASS LBP323x;INTERNAL COMPONENTS 2;RC4-3219-000;COVER, FULL DETECT SENSOR;
Canon;Canon imageCLASS LBP323x;INTERNAL COMPONENTS 2;RM2-5689-000;FILM BIAS ASSY;
Canon;Canon imageCLASS LBP323x;INTERNAL COMPONENTS 2;RM2-8514-000;PAPER RE-PICK UP CLUTCH ASSY;CL2
Canon;Canon imageCLASS LBP323x;INTERNAL COMPONENTS 2;RM2-5666-000;PAPER RE-PICK UP ASSY;
Canon;Canon imageCLASS LBP323x;INTERNAL COMPONENTS 2;RC4-3071-000;SHEET;
Canon;Canon imageCLASS LBP323x;INTERNAL COMPONENTS 2;RM2-5741 -000;PAPER PICK-UP ROLLER ASSY;
Canon;Canon imageCLASS LBP323x;INTERNAL COMPONENTS 2;RM2-5745-000;SEPARATION ROLLER ASSY;
Canon;Canon imageCLASS LBP323x;INTERNAL COMPONENTS 3;RM1-4023-000;ROLLER, TRANSFER;
Canon;Canon imageCLASS LBP323x;INTERNAL COMPONENTS 3;RC4-3133-000;HOLDER, TRANSFER ROLLER, RIGHT;
Canon;Canon imageCLASS LBP323x;INTERNAL COMPONENTS 3;RC4-3134-000;HOLDER, TRANSFER ROLLER, LEFT;
Canon;Canon imageCLASS LBP323x;INTERNAL COMPONENTS 3;XA9-1670-000;SCREW, D, M3X6;
Canon;Canon imageCLASS LBP323x;INTERNAL COMPONENTS 3;RU8-2935-000;SPRING, COMPRESSION;
Canon;Canon imageCLASS LBP323x;INTERNAL COMPONENTS 3;RL2-0656-000;ROLLER, MULTI-PURPOSE;
Canon;Canon imageCLASS LBP323x;INTERNAL COMPONENTS 3;RL2-0657-000;PAD, MULTI-PURPOSE SEPARATION;
Canon;Canon imageCLASS LBP323x;INTERNAL COMPONENTS 3;FM1-N761-000;REGISTRATION ASSY;
Canon;Canon imageCLASS LBP323x;INTERNAL COMPONENTS 3;RM2-5700-000;MULTI-PURPOSE GEAR ASSY;
Canon;Canon imageCLASS LBP323x;INTERNAL COMPONENTS 3;RM1-5421 -000;SOLENOID ASSY;SL3
Canon;Canon imageCLASS LBP323x;INTERNAL COMPONENTS 3;RC4-3010-000;HINGE, CARTRIDGE DOOR, LEFT;
Canon;Canon imageCLASS LBP323x;INTERNAL COMPONENTS 3;FM2-M823-000;DC CONTROLLER PCB ASSY;UN6
Canon;Canon imageCLASS LBP323x;INTERNAL COMPONENTS 3;FK4-4208-000;CABLE, FLEXIBLE FLAT;
Canon;Canon imageCLASS LBP323x;INTERNAL COMPONENTS 4;FC5-7039-000;SCREW, FIXED;
Canon;Canon imageCLASS LBP323x;INTERNAL COMPONENTS 4;FM1-V987-000;FIXING POWER SUPPLY PCB ASSY;UN14
Canon;Canon imageCLASS LBP323x;INTERNAL COMPONENTS 4;FM1-V995-000;L.V.POWER SUPPLY PCB ASSY;UN13
Canon;Canon imageCLASS LBP323x;INTERNAL COMPONENTS 4;FM1-X807-000;CABLE, LVPS;
Canon;Canon imageCLASS LBP323x;INTERNAL COMPONENTS 4;RK2-1378-000;FAN;FM2
Canon;Canon imageCLASS LBP323x;INTERNAL COMPONENTS 4;RM2-5715-000;PAPER FEED DRIVE ASSY;M2, M4, SL1
Canon;Canon imageCLASS LBP323x;INTERNAL COMPONENTS 4;XA9-1503-000;SCREW, TAP, M3X6;
Canon;Canon imageCLASS LBP323x;INTERNAL COMPONENTS 4;XA9-1420-000;SCREW, W/WASHER, M3X8;
Canon;Canon imageCLASS LBP323x;MAIN CONTROLLER PCB ASSEMBLY;FM2-J989-000;MAIN CONTROLLER PCB ASSEMBLY;UN11
