Canon;Canon imageCLASS LBP151dw;100A EXTERNAL COVERS, PANELS, ETC.;FE8-0771-000;COVER, RIGHT;
Canon;Canon imageCLASS LBP151dw;100A EXTERNAL COVERS, PANELS, ETC.;FE8-0772-000;COVER, LEFT;
Canon;Canon imageCLASS LBP151dw;100A EXTERNAL COVERS, PANELS, ETC.;FM1-L523-000;CARTRIDGE DOOR ASSY;
Canon;Canon imageCLASS LBP151dw;100A EXTERNAL COVERS, PANELS, ETC.;FE8-0775-000;TRAY, PAPER DELIVERY;
Canon;Canon imageCLASS LBP151dw;100A EXTERNAL COVERS, PANELS, ETC.;FM1-F369-000;DUPLEXING DOOR ASSY;
Canon;Canon imageCLASS LBP151dw;100A EXTERNAL COVERS, PANELS, ETC.;FM1-F392-000;DUPLEXING FRAME ASSY;
Canon;Canon imageCLASS LBP151dw;100A EXTERNAL COVERS, PANELS, ETC.;FE8-0773-000;COVER, FACE-DOWN;
Canon;Canon imageCLASS LBP151dw;100A EXTERNAL COVERS, PANELS, ETC.;FC8-1370-000;SCREW, TP, M3X6;
Canon;Canon imageCLASS LBP151dw;100A EXTERNAL COVERS, PANELS, ETC.;NPN;EXTERNAL COVERS, PANELS, ETC.;
Canon;Canon imageCLASS LBP151dw;101A FRONT COVER ASSY;FM1-L519-000;FRONT COVER ASSY;
Canon;Canon imageCLASS LBP151dw;101A FRONT COVER ASSY;FE8-0789-000;COVER, LED;
Canon;Canon imageCLASS LBP151dw;101A FRONT COVER ASSY;FM1-L521-000;FUNCTION KEY ASSEMBLY;
Canon;Canon imageCLASS LBP151dw;101A FRONT COVER ASSY;FM1-U978-000;PANEL FRONT PCB ASSY;
Canon;Canon imageCLASS LBP151dw;101A FRONT COVER ASSY;FM1-U980-000;CABLE, PANEL;
Canon;Canon imageCLASS LBP151dw;101A FRONT COVER ASSY;FM1-L522-000;POWER KEY ASSEMBLY;
Canon;Canon imageCLASS LBP151dw;101A FRONT COVER ASSY;FE8-0793-000;SPRING, COMPRESSION;
Canon;Canon imageCLASS LBP151dw;101A FRONT COVER ASSY;FL0-3567-000;COVER, PAPER PICK-UP;
Canon;Canon imageCLASS LBP151dw;101A FRONT COVER ASSY;FE4-0927-000;LABEL, SIZE INSTRUCTION;
Canon;Canon imageCLASS LBP151dw;101A FRONT COVER ASSY;FE4-0916-000;COVER, DUST, 2;
Canon;Canon imageCLASS LBP151dw;101A FRONT COVER ASSY;FM1-F366-000;DUST COVER ASSEMBLY;
Canon;Canon imageCLASS LBP151dw;101A FRONT COVER ASSY;FM1-F364-000;MULTI TRAY ASSEMBLY;
Canon;Canon imageCLASS LBP151dw;101A FRONT COVER ASSY;FC0-1663-000;PLATE, EXTENSION;
Canon;Canon imageCLASS LBP151dw;101A FRONT COVER ASSY;FC0-1664-000;STOPPER,PAPER;
Canon;Canon imageCLASS LBP151dw;101A FRONT COVER ASSY;FM1-L517-000;FRONT COVER ASSY;
Canon;Canon imageCLASS LBP151dw;102A INTERNAL COMPONENTS 1(120V);FE8-0778-000;LINK, PRESSURE RELEASE, LEFT;
Canon;Canon imageCLASS LBP151dw;102A INTERNAL COMPONENTS 1(120V);FE8-0779-000;LINK, PRESSURE RELEASE, RIGHT;
Canon;Canon imageCLASS LBP151dw;102A INTERNAL COMPONENTS 1(120V);FC0-1789-000;SPRING;
Canon;Canon imageCLASS LBP151dw;102A INTERNAL COMPONENTS 1(120V);FC8-1367-000;SCREW, W/WASHER, M3X8;
Canon;Canon imageCLASS LBP151dw;102A INTERNAL COMPONENTS 1(120V);FC8-1368-000;SCREW, M3X6;
Canon;Canon imageCLASS LBP151dw;102A INTERNAL COMPONENTS 1(120V);FC8-1370-000;SCREW, TP, M3X6;
Canon;Canon imageCLASS LBP151dw;102A INTERNAL COMPONENTS 1(120V);FK4-3523-000;CABLE, FLAT;
Canon;Canon imageCLASS LBP151dw;102A INTERNAL COMPONENTS 1(120V);FK4-3183-000;FAN;FM2,FM3
Canon;Canon imageCLASS LBP151dw;102A INTERNAL COMPONENTS 1(120V);FK4-3506-000;CABLE, FLAT;
Canon;Canon imageCLASS LBP151dw;102A INTERNAL COMPONENTS 1(120V);VS1 -7440-003;CONNECTOR, SNAP TIGHT;
Canon;Canon imageCLASS LBP151dw;102A INTERNAL COMPONENTS 1(120V);FK4-1248-020;MODULE, WLAN;
Canon;Canon imageCLASS LBP151dw;102A INTERNAL COMPONENTS 1(120V);FM1-F266-000;ROLLER HOLDER ASSEMBLY;
Canon;Canon imageCLASS LBP151dw;102A INTERNAL COMPONENTS 1(120V);FM1-F264-000;FIXING PAPER DELIVERY ASSY;H1,PS701,PS702, TH1,TP1
Canon;Canon imageCLASS LBP151dw;102A INTERNAL COMPONENTS 1(120V);FM1-P832-000;CABLE, FAN;
Canon;Canon imageCLASS LBP151dw;102A INTERNAL COMPONENTS 1(120V);FM1-U985-000;ENGINE CONTROL PCB ASSY;SW501
Canon;Canon imageCLASS LBP151dw;102A INTERNAL COMPONENTS 1(120V);FM4-6895-000;SWITCH LEVER ASSY;
Canon;Canon imageCLASS LBP151dw;102A INTERNAL COMPONENTS 1(120V);NPN;INTERNAL COMPONENTS 1;120V
Canon;Canon imageCLASS LBP151dw;102B INTERNAL COMPONENTS 1(230V);FE8-0778-000;LINK, PRESSURE RELEASE, LEFT;
Canon;Canon imageCLASS LBP151dw;102B INTERNAL COMPONENTS 1(230V);FE8-0779-000;LINK, PRESSURE RELEASE, RIGHT;
Canon;Canon imageCLASS LBP151dw;102B INTERNAL COMPONENTS 1(230V);FC0-1789-000;SPRING;
Canon;Canon imageCLASS LBP151dw;102B INTERNAL COMPONENTS 1(230V);FC8-1367-000;SCREW, W/WASHER, M3X8;
Canon;Canon imageCLASS LBP151dw;102B INTERNAL COMPONENTS 1(230V);FC8-1368-000;SCREW, M3X6;
Canon;Canon imageCLASS LBP151dw;102B INTERNAL COMPONENTS 1(230V);FC8-1370-000;SCREW, TP, M3X6;
Canon;Canon imageCLASS LBP151dw;102B INTERNAL COMPONENTS 1(230V);FK4-3523-000;CABLE, FLAT;
Canon;Canon imageCLASS LBP151dw;102B INTERNAL COMPONENTS 1(230V);FK4-3183-000;FAN;FM2,FM3
Canon;Canon imageCLASS LBP151dw;102B INTERNAL COMPONENTS 1(230V);FK4-3506-000;CABLE, FLAT;
Canon;Canon imageCLASS LBP151dw;102B INTERNAL COMPONENTS 1(230V);VS1 -7440-003;CONNECTOR, SNAP TIGHT;
Canon;Canon imageCLASS LBP151dw;102B INTERNAL COMPONENTS 1(230V);FK4-1248-020;MODULE, WLAN;
Canon;Canon imageCLASS LBP151dw;102B INTERNAL COMPONENTS 1(230V);FM1-F266-000;ROLLER HOLDER ASSEMBLY;
Canon;Canon imageCLASS LBP151dw;102B INTERNAL COMPONENTS 1(230V);FM1-F342-000;FIXING PAPER DELIVERY ASSY;H1,PS701,PS702, TH1,TP1
Canon;Canon imageCLASS LBP151dw;102B INTERNAL COMPONENTS 1(230V);FM1-J960-000;CABLE, FAN;
Canon;Canon imageCLASS LBP151dw;102B INTERNAL COMPONENTS 1(230V);FM1-U986-000;ENGINE CONTROL PCB ASSY;SW501
Canon;Canon imageCLASS LBP151dw;102B INTERNAL COMPONENTS 1(230V);FM4-6895-000;SWITCH LEVER ASSY;
Canon;Canon imageCLASS LBP151dw;102B INTERNAL COMPONENTS 1(230V);NPN;INTERNAL COMPONENTS 1;230V
Canon;Canon imageCLASS LBP151dw;103A INTERNAL COMPONENTS 2(120V);FC8-1368-000;SCREW, M3X6;
Canon;Canon imageCLASS LBP151dw;103A INTERNAL COMPONENTS 2(120V);FC8-1369-000;SCREW, M3X10;
Canon;Canon imageCLASS LBP151dw;103A INTERNAL COMPONENTS 2(120V);FC8-1370-000;SCREW, TP, M3X6;
Canon;Canon imageCLASS LBP151dw;103A INTERNAL COMPONENTS 2(120V);FC0-1590-000;LINK, DOOR 2;
Canon;Canon imageCLASS LBP151dw;103A INTERNAL COMPONENTS 2(120V);FM1-F653-000;PHOTO SENSOR ASSY, MULTI;PS1
Canon;Canon imageCLASS LBP151dw;103A INTERNAL COMPONENTS 2(120V);FE8-0777-000;LINK, DOOR 3;
Canon;Canon imageCLASS LBP151dw;103A INTERNAL COMPONENTS 2(120V);FM1-L533-000;PAPER PICK-UP ASSY;PS2,SL1
Canon;Canon imageCLASS LBP151dw;103A INTERNAL COMPONENTS 2(120V);FM1-F328-000;LASER SCANNER ASSY;M2
Canon;Canon imageCLASS LBP151dw;103A INTERNAL COMPONENTS 2(120V);FM0-4131-000;MOTOR PCB ASSY;PS1151
Canon;Canon imageCLASS LBP151dw;103A INTERNAL COMPONENTS 2(120V);FM0-4133-000;PAPER PICK-UP SENSOR PCB ASSY;PS751
Canon;Canon imageCLASS LBP151dw;103A INTERNAL COMPONENTS 2(120V);FM4-6893-000;SEPARATION PAD ASSY;
Canon;Canon imageCLASS LBP151dw;103A INTERNAL COMPONENTS 2(120V);FM4-7064-000;DUPLEXING PCB ASSY;
Canon;Canon imageCLASS LBP151dw;103A INTERNAL COMPONENTS 2(120V);FM1-G033-000;MOTOR, DC24V;M1
Canon;Canon imageCLASS LBP151dw;103A INTERNAL COMPONENTS 2(120V);RC2-1182-000;ROLLER, TRANSFER;
Canon;Canon imageCLASS LBP151dw;103A INTERNAL COMPONENTS 2(120V);RK2-0420-000;SOLENOID;SL2
Canon;Canon imageCLASS LBP151dw;103A INTERNAL COMPONENTS 2(120V);RK2-3438-000;FAN;FM1
Canon;Canon imageCLASS LBP151dw;103A INTERNAL COMPONENTS 2(120V);RL1-1497-000;ROLLER, PICK-UP;
Canon;Canon imageCLASS LBP151dw;103A INTERNAL COMPONENTS 2(120V);FU9-0289-000;GEAR, 34T;
Canon;Canon imageCLASS LBP151dw;103A INTERNAL COMPONENTS 2(120V);FC0-1589-000;LINK, DOOR 1;
Canon;Canon imageCLASS LBP151dw;103A INTERNAL COMPONENTS 2(120V);NPN;INTERNAL COMPONENTS 2;120V
Canon;Canon imageCLASS LBP151dw;103B INTERNAL COMPONENTS 2(230V);FC8-1368-000;SCREW, M3X6;
Canon;Canon imageCLASS LBP151dw;103B INTERNAL COMPONENTS 2(230V);FC8-1369-000;SCREW, M3X10;
Canon;Canon imageCLASS LBP151dw;103B INTERNAL COMPONENTS 2(230V);FC8-1370-000;SCREW, TP, M3X6;
Canon;Canon imageCLASS LBP151dw;103B INTERNAL COMPONENTS 2(230V);FC0-1590-000;LINK, DOOR 2;
Canon;Canon imageCLASS LBP151dw;103B INTERNAL COMPONENTS 2(230V);FM0-3656-000;PHOTO SENSOR ASSY, MULTI;PS1
Canon;Canon imageCLASS LBP151dw;103B INTERNAL COMPONENTS 2(230V);FE8-0777-000;LINK, DOOR 3;
Canon;Canon imageCLASS LBP151dw;103B INTERNAL COMPONENTS 2(230V);FM1-L533-000;PAPER PICK-UP ASSY;PS2,SL1
Canon;Canon imageCLASS LBP151dw;103B INTERNAL COMPONENTS 2(230V);FM0-3723-000;LASER SCANNER ASSY;M2
Canon;Canon imageCLASS LBP151dw;103B INTERNAL COMPONENTS 2(230V);FM0-4131-000;MOTOR PCB ASSY;PS1151
Canon;Canon imageCLASS LBP151dw;103B INTERNAL COMPONENTS 2(230V);FM0-4133-000;PAPER PICK-UP SENSOR PCB ASSY;PS751
Canon;Canon imageCLASS LBP151dw;103B INTERNAL COMPONENTS 2(230V);FM4-6893-000;SEPARATION PAD ASSY;
Canon;Canon imageCLASS LBP151dw;103B INTERNAL COMPONENTS 2(230V);FM4-7064-000;DUPLEXING PCB ASSY;
Canon;Canon imageCLASS LBP151dw;103B INTERNAL COMPONENTS 2(230V);FM1-G033-000;MOTOR, DC24V;M1
Canon;Canon imageCLASS LBP151dw;103B INTERNAL COMPONENTS 2(230V);RC2-1182-000;ROLLER, TRANSFER;
Canon;Canon imageCLASS LBP151dw;103B INTERNAL COMPONENTS 2(230V);RK2-0420-000;SOLENOID;SL2
Canon;Canon imageCLASS LBP151dw;103B INTERNAL COMPONENTS 2(230V);RK2-3438-000;FAN;FM1
Canon;Canon imageCLASS LBP151dw;103B INTERNAL COMPONENTS 2(230V);RL1-1497-000;ROLLER, PICK-UP;
Canon;Canon imageCLASS LBP151dw;103B INTERNAL COMPONENTS 2(230V);FU9-0289-000;GEAR, 34T;
Canon;Canon imageCLASS LBP151dw;103B INTERNAL COMPONENTS 2(230V);FC0-1589-000;LINK, DOOR 1;
Canon;Canon imageCLASS LBP151dw;103B INTERNAL COMPONENTS 2(230V);NPN;INTERNAL COMPONENTS 2;230V
Canon;Canon imageCLASS LBP151dw;930 MAIN CONTROLLER PCB ASSEMBLY;FK4-3507-000;IC, CSRQ5310C24-CAAC-TF, MPU;IC5
Canon;Canon imageCLASS LBP151dw;930 MAIN CONTROLLER PCB ASSEMBLY;FM1-Y860-000;MAIN CONTROLLER PCB ASSEMBLY;
