Brother;Brother HL3040CN;ENGINE FRAME UNIT;LM9221001;WASTE TONER SENSOR;
Brother;Brother HL3040CN;ENGINE FRAME UNIT;LU5047001;REGISTRATION SENSOR HOLDER ASSY;
Brother;Brother HL3040CN;ENGINE FRAME UNIT;IV0144001;REGISTRATION MARK R PCB ASSY;
Brother;Brother HL3040CN;ENGINE FRAME UNIT;LU5694001;TAPTITE BIND B M3X10;
Brother;Brother HL3040CN;FRAME L & DRIVE UNIT;LU5114001;RUBBER FOOT;
Brother;Brother HL3040CN;FRAME L & DRIVE UNIT;LU5084001;PF REGISTRATION SOLENOID;
Brother;Brother HL3040CN;FRAME L & DRIVE UNIT;LU6489001;LM HOOKB;
Brother;Brother HL3040CN;FRAME L & DRIVE UNIT;LU5094001;LM HOOK C;
Brother;Brother HL3040CN;FRAME L & DRIVE UNIT;LR0910001;HOOK SPRING BC10;
Brother;Brother HL3040CN;FRAME L & DRIVE UNIT;LU5102001;PICK-UP SOLENOID;
Brother;Brother HL3040CN;FRAME L & DRIVE UNIT;LU5694001;TAPTITE BIND B M3X10;
Brother;Brother HL3040CN;FRAME L & DRIVE UNIT;LU2032001;PICK-UP SOLENOID LEVER SPRING;
Brother;Brother HL3040CN;FRAME L & DRIVE UNIT;LU5104001;PICK-UP SECTOR GEAR SPRING;
Brother;Brother HL3040CN;FRAME L & DRIVE UNIT;LU5098001;FRICTION SPRING;
Brother;Brother HL3040CN;FRAME L & DRIVE UNIT;LU5115001;DRUM DEVELOP DRIVE UNIT;
Brother;Brother HL3040CN;FRAME L & DRIVE UNIT;LU5148001;FUSER/EJECT DRIVE MOTOR;
Brother;Brother HL3040CN;FRAME L & DRIVE UNIT;LU5691001;TAPTITE CUP S M3X6 SR;
Brother;Brother HL3040CN;FRAME L & DRIVE UNIT;LV0140001;FUSER/EJECT DRIVE MOTOR SENSOR PCB ASSY;
Brother;Brother HL3040CN;FRAME L & DRIVE UNIT;LV0136001;EJECT FRONT SENSOR PCB ASSY;
Brother;Brother HL3040CN;FRAME L & DRIVE UNIT;LV0137001;TONER/NEW SENSOR PCB ASSY;
Brother;Brother HL3040CN;FRAME L & DRIVE UNIT;UL9037001;PT SENSOR HOLDER;
Brother;Brother HL3040CN;FRAME L & DRIVE UNIT;LV0138001;DRUM MOTOR ORIGIN SENSOR PCB ASSY;
Brother;Brother HL3040CN;FRAME L & DRIVE UNIT;LU5694001;TAPTITE BIND B M3X10;
Brother;Brother HL3040CN;FRAME L & DRIVE UNIT;LV0139001;REGISTRATION MARK RELAY PCB ASSY;
Brother;Brother HL3040CN;FRAME L & DRIVE UNIT;LU5693001;TAPTITE BIND B M4X12;
Brother;Brother HL3040CN;FRAME L & DRIVE UNIT;LU5123001;DEVELOP DRIVE MOTOR;
Brother;Brother HL3040CN;FRAME L & DRIVE UNIT;LU5160001;PAPER FEED MOTOR ASSY;
Brother;Brother HL3040CN;FRAME L & DRIVE UNIT;300416;SCREW BIND M3X4;
Brother;Brother HL3040CN;FRAME R UNIT;LU5169001;SIDE FRAME R;
Brother;Brother HL3040CN;FRAME R UNIT;LV0152001;TONER LED PCB ASSY;
Brother;Brother HL3040CN;FRAME R UNIT;LU5170001;LED HOLDER;
Brother;Brother HL3040CN;FRAME R UNIT;LV0188001;DEVELOP RELEASE SENSOR PCB ASSY;
Brother;Brother HL3040CN;FRAME R UNIT;UU0552001;TAPTITE CUP B 3X8;
Brother;Brother HL3040CN;FRAME R UNIT;LV0149001;HVPS CONTROL PCB ASSY;
Brother;Brother HL3040CN;FRAME R UNIT;Z07200001;TAPTITE PAN (S/P W) B M3X10;
Brother;Brother HL3040CN;FRAME R UNIT;LU5114001;RUBBER FOOT;
Brother;Brother HL3040CN;FRAME R UNIT;LV0183001;TOP COVER OPEN SWITCH;
Brother;Brother HL3040CN;FRAME;LU5181001;DEVELOP RELEASE MOTOR ASSY;
Brother;Brother HL3040CN;FRAME;85320516;TAPTITE BIND S M3X5;
Brother;Brother HL3040CN;FRAME;LU5190001;AIR FILTER HOLDER ASSY;
Brother;Brother HL3040CN;FRAME;LU6122001;OZONE FILTER ASSY;
Brother;Brother HL3040CN;FRAME;LU5187001;PAPER EJECT REAR ACTUATOR;
Brother;Brother HL3040CN;FRAME;LU5188001;PAPER EJECT REAR ACTUATOR TOP;
Brother;Brother HL3040CN;FRAME;LU5189001;PAPER EJECT REAR ACTUATOR SPRING;
Brother;Brother HL3040CN;FRAME;LV0141001;EJECT REAR SENSOR PCB ASSY;
Brother;Brother HL3040CN;FRAME;LU5196001;LVPS COVER;
Brother;Brother HL3040CN;FRAME;LU5693001;TAPTITE BIND B M4X12;
Brother;Brother HL3040CN;FRAME;LU5200001;LV FAN ASSY;
Brother;Brother HL3040CN;FRAME;LU5202001;MAIN FAN ASSY;
Brother;Brother HL3040CN;FRAME;LU5216001;ARM GUIDE L COVER;
Brother;Brother HL3040CN;FRAME;LU5217001;TC ARM SPRING R;
Brother;Brother HL3040CN;FRAME;LU6418001;TC ARM SPRING L;
Brother;Brother HL3040CN;FRAME;LU5227001;BELT DRIVE UNIT;
Brother;Brother HL3040CN;FRAME;LU6109001;TAPTITE PAN(WASHER)B M4X12DA;
Brother;Brother HL3040CN;FRAME;LU6330001;SPACER;
Brother;Brother HL3040CN;FRAME;LU5172001;TR HEAD SPRING;
Brother;Brother HL3040CN;FRAME;LU5177001;BELT CLEANER SPRING;
Brother;Brother HL3040CN;FRAME;LU5180001;TOP COVER ARM R;
Brother;Brother HL3040CN;FRAME;LU6009001;TOP COVER ARM L;
Brother;Brother HL3040CN;LED TOP COVER;LU5269001;TOP COVER SUB ASSY;
Brother;Brother HL3040CN;LED TOP COVER;LU5880001;LABEL DR OPERATION 175X21;
Brother;Brother HL3040CN;LED TOP COVER;LU5276001;SUPPORT FLAP;
Brother;Brother HL3040CN;LED TOP COVER;LU5831001;LED ASSY (SP);
Brother;Brother HL3040CN;LED TOP COVER;LU6238001;HOLDER HOOK;
Brother;Brother HL3040CN;LED TOP COVER;LU5253001;Z SPRING L;
Brother;Brother HL3040CN;LED TOP COVER;LU6063001;Z SPRING R;
Brother;Brother HL3040CN;LED TOP COVER;LV0441001;LED HEAD CONTROL PCB ASSY;
Brother;Brother HL3040CN;LED TOP COVER;LU5691001;TAPTITE CUP S M3X6 SR;
Brother;Brother HL3040CN;LED TOP COVER;LV0154001;LED POWER RELAY PCB ASSY;
Brother;Brother HL3040CN;LED TOP COVER;LV0170001;FFC HARNESS:MAIN-LED CTL;
Brother;Brother HL3040CN;LED TOP COVER;LU5286001;INNER CHUTE 2 ASSY;
Brother;Brother HL3040CN;LED TOP COVER;LU5693001;TAPTITE BIND B M4X12;
Brother;Brother HL3040CN;PAPER FEEDER;LU5294001;PAPER FEED UNIT;
Brother;Brother HL3040CN;PAPER FEEDER;LU5691001;TAPTITE CUP S M3X6 SR;
Brother;Brother HL3040CN;PAPER FEEDER;LM3856001;SHOULDER SCREW;
Brother;Brother HL3040CN;PAPER FEEDER;LU5311001;ROLLER HOLDER ASSY;
Brother;Brother HL3040CN;PAPER FEEDER;LV0151001;REGISTRATION FRONT/REAR SENSOR PCB ASSY;
Brother;Brother HL3040CN;PAPER FEEDER;LV0150001;MANUAL SENSOR PCB ASSY;
Brother;Brother HL3040CN;PAPER TRAY;LU5347001;PAPER TRAY UNIT, HL-3040CN;
Brother;Brother HL3040CN;PAPER TRAY;LU5347002;PAPER TRAY UNIT, HL-3070CW;
Brother;Brother HL3040CN;PAPER TRAY;LU6035001;COLOR LABEL FOR US/CAN/ARG/CHL;
Brother;Brother HL3040CN;PAPER TRAY;LU6036001;COLOR LABEL EXCEPT FOR US/CAN/ARG/CHL;
Brother;Brother HL3040CN;PAPER TRAY;LU5669001;SEPARATION PAD ASSY;
Brother;Brother HL3040CN;FUSER UNIT;LU5796001;FUSER UNIT 115V (SP);
Brother;Brother HL3040CN;FUSER UNIT;LU5797001;FUSER UNIT 230V (SP);
Brother;Brother HL3040CN;FUSER UNIT;LJ0395001;TAPTITE PAN B M4X14;
Brother;Brother HL3040CN;COVERS & LABELS;LU5405001;FRONT COVER;
Brother;Brother HL3040CN;COVERS & LABELS;LU5877001;LABEL FRONT JAM 25X19;
Brother;Brother HL3040CN;COVERS & LABELS;LU5406001;CONTROL PANEL COVER ASSY, HL-3040CN;
Brother;Brother HL3040CN;COVERS & LABELS;LU5758001;CONTROL PANEL COVER ASSY, HL-3070CW;
Brother;Brother HL3040CN;COVERS & LABELS;LU5418001;SIDE COVER R ASSY;
Brother;Brother HL3040CN;COVERS & LABELS;LU5422001;SIDE COVER L ASSY;
Brother;Brother HL3040CN;COVERS & LABELS;LU5881001;LABEL SPRAY CAUTION F225;
Brother;Brother HL3040CN;COVERS & LABELS;LU5693001;TAPTITE BIND B M4X12;
Brother;Brother HL3040CN;COVERS & LABELS;LU5426001;BACK COVER;
Brother;Brother HL3040CN;COVERS & LABELS;LU5876001;LABEL REAR JAM48X22;
Brother;Brother HL3040CN;COVERS & LABELS;LU5878001;LABEL H/SP CAUTION REAR 44X22;
Brother;Brother HL3040CN;COVERS & LABELS;LU5427001;BACK COVER STOPPER L;
Brother;Brother HL3040CN;COVERS & LABELS;LU6131001;BACK COVER STOPPER R;
Brother;Brother HL3040CN;COVERS & LABELS;LU5428001;FUSER COVER;
Brother;Brother HL3040CN;COVERS & LABELS;LU5442001;MANUAL FEED SLOT ASSY, HL-3040CN;
Brother;Brother HL3040CN;COVERS & LABELS;LU5442002;MANUAL FEED SLOT ASSY, HL-3070CW;
Brother;Brother HL3040CN;COVERS & LABELS;LU4163003;BROTHER EMBLEM 2, HL-3040CN;
Brother;Brother HL3040CN;COVERS & LABELS;LU5879001;LABEL HEAT CAUTION FOR US/CAN/ARG/CHL;
Brother;Brother HL3040CN;COVERS & LABELS;LU6173001;LABEL HEAT CAUTION FOR GER/UK/CHE/ITA/ISR/RUS/PND/FRA/IBR/CEE;
Brother;Brother HL3040CN;COVERS & LABELS;LU6335001;LABEL HEAT CAUTION FOR ARL/TUR/GUL/SGP;
Brother;Brother HL3040CN;COVERS & LABELS;LU5407001;PANEL COVER PRINTED ASSY, HL-3040CN;
Brother;Brother HL3040CN;COVERS & LABELS;LU5759001;PANEL COVER PRINTED ASSY, HL-3070CW;
Brother;Brother HL3040CN;COVERS & LABELS;LU5409001;RUBBER KEY PRINTED ASSY, HL-3040CN;
Brother;Brother HL3040CN;COVERS & LABELS;LU5780001;RUBBER KEY PRINTED ASSY, HL-3070CW;
Brother;Brother HL3040CN;COVERS & LABELS;LU5411001;LCD SHEET PRINTED ASSY, HL-3040CN;
Brother;Brother HL3040CN;COVERS & LABELS;LU5782001;LCD SHEET PRINTED ASSY, HL-3070CW;
Brother;Brother HL3040CN;COVERS & LABELS;LT0498001;LCD, HL-3040CN;
Brother;Brother HL3040CN;COVERS & LABELS;LV0308001;LCD, HL-3070CW;
Brother;Brother HL3040CN;COVERS & LABELS;LE7130001;BACK LIGHT FILM, HL-3070CW;
Brother;Brother HL3040CN;COVERS & LABELS;LV0153001;PANEL PCB ASSY, HL-3040CN;
Brother;Brother HL3040CN;COVERS & LABELS;LV0153002;PANEL PCB ASSY, HL-3070CW;
Brother;Brother HL3040CN;COVERS & LABELS;LT0963001;WIRELESS LAN PCB ASSY, HL-3070CW;
Brother;Brother HL3040CN;COVERS & LABELS;LV0261001;USB DIRECT INTERFACE RELAY PCB ASSY, HL-3070CW;
Brother;Brother HL3040CN;COVERS & LABELS;LR0516002;ACCESS COVER;
Brother;Brother HL3040CN;COVERS & LABELS;LU5440001;PAPER EJECT FRONT ACTUATOR;
Brother;Brother HL3040CN;MAIN PCB;LV0147073;MAIN PCB ASSY, HL-3040CN;
Brother;Brother HL3040CN;MAIN PCB;LV0147074;MAIN PCB ASSY, HL-3070CW;
Brother;Brother HL3040CN;ENGINE PCB;LV0148001;ENGINE PCB ASSY;
Brother;Brother HL3040CN;LVPS;LV0327001;LOW-VOLTAGE POWER SUPPLY PCB ASSY 115V;
Brother;Brother HL3040CN;LVPS;LV0320001;LOW-VOLTAGE POWER SUPPLY PCB ASSY 230V EXCEPT FOR RUS;
Brother;Brother HL3040CN;LVPS;LV0381001;LOW-VOLTAGE POWER SUPPLY PCB ASSY 230V FOR RUS;
Brother;Brother HL3040CN;HVPS;LV0342001;HIGH-VOLTAGE POWER SUPPLY PCB ASSY FOR US;
Brother;Brother HL3040CN;HVPS;LV0146001;HIGH-VOLTAGE POWER SUPPLY PCB ASSY EXCEPT FOR US;
Brother;Brother HL3040CN;PERIODICAL MAINTENANCE PARTS;LU6068001;PAPER FEEDING KIT (SP);
