Brother;Brother MFC9460CDN;FRAME;LR1352001;RUBBER FOOT;
Brother;Brother MFC9460CDN;FRAME;LY0061001;TONER/NEW SENSOR PCB UNIT;
Brother;Brother MFC9460CDN;FRAME;LV0470001;FRONT COVER SENSOR;
Brother;Brother MFC9460CDN;FRAME;LV0472001;INTERNAL TEMPERATURE THERMISTOR;
Brother;Brother MFC9460CDN;FRAME;LY0722001;DEVELOP RELEASE MOTOR;
Brother;Brother MFC9460CDN;FRAME;LY0070001;REGISTRATION MARK SENSOR HOLDER ASSY;
Brother;Brother MFC9460CDN;FRAME;LY0080001;FUSER COVER;
Brother;Brother MFC9460CDN;FRAME;LY0095001;FUSER FAN;
Brother;Brother MFC9460CDN;FRAME;LY0099001;AIR DUCT COVER;
Brother;Brother MFC9460CDN;FRAME;LY0100001;BLOWER;
Brother;Brother MFC9460CDN;FRAME;LM9221001;WASTE TONER SENSOR;
Brother;Brother MFC9460CDN;FRAME;LY0115001;FORCED DEVELOP RELEASE LINK;
Brother;Brother MFC9460CDN;FRAME;LY0050001;CLEANER DRIVE GEAR 15;
Brother;Brother MFC9460CDN;FRAME;LU6330001;SPACER;
Brother;Brother MFC9460CDN;FRAME;85320616;TAPTITE BIND S M3X6;
Brother;Brother MFC9460CDN;FRAME;LY0630001;POWER FAN;
Brother;Brother MFC9460CDN;FRAME;LY0077001;SHUTTER SOLENOID;
Brother;Brother MFC9460CDN;FRAME;LU5694001;TAPTITE BIND B M3X10;
Brother;Brother MFC9460CDN;DRIVE;LY0117001;PF PLATE ASSY;
Brother;Brother MFC9460CDN;DRIVE;LY0133001;T1 SOLENOIDO ASSY;
Brother;Brother MFC9460CDN;DRIVE;LY0723001;DRUM DRIVE MOTOR;
Brother;Brother MFC9460CDN;DRIVE;LV0488001;DRUM POSITION SENSOR PCB ASSY;
Brother;Brother MFC9460CDN;DRIVE;LY0208001;MONO SOLENOID ASSY;
Brother;Brother MFC9460CDN;DRIVE;LY0221001;REGISTRATION SOLENOID ASSY;
Brother;Brother MFC9460CDN;DRIVE;LV0489001;DEVELOP RELEASE SENSOR PCB ASSY;
Brother;Brother MFC9460CDN;DRIVE;LY0227001;FUSER DEVELOP MOTOR ASSY;
Brother;Brother MFC9460CDN;DRIVE;85310816;TAPTITE BIND B M3X8;
Brother;Brother MFC9460CDN;DRIVE;300416;SCREW BIND M3X4;
Brother;Brother MFC9460CDN;DRIVE;LU5691001;TAPTITE CUP S M3X6 SR;
Brother;Brother MFC9460CDN;DRIVE;LV0471001;FUSER DEVELOP MOTOR FLAT CABLE;
Brother;Brother MFC9460CDN;LASER UNIT;LY0737001;LASER UNIT (SP);
Brother;Brother MFC9460CDN;LASER UNIT;LU1259001;LABEL LASER CAUTION 75X100;
Brother;Brother MFC9460CDN;LASER UNIT;LU5691001;TAPTITE CUP S M3X6 SR;
Brother;Brother MFC9460CDN;LASER UNIT;LV0461001;LASER UNIT-ENGINE FLAT CABLE;
Brother;Brother MFC9460CDN;LASER UNIT;LV0462001;LASER UNIT-MAIN FLAT CABLE;
Brother;Brother MFC9460CDN;PAPER FEEDER;LV0491001;T1 REGISTRATION FRONT/REAR SENSOR PCB ASSY;
Brother;Brother MFC9460CDN;PAPER FEEDER;LV0494001;T1 PAPER EDGE SENSOR PCB ASSY;
Brother;Brother MFC9460CDN;PAPER FEEDER;LY0248001;T1 PAPER EDGE ACTUATOR;
Brother;Brother MFC9460CDN;PAPER FEEDER;LR0914001;T1 PAPER EDGE ACTUATOR SPRING;
Brother;Brother MFC9460CDN;PAPER FEEDER;LY0294001;MP SECTOR SOLENOID;
Brother;Brother MFC9460CDN;PAPER FEEDER;85310816;TAPTITE BIND B M3X8;
Brother;Brother MFC9460CDN;MP UNIT;LV0500001;MP PAPER EMPTY/REGISTRATION FRONT SENSOR PCB ASSY;
Brother;Brother MFC9460CDN;MP UNIT;85310816;TAPTITE BIND B M3X8;
Brother;Brother MFC9460CDN;DX;LY1666001;DUPLEX FEED ASSY LTR(SP) FOR US/CAN/BRA/ARG/CHL;
Brother;Brother MFC9460CDN;DX;LY1626001;DUPLEX FEED ASSY A4(SP) EXCEPT FOR US/CAN/BRA/ARG/CHL;
Brother;Brother MFC9460CDN;DX;LY1163001;TAPTITE CUP B M3X12;
Brother;Brother MFC9460CDN;PAPER TRAY;LY0344001;PAPER TRAY UNIT;
Brother;Brother MFC9460CDN;FUSER UNIT;LY0748001;FUSER UNIT 115V (SP) FOR US/CAN/BRA;
Brother;Brother MFC9460CDN;FUSER UNIT;LY0749001;FUSER UNIT 230V (SP) EXCEPT FOR US/CAN/BRA;
Brother;Brother MFC9460CDN;FUSER UNIT;LJ0395001;TAPTITE PAN B M4X14;
Brother;Brother MFC9460CDN;PAPER EJECT;LY1583002;PAPER EJECT ASSY(SP);
Brother;Brother MFC9460CDN;PAPER EJECT;LY1245001;FILTER ASSY;
Brother;Brother MFC9460CDN;PAPER EJECT;LY0408001;PAPER EJECT MOTOR;
Brother;Brother MFC9460CDN;PAPER EJECT;LV0538001;BACK COVER SENSOR ASSY;
Brother;Brother MFC9460CDN;PAPER EJECT;85320616;TAPTITE BIND S M3X6;
Brother;Brother MFC9460CDN;COVERS & LABELS;LX4013001;FRONT COVER;
Brother;Brother MFC9460CDN;COVERS & LABELS;LY0417001;FRONT COVER ARM R;
Brother;Brother MFC9460CDN;COVERS & LABELS;LY0419001;FRONT COVER RELEASE BUTTON;
Brother;Brother MFC9460CDN;COVERS & LABELS;LY0420001;FRONT COVER RELEASE BUTTON SPRING;
Brother;Brother MFC9460CDN;COVERS & LABELS;LY0418001;FRONT COVER ARM L;
Brother;Brother MFC9460CDN;COVERS & LABELS;LX4014001;JOINT COVER BASE ASSY;
Brother;Brother MFC9460CDN;COVERS & LABELS;LX4160001;JOINT COVER FL, DCP9055CDN;
Brother;Brother MFC9460CDN;COVERS & LABELS;LX4016001;JOINT COVER FL USB ASSY, DCP9270CDN/ MFC9460CDN/ MFC9465CDN/ MFC9560CDW/ MFC9970CDW;
Brother;Brother MFC9460CDN;COVERS & LABELS;LT1179001;SPEAKER UNIT;
Brother;Brother MFC9460CDN;COVERS & LABELS;LY0428002;PAPER STOPPER;
Brother;Brother MFC9460CDN;COVERS & LABELS;LX4161001;BACK COVER UPPER, DCP9055CDN;
Brother;Brother MFC9460CDN;COVERS & LABELS;LX4203001;BACK COVER UPPER, DCP9270CDN;
Brother;Brother MFC9460CDN;COVERS & LABELS;LX4018001;BACK COVER UPPER, MFC9460CDN/ MFC9465CDN/ MFC9560CDW;
Brother;Brother MFC9460CDN;COVERS & LABELS;LX4291001;BACK COVER UPPER, MFC9970CDW;
Brother;Brother MFC9460CDN;COVERS & LABELS;LX4019001;JOINT COVER TOP, DCP9055CDN/ MFC9460CDN/ MFC9465CDN/ MFC9560CDW;
Brother;Brother MFC9460CDN;COVERS & LABELS;LX4204001;JOINT COVER TOP, DCP9270CDN/ MFC9970CDW;
Brother;Brother MFC9460CDN;COVERS & LABELS;LP2727001;PULL ARM L, DCP9055CDN/ MFC9460CDN/ MFC9465CDN/ MFC9560CDW;
Brother;Brother MFC9460CDN;COVERS & LABELS;LP2728001;PULL ARM R, DCP9055CDN/ MFC9460CDN/ MFC9465CDN/ MFC9560CDW;
Brother;Brother MFC9460CDN;COVERS & LABELS;LS7023001;PULL ARM GUIDE, DCP9055CDN/ MFC9460CDN/ MFC9465CDN/ MFC9560CDW;
Brother;Brother MFC9460CDN;COVERS & LABELS;LF6148001;LOCK CLAW, DCP9055CDN/ MFC9460CDN/ MFC9465CDN/ MFC9560CDW;
Brother;Brother MFC9460CDN;COVERS & LABELS;LX4020001;PULL ARM SPRING, DCP9055CDN/ MFC9460CDN/ MFC9465CDN/ MFC9560CDW;
Brother;Brother MFC9460CDN;COVERS & LABELS;LX4162001;SIDE COVER R ASSY, DCP9055CDN;
Brother;Brother MFC9460CDN;COVERS & LABELS;LX4021001;SIDE COVER R ASSY, MFC9460CDN/ MFC9465CDN/ MFC9560CDW;
Brother;Brother MFC9460CDN;COVERS & LABELS;LX4816001;SIDE COVER R ASSY, DCP9270CDN/ MFC9970CDW;
Brother;Brother MFC9460CDN;COVERS & LABELS;LX4165001;SIDE COVER L, DCP9055CDN;
Brother;Brother MFC9460CDN;COVERS & LABELS;LX4024001;SIDE COVER L, MFC9460CDN/ MFC9465CDN/ MFC9560CDW;
Brother;Brother MFC9460CDN;COVERS & LABELS;LX4295001;SIDE COVER L, DCP9270CDN/ MFC9970CDW;
Brother;Brother MFC9460CDN;COVERS & LABELS;LR0516003;ACCESS COVER;
Brother;Brother MFC9460CDN;COVERS & LABELS;LY0449001;BACK COVER;
Brother;Brother MFC9460CDN;COVERS & LABELS;LY0450001;BACK COVER STOPPER ARM L;
Brother;Brother MFC9460CDN;COVERS & LABELS;LY0451001;BACK COVER STOPPER ARM R;
Brother;Brother MFC9460CDN;COVERS & LABELS;LY0452001;MP COVER ASSY;
Brother;Brother MFC9460CDN;COVERS & LABELS;LY0456001;MP PAPER GUIDE ASSY;
Brother;Brother MFC9460CDN;COVERS & LABELS;LY0459001;MP LINK R;
Brother;Brother MFC9460CDN;COVERS & LABELS;LY0460001;MP LINK L;
Brother;Brother MFC9460CDN;COVERS & LABELS;LY0872001;LAN PORT CAP;
Brother;Brother MFC9460CDN;COVERS & LABELS;LE8842001;EXT CAP, MFC9460CDN/ MFC9465CDN/ MFC9560CDW/ MFC9970CDW FOR US/ CAN/ CHE/ CHN/ ARG/ CHL/ ASA/ GUL/ KOR/ RUS/ ARL/ NZ/ PND/ IBR/ CEE;
Brother;Brother MFC9460CDN;COVERS & LABELS;UF5745000;MJ COVER EXT,MFC9460CDN/ MFC9465CDN/ MFC9970CDW FOR GER/ UK/ FRA/ BEL/ NLD/ ITA;
Brother;Brother MFC9460CDN;COVERS & LABELS;LT1401001;WIRELESS LAN PCB, MFC9560CDW/ MFC9970CDW;
Brother;Brother MFC9460CDN;COVERS & LABELS;LX4318001;JOINT FILM, DCP9055CDN/ MFC9460CDN/ MFC9465CDN/ MFC9560CDW;
Brother;Brother MFC9460CDN;COVERS & LABELS;LP2612002;CORD HOOK, MFC9460CDN/ MFC9465CDN/ MFC9560CDW/ MFC9970CDW;
Brother;Brother MFC9460CDN;COVERS & LABELS;LX7150003;EMBLEM BROTHER SHEET;
Brother;Brother MFC9460CDN;COVERS & LABELS;LY0837001;COLOR LASER LABEL;
Brother;Brother MFC9460CDN;COVERS & LABELS;LY0838001;MP SET INSTRUCTION LABEL;
Brother;Brother MFC9460CDN;COVERS & LABELS;LY0920001;LABEL H/ SP CAUTION REAR 49X45;
Brother;Brother MFC9460CDN;COVERS & LABELS;LX4194001;LABEL DR OPERATION;
Brother;Brother MFC9460CDN;COVERS & LABELS;LY0917001;LABEL DR TARGET L/ R;
Brother;Brother MFC9460CDN;COVERS & LABELS;LY0919001;LABEL H/ SP CAUTION FOR US/ CAN/ ARG/ CHL/ BRA;
Brother;Brother MFC9460CDN;COVERS & LABELS;LY1496001;LABEL H/ SP CAUTION FOR CHN;
Brother;Brother MFC9460CDN;COVERS & LABELS;LY1419001;LABEL H/ SP CAUTION FOR ARL/ NZ/ HK/ ASA/ GUL/ KOR;
Brother;Brother MFC9460CDN;COVERS & LABELS;LY0939001;LABEL H/ SP CAUTION,;
Brother;Brother MFC9460CDN;COVERS & LABELS;LY0940001;LABEL H/ SP CAUTION,;
Brother;Brother MFC9460CDN;COVERS & LABELS;LY1306001;SWITCH STICKER;
Brother;Brother MFC9460CDN;COVERS & LABELS;LU5693001;TAPTITE BIND B M4X12;
Brother;Brother MFC9460CDN;COVERS & LABELS;87320816;TAPTITE BIND S M3X8;
Brother;Brother MFC9460CDN;COVERS & LABELS;LU5693001;TAPTITE BIND B M4X12;
Brother;Brother MFC9460CDN;COVERS & LABELS;LX4313001;SIDE COVER R UPPER, DCP9270CDN/ MFC9970CDW;
Brother;Brother MFC9460CDN;COVERS & LABELS;LX4314001;SIDE COVER L UPPER, DCP9270CDN/ MFC9970CDW;
Brother;Brother MFC9460CDN;COVERS & LABELS;LV0531001;USB HOST RELAY PCB ASSY, DCP9270CDN/ MFC9460CDN/ MFC9465CDN/ MFC9560CDW/ MFC9970CDW;
Brother;Brother MFC9460CDN;COVERS & LABELS;LU5693001;TAPTITE BIND B M4X12;
Brother;Brother MFC9460CDN;DOCUMENT SCANNER;LX4566001;DOCUMENT SCANNER UNIT (SP), DCP9055CDN/MFC9460CDN/MFC9465CDN/MFC9560CDW;
Brother;Brother MFC9460CDN;DOCUMENT SCANNER;LX4824001;DOCUMENT SCANNER UNIT (sp), DCP9270CDCN/MFC9970CDW;
Brother;Brother MFC9460CDN;DOCUMENT SCANNER;LX5186001;ADF CLEAN UP LABEL, DCP9055CDN/MFC9460CDN;
Brother;Brother MFC9460CDN;DOCUMENT SCANNER;LX7422001;ADF CLEAN UP LABEL, DCP9270CDN/MFC9465CDN/MFC9560CDW/MFC9970CDW;
Brother;Brother MFC9460CDN;ADF;LX4561001;ADF UNIT (SP), DCP9055CDN/ MFC9460CDN;
Brother;Brother MFC9460CDN;ADF;LX4565001;ADF UNIT (SP), MFC9465CDN/ MFC9560CDW;
Brother;Brother MFC9460CDN;ADF;LX4819001;ADF UNIT (SP), DCP9270CDN/ MFC9970CDW;
Brother;Brother MFC9460CDN;ADF;LX4649001;FFC HOLDER ASSY (SP), DCP9270CDN/ MFC9465CDN/ MFC9560CDW/ MFC9970CDW;
Brother;Brother MFC9460CDN;ADF;LX4126001;HINGE ASSY L, DCP9055CDN/ MFC9460CDN/ MFC9465CDN/ MFC9560CDW;
Brother;Brother MFC9460CDN;ADF;LX4269001;HINGE ASSY L, DCP9270CDN/ MFC9970CDW;
Brother;Brother MFC9460CDN;ADF;LS8154001;HINGE R;
Brother;Brother MFC9460CDN;ADF;LS8155001;HINGE R SUPPORT;
Brother;Brother MFC9460CDN;ADF;87321217;TAPTITE CUP S M3X12;
Brother;Brother MFC9460CDN;ADF;87311016;TAPTITE CUP B M3X10;
Brother;Brother MFC9460CDN;ADF;LX4197001;ADF EMBLEM, DCP9055CDN/ DCP9270CDN;
Brother;Brother MFC9460CDN;ADF;LX4202001;ADF EMBLEM, MFC9460CDN/ MFC9560CDW/ MFC9970CDW FOR US/ CAN/ BRA/ ARG/ CHL;
Brother;Brother MFC9460CDN;ADF;LX4196001;ADF EMBLEM, MFC9460CDN/ MFC9465CDN/ MFC9970CDW FOR EXCEPT FOR US/ CAN/ BRA/ ARG/ CHL;
Brother;Brother MFC9460CDN;ADF;LX4051001;DOCUMENT COVER ASSY, DCP9055CDN/ MFC9460CDN/ MFC9465CDN/ MFC9560CDW;
Brother;Brother MFC9460CDN;ADF;LX4228001;DOCUMENT COVER ASSY, DCP9270CDN/ MFC9970CDW;
Brother;Brother MFC9460CDN;ADF;LX4064001;ADF MOTOR, DCP9055CDN/ MFC9460CDN/ MFC9465CDN/ MFC9560CDW;
Brother;Brother MFC9460CDN;ADF;LX4236001;ADF MOTOR, DCP9270CDN/ MFC9970CDW;
Brother;Brother MFC9460CDN;ADF;0A4300606;SCREW PAN (S/ P WASHER) M3X6;
Brother;Brother MFC9460CDN;ADF;LT1120001;DOCUMENT FRONT/ ADF OPEN SENSOR;
Brother;Brother MFC9460CDN;ADF;LX4080001;DOCUMENT FEED ROLLER ASSY, DCP9055CDN/ MFC9460CDN/ MFC9465CDN/ MFC9560CDW;
Brother;Brother MFC9460CDN;ADF;LX4241001;DOCUMENT FEED ROLLER ASSY,DCP9270CDN/ MFC9970CDW;
Brother;Brother MFC9460CDN;ADF;LG6753001;DOCUMENT FIRST SIDE REAR SENSOR;
Brother;Brother MFC9460CDN;ADF;LG6753001;DOCUMENT SECOND SIDE REAR SENSOR, DCP9270CDN/ MFC9465CDN/ MFC9560CDW/ MFC9970CDW;
Brother;Brother MFC9460CDN;ADF;LX4168001;UPPER DOCUMENT CHUTE ASSY, DCP9055CDN/ MFC9460CDN;
Brother;Brother MFC9460CDN;ADF;LX4090001;UPPER DOCUMENT CHUTE ASSY, MFC9465CDN/ MFC9560CDW;
Brother;Brother MFC9460CDN;ADF;LX4245001;UPPER DOCUMENT CHUTE ASSY, DCP9270CDN/ MFC9970CDW;
Brother;Brother MFC9460CDN;ADF;LX4109001;SEPARATE ROLLER ASSY, DCP9055CDN/ MFC9460CDN/ MFC9465CDN/ MFC9560CDW;
Brother;Brother MFC9460CDN;ADF;LX4256001;SEPARATE ROLLER ASSY, DCP9270CDN/ MFC9970CDW;
Brother;Brother MFC9460CDN;ADF;LX4117001;GEAR COVER, DCP9055CDN/ MFC9460CDN/ MFC9465CDN/ MFC9560CDW;
Brother;Brother MFC9460CDN;ADF;LX4264001;GEAR COVER, DCP9270CDN/ MFC9970CDW;
Brother;Brother MFC9460CDN;ADF;LX4170001;ADF COVER ASSY, DCP9055CDN/ MFC9460CDN;
Brother;Brother MFC9460CDN;ADF;LX4118001;ADF COVER ASSY, MFC9465CDN/ MFC9560CDW;
Brother;Brother MFC9460CDN;ADF;LX4265001;ADF COVER ASSY, DCP9270CDN/ MFC9970CDW;
Brother;Brother MFC9460CDN;ADF;LS0977001;DOCUMENT HOLD ASSY;
Brother;Brother MFC9460CDN;ADF;LX4184001;DOCUMENT STOPPER, DCP9055CDN/ MFC9460CDN/ MFC9465CDN/ MFC9560CDW;
Brother;Brother MFC9460CDN;ADF;LX4267001;DOCUMENT STOPPER, DCP9270CDN/ MFC9970CDW;
Brother;Brother MFC9460CDN;ADF;LX4128001;GRIP COVER;
Brother;Brother MFC9460CDN;ADF;LX5371001;DOCUMENT SUB TRAY, DCP9055CDN/ MFC9460CDN/ MFC9465CDN/ MFC9560CDW;
Brother;Brother MFC9460CDN;ADF;LX4268001;DOCUMENT SUB TRAY, DCP9270CDN/ MFC9970CDW;
Brother;Brother MFC9460CDN;ADF;LS8141001;HINGE ARM R;
Brother;Brother MFC9460CDN;ADF;LX4127001;LF2 SPRING SHAFT;
Brother;Brother MFC9460CDN;ADF;LX4779001;LF2 PINCH ROLLER, DCP9055CDN/ MFC9460CDN/ MFC9465CDN/ MFC9560CDW;
Brother;Brother MFC9460CDN;ADF;LS4567002;LF2 PINCH ROLLER, DCP9270CDN/ MFC9970CDW;
Brother;Brother MFC9460CDN;ADF;LX4095001;ADF SPRING, DCP9055CDN/ MFC9460CDN/ MFC9465CDN/ MFC9560CDW;
Brother;Brother MFC9460CDN;ADF;LX4365001;ADF SPRING, DCP9270CDN/ MFC9970CDW;
Brother;Brother MFC9460CDN;ADF;LX4749001;SEPARATION RUBBER HOLDER ASSY, DCP9055CDN/ MFC9460CDN/ MFC9465CDN/ MFC9560CDW;
Brother;Brother MFC9460CDN;ADF;LT0725001;SECOND SIDE SCANNING CIS, DCP9270CDN/ MFC9465CDN/ MFC9560CDW/ MFC9970CDW;
Brother;Brother MFC9460CDN;ADF;LT1195001;SECOND SIDE SCANNING CIS FLAT CABLE, MFC9465CDN/ MFC9560CDW;
Brother;Brother MFC9460CDN;ADF;LT1305001;SECOND SIDE SCANNING CIS FLAT CABLE, DCP9270CDN/ MFC9970CDW;
Brother;Brother MFC9460CDN;ADF;LX4097001;COVER GLASS, MFC9465CDN/ MFC9560CDW;
Brother;Brother MFC9460CDN;ADF;LX4368001;COVER GLASS, DCP9270CDN/ MFC9970CDW;
Brother;Brother MFC9460CDN;ADF;LX4098001;COVER GLASS STOPPER, DCP9270CDN/ MFC9465CDN/ MFC9560CDW/ MFC9970CDW;
Brother;Brother MFC9460CDN;ADF;LX4099001;CIS SPRING, DCP9270CDN/ MFC9465CDN/ MFC9560CDW/ MFC9970CDW;
Brother;Brother MFC9460CDN;ADF;LX4100001;CIS SPACER, DCP9270CDN/ MFC9465CDN/ MFC9560CDW/ MFC9970CDW;
Brother;Brother MFC9460CDN;ADF;LX4252001;ADF SPRING HOLDER , DCP9270CDN/ MFC9970CDW;
Brother;Brother MFC9460CDN;ADF;LS0977001;DOCUMENT HOLD ASSY, DCP9270CDN/ MFC9465CDN/ MFC9560CDW/ MFC9970CDW;
Brother;Brother MFC9460CDN;ADF;LX4120001;EARTH SPRING DH ADF, DCP9270CDN/ MFC9465CDN/ MFC9560CDW/ MFC9970CDW;
Brother;Brother MFC9460CDN;ADF;LX4249001;SEPARATION RUBBER, DCP9270CDN/ MFC9970CDW;
Brother;Brother MFC9460CDN;ADF;LX4777001;SEPARATE SUPPORT FILM, DCP9270CDN/ MFC9970CDW;
Brother;Brother MFC9460CDN;ADF;LX4652001;SUPPORT FILM, DCP9270CDN/ MFC9970CDW;
Brother;Brother MFC9460CDN;ADF;LX4320001;SEPARATION RUBBER HOLDER, DCP9270CDN/ MFC9970CDW;
Brother;Brother MFC9460CDN;PANEL;LX4698001;PRINTED PANEL COVER, MFC9970CDW FOR GER/CHE (GERMAN);
Brother;Brother MFC9460CDN;PANEL;LX4682001;PRINTED PANEL COVER, DCP9270CDN FOR UK/FRA/BEL/NLD/CEE (ENGLISH);
Brother;Brother MFC9460CDN;PANEL;LX4712001;PRINTED PANEL COVER, MFC9970CDW FOR UK/FRA/BEL/NLD/GUL/CEE (ENGLISH);
Brother;Brother MFC9460CDN;PANEL;LX4666001;PRINTED PANEL COVER, DCP9270CDN FOR FRA/BEL/NLD/CHE (FRENCH);
Brother;Brother MFC9460CDN;PANEL;LX4699001;PRINTED PANEL COVER, MFC9970CDW FOR FRA/BEL/NLD/CHE (FRENCH);
Brother;Brother MFC9460CDN;PANEL;LX4683001;PRINTED PANEL COVER, DCP9270CDN FOR FRA/BEL/NLD (DUTCH);
Brother;Brother MFC9460CDN;PANEL;LX4713001;PRINTED PANEL COVER, MFC9970CDW FOR FRA/BEL/NLD (DUTCH);
Brother;Brother MFC9460CDN;PANEL;LX4672001;PRINTED PANEL COVER, DCP9270CDN FOR ITA/IBR (SPANISH);
Brother;Brother MFC9460CDN;PANEL;LX4705001;PRINTED PANEL COVER, MFC9970CDW FOR ITA/IBR (SPANISH);
Brother;Brother MFC9460CDN;PANEL;LX4671001;PRINTED PANEL COVER, DCP9270CDN FOR ITA/IBR (ITALIAN);
Brother;Brother MFC9460CDN;PANEL;LX4704001;PRINTED PANEL COVER, MFC9970CDW FOR ITA/IBR (ITALIAN);
Brother;Brother MFC9460CDN;PANEL;LX4673001;PRINTED PANEL COVER, DCP9270CDN FOR ITA/IBR (PORTUGUESE);
Brother;Brother MFC9460CDN;PANEL;LX4706001;PRINTED PANEL COVER, MFC9970CDW FOR ITA/IBR (PORTUGUESE);
Brother;Brother MFC9460CDN;PANEL;LX4841001;PRINTED PANEL COVER, MFC9970CDW FOR GUL (ARABIC);
Brother;Brother MFC9460CDN;PANEL;LX4842001;PRINTED PANEL COVER, MFC9970CDW FOR GUL (TURKISH);
Brother;Brother MFC9460CDN;PANEL;LX4858001;PRINTED PANEL COVER, MFC9970CDW FOR ARG/CHL;
Brother;Brother MFC9460CDN;PANEL;LX4835001;PRINTED PANEL COVER, MFC9970CDW FOR ASA/ARL/NZ;
Brother;Brother MFC9460CDN;PANEL;LX4762001;PRINTED PANEL COVER, DCP9270CDN FOR PND;
Brother;Brother MFC9460CDN;PANEL;LX4766001;PRINTED PANEL COVER, MFC9970CDW FOR PND;
Brother;Brother MFC9460CDN;PANEL;LX4861001;PRINTED PANEL COVER, DCP9270CDN FOR CEE (POLISH);
Brother;Brother MFC9460CDN;PANEL;LX4833001;PRINTED PANEL COVER, MFC9970CDW FOR CEE (POLISH);
Brother;Brother MFC9460CDN;PANEL;87311016;TAPTITE CUP B M3x10;
Brother;Brother MFC9460CDN;PCB;LX4698001;PRINTED PANEL COVER, MFC9970CDW FOR GER/CHE (GERMAN);
Brother;Brother MFC9460CDN;PCB;LX4682001;PRINTED PANEL COVER, DCP9270CDN FOR UK/FRA/BEL/NLD/CEE (ENGLISH);
Brother;Brother MFC9460CDN;PCB;LX4712001;PRINTED PANEL COVER, MFC9970CDW FOR UK/FRA/BEL/NLD/GUL/CEE (ENGLISH);
Brother;Brother MFC9460CDN;PCB;LX4666001;PRINTED PANEL COVER, DCP9270CDN FOR FRA/BEL/NLD/CHE (FRENCH);
Brother;Brother MFC9460CDN;PCB;LX4699001;PRINTED PANEL COVER, MFC9970CDW FOR FRA/BEL/NLD/CHE (FRENCH);
Brother;Brother MFC9460CDN;PCB;LX4683001;PRINTED PANEL COVER, DCP9270CDN FOR FRA/BEL/NLD (DUTCH);
Brother;Brother MFC9460CDN;PCB;LX4713001;PRINTED PANEL COVER, MFC9970CDW FOR FRA/BEL/NLD (DUTCH);
Brother;Brother MFC9460CDN;PCB;LX4672001;PRINTED PANEL COVER, DCP9270CDN FOR ITA/IBR (SPANISH);
Brother;Brother MFC9460CDN;PCB;LX4705001;PRINTED PANEL COVER, MFC9970CDW FOR ITA/IBR (SPANISH);
Brother;Brother MFC9460CDN;PCB;LX4671001;PRINTED PANEL COVER, DCP9270CDN FOR ITA/IBR (ITALIAN);
Brother;Brother MFC9460CDN;PCB;LX4704001;PRINTED PANEL COVER, MFC9970CDW FOR ITA/IBR (ITALIAN);
Brother;Brother MFC9460CDN;PCB;LX4673001;PRINTED PANEL COVER, DCP9270CDN FOR ITA/IBR (PORTUGUESE);
Brother;Brother MFC9460CDN;PCB;LX4706001;PRINTED PANEL COVER, MFC9970CDW FOR ITA/IBR (PORTUGUESE);
Brother;Brother MFC9460CDN;PCB;LX4841001;PRINTED PANEL COVER, MFC9970CDW FOR GUL (ARABIC);
Brother;Brother MFC9460CDN;PCB;LX4842001;PRINTED PANEL COVER, MFC9970CDW FOR GUL (TURKISH);
Brother;Brother MFC9460CDN;PCB;LX4858001;PRINTED PANEL COVER, MFC9970CDW FOR ARG/CHL;
Brother;Brother MFC9460CDN;PCB;LX4835001;PRINTED PANEL COVER, MFC9970CDW FOR ASA/ARL/NZ;
Brother;Brother MFC9460CDN;PCB;LX4762001;PRINTED PANEL COVER, DCP9270CDN FOR PND;
Brother;Brother MFC9460CDN;PCB;LX4766001;PRINTED PANEL COVER, MFC9970CDW FOR PND;
Brother;Brother MFC9460CDN;PCB;LX4861001;PRINTED PANEL COVER, DCP9270CDN FOR CEE (POLISH);
Brother;Brother MFC9460CDN;PCB;LX4833001;PRINTED PANEL COVER, MFC9970CDW FOR CEE (POLISH);
Brother;Brother MFC9460CDN;PCB;87311016;TAPTITE CUP B M3x10;
Brother;Brother MFC9460CDN;PERIODICAL MAINTENANCE PARTS;LY1257001;PAPER FEEDING KIT (SP);
Brother;Brother MFC9460CDN;PERIODICAL MAINTENANCE PARTS;LY1260001;MP PAPER FEEDING KIT 1 (SP);
