Brother;Brother HL4050CDN;FRAME UNIT;LR0402001;NEW TONER ACTUATOR;
Brother;Brother HL4050CDN;FRAME UNIT;LR0403001;NEW TONER ACTUATOR SPRING;
Brother;Brother HL4050CDN;FRAME UNIT;UH2208001;RUBBER FOOT;
Brother;Brother HL4050CDN;FRAME UNIT;LM9189001;DEVELOP RELEASE SENSOR PCB ASSY;
Brother;Brother HL4050CDN;FRAME UNIT;LM9210001;TONER LED PCB ASSY;
Brother;Brother HL4050CDN;FRAME UNIT;LR1094001;LED HOLDER;
Brother;Brother HL4050CDN;FRAME UNIT;LM9211001;TONER SENSOR PCB ASSY K (TE/ NEW);
Brother;Brother HL4050CDN;FRAME UNIT;LM9334001;TONER SENSOR PCB ASSY Y (TE/ NEW);
Brother;Brother HL4050CDN;FRAME UNIT;LM9335001;TONER SENSOR PCB ASSY M (TE/ NEW);
Brother;Brother HL4050CDN;FRAME UNIT;LM9336001;TONER SENSOR PCB ASSY C (TE/ NEW);
Brother;Brother HL4050CDN;FRAME UNIT;UL9037001;PT SENSOR HOLDER;
Brother;Brother HL4050CDN;FRAME UNIT;LR0523001;BELT CLEANER RELEASE ASSY;
Brother;Brother HL4050CDN;FRAME UNIT;LR0532001;WASTE TONER NEAR/ FULL SENSOR ASSY;
Brother;Brother HL4050CDN;FRAME UNIT;LR0589001;AIR INTAKE FAN (AIR);
Brother;Brother HL4050CDN;FRAME UNIT;LR0217001;BELT DRIVE MOTOR;
Brother;Brother HL4050CDN;FRAME UNIT;LR0903001;LVPS FAN (PS);
Brother;Brother HL4050CDN;FRAME UNIT;LR0906001;FUSER UNIT FAN (FU);
Brother;Brother HL4050CDN;FRAME UNIT;LU4228001;DRUM UNIT FAN HOLDER ASSY(OPC);
Brother;Brother HL4050CDN;FRAME UNIT;0A2301603;SCREW PAN (P WASHER) M3X16;
Brother;Brother HL4050CDN;FRAME UNIT;85310816;TAPTITE BIND B M3X8;
Brother;Brother HL4050CDN;FRAME UNIT;87310816;TAPTITE CUP B M3X8;
Brother;Brother HL4050CDN;FRAME UNIT;LR1820001;ALUMINUM SHEET FRAME;
Brother;Brother HL4050CDN;FRAME UNIT;LU4027001;DX HOOK ASSY AC (HL-4040CDN/ 4050CDN/ 4070CDW);
Brother;Brother HL4050CDN;FRAME UNIT;LM9218001;BELT CLEANER RELEASE SENSOR PCB ASSY;
Brother;Brother HL4050CDN;FRAME UNIT;85310816;TAPTITE BIND B M3X8;
Brother;Brother HL4050CDN;FRAME UNIT;LM9221001;WASTE TONER SENSOR;
Brother;Brother HL4050CDN;DRIVE;LR1246001;CLEANER DRIVE DRIVE FRAME UNIT ASSY;
Brother;Brother HL4050CDN;DRIVE;LR1904001;DRUM DRIVE DRUM DRIVE ASSY;
Brother;Brother HL4050CDN;DRIVE;LR0193001;DEVELOP DRIVE DEVELOP DRIVE MOTOR ASSY;
Brother;Brother HL4050CDN;DRIVE;87320616;TAPTITE CUP S M3X6;
Brother;Brother HL4050CDN;DRIVE;LU4111001;FRICTION CAP;
Brother;Brother HL4050CDN;DRIVE;LR1006001;DRUM DRAW DRIVE RELEASE RACK;
Brother;Brother HL4050CDN;DRIVE;LR1007001;RELEASE RACK PLATE;
Brother;Brother HL4050CDN;DRIVE;87310816;TAPTITE CUP B M3X8;
Brother;Brother HL4050CDN;DRIVE;LR1008001;RELEASE RACK SPRING;
Brother;Brother HL4050CDN;DRIVE;LR1228001;THM/HUM SENSOR HOLDER ASSY;
Brother;Brother HL4050CDN;DRIVE;LR0803001;DEVELOP PRESS DRIVE L ASSY;
Brother;Brother HL4050CDN;DRIVE;LR1014001;DRUM LOCK LEVER L;
Brother;Brother HL4050CDN;DRIVE;LR1018001;DRUM LOCK LEVER R;
Brother;Brother HL4050CDN;DRIVE;LR1710001;DRUM LOCK LEVER LABEL;
Brother;Brother HL4050CDN;DRIVE;87320616;TAPTITE CUP S M3X6;
Brother;Brother HL4050CDN;DRIVE;LR1023001;DRUM LOCK GEAR 24;
Brother;Brother HL4050CDN;DRIVE;LR0307001;HOOK B;
Brother;Brother HL4050CDN;DRIVE;LR0308001;HOOK C;
Brother;Brother HL4050CDN;DRIVE;LR0327001;BUSH 7;
Brother;Brother HL4050CDN;DRIVE;LR0910001;HOOK SPRING BC;
Brother;Brother HL4050CDN;DRIVE;LR0310001;PP GEAR CLUTCH CAM SPRING;
Brother;Brother HL4050CDN;DRIVE;LR0296001;BUSH 5;
Brother;Brother HL4050CDN;DRIVE;LR0440001;PAPER FEED/BELT CLEANER MOTOR ASSY;
Brother;Brother HL4050CDN;DRIVE;87320616;TAPTITE CUP S M3X6;
Brother;Brother HL4050CDN;DRIVE;LM9192001;DRUM PHASE SENSOR PCB ASSY1;
Brother;Brother HL4050CDN;DRIVE;LM9337001;DRUM PHASE SENSOR PCB ASSY2;
Brother;Brother HL4050CDN;DRIVE;Z31008001;DRUM DRIVE MOTOR1;
Brother;Brother HL4050CDN;DRIVE;Z31012001;DRUM DRIVE MOTOR2;
Brother;Brother HL4050CDN;DRIVE;85320616;TAPTITE BIND S M3X6;
Brother;Brother HL4050CDN;DRIVE;LR0823001;DEVELOP RELEASE DRIVE MOTOR ASSY;
Brother;Brother HL4050CDN;DRIVE;LR0827001;FRONT COVER INTERLOCK SWITCH ASSY;
Brother;Brother HL4050CDN;LASER UNIT;LR1461001;LASER UNIT (SP);
Brother;Brother HL4050CDN;LASER UNIT;LJ0908001;LASER CAUTION LABEL (EXCEPT CHN);
Brother;Brother HL4050CDN;LASER UNIT;UL7931001;LASER CAUTION LABEL (CHN);
Brother;Brother HL4050CDN;LASER UNIT;LM5867001;TAPTITE CUP S M3X6 SR;
Brother;Brother HL4050CDN;PAPER FEEDER;LR0107001;PAPER FEED FRAME UNIT;
Brother;Brother HL4050CDN;PAPER FEEDER;LM9185001;T1 PE/EDGE SENSOR PCB ASSY;
Brother;Brother HL4050CDN;PAPER FEEDER;LR1914001;ROLLER HOLDER ASSY IE301;
Brother;Brother HL4050CDN;MP UNIT;LR1768002;FRONT DOOR UNIT ASSY (SP), HL-4040CN, HL-4040CDN;
Brother;Brother HL4050CDN;MP UNIT;LR1768001;FRONT DOOR UNIT ASSY (SP), HL-4050CDN, HL-4070CDW;
Brother;Brother HL4050CDN;MP UNIT;LR0860001;HINGE SHAFT L;
Brother;Brother HL4050CDN;MP UNIT;LR0861001;HINGE SHAFT R;
Brother;Brother HL4050CDN;MP UNIT;LR0862001;COLLAR 3;
Brother;Brother HL4050CDN;MP UNIT;LR1247001;BROTHER EMBLEM;
Brother;Brother HL4050CDN;MP UNIT;LU4163001;BROTHER EMBLEM 2;
Brother;Brother HL4050CDN;MP UNIT;LR1248001;COLOR LASER LABEL;
Brother;Brother HL4050CDN;MP UNIT;LR1388001;HEATER CAUTION LABEL;
Brother;Brother HL4050CDN;MP UNIT;LU0233001;CAUTION LABEL S 13X40;
Brother;Brother HL4050CDN;MP UNIT;LR1389001;MP SET INSTRUCTION LABEL;
Brother;Brother HL4050CDN;MP UNIT;LR1610001;TONER LABEL US (US/CAN/BRZ/CHL/ARG);
Brother;Brother HL4050CDN;MP UNIT;LR1619001;TONER LABEL EU (GER/UK/SWI/ITA/ISR/SAF/RUS/PAN-NOR/BEL/FRA/HOL/ IBERIA/EEU GENERAL);
Brother;Brother HL4050CDN;MP UNIT;LR1736001;TONER LABEL CHN;
Brother;Brother HL4050CDN;MP UNIT;LR1757001;TONER LABEL AP (ARL/SGR/GULF);
Brother;Brother HL4050CDN;MP UNIT;LR1601001;FRONT DOOR MAIN ASSY;
Brother;Brother HL4050CDN;MP UNIT;LR0707002;FRONT DOOR SUB, HL-4040CN, HL-4040CDN;
Brother;Brother HL4050CDN;MP UNIT;LR0707001;FRONT DOOR SUB, HL-4050CDN, HL-4070CDW;
Brother;Brother HL4050CDN;MP UNIT;LR1037001;HOOK;
Brother;Brother HL4050CDN;MP UNIT;LR1676001;HOOK SPRING L;
Brother;Brother HL4050CDN;MP UNIT;LR1677001;HOOK SPRING R;
Brother;Brother HL4050CDN;MP UNIT;LR1025001;HOOK SHAFT;
Brother;Brother HL4050CDN;MP UNIT;LR0691001;FRONT COVER RELEASE BUTTON;
Brother;Brother HL4050CDN;MP UNIT;LR0692001;BUTTON SPRING;
Brother;Brother HL4050CDN;MP UNIT;LR0700001;HOOK COVER;
Brother;Brother HL4050CDN;MP UNIT;LR0854001;MP PAPER GUIDE ASSY;
Brother;Brother HL4050CDN;MP UNIT;LR0856002;MP COVER ASSY, HL-4040CN, HL-4040CDN;
Brother;Brother HL4050CDN;MP UNIT;LR0856001;MP COVER ASSY, HL-4050CDN, HL-4070CDW;
Brother;Brother HL4050CDN;MP UNIT;LR0716001;MP SEPARATION PAD ASSY;
Brother;Brother HL4050CDN;MP UNIT;LR0718001;MP SEPARATION PAD SPRING;
Brother;Brother HL4050CDN;MP UNIT;LR1916001;MP ROLLER HOLDER ASSY IE301;
Brother;Brother HL4050CDN;MP UNIT;LR0853001;MP FEED FRAME COVER;
Brother;Brother HL4050CDN;MP UNIT;LU4058001;SHOULDER SCREW;
Brother;Brother HL4050CDN;DX;LR0228001;DX FEED ASSY, HL-4040CDN, HL-4050CDN, HL-4070CDW;
Brother;Brother HL4050CDN;PAPER TRAY;LR1234002;PAPER TRAY UNIT, HL-4040CN;
Brother;Brother HL4050CDN;PAPER TRAY;LR0247002;PAPER TRAY UNIT, HL-4040CDN;
Brother;Brother HL4050CDN;PAPER TRAY;LR0247001;PAPER TRAY UNIT, HL-4050CDN, HL-4070CDW;
Brother;Brother HL4050CDN;PAPER TRAY;LM5237001;SEPARATION PAD ASSY;
Brother;Brother HL4050CDN;PAPER TRAY;LR0931001;SEPARATION PAD SPRING;
Brother;Brother HL4050CDN;PAPER TRAY;LR0545002;PAPER GUIDE DX ASSY, HL-4040CDN;
Brother;Brother HL4050CDN;PAPER TRAY;LR0545001;PAPER GUIDE DX ASSY, HL-4050CDN, HL-4070CDW;
Brother;Brother HL4050CDN;FUSER UNIT;LU4103001;FUSER UNIT 115V (SP);
Brother;Brother HL4050CDN;FUSER UNIT;LU4104001;FUSER UNIT 230V (SP);
Brother;Brother HL4050CDN;FUSER UNIT;LU4093001;FUSER REAR COVER ASSY (SP);
Brother;Brother HL4050CDN;FUSER UNIT;LJ0395001;TAPTITE PAN B M4X14;
Brother;Brother HL4050CDN;PAPER EJECT;LU0534001;PAPER EJECT ASSY SX (SP), HL-4040CN;
Brother;Brother HL4050CDN;PAPER EJECT;LU0533001;PAPER EJECT ASSY DX (SP), HL-4040CDN, HL-4050CDN, HL-4070CDW;
Brother;Brother HL4050CDN;COVERS & LABELS;LR1231001;TOP COVER ASSY 40, HL-4040CN;
Brother;Brother HL4050CDN;COVERS & LABELS;LU4280001;TOP COVER ASSY 40D, HL-4040CDN;
Brother;Brother HL4050CDN;COVERS & LABELS;LR0485001;TOP COVER ASSY 50, HL-4050CDN;
Brother;Brother HL4050CDN;COVERS & LABELS;LR1232001;TOP COVER ASSY 70, HL-4070CDW;
Brother;Brother HL4050CDN;COVERS & LABELS;LU4286001;SIDE COVER R ASSY A;
Brother;Brother HL4050CDN;COVERS & LABELS;LR1599002;SIDE COVER L ASSY, HL-4040CN, HL-4040CDN;
Brother;Brother HL4050CDN;COVERS & LABELS;LR1599001;SIDE COVER L ASSY, HL-4050CDN, HL-4070CDW;
Brother;Brother HL4050CDN;COVERS & LABELS;LR0516002;ACCESS COVER, HL-4040CN, HL-4040CDN;
Brother;Brother HL4050CDN;COVERS & LABELS;LR0516001;ACCESS COVER, HL-4050CDN, HL-4070CDW;
Brother;Brother HL4050CDN;COVERS & LABELS;LR1253001;IF COVER 40, HL-4040CN, HL-4040CDN;
Brother;Brother HL4050CDN;COVERS & LABELS;LR1254001;IF COVER 40 SUB, HL-4040CN, HL-4040CDN;
Brother;Brother HL4050CDN;COVERS & LABELS;LR1361002;BACK COVER ASSY, HL-4040CN, HL-4040CDN;
Brother;Brother HL4050CDN;COVERS & LABELS;LR1361001;BACK COVER ASSY, HL-4050CDN, HL-4070CDW;
Brother;Brother HL4050CDN;COVERS & LABELS;LR0519002;BACK COVER UPPER, HL-4040CN, HL-4040CDN;
Brother;Brother HL4050CDN;COVERS & LABELS;LR0519001;BACK COVER UPPER, HL-4050CDN, HL-4070CDW;
Brother;Brother HL4050CDN;COVERS & LABELS;LR0521001;SUPPORT FLAP;
Brother;Brother HL4050CDN;COVERS & LABELS;87411216;TAPTITE CUP B M4X12;
Brother;Brother HL4050CDN;COVERS & LABELS;87320816;TAPTITE CUP S M3X8;
Brother;Brother HL4050CDN;COVERS & LABELS;87420816;TAPTITE CUP S M4X8;
Brother;Brother HL4050CDN;COVERS & LABELS;LG7359001;WIRELESS LAN PCB ASSY, HL-4070CDW;
Brother;Brother HL4050CDN;COVERS & LABELS;LR1910002;TOP COVER L ASSY, HL-4040CN, HL-4040CDN;
Brother;Brother HL4050CDN;COVERS & LABELS;LR1910001;TOP COVER L ASSY, HL-4050CDN, HL-4070CDW;
Brother;Brother HL4050CDN;COVERS & LABELS;LR0488001;TOP COVER R;
Brother;Brother HL4050CDN;COVERS & LABELS;LR0489001;PAPER CHUTE;
Brother;Brother HL4050CDN;COVERS & LABELS;LR1178002;TOP COVER PANEL ASSY, HL-4040CN, HL-4040CDN;
Brother;Brother HL4050CDN;COVERS & LABELS;LR1178001;TOP COVER PANEL ASSY, HL-4050CDN;
Brother;Brother HL4050CDN;COVERS & LABELS;LR1251001;TOP COVER PANEL ASSY, HL-4070CDW;
Brother;Brother HL4050CDN;COVERS & LABELS;LR1187001;LCD PANEL ASSY 40, HL-4040CN;
Brother;Brother HL4050CDN;COVERS & LABELS;LU4281001;LCD PANEL ASSY 40D, HL-4040CDN;
Brother;Brother HL4050CDN;COVERS & LABELS;LR1179001;LCD PANEL ASSY 50, HL-4050CDN;
Brother;Brother HL4050CDN;COVERS & LABELS;LR1233001;LCD PANEL ASSY 70, HL-4070CDW;
Brother;Brother HL4050CDN;COVERS & LABELS;87411216;TAPTITE CUP B M4X12;
Brother;Brother HL4050CDN;COVERS & LABELS;85310816;TAPTITE BIND B M3X8;
Brother;Brother HL4050CDN;COVERS & LABELS;LR0521001;SUPPORT FLAP;
Brother;Brother HL4050CDN;COVERS & LABELS;LM9332001;USB HOST RELAY PCB ASSY;
Brother;Brother HL4050CDN;COVERS & LABELS;LR0491001;KEY CUP UP;
Brother;Brother HL4050CDN;COVERS & LABELS;LR0492001;KEY CUP DOWN;
Brother;Brother HL4050CDN;COVERS & LABELS;LR0493001;KEY CUP L;
Brother;Brother HL4050CDN;COVERS & LABELS;LR0494001;KEY CUP R;
Brother;Brother HL4050CDN;COVERS & LABELS;LR1250002;RUBBER KEY PRINTED ASSY, HL-4040CN, HL-4040CDN;
Brother;Brother HL4050CDN;COVERS & LABELS;LR1250001;RUBBER KEY PRINTED ASSY, HL-4050CDN, HL-4070CDW;
Brother;Brother HL4050CDN;COVERS & LABELS;LM9212001;LCD PANEL PCB ASSY;
Brother;Brother HL4050CDN;COVERS & LABELS;LR0508001;LCD STOPPER;
Brother;Brother HL4050CDN;MAIN PCB;LM9197002;MAIN PCB ASSY, HL-4040CN US/ BRZ;
Brother;Brother HL4050CDN;MAIN PCB;LM9197012;MAIN PCB ASSY, HL-4040CN CAN;
Brother;Brother HL4050CDN;MAIN PCB;LM9197022;MAIN PCB ASSY, HL-4040CN GER/ UK/ SWI/ ITA/ ISR/ SAF/ PAN-NORDIC/ BEL/ FRA/ HOL/ IBERIA/ ARL/ SGP/ GULF/ RUS/ EEU GENERAL/ CHN;
Brother;Brother HL4050CDN;MAIN PCB;LM9197004;MAIN PCB ASSY, HL-4040CDN US;
Brother;Brother HL4050CDN;MAIN PCB;LM9197014;MAIN PCB ASSY, HL-4040CDN CAN;
Brother;Brother HL4050CDN;MAIN PCB;LM9197011;MAIN PCB ASSY, HL-4050CDN CAN;
Brother;Brother HL4050CDN;MAIN PCB;LM9197021;MAIN PCB ASSY, HL-4050CDN GER/ UK/ SWI/ ITA/ ISR/ SAF/ PAN-NORDIC/ BEL/ FRA/ HOL/ IBERIA/ ARL/ SGP/ GULF/ RUS/ EEU GENERAL/ CHL/ ARG;
Brother;Brother HL4050CDN;MAIN PCB;LM9197031;MAIN PCB ASSY, HL-4050CDN CHN;
Brother;Brother HL4050CDN;MAIN PCB;LM9197003;MAIN PCB ASSY, HL-4070CDW US;
Brother;Brother HL4050CDN;MAIN PCB;LM9197013;MAIN PCB ASSY, HL-4070CDW CAN;
Brother;Brother HL4050CDN;MAIN PCB;LM9197023;MAIN PCB ASSY, HL-4070CDW GER/ UK/ SWI/ PAN-NORDIC/ BEL/ FRA/ HOL/ IBERIA/ ITA;
Brother;Brother HL4050CDN;ENGINE PCB;LV0378002;ENGINE PCB ASSY (HL-4040CN);
Brother;Brother HL4050CDN;ENGINE PCB;LV0378001;ENGINE PCB ASSY (HL-4040CDN/ 4050CDN/ 4070CDW);
Brother;Brother HL4050CDN;LVPS;LM9246001;PS PCB UNIT 115V;
Brother;Brother HL4050CDN;LVPS;LM9287001;PS PCB UNIT 230V (EXCEPT CHN);
Brother;Brother HL4050CDN;LVPS;LM9503001;PS PCB UNIT 230V CHN;
Brother;Brother HL4050CDN;HVPS;LM9506001;CHARGE HVPS PCB ASSY;
Brother;Brother HL4050CDN;HVPS;LR0902001;TRANSFER HVPS PCB UNIT;
Brother;Brother HL4050CDN;HVPS;LM9253001;TRANSFER HVPS PCB ASSY;
Brother;Brother HL4050CDN;HVPS;LM9224001;DENSITY SENSOR;
Brother;Brother HL4050CDN;HVPS;LM9446001;REGISTRATION-MARK SENSOR PCB ASSY1;
Brother;Brother HL4050CDN;HVPS;LM9448001;REGISTRATION-MARK SENSOR PCB ASSY2;
Brother;Brother HL4050CDN;HVPS;LM9445001;REGISTRATION RELAY PCB ASSY;
Brother;Brother HL4050CDN;HVPS;85310816;TAPTITE BIND B M3X8;
Brother;Brother HL4050CDN;PERIODICAL MAINTENANCE PART;LR1919001;PAPER FEED KIT IE301;
Brother;Brother HL4050CDN;PERIODICAL MAINTENANCE PART;LR1920001;MP PAPER FEED KIT IE301;
