Brother;Brother MFC6490CW;ADF;LS5928001;ADF UNIT ASSY (SP);
Brother;Brother MFC6490CW;ADF;LS4643001;HINGE ARM L;
Brother;Brother MFC6490CW;ADF;LE6244005;HINGE ARM R;
Brother;Brother MFC6490CW;ADF;LS4644001;HARNESS SUPPORT;
Brother;Brother MFC6490CW;ADF;LS4687001;EMBLEM BROTHER;
Brother;Brother MFC6490CW;ADF;087321016;TAPTITE CUP S M3X10;
Brother;Brother MFC6490CW;ADF;LS5772001;TAPTITE BIND B M4X12 M9;
Brother;Brother MFC6490CW;ADF;LS4565001;DOCUMENT COVER ASSY;
Brother;Brother MFC6490CW;ADF;LS4577001;LOWER ADF CHUTE ASSY;
Brother;Brother MFC6490CW;ADF;LS4612001;UPPER ADF CHUTE ASSY;
Brother;Brother MFC6490CW;ADF;LS4622001;DOCUMENT PULL-IN/SEPERATION ROLLER ASSY;
Brother;Brother MFC6490CW;ADF;LS4635005;ADF FRONT COVER;
Brother;Brother MFC6490CW;ADF;LS4636005;ADF REAR COVER;
Brother;Brother MFC6490CW;ADF;LS4637001;ADF COVER ASSY;
Brother;Brother MFC6490CW;ADF;LS4641004;DOCUMENT SUPPORT;
Brother;Brother MFC6490CW;ADF;LS4642005;ADF HANDLE COVER;
Brother;Brother MFC6490CW;ADF;087311016;TAPTITE CUP B M3X10;
Brother;Brother MFC6490CW;ADF;LS4574005;DOCUMENT STOPPER;
Brother;Brother MFC6490CW;ADF;LS4586001;ADF MOTOR;
Brother;Brother MFC6490CW;ADF;LT0293001;DOCUMENT SENSOR PCB ASSY;B53K964
Brother;Brother MFC6490CW;ADF;LT0297001;DOCUMENT WIDTH SENSOR PCB ASSY;B53K966
Brother;Brother MFC6490CW;ADF;087311016;TAPTITE CUP B M3X10;
Brother;Brother MFC6490CW;ADF;LS4615001;SEPARATION RUBBER;
Brother;Brother MFC6490CW;ADF;LS4617001;SEPERATION PLATE;
Brother;Brother MFC6490CW;ADF;087311016;TAPTITE CUP B M3X10;
Brother;Brother MFC6490CW;SCANNER;LS5921001;SCANNER UNIT ASSY;
Brother;Brother MFC6490CW;ENGINE;LS5936001;ENGINE UNIT ASSY (SP);
Brother;Brother MFC6490CW;ENGINE;LS5946001;CARRIAGE PCB UNIT ASSY (SP);
Brother;Brother MFC6490CW;ENGINE;LS5945001;MAINTENANCE UNIT ASSY (SP);
Brother;Brother MFC6490CW;ENGINE;LS4383001;HEAD COVER ASSY;
Brother;Brother MFC6490CW;ENGINE;LS4040001;INNER BACK COVER;
Brother;Brother MFC6490CW;ENGINE;LS4054001;OUTER BACK COVER;
Brother;Brother MFC6490CW;ENGINE;087311016;TAPTITE CUP B M3X10;
Brother;Brother MFC6490CW;ENGINE;LS4376001;CARRIAGE MOTOR ASSY;
Brother;Brother MFC6490CW;ENGINE;LS4001001;TIMING BELT;
Brother;Brother MFC6490CW;ENGINE;LS4379001;CR ENCODER STRIP;
Brother;Brother MFC6490CW;ENGINE;LS4386001;TUBE SUPPORT PLATE;
Brother;Brother MFC6490CW;ENGINE;LS4387001;TUBE SUPPORT WIRE;
Brother;Brother MFC6490CW;ENGINE;LS4302001;STAR WHEEL HOLDER ASSY;
Brother;Brother MFC6490CW;ENGINE;LS4305001;PLATEN ASSY;
Brother;Brother MFC6490CW;ENGINE;LP1471001;PF ENCODER DISK;
Brother;Brother MFC6490CW;ENGINE;LS4033001;INNER CHUTE ASSY;
Brother;Brother MFC6490CW;ENGINE;LS4091001;ASF MOTOR ASSY;
Brother;Brother MFC6490CW;ENGINE;LS4375001;SCREW PAN (S/P WASHER) M3X5;
Brother;Brother MFC6490CW;ENGINE;LT0350001;PF ENCODER/REGISTRATION SENSOR HARNESS;
Brother;Brother MFC6490CW;ENGINE;LS4038005;SUB INNER BACK COVER;
Brother;Brother MFC6490CW;ENGINE;LS4904001;PAPER PULL-IN ROLLER ASSY;
Brother;Brother MFC6490CW;ENGINE;LS4098001;SWITCHING LEVER GUIDE;
Brother;Brother MFC6490CW;ENGINE;000021206;SCREW BIND M2X12;
Brother;Brother MFC6490CW;ENGINE;000300606;SCREW BIND M3X6;
Brother;Brother MFC6490CW;ENGINE;LS4036001;REGISTRATION SENSOR ACTUATOR;
Brother;Brother MFC6490CW;CARTRIDGE CASE;LK3552001;INK REFILL ASSY (SP);
Brother;Brother MFC6490CW;CARTRIDGE CASE;LS5888001;HEAD JOINT RUBBER (SP);
Brother;Brother MFC6490CW;HEAD;LK3197001;HEAD/CARRIAGE UNIT SUPPLY ASSY (without CARRIAGE PCB ASSY);
Brother;Brother MFC6490CW;HEAD;LK3215001;PROTECTOR PARTS SUPPLY ASSY(SP);
Brother;Brother MFC6490CW;PAPER TRAY;LS5890001;PAPER TRAY A3 ASSY(SP);
Brother;Brother MFC6490CW;PAPER TRAY;LS5475001;EXIT INSTRUCTION LABEL;
Brother;Brother MFC6490CW;PAPER TRAY;LP1575001;BASE PAD;
Brother;Brother MFC6490CW;PAPER TRAY;LS4115001;BANK ASSY;
Brother;Brother MFC6490CW;LOWER TRAY;LS4168001;LT COVER ASSY;
Brother;Brother MFC6490CW;LOWER TRAY;LS5891001;PAPER TRAY ASSY LT(SP);
Brother;Brother MFC6490CW;LOWER TRAY;LP1094001;LT PAPER PULL-IN ROLLER ASSY;
Brother;Brother MFC6490CW;LOWER TRAY;LP5185001;TORQUE SPRING LT;
Brother;Brother MFC6490CW;LOWER TRAY;087311016;TAPTITE CUP B M3X10;
Brother;Brother MFC6490CW;COVER;LS4698005;LOWER COVER;
Brother;Brother MFC6490CW;COVER;LS4699001;INK ABSORBER FELT;
Brother;Brother MFC6490CW;COVER;LS4700001;INK FOAM M;
Brother;Brother MFC6490CW;COVER;LS5889001;INK ABSORBER TUBE ASSY (SP);
Brother;Brother MFC6490CW;COVER;LS4707001;FLUSHING BOX ASSY;
Brother;Brother MFC6490CW;COVER;LS4714001;SPEAKER SPRING;
Brother;Brother MFC6490CW;COVER;LT0375001;SPEAKER UNIT;
Brother;Brother MFC6490CW;COVER;LS5901001;ENCODER GUARD FILM A3;
Brother;Brother MFC6490CW;COVER;LS5902001;ENCODER GUARD SPRING;
Brother;Brother MFC6490CW;COVER;LS4718005;UPPER COVER;
Brother;Brother MFC6490CW;COVER;LS6306001;INK CARTRIDGE COVER LABEL ASSY FOR US;
Brother;Brother MFC6490CW;COVER;LS6307001;INK CARTRIDGE COVER LABEL ASSY EXCEPT FOR US;
Brother;Brother MFC6490CW;COVER;LS4720005;FRONT COVER;
Brother;Brother MFC6490CW;COVER;LS4721006;SIDE COVER R;
Brother;Brother MFC6490CW;COVER;LS4722006;SIDE COVER L;
Brother;Brother MFC6490CW;COVER;LS4723005;EDGE COVER R;
Brother;Brother MFC6490CW;COVER;LS4724005;EDGE COVER L;
Brother;Brother MFC6490CW;COVER;LS4725005;MEDIA MODULE COVER;
Brother;Brother MFC6490CW;COVER;LS4727001;FB HINGE;
Brother;Brother MFC6490CW;COVER;LS4728005;HARNESS COVER;
Brother;Brother MFC6490CW;COVER;LS4729005;CIS FLAT CABLE COVER;
Brother;Brother MFC6490CW;COVER;LS4731007;SCANNER COVER SUPPORT;
Brother;Brother MFC6490CW;COVER;LS4733001;SCANNER COVER DAMPER;
Brother;Brother MFC6490CW;COVER;LT0661001;WLAN PCB;
Brother;Brother MFC6490CW;COVER;LT0319001;BACKUP BATTERY;
Brother;Brother MFC6490CW;COVER;LE8842001;EXT CAP, MFC6490CW FOR US/CAN/SPA;
Brother;Brother MFC6490CW;COVER;UF5745000;MJ COVER EXT, MFC6490CW FOR GER/UK/FRA/ITA;
Brother;Brother MFC6490CW;COVER;LS5867001;ENCODER CAUTION LABEL;
Brother;Brother MFC6490CW;COVER;085411216;TAPTITE BIND B M4X12;
Brother;Brother MFC6490CW;COVER;087311016;TAPTITE CUP B M3X10;
Brother;Brother MFC6490CW;PANEL;LS4738001;CONTROL PANEL ASSY;US
Brother;Brother MFC6490CW;PANEL;LS5785001;CONTROL PANEL ASSY, MFC6490CW FOR GER;EU
Brother;Brother MFC6490CW;PANEL;LS5319001;CONTROL PANEL ASSY, MFC6490CW FOR UK;EU
Brother;Brother MFC6490CW;PANEL;LS5813001;CONTROL PANEL ASSY, MFC6490CW FOR FRA;EU
Brother;Brother MFC6490CW;PANEL;LS5815001;CONTROL PANEL ASSY, MFC6490CW FOR SPA;EU
Brother;Brother MFC6490CW;PANEL;LS5816001;CONTROL PANEL ASSY, MFC6490CW FOR ITA;EU
Brother;Brother MFC6490CW;PANEL;087311016;TAPTITE CUP B M3X10;US
Brother;Brother MFC6490CW;PANEL;087311016;TAPTITE CUP B M3X10;EU
Brother;Brother MFC6490CW;PANEL;LS4740001;CONTROL PANEL BASE;US
Brother;Brother MFC6490CW;PANEL;LS5786001;CONTROL PANEL BASE, MFC6490CW FOR GER;EU
Brother;Brother MFC6490CW;PANEL;LS5320001;CONTROL PANEL BASE. MFC6490CW FOR UK;EU
Brother;Brother MFC6490CW;PANEL;LS5819001;CONTROL PANEL BASE, MFC6490CW FOR FRA;EU
Brother;Brother MFC6490CW;PANEL;LS5821001;CONTROL PANEL BASE, MFC6490CW FOR SPA;EU
Brother;Brother MFC6490CW;PANEL;LS5822001;CONTROL PANEL BASE, MFC6490CW FOR ITA;EU
Brother;Brother MFC6490CW;PANEL;LS4754001;COLOR LCD UNIT;US
Brother;Brother MFC6490CW;PANEL;LS4754001;COLOR LCD UNIT;EU
Brother;Brother MFC6490CW;PANEL;LS4760001;LATCH SPRING;US
Brother;Brother MFC6490CW;PANEL;LS4760001;LATCH SPRING;EU
Brother;Brother MFC6490CW;PANEL;LS4761001;PRINTED PANEL PLATE;US
Brother;Brother MFC6490CW;PANEL;LS5787001;PRINTED PANEL PLATE. MFC6490CW FOR GER;EU
Brother;Brother MFC6490CW;PANEL;LS5321001;PRINTED PANEL PLATE, MFC6490CW FOR UK;EU
Brother;Brother MFC6490CW;PANEL;LS5825001;PRINTED PANEL PLATE, MFC6490CW FOR FRA;EU
Brother;Brother MFC6490CW;PANEL;LS5827001;PRINTED PANEL PLATE, MFC6490CW FOR SPA;EU
Brother;Brother MFC6490CW;PANEL;LS5828001;PRINTED PANEL PLATE, MFC6490CW FOR ITA;EU
Brother;Brother MFC6490CW;PANEL;LS4742001;PRINTED RUBBER KEY M9 FUNCTION;US
Brother;Brother MFC6490CW;PANEL;LS4742001;PRINTED RUBBER KEY M9 FUNCTION;EU
Brother;Brother MFC6490CW;PANEL;LS4744001;PRINTED RUBBER KEY M9 TEN;US
Brother;Brother MFC6490CW;PANEL;LS4744001;PRINTED RUBBER KEY M9 TEN;EU
Brother;Brother MFC6490CW;PANEL;LS4746001;PRINTED RUBBER KEY MENU;US
Brother;Brother MFC6490CW;PANEL;LS4746001;PRINTED RUBBER KEY MENU;EU
Brother;Brother MFC6490CW;PANEL;LS4748001;PRINTED RUBBER KEY M9 ON/OFF;US
Brother;Brother MFC6490CW;PANEL;LS4748001;PRINTED RUBBER KEY M9 ON/OFF;EU
Brother;Brother MFC6490CW;PANEL;LT0432001;CONTROL PANEL PCB ASSY;US B53K975
Brother;Brother MFC6490CW;PANEL;LT0432001;CONTROL PANEL PCB ASSY;EU B53K975
Brother;Brother MFC6490CW;PANEL;085310816;TAPTITE BIND B M3X8;US
Brother;Brother MFC6490CW;PANEL;085310816;TAPTITE BIND B M3X8;EU
Brother;Brother MFC6490CW;PCB;LT0314021;MAIN PCB ASSY;B53K959
Brother;Brother MFC6490CW;PCB;LT0416001;POWER SUPPLY PCB ASSY, MFC6490CW FOR US/CAN (INCLUDING AC CORD);
Brother;Brother MFC6490CW;PCB;LT0485001;POWER SUPPLY PCB ASSY, MFC6490CW EXCEPT FOR US/CAN (EXCLUDING AC CORD);
Brother;Brother MFC6490CW;PCB;LT0405001;MJ PCB ASSY, MFC6490CW FOR US/CAN;B53K967
Brother;Brother MFC6490CW;PCB;LT0405004;MJ PCB ASSY, MFC6490CW EXCEPT FOR US/CAN;B53K967
Brother;Brother MFC6490CW;ADF;LS5928001;ADF UNIT ASSY (SP);
Brother;Brother MFC6490CW;ADF;LS4643001;HINGE ARM L;
Brother;Brother MFC6490CW;ADF;LE6244005;HINGE ARM R;
Brother;Brother MFC6490CW;ADF;LS4644001;HARNESS SUPPORT;
Brother;Brother MFC6490CW;ADF;LS4687001;EMBLEM BROTHER;
Brother;Brother MFC6490CW;ADF;087321016;TAPTITE CUP S M3X10;
Brother;Brother MFC6490CW;ADF;LS5772001;TAPTITE BIND B M4X12 M9;
Brother;Brother MFC6490CW;ADF;LS4565001;DOCUMENT COVER ASSY;
Brother;Brother MFC6490CW;ADF;LS4577001;LOWER ADF CHUTE ASSY;
Brother;Brother MFC6490CW;ADF;LS4612001;UPPER ADF CHUTE ASSY;
Brother;Brother MFC6490CW;ADF;LS4622001;DOCUMENT PULL-IN/SEPERATION ROLLER ASSY;
Brother;Brother MFC6490CW;ADF;LS4635005;ADF FRONT COVER;
Brother;Brother MFC6490CW;ADF;LS4636005;ADF REAR COVER;
Brother;Brother MFC6490CW;ADF;LS4637001;ADF COVER ASSY;
Brother;Brother MFC6490CW;ADF;LS4641004;DOCUMENT SUPPORT;
Brother;Brother MFC6490CW;ADF;LS4642005;ADF HANDLE COVER;
Brother;Brother MFC6490CW;ADF;087311016;TAPTITE CUP B M3X10;
Brother;Brother MFC6490CW;ADF;LS4574005;DOCUMENT STOPPER;
Brother;Brother MFC6490CW;ADF;LS4586001;ADF MOTOR;
Brother;Brother MFC6490CW;ADF;LT0293001;DOCUMENT SENSOR PCB ASSY;B53K964
Brother;Brother MFC6490CW;ADF;LT0297001;DOCUMENT WIDTH SENSOR PCB ASSY;B53K966
Brother;Brother MFC6490CW;ADF;087311016;TAPTITE CUP B M3X10;
Brother;Brother MFC6490CW;ADF;LS4615001;SEPARATION RUBBER;
Brother;Brother MFC6490CW;ADF;LS4617001;SEPERATION PLATE;
Brother;Brother MFC6490CW;ADF;087311016;TAPTITE CUP B M3X10;
Brother;Brother MFC6490CW;SCANNER;LS5921001;SCANNER UNIT ASSY;
Brother;Brother MFC6490CW;ENGINE;LS5936001;ENGINE UNIT ASSY (SP);
Brother;Brother MFC6490CW;ENGINE;LS5946001;CARRIAGE PCB UNIT ASSY (SP);
Brother;Brother MFC6490CW;ENGINE;LS5945001;MAINTENANCE UNIT ASSY (SP);
Brother;Brother MFC6490CW;ENGINE;LS4383001;HEAD COVER ASSY;
Brother;Brother MFC6490CW;ENGINE;LS4040001;INNER BACK COVER;
Brother;Brother MFC6490CW;ENGINE;LS4054001;OUTER BACK COVER;
Brother;Brother MFC6490CW;ENGINE;087311016;TAPTITE CUP B M3X10;
Brother;Brother MFC6490CW;ENGINE;LS4376001;CARRIAGE MOTOR ASSY;
Brother;Brother MFC6490CW;ENGINE;LS4001001;TIMING BELT;
Brother;Brother MFC6490CW;ENGINE;LS4379001;CR ENCODER STRIP;
Brother;Brother MFC6490CW;ENGINE;LS4386001;TUBE SUPPORT PLATE;
Brother;Brother MFC6490CW;ENGINE;LS4387001;TUBE SUPPORT WIRE;
Brother;Brother MFC6490CW;ENGINE;LS4302001;STAR WHEEL HOLDER ASSY;
Brother;Brother MFC6490CW;ENGINE;LS4305001;PLATEN ASSY;
Brother;Brother MFC6490CW;ENGINE;LP1471001;PF ENCODER DISK;
Brother;Brother MFC6490CW;ENGINE;LS4033001;INNER CHUTE ASSY;
Brother;Brother MFC6490CW;ENGINE;LS4091001;ASF MOTOR ASSY;
Brother;Brother MFC6490CW;ENGINE;LS4375001;SCREW PAN (S/P WASHER) M3X5;
Brother;Brother MFC6490CW;ENGINE;LT0350001;PF ENCODER/REGISTRATION SENSOR HARNESS;
Brother;Brother MFC6490CW;ENGINE;LS4038005;SUB INNER BACK COVER;
Brother;Brother MFC6490CW;ENGINE;LS4904001;PAPER PULL-IN ROLLER ASSY;
Brother;Brother MFC6490CW;ENGINE;LS4098001;SWITCHING LEVER GUIDE;
Brother;Brother MFC6490CW;ENGINE;000021206;SCREW BIND M2X12;
Brother;Brother MFC6490CW;ENGINE;000300606;SCREW BIND M3X6;
Brother;Brother MFC6490CW;ENGINE;LS4036001;REGISTRATION SENSOR ACTUATOR;
Brother;Brother MFC6490CW;CARTRIDGE CASE;LK3552001;INK REFILL ASSY (SP);
Brother;Brother MFC6490CW;CARTRIDGE CASE;LS5888001;HEAD JOINT RUBBER (SP);
Brother;Brother MFC6490CW;HEAD;LK3197001;HEAD/CARRIAGE UNIT SUPPLY ASSY (without CARRIAGE PCB ASSY);
Brother;Brother MFC6490CW;HEAD;LK3215001;PROTECTOR PARTS SUPPLY ASSY(SP);
Brother;Brother MFC6490CW;PAPER TRAY;LS5890001;PAPER TRAY A3 ASSY(SP);
Brother;Brother MFC6490CW;PAPER TRAY;LS5475001;EXIT INSTRUCTION LABEL;
Brother;Brother MFC6490CW;PAPER TRAY;LP1575001;BASE PAD;
Brother;Brother MFC6490CW;PAPER TRAY;LS4115001;BANK ASSY;
Brother;Brother MFC6490CW;LOWER TRAY;LS4168001;LT COVER ASSY;
Brother;Brother MFC6490CW;LOWER TRAY;LS5891001;PAPER TRAY ASSY LT(SP);
Brother;Brother MFC6490CW;LOWER TRAY;LP1094001;LT PAPER PULL-IN ROLLER ASSY;
Brother;Brother MFC6490CW;LOWER TRAY;LP5185001;TORQUE SPRING LT;
Brother;Brother MFC6490CW;LOWER TRAY;087311016;TAPTITE CUP B M3X10;
Brother;Brother MFC6490CW;COVER;LS4698005;LOWER COVER;
Brother;Brother MFC6490CW;COVER;LS4699001;INK ABSORBER FELT;
Brother;Brother MFC6490CW;COVER;LS4700001;INK FOAM M;
Brother;Brother MFC6490CW;COVER;LS5889001;INK ABSORBER TUBE ASSY (SP);
Brother;Brother MFC6490CW;COVER;LS4707001;FLUSHING BOX ASSY;
Brother;Brother MFC6490CW;COVER;LS4714001;SPEAKER SPRING;
Brother;Brother MFC6490CW;COVER;LT0375001;SPEAKER UNIT;
Brother;Brother MFC6490CW;COVER;LS5901001;ENCODER GUARD FILM A3;
Brother;Brother MFC6490CW;COVER;LS5902001;ENCODER GUARD SPRING;
Brother;Brother MFC6490CW;COVER;LS4718005;UPPER COVER;
Brother;Brother MFC6490CW;COVER;LS6306001;INK CARTRIDGE COVER LABEL ASSY FOR US;
Brother;Brother MFC6490CW;COVER;LS6307001;INK CARTRIDGE COVER LABEL ASSY EXCEPT FOR US;
Brother;Brother MFC6490CW;COVER;LS4720005;FRONT COVER;
Brother;Brother MFC6490CW;COVER;LS4721006;SIDE COVER R;
Brother;Brother MFC6490CW;COVER;LS4722006;SIDE COVER L;
Brother;Brother MFC6490CW;COVER;LS4723005;EDGE COVER R;
Brother;Brother MFC6490CW;COVER;LS4724005;EDGE COVER L;
Brother;Brother MFC6490CW;COVER;LS4725005;MEDIA MODULE COVER;
Brother;Brother MFC6490CW;COVER;LS4727001;FB HINGE;
Brother;Brother MFC6490CW;COVER;LS4728005;HARNESS COVER;
Brother;Brother MFC6490CW;COVER;LS4729005;CIS FLAT CABLE COVER;
Brother;Brother MFC6490CW;COVER;LS4731007;SCANNER COVER SUPPORT;
Brother;Brother MFC6490CW;COVER;LS4733001;SCANNER COVER DAMPER;
Brother;Brother MFC6490CW;COVER;LT0661001;WLAN PCB;
Brother;Brother MFC6490CW;COVER;LT0319001;BACKUP BATTERY;
Brother;Brother MFC6490CW;COVER;LE8842001;EXT CAP, MFC6490CW FOR US/CAN/SPA;
Brother;Brother MFC6490CW;COVER;UF5745000;MJ COVER EXT, MFC6490CW FOR GER/UK/FRA/ITA;
Brother;Brother MFC6490CW;COVER;LS5867001;ENCODER CAUTION LABEL;
Brother;Brother MFC6490CW;COVER;085411216;TAPTITE BIND B M4X12;
Brother;Brother MFC6490CW;COVER;087311016;TAPTITE CUP B M3X10;
Brother;Brother MFC6490CW;PANEL;LS4738001;CONTROL PANEL ASSY;US
Brother;Brother MFC6490CW;PANEL;LS5785001;CONTROL PANEL ASSY, MFC6490CW FOR GER;EU
Brother;Brother MFC6490CW;PANEL;LS5319001;CONTROL PANEL ASSY, MFC6490CW FOR UK;EU
Brother;Brother MFC6490CW;PANEL;LS5813001;CONTROL PANEL ASSY, MFC6490CW FOR FRA;EU
Brother;Brother MFC6490CW;PANEL;LS5815001;CONTROL PANEL ASSY, MFC6490CW FOR SPA;EU
Brother;Brother MFC6490CW;PANEL;LS5816001;CONTROL PANEL ASSY, MFC6490CW FOR ITA;EU
Brother;Brother MFC6490CW;PANEL;087311016;TAPTITE CUP B M3X10;US
Brother;Brother MFC6490CW;PANEL;087311016;TAPTITE CUP B M3X10;EU
Brother;Brother MFC6490CW;PANEL;LS4740001;CONTROL PANEL BASE;US
Brother;Brother MFC6490CW;PANEL;LS5786001;CONTROL PANEL BASE, MFC6490CW FOR GER;EU
Brother;Brother MFC6490CW;PANEL;LS5320001;CONTROL PANEL BASE. MFC6490CW FOR UK;EU
Brother;Brother MFC6490CW;PANEL;LS5819001;CONTROL PANEL BASE, MFC6490CW FOR FRA;EU
Brother;Brother MFC6490CW;PANEL;LS5821001;CONTROL PANEL BASE, MFC6490CW FOR SPA;EU
Brother;Brother MFC6490CW;PANEL;LS5822001;CONTROL PANEL BASE, MFC6490CW FOR ITA;EU
Brother;Brother MFC6490CW;PANEL;LS4754001;COLOR LCD UNIT;US
Brother;Brother MFC6490CW;PANEL;LS4754001;COLOR LCD UNIT;EU
Brother;Brother MFC6490CW;PANEL;LS4760001;LATCH SPRING;US
Brother;Brother MFC6490CW;PANEL;LS4760001;LATCH SPRING;EU
Brother;Brother MFC6490CW;PANEL;LS4761001;PRINTED PANEL PLATE;US
Brother;Brother MFC6490CW;PANEL;LS5787001;PRINTED PANEL PLATE. MFC6490CW FOR GER;EU
Brother;Brother MFC6490CW;PANEL;LS5321001;PRINTED PANEL PLATE, MFC6490CW FOR UK;EU
Brother;Brother MFC6490CW;PANEL;LS5825001;PRINTED PANEL PLATE, MFC6490CW FOR FRA;EU
Brother;Brother MFC6490CW;PANEL;LS5827001;PRINTED PANEL PLATE, MFC6490CW FOR SPA;EU
Brother;Brother MFC6490CW;PANEL;LS5828001;PRINTED PANEL PLATE, MFC6490CW FOR ITA;EU
Brother;Brother MFC6490CW;PANEL;LS4742001;PRINTED RUBBER KEY M9 FUNCTION;US
Brother;Brother MFC6490CW;PANEL;LS4742001;PRINTED RUBBER KEY M9 FUNCTION;EU
Brother;Brother MFC6490CW;PANEL;LS4744001;PRINTED RUBBER KEY M9 TEN;US
Brother;Brother MFC6490CW;PANEL;LS4744001;PRINTED RUBBER KEY M9 TEN;EU
Brother;Brother MFC6490CW;PANEL;LS4746001;PRINTED RUBBER KEY MENU;US
Brother;Brother MFC6490CW;PANEL;LS4746001;PRINTED RUBBER KEY MENU;EU
Brother;Brother MFC6490CW;PANEL;LS4748001;PRINTED RUBBER KEY M9 ON/OFF;US
Brother;Brother MFC6490CW;PANEL;LS4748001;PRINTED RUBBER KEY M9 ON/OFF;EU
Brother;Brother MFC6490CW;PANEL;LT0432001;CONTROL PANEL PCB ASSY;US B53K975
Brother;Brother MFC6490CW;PANEL;LT0432001;CONTROL PANEL PCB ASSY;EU B53K975
Brother;Brother MFC6490CW;PANEL;085310816;TAPTITE BIND B M3X8;US
Brother;Brother MFC6490CW;PANEL;085310816;TAPTITE BIND B M3X8;EU
Brother;Brother MFC6490CW;PCB;LT0314021;MAIN PCB ASSY;B53K959
Brother;Brother MFC6490CW;PCB;LT0416001;POWER SUPPLY PCB ASSY, MFC6490CW FOR US/CAN (INCLUDING AC CORD);
Brother;Brother MFC6490CW;PCB;LT0485001;POWER SUPPLY PCB ASSY, MFC6490CW EXCEPT FOR US/CAN (EXCLUDING AC CORD);
Brother;Brother MFC6490CW;PCB;LT0405001;MJ PCB ASSY, MFC6490CW FOR US/CAN;B53K967
Brother;Brother MFC6490CW;PCB;LT0405004;MJ PCB ASSY, MFC6490CW EXCEPT FOR US/CAN;B53K967
