Brother;Brother HL2032;FRAME UNIT;LM4921001;MAIN FRAME L ASSY 70N-S;
Brother;Brother HL2032;FRAME UNIT;LM6238001;MAIN FRAME L ASSY 30-SV;
Brother;Brother HL2032;FRAME UNIT;LM6237001;MAIN FRAME L ASSY 40-SV;
Brother;Brother HL2032;FRAME UNIT;LM4265001;FAN MOTOR 60 UNIT;
Brother;Brother HL2032;FRAME UNIT;LJ9747001;TONER LED PCB ASSY ALL;
Brother;Brother HL2032;FRAME UNIT;LM4267001;LED HOLDER;
Brother;Brother HL2032;FRAME UNIT;LJ7403001;RUBBER FOOT;
Brother;Brother HL2032;FRAME UNIT;LM4275001;SUB CHUTE ASSY;
Brother;Brother HL2032;FRAME UNIT;LM4282001;REGIST FRONT ACTUATOR;
Brother;Brother HL2032;FRAME UNIT;LM4283001;TAIL EDGE ACTUATOR;
Brother;Brother HL2032;FRAME UNIT;LJ9751001;REGIST SENSOR PCB ASSY;
Brother;Brother HL2032;FRAME UNIT;LM4285001;REGIST FRONT SPRING;
Brother;Brother HL2032;FRAME UNIT;LM4570001;FILTER ASSY;
Brother;Brother HL2032;FRAME UNIT;LM4300001;PICKUP ROLLER HOLDER ASSY;
Brother;Brother HL2032;FRAME UNIT;LM6482001;LINK LEVER ALL;
Brother;Brother HL2032;FRAME UNIT;LM4284001;REGIST REAR ACTUATOR;
Brother;Brother HL2032;FRAME UNIT;LM4286001;REGIST REAR SPRING;
Brother;Brother HL2032;FRAME UNIT;LM4287001;TAIL EDGE SPRING;
Brother;Brother HL2032;FRAME UNIT;LM6481001;PINCH SPRING R;
Brother;Brother HL2032;FRAME UNIT;LJ9888001;CORE:23.8X15X6.3X1.1;
Brother;Brother HL2032;FRAME UNIT;LJ7432001;CLEANER PINCH ROLLER ASSY L;
Brother;Brother HL2032;FRAME UNIT;LM4357001;TRANSFER ARM;
Brother;Brother HL2032;FRAME UNIT;LM4358001;TRANSFER ARM SPRING;
Brother;Brother HL2032;FRAME UNIT;LM4595001;ANTI-STATIC BRUSH ALL;
Brother;Brother HL2032;FRAME UNIT;LM4227001;DEVELOP JOINT;
Brother;Brother HL2032;FRAME UNIT;LM4341001;MAIN MOTOR ASSY;
Brother;Brother HL2032;FRAME UNIT;LM4234001;F/R SOLENOID ASSY;
Brother;Brother HL2032;FRAME UNIT;LM4238001;P/R SOLENOID ASSY;
Brother;Brother HL2032;FRAME UNIT;LJ9740001;TONER SENSOR PCB ASSY ALL;
Brother;Brother HL2032;FRAME UNIT;LM4257001;COVER SENSOR;
Brother;Brother HL2032;FRAME UNIT;LM4262001;NEW TONER SENSOR;
Brother;Brother HL2032;FRAME UNIT;LM4260001;NEW TONER ACTUATOR;
Brother;Brother HL2032;FRAME UNIT;LM4261001;NEW TONER ACTUATOR SPRING;
Brother;Brother HL2032;FRAME UNIT;LM6480001;PINCH SPRING L;
Brother;Brother HL2032;FRAME UNIT;LM9014001;THERMISTOR RELAY HARNESS-S (HL2030/2040);
Brother;Brother HL2032;FRAME UNIT;LM9014001;THERMISTOR RELAY HARNESS-S (HL2070N);
Brother;Brother HL2032;FRAME UNIT;LM9013001;THERMISTOR HARNESS JOINT-S;
Brother;Brother HL2032;FRAME UNIT;LM6214001;MAIN SHIELD PLATE 1 (HL-2030);
Brother;Brother HL2032;FRAME UNIT;LM4225001;DEVELOP DRIVE GEAR;
Brother;Brother HL2032;FRAME UNIT;LM4633001;SOLENOID RELEASE SPRING ALL;
Brother;Brother HL2032;LASER UNIT;LM4578001;LASER UNIT ALL (SP);
Brother;Brother HL2032;LASER UNIT;LJ0908001;LASER CAUTION LABEL B;
Brother;Brother HL2032;LASER UNIT;UL7931001;LASER CAUTION LABEL CHN;
Brother;Brother HL2032;PAPER TRAY;LM6331001;PAPER TRAY ASSY, LIGHT GRAY (1581);
Brother;Brother HL2032;PAPER TRAY;LM6331002;PAPER TRAY ASSY, DARK GRAY (1736);
Brother;Brother HL2032;PAPER TRAY;LM6333001;PAPER TRAY ASSY EUR, LIGHT GRAY (1581);
Brother;Brother HL2032;PAPER TRAY;LM6333002;PAPER TRAY ASSY EUR, DARK GRAY (1736);
Brother;Brother HL2032;PAPER TRAY;LM6331007;PAPER TRAY ASSY (HL-2045 CHN);
Brother;Brother HL2032;PAPER TRAY;LM6331008;PAPER TRAY ASSY (HL-2075N CHN);
Brother;Brother HL2032;PAPER TRAY;LM4146001;SEPARATION PAD SPRING;
Brother;Brother HL2032;PAPER TRAY;LM4143001;SEPARATION PAD HOLDER ASSY;
Brother;Brother HL2032;FIXING UNIT;LM6721001;FUSER UNIT, 115V I-10/5 (SP);
Brother;Brother HL2032;FIXING UNIT;LM6723001;FUSER UNIT, 230V I-10/5 (SP);
Brother;Brother HL2032;FIXING UNIT;LM6722001;FUSER UNIT, 115V S-10/5 (SP);
Brother;Brother HL2032;FIXING UNIT;LM6724001;FUSER UNIT, 230V S-10/5 (SP);
Brother;Brother HL2032;FIXING UNIT;LM6725001;FUSER UNIT, 230V IND S-10/5 (SP);
Brother;Brother HL2032;FIXING UNIT;LM4009001;HEAT ROLLER;
Brother;Brother HL2032;FIXING UNIT;LM4010001;HR GEAR;
Brother;Brother HL2032;FIXING UNIT;LM4011001;HR BUSH;
Brother;Brother HL2032;FIXING UNIT;LM4012001;HALOGEN HEATER, 115V;
Brother;Brother HL2032;FIXING UNIT;LM4022001;HALOGEN HEATER, 230V;
Brother;Brother HL2032;FIXING UNIT;LM4013001;PRESSURE ROLLER;
Brother;Brother HL2032;FIXING UNIT;LM4018001;THERMISTOR ASSY;
Brother;Brother HL2032;FIXING UNIT;LM4994001;SEPARATE CLAW ASSY 10/1;
Brother;Brother HL2032;FIXING UNIT;LM3855001;SCREW, PAN (S/P WASHER) M3X8;
Brother;Brother HL2032;FIXING UNIT;87311216;TAPTITE CUP B M3X12;
Brother;Brother HL2032;FIXING UNIT;IM4997001;CCPADATC CAW ACSY 10/2;
Brother;Brother HL2032;FIXING UNIT;LM4009001;HEAT ROLLER;
Brother;Brother HL2032;FIXING UNIT;LM6545001;HEAT ROLLER IND;
Brother;Brother HL2032;FIXING UNIT;LM4010001;HR GEAR;
Brother;Brother HL2032;FIXING UNIT;LM4011001;HR BUSH;
Brother;Brother HL2032;FIXING UNIT;LM4012001;HALOGEN HEATER, 115V;
Brother;Brother HL2032;FIXING UNIT;LM4022001;HALOGEN HEATER, 230V;
Brother;Brother HL2032;FIXING UNIT;LM4013001;PRESSURE ROLLER;
Brother;Brother HL2032;FIXING UNIT;LM4865001;THERMISTOR ASSY-S;
Brother;Brother HL2032;FIXING UNIT;LM4994001;SEPARATE CLAW ASSY 10/1;
Brother;Brother HL2032;FIXING UNIT;LM3855001;SCREW, PAN (S/P WASHER) M3X8;
Brother;Brother HL2032;FIXING UNIT;87311216;TAPTITE CUP B M3X12;
Brother;Brother HL2032;FIXING UNIT;M4997001;CCDARATC CAW ACSY 10/2;
Brother;Brother HL2032;FIXING UNIT;0Q7210Q16;TAPTITF CUP B M3X8;
Brother;Brother HL2032;FIXING UNIT;LM6735001;HR BUSH L;
Brother;Brother HL2032;FIXING UNIT;LM6736001;HR BUSH R;
Brother;Brother HL2032;FIXING UNIT;LM6305001;THERMISTOR CLEANER ASSY 2 *;
Brother;Brother HL2032;FIXING UNIT;LM6735001;HR BUSH L;
Brother;Brother HL2032;FIXING UNIT;LM6736001;HR BUSH R;
Brother;Brother HL2032;COVERS/ LABELS;LM4973001;TOP COVER ASSY, LIGHT GRAY (1581);
Brother;Brother HL2032;COVERS/ LABELS;LM4973002;TOP COVER ASSY, DARK GRAY (1736);
Brother;Brother HL2032;COVERS/ LABELS;LM4716001;SIDE COVER L ASSY, DARK GRAY (1736);
Brother;Brother HL2032;COVERS/ LABELS;LM4716002;SIDE COVER L ASSY, LIGHT GRAY (1581);
Brother;Brother HL2032;COVERS/ LABELS;LM4717001;SIDE COVER R ASSY, DARK GRAY (1736);
Brother;Brother HL2032;COVERS/ LABELS;LM4717002;SIDE COVER R ASSY, LIGHT GRAY (1581);
Brother;Brother HL2032;COVERS/ LABELS;LM6229001;REAR COVER, DARK GRAY (1736);
Brother;Brother HL2032;COVERS/ LABELS;LM6229002;REAR COVER, LIGHT GRAY (1581);
Brother;Brother HL2032;COVERS/ LABELS;LM4972001;REAR CHUTE COVER;
Brother;Brother HL2032;COVERS/ LABELS;LM6320001;PAPER EJECT ACTUATOR 3;
Brother;Brother HL2032;COVERS/ LABELS;LM6309001;EJECT ACTUATOR SPRING 3;
Brother;Brother HL2032;COVERS/ LABELS;LM4124001;FRONT COVER ASSY, LIGHT GRAY (1581);
Brother;Brother HL2032;COVERS/ LABELS;LM4124002;FRONT COVER ASSY, DARK GRAY (1736);
Brother;Brother HL2032;COVERS/ LABELS;LM4755001;FRONT COVER ASSY (HL-2030/2040 RUS, HL-2045 CHN);
Brother;Brother HL2032;COVERS/ LABELS;LM4755002;FRONT COVER ASSY (HL-2070N RUS);
Brother;Brother HL2032;COVERS/ LABELS;LM4755004;FRONT COVER ASSY (HL-2075N CHN);
Brother;Brother HL2032;COVERS/ LABELS;LM4556001;FRONT COVER ASSY CHN, LIGHT GRAY (1581);
Brother;Brother HL2032;COVERS/ LABELS;LM4556002;FRONT COVER ASSY CHN, DARK GRAY (1736);
Brother;Brother HL2032;COVERS/ LABELS;LM4129001;PAPER STOPPER, LIGHT GRAY (1581);
Brother;Brother HL2032;COVERS/ LABELS;LM4129002;PAPER STOPPER, DARK GRAY (1736);
Brother;Brother HL2032;COVERS/ LABELS;LM4130001;SW KEY;
Brother;Brother HL2032;COVERS/ LABELS;LM4130003;SW KEY (HL-2045 CHN);
Brother;Brother HL2032;COVERS/ LABELS;LM4130004;SW KEY (HL-2075N CHN);
Brother;Brother HL2032;COVERS/ LABELS;LJ9788001;PANEL PCB ASSY ALL;
Brother;Brother HL2032;COVERS/ LABELS;LM4162001;BROTHER EMBLEM (HL-2030/2040);
Brother;Brother HL2032;COVERS/ LABELS;LM4162002;BROTHER EMBLEM (HL-2070N/2032, HL-2075N CHN);
Brother;Brother HL2032;COVERS/ LABELS;LM4162003;BROTHER EMBLEM (HL-2045 CHN);
Brother;Brother HL2032;COVERS/ LABELS;LM4164001;MODEL PLATE 2030;
Brother;Brother HL2032;COVERS/ LABELS;LM4347001;MODEL PLATE 2040;
Brother;Brother HL2032;COVERS/ LABELS;LM4336001;MODEL PLATE 2070N;
Brother;Brother HL2032;COVERS/ LABELS;LM4714001;MODEL PLATE 2030 RUS;
Brother;Brother HL2032;COVERS/ LABELS;LM4712001;MODEL PLATE 2070N RUS;
Brother;Brother HL2032;COVERS/ LABELS;LM4713001;MODEL PLATE 2040 RUS;
Brother;Brother HL2032;COVERS/ LABELS;LM4924001;MODEL PLATE 2032;
Brother;Brother HL2032;COVERS/ LABELS;LM6771001;MODEL PLATE 2045 CHN;
Brother;Brother HL2032;COVERS/ LABELS;LM6772001;MODEL PLATE 2075N CHN;
Brother;Brother HL2032;COVERS/ LABELS;LM7049001;PROCESS U OP LABEL ALL 2;
Brother;Brother HL2032;COVERS/ LABELS;LM7050001;HEATER CAUTION LABEL R ALL 2;
Brother;Brother HL2032;COVERS/ LABELS;LM4113001;INNER CHUTE, LIGHT GRAY (1581);
Brother;Brother HL2032;COVERS/ LABELS;LM4113002;INNER CHUTE, DARK GRAY (1736);
Brother;Brother HL2032;COVERS/ LABELS;IM4621001;PINCH POMFP SPRING 2 (CHN SAF SGP/GI NF KOP);
Brother;Brother HL2032;COVERS/ LABELS;IM4116001;PINCH POFP SPRING (CHN SAF SGP/GI NF KOR);
Brother;Brother HL2032;COVERS/ LABELS;LM4116001;PINCH ROLLER SPRING;
Brother;Brother HL2032;COVERS/ LABELS;LM6289001;PINCH ROLLER SP ASSY 2;
Brother;Brother HL2032;COVERS/ LABELS;LM6598001;PINCH ROLLER SP ASSY 3 (IND, CHN);
Brother;Brother HL2032;COVERS/ LABELS;LU0234001;CAUTION LABEL S 30X30;
Brother;Brother HL2032;COVERS/ LABELS;LU0233001;CAUTION LABEL S 13X40;
Brother;Brother HL2032;COVERS/ LABELS;LM4105001;EJECT ROLLER ASSY ALL;
Brother;Brother HL2032;COVERS/ LABELS;LM4108001;BUSH L;
Brother;Brother HL2032;COVERS/ LABELS;LM4107001;BUSH R;
Brother;Brother HL2032;COVERS/ LABELS;LM4626001;COVER SPONGE L1;
Brother;Brother HL2032;COVERS/ LABELS;LM4625001;COVER SPONGE;
Brother;Brother HL2032;COVERS/ LABELS;LM4625001;COVER SPONGE;
Brother;Brother HL2032;MAIN PCB;LJ9712001;MAIN PCB ASSY 2030 FLASH;
Brother;Brother HL2032;MAIN PCB;LJ9797001;MAIN PCB ASSY 2040 FLASH;
Brother;Brother HL2032;MAIN PCB;LJ9928001;MAIN PCB ASSY 2040 FLASH CHN;
Brother;Brother HL2032;MAIN PCB;LJ9764001;MAIN PCB ASSY 2070N FLASH;
Brother;Brother HL2032;MAIN PCB;LJ9930001;MAIN PCB ASSY 2070N FLASH CHN;
Brother;Brother HL2032;MAIN PCB;LM9062001;MAIN PCB ASSY 2030 SV;
Brother;Brother HL2032;MAIN PCB;LM9104001;MAIN PCB ASSY 2040 SV;
Brother;Brother HL2032;MAIN PCB;LM9105001;MAIN PCB ASSY 2040 CHN SV;
Brother;Brother HL2032;MAIN PCB;LM9427001;MAIN PCB ASSY 2045 CHN;
Brother;Brother HL2032;MAIN PCB;LM9056001;MAIN PCB ASSY 2070N SV;
Brother;Brother HL2032;MAIN PCB;LM9057001;MAIN PCB ASSY 2070N CHN SV;
Brother;Brother HL2032;MAIN PCB;LM9424001;MAIN PCB ASSY 2075N CHN;
Brother;Brother HL2032;MAIN PCB;LM9085001;LV EXT HARNESS ASSY ALL SV (HL-2030);
Brother;Brother HL2032;MAIN PCB;LM9109001;CONNECTOR:B8B-PH-TW-S(LF)RELAY SV (HL-2030);
Brother;Brother HL2032;LVPS;LJ9709001;PS PCB UNIT ALL, 115V;
Brother;Brother HL2032;LVPS;LJ9761001;PS PCB UNIT ALL, 230V;
Brother;Brother HL2032;LVPS;LJ9884001;PS PCB UNIT ALL CHN (CHN, IND, RUS);
Brother;Brother HL2032;HVPS;LJ9708001;HIGH-VOLTAGE PS PCB ASSY ALL;
Brother;Brother HL2032;MAINTENANCE PARTS;LM4581001;PAPER FEEDING KIT ALL;
Brother;Brother HL2032;MAINTENANCE PARTS;LM6291001;PAPER FEEDING KIT ALL;
Brother;Brother HL2032;MAINTENANCE PARTS;LM4726001;CHECK JIG;
