Brother;Brother DCP8150DN;FRAME L AND DRIVE UNIT;LX9887001;MAIN FRAME L ASSY (SP), DCP-8110DN/MFC-8510DN FOR US;
Brother;Brother DCP8150DN;FRAME L AND DRIVE UNIT;LX9888001;MAIN FRAME L ASSY (SP), DCP-8110DN/MFC-8510DN EXCEPT FOR US, DCP-8150DN/8155DN/8250DN/MFC-8515DN/8520DN//8710DW/8910DW/8950DW/8950DWT FOR ALL COUNTRIES;
Brother;Brother DCP8150DN;FRAME L AND DRIVE UNIT;LV0768001;BACK COVER SWITCH HARNESS ASSY;
Brother;Brother DCP8150DN;FRAME L AND DRIVE UNIT;LV0766001;TONER SENSOR PCB ASSY;
Brother;Brother DCP8150DN;FRAME L AND DRIVE UNIT;LX9115001;DUPLEX SOLENOID;
Brother;Brother DCP8150DN;FRAME L AND DRIVE UNIT;LY4393001;MP SOLENOID;
Brother;Brother DCP8150DN;FRAME L AND DRIVE UNIT;LY4450001;FUSER DRIVE GEAR 39;
Brother;Brother DCP8150DN;FRAME L AND DRIVE UNIT;LY4454001;NEW TONER ACTUATOR;
Brother;Brother DCP8150DN;FRAME L AND DRIVE UNIT;LY4408001;DEVELOP CLUTCH 51R;
Brother;Brother DCP8150DN;FRAME L AND DRIVE UNIT;LY4409001;DEVELOP ONE WAY CLUTCH 53;
Brother;Brother DCP8150DN;FRAME L AND DRIVE UNIT;LY4398001;LT DRIVE GEAR 29;
Brother;Brother DCP8150DN;FRAME L AND DRIVE UNIT;LY4382001;DEVELOP JOINT GEAR 37;
Brother;Brother DCP8150DN;FRAME L AND DRIVE UNIT;LY4380001;DEVELOP JOINT;
Brother;Brother DCP8150DN;FRAME L AND DRIVE UNIT;LY5383001;MAIN MOTOR ASSY (SP);
Brother;Brother DCP8150DN;FRAME L AND DRIVE UNIT;LT0132001;INTERNAL TEMPERATURE THERMISTOR;
Brother;Brother DCP8150DN;FRAME;LY4367001;MAIN FAN;
Brother;Brother DCP8150DN;FRAME;LT2008001;TONER LED PCB ASSY;
Brother;Brother DCP8150DN;FRAME;LY4350001;AIR DUCT;
Brother;Brother DCP8150DN;FRAME;LY5321001;FILTER;
Brother;Brother DCP8150DN;FRAME;LY4562001;T1 PAPER FEED ACTUATOR;
Brother;Brother DCP8150DN;FRAME;LY4561001;T1 PAPER FEED ACTUATOR SPRING;
Brother;Brother DCP8150DN;FRAME;LV0812001;T1 PAPER FEED SENSOR PCB ASSY;
Brother;Brother DCP8150DN;FRAME;LY4331001;FEED GROUND SPRING;
Brother;Brother DCP8150DN;FRAME;LM9266001;LT CONNECTOR (T1);
Brother;Brother DCP8150DN;FRAME;LY4335001;T1 CLUTCH;
Brother;Brother DCP8150DN;FRAME;LY4332001;REGISTRATION CLUTCH;
Brother;Brother DCP8150DN;FRAME;LV0773001;RELAY FRONT PCB ASSY;
Brother;Brother DCP8150DN;FRAME;LY0872001;LAN PORT CAP;
Brother;Brother DCP8150DN;LASER UNIT;LY4628001;LASER UNIT (SP);
Brother;Brother DCP8150DN;PAPER FEEDER;LY4311001;REGISTRATION FRONT ACTUATOR;
Brother;Brother DCP8150DN;PAPER FEEDER;LY4310001;REGISTRATION REAR ACTUATOR;
Brother;Brother DCP8150DN;PAPER FEEDER;LY4309001;REGISTRATION ACTUATOR SPRING;
Brother;Brother DCP8150DN;PAPER FEEDER;LV0785001;REGISTRATION FRONT/REAR SENSOR PCB ASSY;
Brother;Brother DCP8150DN;PAPER FEEDER;LV0787001;EJECT SENSOR PCB ASSY;
Brother;Brother DCP8150DN;PAPER FEEDER;LV0789001;MP PAPER EMPTY SENSOR PCB ASSY;
Brother;Brother DCP8150DN;PAPER FEEDER;LY4290001;MP PAPER EMPTY ACTUATOR 2;
Brother;Brother DCP8150DN;PAPER FEEDER;LY4289001;MP PAPER EMPTY ACTUATOR 1;
Brother;Brother DCP8150DN;DUPLEX;LY5837001;DUPLEX TRAY LTR (SP), DCP-8110DN/8150DN/8155DN/ MFC-8510DN/8710DW/8910DW/8950DW/8950DWT FOR US/CAN;
Brother;Brother DCP8150DN;DUPLEX;LY5694001;DUPLEX TRAY A4 (SP), DCP-8110DN/8250DN/MFC8510DN/8515DN/8520DN/8910DW/ 8950DW/8950DWT EXCEPT FOR US/CAN;
Brother;Brother DCP8150DN;PAPER TRAY;LY5724001;PAPER TRAY 1 (250 sheets) (SP), DCP-8110DN/8150DN/8155DN/MFC-8510DN/8515DN/8520DN/8710DW/8910DW;
Brother;Brother DCP8150DN;PAPER TRAY;LY5727001;PAPER TRAY 1 (500 sheets) (SP), DCP-8250DN/MFC-8950DW/8950DWT;
Brother;Brother DCP8150DN;PAPER TRAY;LY4243001;GEAR Z22M10;
Brother;Brother DCP8150DN;PAPER TRAY;LY4242001;IDLE GEAR Z18M10;
Brother;Brother DCP8150DN;PAPER TRAY;LY4241001;LIFT GEAR Z27M10, DCP-8110DN/8150DN/8155DN/ MFC-8510DN/8515DN/8520DN/8710DW/8910DW;
Brother;Brother DCP8150DN;PAPER TRAY;LY4516001;LIFT GEAR Z48M10, DCP-8250DN/MFC-8950DW/8950DWT;
Brother;Brother DCP8150DN;FUSER UNIT;LY5606001;FUSER UNIT 115V (SP);
Brother;Brother DCP8150DN;FUSER UNIT;LY5610001;FUSER UNIT 230V (SP);
Brother;Brother DCP8150DN;FUSER UNIT;LJ0395001;TAPTITE PAN B M4X14;
Brother;Brother DCP8150DN;COVERS AND LABELS;LX9113001;JOINT COVER, DCP-8110DN/8150DN/8155DN;
Brother;Brother DCP8150DN;COVERS AND LABELS;LX9060001;JOINT COVER, DCP-8250DN;
Brother;Brother DCP8150DN;COVERS AND LABELS;LX9147001;JOINT COVER, MFC-8510DN/8520DN/8710DW EXCEPT FOR CHN, MFC-8910DW FOR US/CAN;
Brother;Brother DCP8150DN;COVERS AND LABELS;LX9138001;JOINT COVER, MFC-8510DN/8515DN/8520DN FOR CHN, MFC-8910DW FOR ASA, MFC-8950DW/8950DWT FOR ALL COUNTRIES;
Brother;Brother DCP8150DN;COVERS AND LABELS;LV0531001;USB HOST PCB ASSY;
Brother;Brother DCP8150DN;COVERS AND LABELS;LU5693001;TAPTITE BIND B M4X12;
Brother;Brother DCP8150DN;COVERS AND LABELS;LT1733001;SPEAKER UNIT;
Brother;Brother DCP8150DN;COVERS AND LABELS;LX9109001;SIDE COVER R ASSY, DCP-8110DN/8150DN/8155DN;
Brother;Brother DCP8150DN;COVERS AND LABELS;LX9140001;SIDE COVER R ASSY, DCP-8250DN;
Brother;Brother DCP8150DN;COVERS AND LABELS;LX9004001;SIDE COVER R ASSY, MFC-8510DN/8515DN/8520DN/8710DW/8910DW;
Brother;Brother DCP8150DN;COVERS AND LABELS;LX9006001;SIDE COVER R ASSY, MFC-8950DW/8950DWT;
Brother;Brother DCP8150DN;COVERS AND LABELS;LX9108001;SIDE COVER L, DCP-8110DN/8150DN/8155DN;
Brother;Brother DCP8150DN;COVERS AND LABELS;LX9141001;SIDE COVER L, DCP-8250DN;
Brother;Brother DCP8150DN;COVERS AND LABELS;LX9005001;SIDE COVER L, MFC-8510DN/8515DN/8520DN/8710DW/8910DW;
Brother;Brother DCP8150DN;COVERS AND LABELS;LX9007001;SIDE COVER L, MFC-8950DW/8950DWT;
Brother;Brother DCP8150DN;COVERS AND LABELS;LX9044001;CORD HOOK, MFC-8510DN/8515DN/8520DN/8710DW/8910DW/8950DW/8950DWT;
Brother;Brother DCP8150DN;COVERS AND LABELS;LY4463001;ACCESS COVER;
Brother;Brother DCP8150DN;COVERS AND LABELS;LY4580001;FUSER COVER;
Brother;Brother DCP8150DN;COVERS AND LABELS;LY4176001;BACK COVER;
Brother;Brother DCP8150DN;COVERS AND LABELS;LY4175001;OUTER CHUTE;
Brother;Brother DCP8150DN;COVERS AND LABELS;LY4174002;MP PAPER GUIDE ASSY, DCP-8110DN/8150DN/8155DN/ MFC-8510DN/8520DN/8710DW/8910DW/8950DW/8950DWT FOR US/CAN/GER/UK/ITA/FRA/BEL/NLD/CHN/ASA/IBR;
Brother;Brother DCP8150DN;COVERS AND LABELS;LY4174003;MP PAPER GUIDE ASSY, DCP-8250DN/MFC-8515DN/8950DW/8950DWT FOR GER/UK/FRA/BEL/NLD/CHE/ITA/CHN/PND;
Brother;Brother DCP8150DN;COVERS AND LABELS;LY5327002;MP COVER ASSY(SP), DCP-8110DN/8150DN/8155DN/ MFC-8510DN/8520DN/8710DW/8910DW/8950DW/8950DWT FOR;
Brother;Brother DCP8150DN;COVERS AND LABELS;LY5327003;MP COVER ASSY(SP), DCP-8250DN/MFC-8515DN/8950DW/8950DWT FOR GER/UK/FRA/BEL/NLD/CHE/ITA/CHN/PND;
Brother;Brother DCP8150DN;COVERS AND LABELS;LX9076001;FRONT COVER ASSY, DCP-8110DN/8150DN/8155DN/ MFC-8510DN/8520DN/8710DW/8910DW/8950DW/8950DWT FOR US/CAN/GER/UK/ITA/FRA/BEL/NLD/IBR;
Brother;Brother DCP8150DN;COVERS AND LABELS;LX9076002;FRONT COVER ASSY, DCP-8250DN/MFC-8950DW/8950DWT FOR GER/UK/FRA/BEL/NLD/CHE/ITA/PND;
Brother;Brother DCP8150DN;COVERS AND LABELS;LX9312001;FRONT COVER ASSY, MFC-8510DN/8520DN FOR CHN;
Brother;Brother DCP8150DN;COVERS AND LABELS;LX9312002;FRONT COVER ASSY, MFC-8515DN FOR CHN;
Brother;Brother DCP8150DN;COVERS AND LABELS;LX9878001;FRONT COVER ASSY, MFC-8910DW FOR ASA;
Brother;Brother DCP8150DN;COVERS AND LABELS;LE8842001;EXT CAP, MFC-8510DN/8520DN/8710DW/8910DW/8950DW/8950DWT FOR US/CAN/CHE/ASA/PND/IBR;
Brother;Brother DCP8150DN;COVERS AND LABELS;UF5745000;MJ COVER EXT, MFC-8510DN/8515DN/8520DN/8950DW/8950DWT FOR GER/UK/FRA/BEL/NLD/ITA/CHN;
Brother;Brother DCP8150DN;COVERS AND LABELS;LT2155001;WIRELESS LAN PCB ASSY, MFC-8710DW/8910DW/8950DW/8950DWT;
Brother;Brother DCP8150DN;COVERS AND LABELS;LX9172001;LABEL PROCESS OP US 26X209, DCP-8110DN/8150DN/8155DN/ MFC-8510DN/8710DW/8910DW FOR US/CAN;
Brother;Brother DCP8150DN;COVERS AND LABELS;LX9173001;LABEL PROCESS OP 26X209, DCP-8110DN/8250DN/MFC-8510DN/8515DN/8520DN/ 8910DW/8950DW/8950DWT FOR GER/UK/FRA/BEL/NLD/CHE/ITA/ASA/PND/IBR;
Brother;Brother DCP8150DN;COVERS AND LABELS;LX9174001;LABEL PROCESS OP US FS 26X209, MFC-8950DW/8950DWT FOR US;
Brother;Brother DCP8150DN;COVERS AND LABELS;LX9223001;LABEL PROCESS OP CHN 26X209, MFC-8510DN/8515DN/8520DN FOR CHN;
Brother;Brother DCP8150DN;COVERS AND LABELS;LY4574001;LABEL H CAUTION REAR 14X72;
Brother;Brother DCP8150DN;COVERS AND LABELS;LY4690001;LABEL REAR JAM 17X55;
Brother;Brother DCP8150DN;COVERS AND LABELS;LY4160001;PAPER STOPPER, DCP-8110DN/8150DN/8155DN/ MFC-8510DN/8520DN/8710DW/8910DW/8950DW/8950DWT FOR US/CAN/GER/UK/ITA/FRA/BEL/NLD/CHN/ASA/IBR;
Brother;Brother DCP8150DN;COVERS AND LABELS;LY4160002;PAPER STOPPER, DCP-8250DN/MFC-8515DN/8950DW/8950DWT FOR GER/UK/FRA/BEL/NLD/CHE/ITA/CHN/PND;
Brother;Brother DCP8150DN;DOCUMENT SCANNER;LX9786001;DOCUMENT SCANNER UNIT (SP), DCP-8110DN/MFC-8510DN/8515DN/8520DN;
Brother;Brother DCP8150DN;DOCUMENT SCANNER;LX9792001;DOCUMENT SCANNER UNIT (SP), DCP-8250DN/MFC-8950DW/8950DWT;
Brother;Brother DCP8150DN;DOCUMENT SCANNER;LX9791001;DOCUMENT SCANNER UNIT (SP), DCP-8150DN/8155DN/MFC-8710DW/8910DW;
Brother;Brother DCP8150DN;DOCUMENT SCANNER;LT1713001;FIRST SIDE CIS UNIT;
Brother;Brother DCP8150DN;DOCUMENT SCANNER;LT1816001;FIRST SIDE CIS FLAT CABLE, DCP-8110DN/MFC-8510DN/8515DN/8520DN;
Brother;Brother DCP8150DN;DOCUMENT SCANNER;LT1712001;FIRST SIDE CIS FLAT CABLE, DCP-8150DN/8155DN/8250DN/ MFC-8710DW/8910DW/8950DW/8950DWT;
Brother;Brother DCP8150DN;DOCUMENT SCANNER;LX5186001;ADF CLEAN UP LABEL, DCP-8110DN/8150DN/MFC-8510DN/8515DN/8710DW;
Brother;Brother DCP8150DN;DOCUMENT SCANNER;LX7422001;ADF CLEAN UP LABEL, DCP-8155DN/8250DN/MFC-8520DN/8910DW/8950DW/8950DWT;
Brother;Brother DCP8150DN;ADF;LX9785001;ADF UNIT(SP), DCP-8110DN/MFC-8510DN/8515DN;
Brother;Brother DCP8150DN;ADF;LX9789001;ADF UNIT(SP), DCP-8150DN/MFC-8710DW;
Brother;Brother DCP8150DN;ADF;LX9790001;ADF UNIT(SP), DCP-8155DN/8250DN/MFC-8910DW/8950DW/8950DWT;
Brother;Brother DCP8150DN;ADF;LX9972001;ADF UNIT(SP), MFC-8520DW;
Brother;Brother DCP8150DN;ADF;LX5255001;HINGE ASSY L, DCP-8110DN/MFC-8510DN/8515DN;
Brother;Brother DCP8150DN;ADF;LX4269002;HINGE ASSY L, DCP-8155DN/8250DN/MFC-8910DW/8950DW/8950DWT;
Brother;Brother DCP8150DN;ADF;LX9095001;HINGE ASSY L, DCP-8150DN/MFC-8710DW;
Brother;Brother DCP8150DN;ADF;LX4126002;HINGE ASSY L, MFC-8520DN;
Brother;Brother DCP8150DN;ADF;087321217;TAPTITE CUP S M3X12;
Brother;Brother DCP8150DN;ADF;087311016;TAPTITE CUP B M3X10;
Brother;Brother DCP8150DN;ADF;LX5180001;HINGE R, DCP-8110DN/MFC-8510DN/8515DN/8520DN;
Brother;Brother DCP8150DN;ADF;LS8154002;HINGE R, DCP-8150DN/8155DN/8250DN/MFC-8710DW/8910DW/8950DW/8950DWT;
Brother;Brother DCP8150DN;ADF;LS8155002;HINGE R SUPPORT;
Brother;Brother DCP8150DN;ADF;LX9717001;FFC HOLDER ASSY(SP);
Brother;Brother DCP8150DN;ADF;LX5211001;ADF EMBLEM, DCP-8110DN/8150DN/8155DN FOR US;
Brother;Brother DCP8150DN;ADF;LX4202002;ADF EMBLEM MFC-8510DN/8710DW/8910DW/8950DW/8950DWT FOR US/CAN;
Brother;Brother DCP8150DN;ADF;LX4197002;ADF EMBLEM, DCP-8110DN/8250DN FOR GER/UK/FRA/BEL/NLD/CHE/ITA/PND;
Brother;Brother DCP8150DN;ADF;LX4196002;ADF EMBLEM, MFC-8510DN/8515DN/8520DN/8910DW/8950DW/8950DWT FOR GER/UK/FRA/BEL/NLD/CHE/ITA/CHN/ASA/PND/IBR;
Brother;Brother DCP8150DN;ADF;LX9298001;DOCUMENT COVER ASSY, DCP-8110DN/MFC-8510DN/8515DN/8520DN;
Brother;Brother DCP8150DN;ADF;LX9067001;DOCUMENT COVER ASSY, DCP-8150DN/8155DN/8250DN/MFC-8710DW/8910DW/8950DW/8950DWT;
Brother;Brother DCP8150DN;ADF;LX5307001;ADF MOTOR ASSY, DCP-8110DN/MFC-8510DN/8515DN/8520DN;
Brother;Brother DCP8150DN;ADF;LX9215001;ADF MOTOR ASSY, DCP-8150DN/8155DN/8250DN/ MFC-8710DW/8910DW/8950DW/8950DWT;
Brother;Brother DCP8150DN;ADF;0A4300606;SCREW PAN (S/P WASHER) M3X6;
Brother;Brother DCP8150DN;ADF;LG6753001;FIRST SIDE DOCUMENT SCANNING POSITION SENSOR PCB ASSY;
Brother;Brother DCP8150DN;ADF;LG6753001;SECOND SIDE DOCUMENT SCANNING POSITION SENSOR PCB ASSY, DCP-8155DN/8250DN/MFC-8520DN/8910DW/8950DW/8950DWT;
Brother;Brother DCP8150DN;ADF;LT1120001;ADF COVER/ DOCUMENT DETECTION SENSOR PCB ASSY;
Brother;Brother DCP8150DN;ADF;LX8675001;DOCUMENT FEED ROLLER ASSY1, DCP-8110DN/MFC-8510DN/8515DN/8520DN;
Brother;Brother DCP8150DN;ADF;LX9320001;DOCUMENT FEED ROLLER ASSY1, DCP-8150DN/8155DN/8250DN/ MFC-8710DW/8910DW/8950DW/8950DWT;
Brother;Brother DCP8150DN;ADF;LX9751001;ADF SEPARATION PAD HOLDER ASSY, DCP-8110DN/MFC-8510DN/8515DN/8520DN;
Brother;Brother DCP8150DN;ADF;LX4320002;ADF SEPARATION PAD HOLDER, DCP-8150DN/8155DN/8250DN/ MFC-8710DW/8910DW/8950DW/8950DWT;
Brother;Brother DCP8150DN;ADF;LX9748001;ADF SEPARATION PAD, DCP-8150DN/8155DN/8250DN/ MFC-8710DW/8910DW/8950DW/8950DWT;
Brother;Brother DCP8150DN;ADF;LX4777001;SEPARATION SUPPORT FILM, DCP-8150DN/8155DN/8250DN/ MFC-8710DW/8910DW/8950DW/8950DWT;
Brother;Brother DCP8150DN;ADF;LX4652001;SUPPORT FILM, DCP-8150DN/8155DN/8250DN/ MFC-8710DW/8910DW/8950DW/8950DWT;
Brother;Brother DCP8150DN;ADF;LT1704001;SECOND SIDE CIS UNIT, DCP-8155DN/8250DN/MFC-8910DW/8950DW/8950DWT;
Brother;Brother DCP8150DN;ADF;LT1783001;SECOND SIDE CIS UNIT, MFC-8520DN;
Brother;Brother DCP8150DN;ADF;LT1741001;SECOND SIDE CIS FLAT CABLE, DCP-8155DN/8250DN/ MFC-8910DW/8950DW/8950DWT;
Brother;Brother DCP8150DN;ADF;LT2006001;SECOND SIDE CIS FLAT CABLE, MFC-8520DN;
Brother;Brother DCP8150DN;ADF;LX4368001;CIS GLASS, DCP-8155DN/8250DN/MFC-8520DN/8910DW/8950DW/8950DWT;
Brother;Brother DCP8150DN;ADF;LX4098001;CIS GLASS STOPPER, DCP-8155DN/8250DN/MFC-8520DN/8910DW/8950DW/8950DWT;
Brother;Brother DCP8150DN;ADF;LX4099001;CIS SPRING, DCP-8155DN/8250DN/MFC-8520DN/8910DW/8950DW/8950DWT;
Brother;Brother DCP8150DN;ADF;LX9030001;CIS SPACER, DCP-8155DN/8250DN/MFC-8520DN/8910DW/8950DW/8950DWT;
Brother;Brother DCP8150DN;ADF;LX9296001;DOCUMENT SEPARATE ROLLER ASSY, DCP-8110DN/MFC-8510DN/8515DN;
Brother;Brother DCP8150DN;ADF;LX9358001;DOCUMENT SEPARATE ROLLER ASSY, DCP-8155DN/8250DN/ MFC-8910DW/8950DW/8950DWT;
Brother;Brother DCP8150DN;ADF;LX9098001;DOCUMENT SEPARATE ROLLER ASSY, DCP-8150DN/MFC-8710DW;
Brother;Brother DCP8150DN;ADF;LX9297001;DOCUMENT SEPARATE ROLLER ASSY, MFC-8520DN;
Brother;Brother DCP8150DN;ADF;LX5041001;GEAR COVER, DCP-8110DN/MFC-8510DN/8515DN/8520DN;
Brother;Brother DCP8150DN;ADF;LX4264002;GEAR COVER, DCP-8150DN/8155DN/8250DN/ MFC-8710DW/8910DW/8950DW/8950DWT;
Brother;Brother DCP8150DN;ADF;LX5042001;ADF COVER ASSY, DCP-8110DN/MFC-8510DN/8515DN;
Brother;Brother DCP8150DN;ADF;LX9360001;ADF COVER ASSY, DCP-8155DN/8250DN/MFC-8910DW/8950DW/8950DWT;
Brother;Brother DCP8150DN;ADF;LX9096001;ADF COVER ASSY, DCP-8150DN/MFC-8710DW;
Brother;Brother DCP8150DN;ADF;LX4118002;ADF COVER ASSY, MFC-8520DN;
Brother;Brother DCP8150DN;ADF;LX5371002;ADF DOCUMENT SUPPORT, DCP-8110DN/MFC-8510DN/8515DN/8520DN;
Brother;Brother DCP8150DN;ADF;LX4268002;ADF DOCUMENT SUPPORT, DCP-8150DN/8155DN/8250DN/ MFC-8710DW/8910DW/8950DW/8950DWT;
Brother;Brother DCP8150DN;ADF;LX4184002;ADF DOCUMENT OUTPUT SUPPORT FLAP, DCP-8110DN/MFC-8510DN/8515DN/8520DN;
Brother;Brother DCP8150DN;ADF;LX4267002;ADF DOCUMENT OUTPUT SUPPORT FLAP, DCP-8150DN/8155DN/8250DN/ MFC-8710DW/8910DW/8950DW/8950DWT;
Brother;Brother DCP8150DN;ADF;LS8141002;HINGE ARM R;
Brother;Brother DCP8150DN;PANEL;LX9094001;CONTROL PANEL ASSY, DCP-8110DN/8150DN/8155DN;
Brother;Brother DCP8150DN;PANEL;LX9142001;CONTROL PANEL ASSY, DCP-8250DN;
Brother;Brother DCP8150DN;PANEL;LX9148001;CONTROL PANEL ASSY, MFC-8510DN/8520DN/8710DW/8910DW EXCEPT FOR CHN;
Brother;Brother DCP8150DN;PANEL;LX9225001;CONTROL PANEL ASSY, MFC-8510DN/8515DN/8520DN FOR CHN;
Brother;Brother DCP8150DN;PANEL;LX9054001;CONTROL PANEL ASSY, MFC-8950DW/8950DWT;
Brother;Brother DCP8150DN;PANEL;LX9182001;PANEL COVER ASSY, DCP-8110DN FOR US/UK;
Brother;Brother DCP8150DN;PANEL;LX9090001;PANEL COVER ASSY, DCP-8150DN FOR US;
Brother;Brother DCP8150DN;PANEL;LX9184001;PANEL COVER ASSY, DCP-8155DN FOR US;
Brother;Brother DCP8150DN;PANEL;LX9186001;PANEL COVER ASSY, MFC-8510DN FOR US;
Brother;Brother DCP8150DN;PANEL;LX9325001;PANEL COVER ASSY, MFC-8510DN FOR UK;
Brother;Brother DCP8150DN;PANEL;LX9228001;PANEL COVER ASSY, MFC-8520DN FOR UK;
Brother;Brother DCP8150DN;PANEL;LX9640001;PANEL COVER ASSY, MFC-8710DW FOR US/CAN;
Brother;Brother DCP8150DN;PANEL;LX9153001;PANEL COVER ASSY, MFC-8910DW FOR US/CAN/ASA;
Brother;Brother DCP8150DN;PANEL;LX9718001;PANEL COVER ASSY, DCP-8110DN FOR GER;
Brother;Brother DCP8150DN;PANEL;LX9594001;PANEL COVER ASSY, MFC-8510DN FOR GER;
Brother;Brother DCP8150DN;PANEL;LX9795001;PANEL COVER ASSY, MFC-8520DN FOR GER;
Brother;Brother DCP8150DN;PANEL;LX9733001;PANEL COVER ASSY, DCP-8110DN FOR FRA/BEL/NLD (ENGLISH);
Brother;Brother DCP8150DN;PANEL;LX9651001;PANEL COVER ASSY, MFC-8510DN FOR FRA/BEL/NLD (ENGLISH);
Brother;Brother DCP8150DN;PANEL;LX9806001;PANEL COVER ASSY, MFC-8520DN FOR FRA/BEL/NLD (ENGLISH);
Brother;Brother DCP8150DN;PANEL;LX9730001;PANEL COVER ASSY, DCP-8110DN FOR FRA/BEL/NLD (FRENCH);
Brother;Brother DCP8150DN;PANEL;LX9635001;PANEL COVER ASSY, MFC-8510DN FOR FRA/BEL/NLD (FRENCH);
Brother;Brother DCP8150DN;PANEL;LX9803001;PANEL COVER ASSY, MFC-8520DN FOR FRA/BEL/NLD (FRENCH);
Brother;Brother DCP8150DN;PANEL;LX9734001;PANEL COVER ASSY, DCP-8110DN FOR FRA/BEL/NLD (DUTCH);
Brother;Brother DCP8150DN;PANEL;LX9652001;PANEL COVER ASSY, MFC-8510DN FOR FRA/BEL/NLD (DUTCH);
Brother;Brother DCP8150DN;PANEL;LX9807001;PANEL COVER ASSY, MFC-8520DN FOR FRA/BEL/NLD (DUTCH);
Brother;Brother DCP8150DN;PANEL;LX9731001;PANEL COVER ASSY, DCP-8110DN FOR ITA;
Brother;Brother DCP8150DN;PANEL;LX9636001;PANEL COVER ASSY, MFC-8510DN FOR ITA;
Brother;Brother DCP8150DN;PANEL;LX9805001;PANEL COVER ASSY, MFC-8520DN FOR ITA;
Brother;Brother DCP8150DN;PANEL;LX9226001;PANEL COVER ASSY, MFC-8510DN FOR CHN;
Brother;Brother DCP8150DN;PANEL;LX9291001;PANEL COVER ASSY, MFC-8515DN FOR CHN;
Brother;Brother DCP8150DN;PANEL;LX9229001;PANEL COVER ASSY, MFC-8520DN FOR CHN;
Brother;Brother DCP8150DN;PANEL;LX9732001;PANEL COVER ASSY, DCP-8110DN FOR IBR;
Brother;Brother DCP8150DN;PANEL;LX9638001;PANEL COVER ASSY, MFC-8510DN FOR IBR;
Brother;Brother DCP8150DN;PANEL;LX9808001;PANEL COVER ASSY, MFC-8520DN FOR IBR;
Brother;Brother DCP8150DN;PANEL;LX9046001;PRINTED PANEL COVER, MFC-8950DW/8950DWT FOR US;
Brother;Brother DCP8150DN;PANEL;LX9398001;PRINTED PANEL COVER, MFC-8950DW/8950DWT FOR GER;
Brother;Brother DCP8150DN;PANEL;LX9400001;PRINTED PANEL COVER, MFC-8950DW/8950DWT FOR GER/CHE (GERMAN);
Brother;Brother DCP8150DN;PANEL;LX9390001;PRINTED PANEL COVER, DCP-8250DN FOR UK/FRA/BEL/NLD (ENGLISH);
Brother;Brother DCP8150DN;PANEL;LX9409001;PRINTED PANEL COVER, MFC-8950DW/8950DWT FOR UK/FRA/BEL/NLD (ENGLISH);
Brother;Brother DCP8150DN;PANEL;LX9385001;PRINTED PANEL COVER, DCP-8250DN FOR FRA/BEL/NLD/CHE (FRENCH);
Brother;Brother DCP8150DN;PANEL;LX9406001;PRINTED PANEL COVER, MFC-8950DW/8950DWT FOR FRA/BEL/NLD/CHE (FRENCH);
Brother;Brother DCP8150DN;PANEL;LX9387001;PRINTED PANEL COVER, DCP-8250DN FOR FRA/BEL/NLD (DUTCH);
Brother;Brother DCP8150DN;PANEL;LX9410001;PRINTED PANEL COVER, MFC-8950DW/8950DWT FOR FRA/BEL/NLD (DUTCH);
Brother;Brother DCP8150DN;PANEL;LX9840001;PRINTED PANEL COVER, DCP-8250DN FOR CHE (GERMAN);
Brother;Brother DCP8150DN;PANEL;LX9380001;PRINTED PANEL COVER, DCP-8250DN FOR ITA/IBR (ITALIAN);
Brother;Brother DCP8150DN;PANEL;LX9382001;PRINTED PANEL COVER, DCP-8250DN FOR ITA/IBR (SPANISH);
Brother;Brother DCP8150DN;PANEL;LX9407001;PRINTED PANEL COVER, MFC-8950DW/8950DWT FOR ITA/IBR (ITALIAN);
Brother;Brother DCP8150DN;PANEL;LX9408001;PRINTED PANEL COVER, MFC-8950DW/8950DWT FOR ITA/IBR (SPANISH);
Brother;Brother DCP8150DN;PANEL;LX9552001;PRINTED PANEL COVER, DCP-8250DN FOR PND;
Brother;Brother DCP8150DN;PANEL;LX9399001;PRINTED PANEL COVER, MFC-8950DW/8950DWT FOR PND;
Brother;Brother DCP8150DN;PANEL;LU5693001;TAPTITE BIND B M4X12;
Brother;Brother DCP8150DN;PANEL;LX9143001;PANEL COVER, DCP-8250DN;
Brother;Brother DCP8150DN;PANEL;LX9053001;PANEL COVER, MFC-8950DW/8950DWT;
Brother;Brother DCP8150DN;PANEL;LX9093001;RUBBER KEY R, DCP-8110DN/8150DN/8155DN/ MFC-8510DN/8515DN/8520DN/8710DW/8910DW;
Brother;Brother DCP8150DN;PANEL;LX9144001;RUBBER KEY R, DCP-8250DN;
Brother;Brother DCP8150DN;PANEL;LX9052001;RUBBER KEY R, MFC-8950DW/8950DWT;
Brother;Brother DCP8150DN;PANEL;LX9092001;RUBBER KEY C, DCP-8110DN/8150DN/8155DN;
Brother;Brother DCP8150DN;PANEL;LX9149001;RUBBER KEY C, MFC-8510DN/8515DN/8520DN/8710DW/8910DW;
Brother;Brother DCP8150DN;PANEL;LX9091001;RUBBER KEY L, DCP-8110DN/8150DN/8155DN;
Brother;Brother DCP8150DN;PANEL;LX9051001;RUBBER KEY L, DCP-8250DN/MFC-8950DW/8950DWT;
Brother;Brother DCP8150DN;PANEL;LX9150001;RUBBER KEY L, MFC-8510DN/8515DN/8520DN/8710DW/8910DW;
Brother;Brother DCP8150DN;PANEL;LT1716002;PANEL PCB ASSY, DCP-8110DN/8150DN/8155DN;
Brother;Brother DCP8150DN;PANEL;LT1716001;PANEL PCB ASSY, MFC-8510DN/8520DN/8710DW/8910DW EXCEPT FOR CHN;
Brother;Brother DCP8150DN;PANEL;LT1834001;PANEL PCB ASSY, MFC-8510DN/8515DN/8520DN FOR CHN;
Brother;Brother DCP8150DN;PANEL;A62006001;LCD, DCP-8110DN/8150DN/8155DN/MFC-8510DN/8520DN/8710DW/8910DW EXCEPT FOR CHN;
Brother;Brother DCP8150DN;PANEL;A62122001;LCD, DCP-8250DN/MFC-8950DW/8950DWT;
Brother;Brother DCP8150DN;PANEL;A62027001;LCD, MFC-8510DN/8515DN/8520DN FOR CHN;
Brother;Brother DCP8150DN;PANEL;LT1800001;BACK LIGHT ASSY, DCP-8110DN/8150DN/8155DN/ MFC-8510DN/8515DN/8520DN/8710DW/8910DW;
Brother;Brother DCP8150DN;PANEL;LX9129001;TOUCH PANEL ASSY, DCP-8250DN/MFC-8950DW/8950DWT;
Brother;Brother DCP8150DN;PANEL;LT1742001;TOUCH PANEL PCB ASSY, DCP-8250DN/MFC-8950DW/8950DWT;
Brother;Brother DCP8150DN;PANEL;LX9171001;ADDRESS LABEL, MFC-8510DN/8515DN/8520DN/8710DW/8910DW;
Brother;Brother DCP8150DN;PCB;LT1790001;MAIN PCB ASSY, DCP-8110DN;
Brother;Brother DCP8150DN;PCB;LT1715001;MAIN PCB ASSY, DCP-8150DN;
Brother;Brother DCP8150DN;PCB;LT1795001;MAIN PCB ASSY, DCP-8155DN;
Brother;Brother DCP8150DN;PCB;LT1763002;MAIN PCB ASSY, DCP-8250DN;
Brother;Brother DCP8150DN;PCB;LT1791001;MAIN PCB ASSY, MFC-8510DN FOR US;
Brother;Brother DCP8150DN;PCB;LT1791002;MAIN PCB ASSY, MFC-8510DN EXCEPT FOR US/CHN;
Brother;Brother DCP8150DN;PCB;LT1791004;MAIN PCB ASSY, MFC-8510DN/8515DN FOR CHN;
Brother;Brother DCP8150DN;PCB;LT1792002;MAIN PCB ASSY, MFC-8520DN EXCEPT FOR CHN;
Brother;Brother DCP8150DN;PCB;LT1792004;MAIN PCB ASSY, MFC-8520DN FOR CHN;
Brother;Brother DCP8150DN;PCB;LT1796001;MAIN PCB ASSY, MFC-8710DW;
Brother;Brother DCP8150DN;PCB;LT1703001;MAIN PCB ASSY, MFC-8950DW/8950DWT FOR US;
Brother;Brother DCP8150DN;PCB;LT1703002;MAIN PCB ASSY, MFC-8950DW/8950DWT EXCEPT FOR US;
Brother;Brother DCP8150DN;PCB;LT1760001;MAIN PCB ASSY, MFC-8910DW FOR US/CAN;
Brother;Brother DCP8150DN;PCB;LT1760002;MAIN PCB ASSY, MFC-8910DW FOR ASA;
Brother;Brother DCP8150DN;PCB;LT0867001;NCU PCB ASSY, MFC-8510DN/8710DW/8910DW/8950DW/8950DWT FOR US;
Brother;Brother DCP8150DN;PCB;LT0867003;NCU PCB ASSY, MFC-8710DW/8910DW FOR CAN;
Brother;Brother DCP8150DN;PCB;LT1168001;NCU PCB ASSY, MFC-8510DN/8515DN/8520DN/8710DW/8950DW/8950DWT EXCEPT FOR US/CAN/CHN;
Brother;Brother DCP8150DN;PCB;LT1324001;NCU PCB ASSY, MFC-8510DN/8515DN/8520DN FOR CHN;
Brother;Brother DCP8150DN;PCB;LT1328001;NCU PCB ASSY, MFC-8910DW FOR ASA;
Brother;Brother DCP8150DN;PCB;LT1706001;LOW VOLTAGE POWER SUPPLY PCB ASSY FOR US/CAN;
Brother;Brother DCP8150DN;PCB;LT1756001;LOW VOLTAGE POWER SUPPLY PCB ASSY EXCEPT FOR US/CAN/CHN;
Brother;Brother DCP8150DN;PCB;LT1830001;LOW VOLTAGE POWER SUPPLY FOR CHN;
Brother;Brother DCP8150DN;PCB;LV0806001;HIGH VOLTAGE POWER SUPPLY PCB ASSY;
Brother;Brother DCP8150DN;PERIODICAL MAINTENANCE PARTS;LY5384001;PAPER FEEDING KIT 1/2 (SP);
Brother;Brother DCP8150DN;PERIODICAL MAINTENANCE PARTS;LY5385001;MP PAPER FEEDING KIT (SP);
Brother;Brother DCP8150DN;LOWER TRAY;LY4534001;T2 BACK COVER, MFC-8950DWT;
Brother;Brother DCP8150DN;LOWER TRAY;LY4335001;T2 CLUTCH, MFC-8950DWT;
Brother;Brother DCP8150DN;LOWER TRAY;LY4562001;T2 PAPER FEED ACTUATOR, MFC-8950DWT;
Brother;Brother DCP8150DN;LOWER TRAY;LY4561001;T2 PAPER FEED ACTUATOR SPRING, MFC-8950DWT;
Brother;Brother DCP8150DN;LOWER TRAY;LV0812001;T2 PAPER FEED SENSOR PCB ASSY, MFC-8950DWT;
Brother;Brother DCP8150DN;LOWER TRAY;LY5947001;PAPER TRAY 2 (SP), MFC-8950DWT;
Brother;Brother DCP8150DN;LOWER TRAY;LY4533001;T2 FRONT COVER ASSY, MFC-8950DWT;
Brother;Brother DCP8150DN;LOWER TRAY;LY4530001;T2 SIDE COVER L, MFC-8950DWT;
Brother;Brother DCP8150DN;LOWER TRAY;LY4529001;T2 SIDE COVER R, MFC-8950DWT;
Brother;Brother DCP8150DN;LOWER TRAY;LV0814001;T2 RELAY PCB ASSY, MFC-8950DWT;
Brother;Brother DCP8150DN;LOWER TRAY;LY5498001;LT CONNECTOR ASSY (T2), MFC-8950DWT;
Brother;Brother DCP8150DN;LOWER TRAY;LY4243001;GEAR Z22M10, MFC-8950DWT;
Brother;Brother DCP8150DN;LOWER TRAY;LY4242001;IDLE GEAR Z18M10, MFC-8950DWT;
Brother;Brother DCP8150DN;LOWER TRAY;LY4516001;LIFT GEAR Z48M10, MFC-8950DWT;
Brother;Brother DCP8150DN;FRAME L AND DRIVE UNIT;LX9887001;MAIN FRAME L ASSY (SP), DCP-8110DN/MFC-8510DN FOR US;
Brother;Brother DCP8150DN;FRAME L AND DRIVE UNIT;LX9888001;MAIN FRAME L ASSY (SP), DCP-8110DN/MFC-8510DN EXCEPT FOR US, DCP-8150DN/8155DN/8250DN/MFC-8515DN/8520DN//8710DW/8910DW/8950DW/8950DWT FOR ALL COUNTRIES;
Brother;Brother DCP8150DN;FRAME L AND DRIVE UNIT;LV0768001;BACK COVER SWITCH HARNESS ASSY;
Brother;Brother DCP8150DN;FRAME L AND DRIVE UNIT;LV0766001;TONER SENSOR PCB ASSY;
Brother;Brother DCP8150DN;FRAME L AND DRIVE UNIT;LX9115001;DUPLEX SOLENOID;
Brother;Brother DCP8150DN;FRAME L AND DRIVE UNIT;LY4393001;MP SOLENOID;
Brother;Brother DCP8150DN;FRAME L AND DRIVE UNIT;LY4450001;FUSER DRIVE GEAR 39;
Brother;Brother DCP8150DN;FRAME L AND DRIVE UNIT;LY4454001;NEW TONER ACTUATOR;
Brother;Brother DCP8150DN;FRAME L AND DRIVE UNIT;LY4408001;DEVELOP CLUTCH 51R;
Brother;Brother DCP8150DN;FRAME L AND DRIVE UNIT;LY4409001;DEVELOP ONE WAY CLUTCH 53;
Brother;Brother DCP8150DN;FRAME L AND DRIVE UNIT;LY4398001;LT DRIVE GEAR 29;
Brother;Brother DCP8150DN;FRAME L AND DRIVE UNIT;LY4382001;DEVELOP JOINT GEAR 37;
Brother;Brother DCP8150DN;FRAME L AND DRIVE UNIT;LY4380001;DEVELOP JOINT;
Brother;Brother DCP8150DN;FRAME L AND DRIVE UNIT;LY5383001;MAIN MOTOR ASSY (SP);
Brother;Brother DCP8150DN;FRAME L AND DRIVE UNIT;LT0132001;INTERNAL TEMPERATURE THERMISTOR;
Brother;Brother DCP8150DN;FRAME;LY4367001;MAIN FAN;
Brother;Brother DCP8150DN;FRAME;LT2008001;TONER LED PCB ASSY;
Brother;Brother DCP8150DN;FRAME;LY4350001;AIR DUCT;
Brother;Brother DCP8150DN;FRAME;LY5321001;FILTER;
Brother;Brother DCP8150DN;FRAME;LY4562001;T1 PAPER FEED ACTUATOR;
Brother;Brother DCP8150DN;FRAME;LY4561001;T1 PAPER FEED ACTUATOR SPRING;
Brother;Brother DCP8150DN;FRAME;LV0812001;T1 PAPER FEED SENSOR PCB ASSY;
Brother;Brother DCP8150DN;FRAME;LY4331001;FEED GROUND SPRING;
Brother;Brother DCP8150DN;FRAME;LM9266001;LT CONNECTOR (T1);
Brother;Brother DCP8150DN;FRAME;LY4335001;T1 CLUTCH;
Brother;Brother DCP8150DN;FRAME;LY4332001;REGISTRATION CLUTCH;
Brother;Brother DCP8150DN;FRAME;LV0773001;RELAY FRONT PCB ASSY;
Brother;Brother DCP8150DN;FRAME;LY0872001;LAN PORT CAP;
Brother;Brother DCP8150DN;LASER UNIT;LY4628001;LASER UNIT (SP);
Brother;Brother DCP8150DN;PAPER FEEDER;LY4311001;REGISTRATION FRONT ACTUATOR;
Brother;Brother DCP8150DN;PAPER FEEDER;LY4310001;REGISTRATION REAR ACTUATOR;
Brother;Brother DCP8150DN;PAPER FEEDER;LY4309001;REGISTRATION ACTUATOR SPRING;
Brother;Brother DCP8150DN;PAPER FEEDER;LV0785001;REGISTRATION FRONT/REAR SENSOR PCB ASSY;
Brother;Brother DCP8150DN;PAPER FEEDER;LV0787001;EJECT SENSOR PCB ASSY;
Brother;Brother DCP8150DN;PAPER FEEDER;LV0789001;MP PAPER EMPTY SENSOR PCB ASSY;
Brother;Brother DCP8150DN;PAPER FEEDER;LY4290001;MP PAPER EMPTY ACTUATOR 2;
Brother;Brother DCP8150DN;PAPER FEEDER;LY4289001;MP PAPER EMPTY ACTUATOR 1;
Brother;Brother DCP8150DN;DUPLEX;LY5837001;DUPLEX TRAY LTR (SP), DCP-8110DN/8150DN/8155DN/ MFC-8510DN/8710DW/8910DW/8950DW/8950DWT FOR US/CAN;
Brother;Brother DCP8150DN;DUPLEX;LY5694001;DUPLEX TRAY A4 (SP), DCP-8110DN/8250DN/MFC8510DN/8515DN/8520DN/8910DW/ 8950DW/8950DWT EXCEPT FOR US/CAN;
Brother;Brother DCP8150DN;PAPER TRAY;LY5724001;PAPER TRAY 1 (250 sheets) (SP), DCP-8110DN/8150DN/8155DN/MFC-8510DN/8515DN/8520DN/8710DW/8910DW;
Brother;Brother DCP8150DN;PAPER TRAY;LY5727001;PAPER TRAY 1 (500 sheets) (SP), DCP-8250DN/MFC-8950DW/8950DWT;
Brother;Brother DCP8150DN;PAPER TRAY;LY4243001;GEAR Z22M10;
Brother;Brother DCP8150DN;PAPER TRAY;LY4242001;IDLE GEAR Z18M10;
Brother;Brother DCP8150DN;PAPER TRAY;LY4241001;LIFT GEAR Z27M10, DCP-8110DN/8150DN/8155DN/ MFC-8510DN/8515DN/8520DN/8710DW/8910DW;
Brother;Brother DCP8150DN;PAPER TRAY;LY4516001;LIFT GEAR Z48M10, DCP-8250DN/MFC-8950DW/8950DWT;
Brother;Brother DCP8150DN;FUSER UNIT;LY5606001;FUSER UNIT 115V (SP);
Brother;Brother DCP8150DN;FUSER UNIT;LY5610001;FUSER UNIT 230V (SP);
Brother;Brother DCP8150DN;FUSER UNIT;LJ0395001;TAPTITE PAN B M4X14;
Brother;Brother DCP8150DN;COVERS AND LABELS;LX9113001;JOINT COVER, DCP-8110DN/8150DN/8155DN;
Brother;Brother DCP8150DN;COVERS AND LABELS;LX9060001;JOINT COVER, DCP-8250DN;
Brother;Brother DCP8150DN;COVERS AND LABELS;LX9147001;JOINT COVER, MFC-8510DN/8520DN/8710DW EXCEPT FOR CHN, MFC-8910DW FOR US/CAN;
Brother;Brother DCP8150DN;COVERS AND LABELS;LX9138001;JOINT COVER, MFC-8510DN/8515DN/8520DN FOR CHN, MFC-8910DW FOR ASA, MFC-8950DW/8950DWT FOR ALL COUNTRIES;
Brother;Brother DCP8150DN;COVERS AND LABELS;LV0531001;USB HOST PCB ASSY;
Brother;Brother DCP8150DN;COVERS AND LABELS;LU5693001;TAPTITE BIND B M4X12;
Brother;Brother DCP8150DN;COVERS AND LABELS;LT1733001;SPEAKER UNIT;
Brother;Brother DCP8150DN;COVERS AND LABELS;LX9109001;SIDE COVER R ASSY, DCP-8110DN/8150DN/8155DN;
Brother;Brother DCP8150DN;COVERS AND LABELS;LX9140001;SIDE COVER R ASSY, DCP-8250DN;
Brother;Brother DCP8150DN;COVERS AND LABELS;LX9004001;SIDE COVER R ASSY, MFC-8510DN/8515DN/8520DN/8710DW/8910DW;
Brother;Brother DCP8150DN;COVERS AND LABELS;LX9006001;SIDE COVER R ASSY, MFC-8950DW/8950DWT;
Brother;Brother DCP8150DN;COVERS AND LABELS;LX9108001;SIDE COVER L, DCP-8110DN/8150DN/8155DN;
Brother;Brother DCP8150DN;COVERS AND LABELS;LX9141001;SIDE COVER L, DCP-8250DN;
Brother;Brother DCP8150DN;COVERS AND LABELS;LX9005001;SIDE COVER L, MFC-8510DN/8515DN/8520DN/8710DW/8910DW;
Brother;Brother DCP8150DN;COVERS AND LABELS;LX9007001;SIDE COVER L, MFC-8950DW/8950DWT;
Brother;Brother DCP8150DN;COVERS AND LABELS;LX9044001;CORD HOOK, MFC-8510DN/8515DN/8520DN/8710DW/8910DW/8950DW/8950DWT;
Brother;Brother DCP8150DN;COVERS AND LABELS;LY4463001;ACCESS COVER;
Brother;Brother DCP8150DN;COVERS AND LABELS;LY4580001;FUSER COVER;
Brother;Brother DCP8150DN;COVERS AND LABELS;LY4176001;BACK COVER;
Brother;Brother DCP8150DN;COVERS AND LABELS;LY4175001;OUTER CHUTE;
Brother;Brother DCP8150DN;COVERS AND LABELS;LY4174002;MP PAPER GUIDE ASSY, DCP-8110DN/8150DN/8155DN/ MFC-8510DN/8520DN/8710DW/8910DW/8950DW/8950DWT FOR US/CAN/GER/UK/ITA/FRA/BEL/NLD/CHN/ASA/IBR;
Brother;Brother DCP8150DN;COVERS AND LABELS;LY4174003;MP PAPER GUIDE ASSY, DCP-8250DN/MFC-8515DN/8950DW/8950DWT FOR GER/UK/FRA/BEL/NLD/CHE/ITA/CHN/PND;
Brother;Brother DCP8150DN;COVERS AND LABELS;LY5327002;MP COVER ASSY(SP), DCP-8110DN/8150DN/8155DN/ MFC-8510DN/8520DN/8710DW/8910DW/8950DW/8950DWT FOR;
Brother;Brother DCP8150DN;COVERS AND LABELS;LY5327003;MP COVER ASSY(SP), DCP-8250DN/MFC-8515DN/8950DW/8950DWT FOR GER/UK/FRA/BEL/NLD/CHE/ITA/CHN/PND;
Brother;Brother DCP8150DN;COVERS AND LABELS;LX9076001;FRONT COVER ASSY, DCP-8110DN/8150DN/8155DN/ MFC-8510DN/8520DN/8710DW/8910DW/8950DW/8950DWT FOR US/CAN/GER/UK/ITA/FRA/BEL/NLD/IBR;
Brother;Brother DCP8150DN;COVERS AND LABELS;LX9076002;FRONT COVER ASSY, DCP-8250DN/MFC-8950DW/8950DWT FOR GER/UK/FRA/BEL/NLD/CHE/ITA/PND;
Brother;Brother DCP8150DN;COVERS AND LABELS;LX9312001;FRONT COVER ASSY, MFC-8510DN/8520DN FOR CHN;
Brother;Brother DCP8150DN;COVERS AND LABELS;LX9312002;FRONT COVER ASSY, MFC-8515DN FOR CHN;
Brother;Brother DCP8150DN;COVERS AND LABELS;LX9878001;FRONT COVER ASSY, MFC-8910DW FOR ASA;
Brother;Brother DCP8150DN;COVERS AND LABELS;LE8842001;EXT CAP, MFC-8510DN/8520DN/8710DW/8910DW/8950DW/8950DWT FOR US/CAN/CHE/ASA/PND/IBR;
Brother;Brother DCP8150DN;COVERS AND LABELS;UF5745000;MJ COVER EXT, MFC-8510DN/8515DN/8520DN/8950DW/8950DWT FOR GER/UK/FRA/BEL/NLD/ITA/CHN;
Brother;Brother DCP8150DN;COVERS AND LABELS;LT2155001;WIRELESS LAN PCB ASSY, MFC-8710DW/8910DW/8950DW/8950DWT;
Brother;Brother DCP8150DN;COVERS AND LABELS;LX9172001;LABEL PROCESS OP US 26X209, DCP-8110DN/8150DN/8155DN/ MFC-8510DN/8710DW/8910DW FOR US/CAN;
Brother;Brother DCP8150DN;COVERS AND LABELS;LX9173001;LABEL PROCESS OP 26X209, DCP-8110DN/8250DN/MFC-8510DN/8515DN/8520DN/ 8910DW/8950DW/8950DWT FOR GER/UK/FRA/BEL/NLD/CHE/ITA/ASA/PND/IBR;
Brother;Brother DCP8150DN;COVERS AND LABELS;LX9174001;LABEL PROCESS OP US FS 26X209, MFC-8950DW/8950DWT FOR US;
Brother;Brother DCP8150DN;COVERS AND LABELS;LX9223001;LABEL PROCESS OP CHN 26X209, MFC-8510DN/8515DN/8520DN FOR CHN;
Brother;Brother DCP8150DN;COVERS AND LABELS;LY4574001;LABEL H CAUTION REAR 14X72;
Brother;Brother DCP8150DN;COVERS AND LABELS;LY4690001;LABEL REAR JAM 17X55;
Brother;Brother DCP8150DN;COVERS AND LABELS;LY4160001;PAPER STOPPER, DCP-8110DN/8150DN/8155DN/ MFC-8510DN/8520DN/8710DW/8910DW/8950DW/8950DWT FOR US/CAN/GER/UK/ITA/FRA/BEL/NLD/CHN/ASA/IBR;
Brother;Brother DCP8150DN;COVERS AND LABELS;LY4160002;PAPER STOPPER, DCP-8250DN/MFC-8515DN/8950DW/8950DWT FOR GER/UK/FRA/BEL/NLD/CHE/ITA/CHN/PND;
Brother;Brother DCP8150DN;DOCUMENT SCANNER;LX9786001;DOCUMENT SCANNER UNIT (SP), DCP-8110DN/MFC-8510DN/8515DN/8520DN;
Brother;Brother DCP8150DN;DOCUMENT SCANNER;LX9792001;DOCUMENT SCANNER UNIT (SP), DCP-8250DN/MFC-8950DW/8950DWT;
Brother;Brother DCP8150DN;DOCUMENT SCANNER;LX9791001;DOCUMENT SCANNER UNIT (SP), DCP-8150DN/8155DN/MFC-8710DW/8910DW;
Brother;Brother DCP8150DN;DOCUMENT SCANNER;LT1713001;FIRST SIDE CIS UNIT;
Brother;Brother DCP8150DN;DOCUMENT SCANNER;LT1816001;FIRST SIDE CIS FLAT CABLE, DCP-8110DN/MFC-8510DN/8515DN/8520DN;
Brother;Brother DCP8150DN;DOCUMENT SCANNER;LT1712001;FIRST SIDE CIS FLAT CABLE, DCP-8150DN/8155DN/8250DN/ MFC-8710DW/8910DW/8950DW/8950DWT;
Brother;Brother DCP8150DN;DOCUMENT SCANNER;LX5186001;ADF CLEAN UP LABEL, DCP-8110DN/8150DN/MFC-8510DN/8515DN/8710DW;
Brother;Brother DCP8150DN;DOCUMENT SCANNER;LX7422001;ADF CLEAN UP LABEL, DCP-8155DN/8250DN/MFC-8520DN/8910DW/8950DW/8950DWT;
Brother;Brother DCP8150DN;ADF;LX9785001;ADF UNIT(SP), DCP-8110DN/MFC-8510DN/8515DN;
Brother;Brother DCP8150DN;ADF;LX9789001;ADF UNIT(SP), DCP-8150DN/MFC-8710DW;
Brother;Brother DCP8150DN;ADF;LX9790001;ADF UNIT(SP), DCP-8155DN/8250DN/MFC-8910DW/8950DW/8950DWT;
Brother;Brother DCP8150DN;ADF;LX9972001;ADF UNIT(SP), MFC-8520DW;
Brother;Brother DCP8150DN;ADF;LX5255001;HINGE ASSY L, DCP-8110DN/MFC-8510DN/8515DN;
Brother;Brother DCP8150DN;ADF;LX4269002;HINGE ASSY L, DCP-8155DN/8250DN/MFC-8910DW/8950DW/8950DWT;
Brother;Brother DCP8150DN;ADF;LX9095001;HINGE ASSY L, DCP-8150DN/MFC-8710DW;
Brother;Brother DCP8150DN;ADF;LX4126002;HINGE ASSY L, MFC-8520DN;
Brother;Brother DCP8150DN;ADF;087321217;TAPTITE CUP S M3X12;
Brother;Brother DCP8150DN;ADF;087311016;TAPTITE CUP B M3X10;
Brother;Brother DCP8150DN;ADF;LX5180001;HINGE R, DCP-8110DN/MFC-8510DN/8515DN/8520DN;
Brother;Brother DCP8150DN;ADF;LS8154002;HINGE R, DCP-8150DN/8155DN/8250DN/MFC-8710DW/8910DW/8950DW/8950DWT;
Brother;Brother DCP8150DN;ADF;LS8155002;HINGE R SUPPORT;
Brother;Brother DCP8150DN;ADF;LX9717001;FFC HOLDER ASSY(SP);
Brother;Brother DCP8150DN;ADF;LX5211001;ADF EMBLEM, DCP-8110DN/8150DN/8155DN FOR US;
Brother;Brother DCP8150DN;ADF;LX4202002;ADF EMBLEM MFC-8510DN/8710DW/8910DW/8950DW/8950DWT FOR US/CAN;
Brother;Brother DCP8150DN;ADF;LX4197002;ADF EMBLEM, DCP-8110DN/8250DN FOR GER/UK/FRA/BEL/NLD/CHE/ITA/PND;
Brother;Brother DCP8150DN;ADF;LX4196002;ADF EMBLEM, MFC-8510DN/8515DN/8520DN/8910DW/8950DW/8950DWT FOR GER/UK/FRA/BEL/NLD/CHE/ITA/CHN/ASA/PND/IBR;
Brother;Brother DCP8150DN;ADF;LX9298001;DOCUMENT COVER ASSY, DCP-8110DN/MFC-8510DN/8515DN/8520DN;
Brother;Brother DCP8150DN;ADF;LX9067001;DOCUMENT COVER ASSY, DCP-8150DN/8155DN/8250DN/MFC-8710DW/8910DW/8950DW/8950DWT;
Brother;Brother DCP8150DN;ADF;LX5307001;ADF MOTOR ASSY, DCP-8110DN/MFC-8510DN/8515DN/8520DN;
Brother;Brother DCP8150DN;ADF;LX9215001;ADF MOTOR ASSY, DCP-8150DN/8155DN/8250DN/ MFC-8710DW/8910DW/8950DW/8950DWT;
Brother;Brother DCP8150DN;ADF;0A4300606;SCREW PAN (S/P WASHER) M3X6;
Brother;Brother DCP8150DN;ADF;LG6753001;FIRST SIDE DOCUMENT SCANNING POSITION SENSOR PCB ASSY;
Brother;Brother DCP8150DN;ADF;LG6753001;SECOND SIDE DOCUMENT SCANNING POSITION SENSOR PCB ASSY, DCP-8155DN/8250DN/MFC-8520DN/8910DW/8950DW/8950DWT;
Brother;Brother DCP8150DN;ADF;LT1120001;ADF COVER/ DOCUMENT DETECTION SENSOR PCB ASSY;
Brother;Brother DCP8150DN;ADF;LX8675001;DOCUMENT FEED ROLLER ASSY1, DCP-8110DN/MFC-8510DN/8515DN/8520DN;
Brother;Brother DCP8150DN;ADF;LX9320001;DOCUMENT FEED ROLLER ASSY1, DCP-8150DN/8155DN/8250DN/ MFC-8710DW/8910DW/8950DW/8950DWT;
Brother;Brother DCP8150DN;ADF;LX9751001;ADF SEPARATION PAD HOLDER ASSY, DCP-8110DN/MFC-8510DN/8515DN/8520DN;
Brother;Brother DCP8150DN;ADF;LX4320002;ADF SEPARATION PAD HOLDER, DCP-8150DN/8155DN/8250DN/ MFC-8710DW/8910DW/8950DW/8950DWT;
Brother;Brother DCP8150DN;ADF;LX9748001;ADF SEPARATION PAD, DCP-8150DN/8155DN/8250DN/ MFC-8710DW/8910DW/8950DW/8950DWT;
Brother;Brother DCP8150DN;ADF;LX4777001;SEPARATION SUPPORT FILM, DCP-8150DN/8155DN/8250DN/ MFC-8710DW/8910DW/8950DW/8950DWT;
Brother;Brother DCP8150DN;ADF;LX4652001;SUPPORT FILM, DCP-8150DN/8155DN/8250DN/ MFC-8710DW/8910DW/8950DW/8950DWT;
Brother;Brother DCP8150DN;ADF;LT1704001;SECOND SIDE CIS UNIT, DCP-8155DN/8250DN/MFC-8910DW/8950DW/8950DWT;
Brother;Brother DCP8150DN;ADF;LT1783001;SECOND SIDE CIS UNIT, MFC-8520DN;
Brother;Brother DCP8150DN;ADF;LT1741001;SECOND SIDE CIS FLAT CABLE, DCP-8155DN/8250DN/ MFC-8910DW/8950DW/8950DWT;
Brother;Brother DCP8150DN;ADF;LT2006001;SECOND SIDE CIS FLAT CABLE, MFC-8520DN;
Brother;Brother DCP8150DN;ADF;LX4368001;CIS GLASS, DCP-8155DN/8250DN/MFC-8520DN/8910DW/8950DW/8950DWT;
Brother;Brother DCP8150DN;ADF;LX4098001;CIS GLASS STOPPER, DCP-8155DN/8250DN/MFC-8520DN/8910DW/8950DW/8950DWT;
Brother;Brother DCP8150DN;ADF;LX4099001;CIS SPRING, DCP-8155DN/8250DN/MFC-8520DN/8910DW/8950DW/8950DWT;
Brother;Brother DCP8150DN;ADF;LX9030001;CIS SPACER, DCP-8155DN/8250DN/MFC-8520DN/8910DW/8950DW/8950DWT;
Brother;Brother DCP8150DN;ADF;LX9296001;DOCUMENT SEPARATE ROLLER ASSY, DCP-8110DN/MFC-8510DN/8515DN;
Brother;Brother DCP8150DN;ADF;LX9358001;DOCUMENT SEPARATE ROLLER ASSY, DCP-8155DN/8250DN/ MFC-8910DW/8950DW/8950DWT;
Brother;Brother DCP8150DN;ADF;LX9098001;DOCUMENT SEPARATE ROLLER ASSY, DCP-8150DN/MFC-8710DW;
Brother;Brother DCP8150DN;ADF;LX9297001;DOCUMENT SEPARATE ROLLER ASSY, MFC-8520DN;
Brother;Brother DCP8150DN;ADF;LX5041001;GEAR COVER, DCP-8110DN/MFC-8510DN/8515DN/8520DN;
Brother;Brother DCP8150DN;ADF;LX4264002;GEAR COVER, DCP-8150DN/8155DN/8250DN/ MFC-8710DW/8910DW/8950DW/8950DWT;
Brother;Brother DCP8150DN;ADF;LX5042001;ADF COVER ASSY, DCP-8110DN/MFC-8510DN/8515DN;
Brother;Brother DCP8150DN;ADF;LX9360001;ADF COVER ASSY, DCP-8155DN/8250DN/MFC-8910DW/8950DW/8950DWT;
Brother;Brother DCP8150DN;ADF;LX9096001;ADF COVER ASSY, DCP-8150DN/MFC-8710DW;
Brother;Brother DCP8150DN;ADF;LX4118002;ADF COVER ASSY, MFC-8520DN;
Brother;Brother DCP8150DN;ADF;LX5371002;ADF DOCUMENT SUPPORT, DCP-8110DN/MFC-8510DN/8515DN/8520DN;
Brother;Brother DCP8150DN;ADF;LX4268002;ADF DOCUMENT SUPPORT, DCP-8150DN/8155DN/8250DN/ MFC-8710DW/8910DW/8950DW/8950DWT;
Brother;Brother DCP8150DN;ADF;LX4184002;ADF DOCUMENT OUTPUT SUPPORT FLAP, DCP-8110DN/MFC-8510DN/8515DN/8520DN;
Brother;Brother DCP8150DN;ADF;LX4267002;ADF DOCUMENT OUTPUT SUPPORT FLAP, DCP-8150DN/8155DN/8250DN/ MFC-8710DW/8910DW/8950DW/8950DWT;
Brother;Brother DCP8150DN;ADF;LS8141002;HINGE ARM R;
Brother;Brother DCP8150DN;PANEL;LX9094001;CONTROL PANEL ASSY, DCP-8110DN/8150DN/8155DN;
Brother;Brother DCP8150DN;PANEL;LX9142001;CONTROL PANEL ASSY, DCP-8250DN;
Brother;Brother DCP8150DN;PANEL;LX9148001;CONTROL PANEL ASSY, MFC-8510DN/8520DN/8710DW/8910DW EXCEPT FOR CHN;
Brother;Brother DCP8150DN;PANEL;LX9225001;CONTROL PANEL ASSY, MFC-8510DN/8515DN/8520DN FOR CHN;
Brother;Brother DCP8150DN;PANEL;LX9054001;CONTROL PANEL ASSY, MFC-8950DW/8950DWT;
Brother;Brother DCP8150DN;PANEL;LX9182001;PANEL COVER ASSY, DCP-8110DN FOR US/UK;
Brother;Brother DCP8150DN;PANEL;LX9090001;PANEL COVER ASSY, DCP-8150DN FOR US;
Brother;Brother DCP8150DN;PANEL;LX9184001;PANEL COVER ASSY, DCP-8155DN FOR US;
Brother;Brother DCP8150DN;PANEL;LX9186001;PANEL COVER ASSY, MFC-8510DN FOR US;
Brother;Brother DCP8150DN;PANEL;LX9325001;PANEL COVER ASSY, MFC-8510DN FOR UK;
Brother;Brother DCP8150DN;PANEL;LX9228001;PANEL COVER ASSY, MFC-8520DN FOR UK;
Brother;Brother DCP8150DN;PANEL;LX9640001;PANEL COVER ASSY, MFC-8710DW FOR US/CAN;
Brother;Brother DCP8150DN;PANEL;LX9153001;PANEL COVER ASSY, MFC-8910DW FOR US/CAN/ASA;
Brother;Brother DCP8150DN;PANEL;LX9718001;PANEL COVER ASSY, DCP-8110DN FOR GER;
Brother;Brother DCP8150DN;PANEL;LX9594001;PANEL COVER ASSY, MFC-8510DN FOR GER;
Brother;Brother DCP8150DN;PANEL;LX9795001;PANEL COVER ASSY, MFC-8520DN FOR GER;
Brother;Brother DCP8150DN;PANEL;LX9733001;PANEL COVER ASSY, DCP-8110DN FOR FRA/BEL/NLD (ENGLISH);
Brother;Brother DCP8150DN;PANEL;LX9651001;PANEL COVER ASSY, MFC-8510DN FOR FRA/BEL/NLD (ENGLISH);
Brother;Brother DCP8150DN;PANEL;LX9806001;PANEL COVER ASSY, MFC-8520DN FOR FRA/BEL/NLD (ENGLISH);
Brother;Brother DCP8150DN;PANEL;LX9730001;PANEL COVER ASSY, DCP-8110DN FOR FRA/BEL/NLD (FRENCH);
Brother;Brother DCP8150DN;PANEL;LX9635001;PANEL COVER ASSY, MFC-8510DN FOR FRA/BEL/NLD (FRENCH);
Brother;Brother DCP8150DN;PANEL;LX9803001;PANEL COVER ASSY, MFC-8520DN FOR FRA/BEL/NLD (FRENCH);
Brother;Brother DCP8150DN;PANEL;LX9734001;PANEL COVER ASSY, DCP-8110DN FOR FRA/BEL/NLD (DUTCH);
Brother;Brother DCP8150DN;PANEL;LX9652001;PANEL COVER ASSY, MFC-8510DN FOR FRA/BEL/NLD (DUTCH);
Brother;Brother DCP8150DN;PANEL;LX9807001;PANEL COVER ASSY, MFC-8520DN FOR FRA/BEL/NLD (DUTCH);
Brother;Brother DCP8150DN;PANEL;LX9731001;PANEL COVER ASSY, DCP-8110DN FOR ITA;
Brother;Brother DCP8150DN;PANEL;LX9636001;PANEL COVER ASSY, MFC-8510DN FOR ITA;
Brother;Brother DCP8150DN;PANEL;LX9805001;PANEL COVER ASSY, MFC-8520DN FOR ITA;
Brother;Brother DCP8150DN;PANEL;LX9226001;PANEL COVER ASSY, MFC-8510DN FOR CHN;
Brother;Brother DCP8150DN;PANEL;LX9291001;PANEL COVER ASSY, MFC-8515DN FOR CHN;
Brother;Brother DCP8150DN;PANEL;LX9229001;PANEL COVER ASSY, MFC-8520DN FOR CHN;
Brother;Brother DCP8150DN;PANEL;LX9732001;PANEL COVER ASSY, DCP-8110DN FOR IBR;
Brother;Brother DCP8150DN;PANEL;LX9638001;PANEL COVER ASSY, MFC-8510DN FOR IBR;
Brother;Brother DCP8150DN;PANEL;LX9808001;PANEL COVER ASSY, MFC-8520DN FOR IBR;
Brother;Brother DCP8150DN;PANEL;LX9046001;PRINTED PANEL COVER, MFC-8950DW/8950DWT FOR US;
Brother;Brother DCP8150DN;PANEL;LX9398001;PRINTED PANEL COVER, MFC-8950DW/8950DWT FOR GER;
Brother;Brother DCP8150DN;PANEL;LX9400001;PRINTED PANEL COVER, MFC-8950DW/8950DWT FOR GER/CHE (GERMAN);
Brother;Brother DCP8150DN;PANEL;LX9390001;PRINTED PANEL COVER, DCP-8250DN FOR UK/FRA/BEL/NLD (ENGLISH);
Brother;Brother DCP8150DN;PANEL;LX9409001;PRINTED PANEL COVER, MFC-8950DW/8950DWT FOR UK/FRA/BEL/NLD (ENGLISH);
Brother;Brother DCP8150DN;PANEL;LX9385001;PRINTED PANEL COVER, DCP-8250DN FOR FRA/BEL/NLD/CHE (FRENCH);
Brother;Brother DCP8150DN;PANEL;LX9406001;PRINTED PANEL COVER, MFC-8950DW/8950DWT FOR FRA/BEL/NLD/CHE (FRENCH);
Brother;Brother DCP8150DN;PANEL;LX9387001;PRINTED PANEL COVER, DCP-8250DN FOR FRA/BEL/NLD (DUTCH);
Brother;Brother DCP8150DN;PANEL;LX9410001;PRINTED PANEL COVER, MFC-8950DW/8950DWT FOR FRA/BEL/NLD (DUTCH);
Brother;Brother DCP8150DN;PANEL;LX9840001;PRINTED PANEL COVER, DCP-8250DN FOR CHE (GERMAN);
Brother;Brother DCP8150DN;PANEL;LX9380001;PRINTED PANEL COVER, DCP-8250DN FOR ITA/IBR (ITALIAN);
Brother;Brother DCP8150DN;PANEL;LX9382001;PRINTED PANEL COVER, DCP-8250DN FOR ITA/IBR (SPANISH);
Brother;Brother DCP8150DN;PANEL;LX9407001;PRINTED PANEL COVER, MFC-8950DW/8950DWT FOR ITA/IBR (ITALIAN);
Brother;Brother DCP8150DN;PANEL;LX9408001;PRINTED PANEL COVER, MFC-8950DW/8950DWT FOR ITA/IBR (SPANISH);
Brother;Brother DCP8150DN;PANEL;LX9552001;PRINTED PANEL COVER, DCP-8250DN FOR PND;
Brother;Brother DCP8150DN;PANEL;LX9399001;PRINTED PANEL COVER, MFC-8950DW/8950DWT FOR PND;
Brother;Brother DCP8150DN;PANEL;LU5693001;TAPTITE BIND B M4X12;
Brother;Brother DCP8150DN;PANEL;LX9143001;PANEL COVER, DCP-8250DN;
Brother;Brother DCP8150DN;PANEL;LX9053001;PANEL COVER, MFC-8950DW/8950DWT;
Brother;Brother DCP8150DN;PANEL;LX9093001;RUBBER KEY R, DCP-8110DN/8150DN/8155DN/ MFC-8510DN/8515DN/8520DN/8710DW/8910DW;
Brother;Brother DCP8150DN;PANEL;LX9144001;RUBBER KEY R, DCP-8250DN;
Brother;Brother DCP8150DN;PANEL;LX9052001;RUBBER KEY R, MFC-8950DW/8950DWT;
Brother;Brother DCP8150DN;PANEL;LX9092001;RUBBER KEY C, DCP-8110DN/8150DN/8155DN;
Brother;Brother DCP8150DN;PANEL;LX9149001;RUBBER KEY C, MFC-8510DN/8515DN/8520DN/8710DW/8910DW;
Brother;Brother DCP8150DN;PANEL;LX9091001;RUBBER KEY L, DCP-8110DN/8150DN/8155DN;
Brother;Brother DCP8150DN;PANEL;LX9051001;RUBBER KEY L, DCP-8250DN/MFC-8950DW/8950DWT;
Brother;Brother DCP8150DN;PANEL;LX9150001;RUBBER KEY L, MFC-8510DN/8515DN/8520DN/8710DW/8910DW;
Brother;Brother DCP8150DN;PANEL;LT1716002;PANEL PCB ASSY, DCP-8110DN/8150DN/8155DN;
Brother;Brother DCP8150DN;PANEL;LT1716001;PANEL PCB ASSY, MFC-8510DN/8520DN/8710DW/8910DW EXCEPT FOR CHN;
Brother;Brother DCP8150DN;PANEL;LT1834001;PANEL PCB ASSY, MFC-8510DN/8515DN/8520DN FOR CHN;
Brother;Brother DCP8150DN;PANEL;A62006001;LCD, DCP-8110DN/8150DN/8155DN/MFC-8510DN/8520DN/8710DW/8910DW EXCEPT FOR CHN;
Brother;Brother DCP8150DN;PANEL;A62122001;LCD, DCP-8250DN/MFC-8950DW/8950DWT;
Brother;Brother DCP8150DN;PANEL;A62027001;LCD, MFC-8510DN/8515DN/8520DN FOR CHN;
Brother;Brother DCP8150DN;PANEL;LT1800001;BACK LIGHT ASSY, DCP-8110DN/8150DN/8155DN/ MFC-8510DN/8515DN/8520DN/8710DW/8910DW;
Brother;Brother DCP8150DN;PANEL;LX9129001;TOUCH PANEL ASSY, DCP-8250DN/MFC-8950DW/8950DWT;
Brother;Brother DCP8150DN;PANEL;LT1742001;TOUCH PANEL PCB ASSY, DCP-8250DN/MFC-8950DW/8950DWT;
Brother;Brother DCP8150DN;PANEL;LX9171001;ADDRESS LABEL, MFC-8510DN/8515DN/8520DN/8710DW/8910DW;
Brother;Brother DCP8150DN;PCB;LT1790001;MAIN PCB ASSY, DCP-8110DN;
Brother;Brother DCP8150DN;PCB;LT1715001;MAIN PCB ASSY, DCP-8150DN;
Brother;Brother DCP8150DN;PCB;LT1795001;MAIN PCB ASSY, DCP-8155DN;
Brother;Brother DCP8150DN;PCB;LT1763002;MAIN PCB ASSY, DCP-8250DN;
Brother;Brother DCP8150DN;PCB;LT1791001;MAIN PCB ASSY, MFC-8510DN FOR US;
Brother;Brother DCP8150DN;PCB;LT1791002;MAIN PCB ASSY, MFC-8510DN EXCEPT FOR US/CHN;
Brother;Brother DCP8150DN;PCB;LT1791004;MAIN PCB ASSY, MFC-8510DN/8515DN FOR CHN;
Brother;Brother DCP8150DN;PCB;LT1792002;MAIN PCB ASSY, MFC-8520DN EXCEPT FOR CHN;
Brother;Brother DCP8150DN;PCB;LT1792004;MAIN PCB ASSY, MFC-8520DN FOR CHN;
Brother;Brother DCP8150DN;PCB;LT1796001;MAIN PCB ASSY, MFC-8710DW;
Brother;Brother DCP8150DN;PCB;LT1703001;MAIN PCB ASSY, MFC-8950DW/8950DWT FOR US;
Brother;Brother DCP8150DN;PCB;LT1703002;MAIN PCB ASSY, MFC-8950DW/8950DWT EXCEPT FOR US;
Brother;Brother DCP8150DN;PCB;LT1760001;MAIN PCB ASSY, MFC-8910DW FOR US/CAN;
Brother;Brother DCP8150DN;PCB;LT1760002;MAIN PCB ASSY, MFC-8910DW FOR ASA;
Brother;Brother DCP8150DN;PCB;LT0867001;NCU PCB ASSY, MFC-8510DN/8710DW/8910DW/8950DW/8950DWT FOR US;
Brother;Brother DCP8150DN;PCB;LT0867003;NCU PCB ASSY, MFC-8710DW/8910DW FOR CAN;
Brother;Brother DCP8150DN;PCB;LT1168001;NCU PCB ASSY, MFC-8510DN/8515DN/8520DN/8710DW/8950DW/8950DWT EXCEPT FOR US/CAN/CHN;
Brother;Brother DCP8150DN;PCB;LT1324001;NCU PCB ASSY, MFC-8510DN/8515DN/8520DN FOR CHN;
Brother;Brother DCP8150DN;PCB;LT1328001;NCU PCB ASSY, MFC-8910DW FOR ASA;
Brother;Brother DCP8150DN;PCB;LT1706001;LOW VOLTAGE POWER SUPPLY PCB ASSY FOR US/CAN;
Brother;Brother DCP8150DN;PCB;LT1756001;LOW VOLTAGE POWER SUPPLY PCB ASSY EXCEPT FOR US/CAN/CHN;
Brother;Brother DCP8150DN;PCB;LT1830001;LOW VOLTAGE POWER SUPPLY FOR CHN;
Brother;Brother DCP8150DN;PCB;LV0806001;HIGH VOLTAGE POWER SUPPLY PCB ASSY;
Brother;Brother DCP8150DN;PERIODICAL MAINTENANCE PARTS;LY5384001;PAPER FEEDING KIT 1/2 (SP);
Brother;Brother DCP8150DN;PERIODICAL MAINTENANCE PARTS;LY5385001;MP PAPER FEEDING KIT (SP);
Brother;Brother DCP8150DN;LOWER TRAY;LY4534001;T2 BACK COVER, MFC-8950DWT;
Brother;Brother DCP8150DN;LOWER TRAY;LY4335001;T2 CLUTCH, MFC-8950DWT;
Brother;Brother DCP8150DN;LOWER TRAY;LY4562001;T2 PAPER FEED ACTUATOR, MFC-8950DWT;
Brother;Brother DCP8150DN;LOWER TRAY;LY4561001;T2 PAPER FEED ACTUATOR SPRING, MFC-8950DWT;
Brother;Brother DCP8150DN;LOWER TRAY;LV0812001;T2 PAPER FEED SENSOR PCB ASSY, MFC-8950DWT;
Brother;Brother DCP8150DN;LOWER TRAY;LY5947001;PAPER TRAY 2 (SP), MFC-8950DWT;
Brother;Brother DCP8150DN;LOWER TRAY;LY4533001;T2 FRONT COVER ASSY, MFC-8950DWT;
Brother;Brother DCP8150DN;LOWER TRAY;LY4530001;T2 SIDE COVER L, MFC-8950DWT;
Brother;Brother DCP8150DN;LOWER TRAY;LY4529001;T2 SIDE COVER R, MFC-8950DWT;
Brother;Brother DCP8150DN;LOWER TRAY;LV0814001;T2 RELAY PCB ASSY, MFC-8950DWT;
Brother;Brother DCP8150DN;LOWER TRAY;LY5498001;LT CONNECTOR ASSY (T2), MFC-8950DWT;
Brother;Brother DCP8150DN;LOWER TRAY;LY4243001;GEAR Z22M10, MFC-8950DWT;
Brother;Brother DCP8150DN;LOWER TRAY;LY4242001;IDLE GEAR Z18M10, MFC-8950DWT;
Brother;Brother DCP8150DN;LOWER TRAY;LY4516001;LIFT GEAR Z48M10, MFC-8950DWT;
