Brother;Brother HL4150CDN;FRAME;LR1352001;RUBBER FOOT;
Brother;Brother HL4150CDN;FRAME;LY0061001;TONER/NEW SENSOR PCB ASSY;
Brother;Brother HL4150CDN;FRAME;LV0470001;FRONT COVER SENSOR;
Brother;Brother HL4150CDN;FRAME;LV0472001;INTERNAL TEMPERATURE THERMISTOR;
Brother;Brother HL4150CDN;FRAME;LY0722001;DEVELOP RELEASE MOTOR;
Brother;Brother HL4150CDN;FRAME;LY0070001;REGISTRATION MARK SENSOR HOLDER ASSY;
Brother;Brother HL4150CDN;FRAME;LY0080001;FUSER COVER;
Brother;Brother HL4150CDN;FRAME;LY0095001;FUSER FAN;
Brother;Brother HL4150CDN;FRAME;LY0099001;AIR DUCT COVER;
Brother;Brother HL4150CDN;FRAME;LY0100001;BLOWER;
Brother;Brother HL4150CDN;FRAME;LM9221001;WASTE TONER SENSOR;
Brother;Brother HL4150CDN;FRAME;LY0115001;FORCED DEVELOP RELEASE LINK;
Brother;Brother HL4150CDN;FRAME;LY0050001;CLEANER DRIVE GEAR 15;
Brother;Brother HL4150CDN;FRAME;LU6330001;SPACER;
Brother;Brother HL4150CDN;FRAME;85320616;TAPTITE BIND S M3X6;
Brother;Brother HL4150CDN;FRAME;LY0630001;POWER FAN;
Brother;Brother HL4150CDN;FRAME;LY0077001;SHUTTER SOLENOID;
Brother;Brother HL4150CDN;FRAME;LU5694001;TAPTITE BIND B M3X10;
Brother;Brother HL4150CDN;DRIVE;LY0117001;PF PLATE ASSY;
Brother;Brother HL4150CDN;DRIVE;LY0133001;T1 SOLENOID ASSY;
Brother;Brother HL4150CDN;DRIVE;LY0723001;DRUM DRIVE MOTOR;
Brother;Brother HL4150CDN;DRIVE;LV0488001;DRUM POSITION SENSOR PCB ASSY;
Brother;Brother HL4150CDN;DRIVE;LY0208001;MONO SOLENOID ASSY;
Brother;Brother HL4150CDN;DRIVE;LY0221001;REGISTRATION SOLENOID ASSY;
Brother;Brother HL4150CDN;DRIVE;LV0489001;DEVELOP RELEASE SENSOR PCB ASSY;
Brother;Brother HL4150CDN;DRIVE;LY0227001;FUSER DEVELOP MOTOR ASSY;
Brother;Brother HL4150CDN;DRIVE;85310816;TAPTITE BIND B M3X8;
Brother;Brother HL4150CDN;DRIVE;300416;SCREW BIND M3X4;
Brother;Brother HL4150CDN;DRIVE;LU5691001;TAPTITE CUP S M3X6 SR;
Brother;Brother HL4150CDN;LASER UNIT;LY0737001;LASER UNIT (SP);
Brother;Brother HL4150CDN;LASER UNIT;LU1259001;LABEL LASER CAUTION 75X100;
Brother;Brother HL4150CDN;LASER UNIT;LU5691001;TAPTITE CUP S M3X6 SR;
Brother;Brother HL4150CDN;PAPER FEEDER;LV0491001;T1 REGISTRATION FRONT/REAR SENSOR PCB ASSY;
Brother;Brother HL4150CDN;PAPER FEEDER;LV0494001;T1 PAPER EDGE SENSOR PCB ASSY;
Brother;Brother HL4150CDN;PAPER FEEDER;LY0248001;T1 PAPER EDGE ACTUATOR;
Brother;Brother HL4150CDN;PAPER FEEDER;LR0914001;T1 PAPER EDGE ACTUATOR SPRING;
Brother;Brother HL4150CDN;PAPER FEEDER;LY0294001;MP SECTOR SOLENOID;
Brother;Brother HL4150CDN;PAPER FEEDER;85310816;TAPTITE BIND B M3X8;
Brother;Brother HL4150CDN;MP UNIT;LV0500001;MP PAPER EMPTY/REGISTRATION FRONT SENSOR PCB ASSY;
Brother;Brother HL4150CDN;MP UNIT;85310816;TAPTITE BIND B M3X8;
Brother;Brother HL4150CDN;DX;LY0320001;DUPLEX FEED ASSY LTR FOR US/CAN/ARG/CHL/BRA;
Brother;Brother HL4150CDN;DX;LY0699001;DUPLEX FEED ASSY A4 EXCEPT FOR US/CAN/ARG/CHL/BRA;
Brother;Brother HL4150CDN;DX;LY1163001;TAPTITE CUP B M3X12;
Brother;Brother HL4150CDN;PAPER TRAY;LY0344001;PAPER TRAY;
Brother;Brother HL4150CDN;FUSER UNIT;LY0748001;FUSER UNIT 115V (SP);
Brother;Brother HL4150CDN;FUSER UNIT;LY0749001;FUSER UNIT 230V (SP);
Brother;Brother HL4150CDN;FUSER UNIT;LJ0395001;TAPTITE PAN B M4X14;
Brother;Brother HL4150CDN;PAPER EJECT;LY0382002;PAPER EJECT ASSY, HL-4150CDN;
Brother;Brother HL4150CDN;PAPER EJECT;LY0382001;PAPER EJECT ASSY, HL-4570CDW/4570CDWT;
Brother;Brother HL4150CDN;PAPER EJECT;LY1245001;FILTER ASSY;
Brother;Brother HL4150CDN;PAPER EJECT;LY0408001;PAPER EJECT MOTOR;
Brother;Brother HL4150CDN;PAPER EJECT;LV0538001;BACK COVER SENSOR ASSY;
Brother;Brother HL4150CDN;PAPER EJECT;85320616;TAPTITE BIND S M3X6;
Brother;Brother HL4150CDN;COVERS & LABELS;LY0416001;FRONT COVER;
Brother;Brother HL4150CDN;COVERS & LABELS;LY0417001;FRONT COVER ARM R;
Brother;Brother HL4150CDN;COVERS & LABELS;LY0419001;FRONT COVER RELEASE BUTTON;
Brother;Brother HL4150CDN;COVERS & LABELS;LY0420001;FRONT COVER RELEASE BUTTON SPRING;
Brother;Brother HL4150CDN;COVERS & LABELS;LY0418001;FRONT COVER ARM L;
Brother;Brother HL4150CDN;COVERS & LABELS;LY0421001;TOP COVER ASSY, HL-4150CDN;
Brother;Brother HL4150CDN;COVERS & LABELS;LY0707001;TOP COVER ASSY, HL-4570CDW/ 4570CDWT;
Brother;Brother HL4150CDN;COVERS & LABELS;LY0443001;SIDE COVER R ASSY;
Brother;Brother HL4150CDN;COVERS & LABELS;LY0448001;SIDE COVER L;
Brother;Brother HL4150CDN;COVERS & LABELS;LR0516003;ACCESS COVER;
Brother;Brother HL4150CDN;COVERS & LABELS;LY0449001;BACK COVER;
Brother;Brother HL4150CDN;COVERS & LABELS;LY0450001;BACK COVER STOPPER ARM L;
Brother;Brother HL4150CDN;COVERS & LABELS;LY0451001;BACK COVER STOPPER ARM R;
Brother;Brother HL4150CDN;COVERS & LABELS;LY0452001;MP COVER ASSY;
Brother;Brother HL4150CDN;COVERS & LABELS;LY0456001;MP PAPER GUIDE ASSY;
Brother;Brother HL4150CDN;COVERS & LABELS;LY0459001;MP LINK R;
Brother;Brother HL4150CDN;COVERS & LABELS;LY0460001;MP LINK L;
Brother;Brother HL4150CDN;COVERS & LABELS;LY0872001;LAN PORT CAP;
Brother;Brother HL4150CDN;COVERS & LABELS;LY0465001;LABEL DR OPERATION;
Brother;Brother HL4150CDN;COVERS & LABELS;LY0837001;COLOR LASER LABEL;
Brother;Brother HL4150CDN;COVERS & LABELS;LY0838001;MP SET INSTRUCTION LABEL;
Brother;Brother HL4150CDN;COVERS & LABELS;LY0920001;LABEL H/ SP CAUTION REAR 49X45;
Brother;Brother HL4150CDN;COVERS & LABELS;LY0917001;LABEL DR TARGET L/ R;
Brother;Brother HL4150CDN;COVERS & LABELS;LY0939001;LABEL H/ SP CAUTION, HL-4150CDN EXCEPT FOR US/ CAN/ ARL/ NZ/ ARG/ BRA/ SGP;
Brother;Brother HL4150CDN;COVERS & LABELS;LY1419001;LABEL H/ SP CAUTION, HL-4150CDN/ 4570CDW FOR ARL/ NZ/ SGP;
Brother;Brother HL4150CDN;COVERS & LABELS;LY0940001;LABEL H/ SP CAUTION, HL-4570CDW/ 4570CDWT EXCEPT FOR US/ CAN/ ARL/ NZ/ CHL/ SGP;
Brother;Brother HL4150CDN;COVERS & LABELS;LY0919001;LABEL H/ SP CAUTION FOR US/ CAN/ ARG/ CHL/ BRA;
Brother;Brother HL4150CDN;COVERS & LABELS;LY1306001;SWITCH STICKER;
Brother;Brother HL4150CDN;COVERS & LABELS;LU5693001;TAPTITE BIND B M4X12;
Brother;Brother HL4150CDN;COVERS & LABELS;85320816;TAPTITE BIND S M3X8;
Brother;Brother HL4150CDN;COVERS & LABELS;LX7150003;EMBLEM BROTHER SHEET L;
Brother;Brother HL4150CDN;COVERS & LABELS;LY0428002;PAPER STOPPER, HL-4150CDN;
Brother;Brother HL4150CDN;COVERS & LABELS;LY0428001;PAPER STOPPER, HL-4570CDW/ 4570CDWT;
Brother;Brother HL4150CDN;COVERS & LABELS;LY0430001;PANEL COVER ASSY, HL-4150CDN;
Brother;Brother HL4150CDN;COVERS & LABELS;LY0708001;PANEL COVER ASSY, HL-4570CDW/ 4570CDWT;
Brother;Brother HL4150CDN;COVERS & LABELS;LY0436001;LCD ASSY, HL-4150CDN;
Brother;Brother HL4150CDN;COVERS & LABELS;LY0712001;LCD ASSY, HL-4570CDW/ 4570CDWT;
Brother;Brother HL4150CDN;COVERS & LABELS;LT1401001;WIRELESS LAN PCB, HL-4570CDW/ 4570CDWT;
Brother;Brother HL4150CDN;COVERS & LABELS;LV0539001;PANEL PCB ASSY;
Brother;Brother HL4150CDN;COVERS & LABELS;LV0531001;USB HOST RELAY PCB ASSY;
Brother;Brother HL4150CDN;COVERS & LABELS;LU5693001;TAPTITE BIND B M4X12;
Brother;Brother HL4150CDN;MAIN PCB;LV0534002;MAIN PCB ASSY, HL-4150CDN;
Brother;Brother HL4150CDN;MAIN PCB;LV0534001;MAIN PCB ASSY, HL-4570CDW/4570CDWT;
Brother;Brother HL4150CDN;ENGINE PCB;LV0535001;ENGINE PCB ASSY;
Brother;Brother HL4150CDN;LVPS;LV0524001;LOW-VOLTAGE POWER SUPPLY PCB ASSY 115V;
Brother;Brother HL4150CDN;LVPS;LV0511001;FOR US/ CAN/ BRA LOW-VOLTAGE POWER SUPPLY PCB ASSY 230V;
Brother;Brother HL4150CDN;LVPS;LT1359001;EXCEPT FOR US/ CAN/ BRA/ RUS LOW-VOLTAGE POWER SUPPLY PCB ASSY 230V FOR RUS;
Brother;Brother HL4150CDN;LVPS;LV0528001;POWER SWITCH HOLDER;
Brother;Brother HL4150CDN;LVPS;LY0954001;CLEANER PINCH ROLLER HOLDER;
Brother;Brother HL4150CDN;LVPS;LV0529001;PAPER EJECT SENSOR PCB ASSY;
Brother;Brother HL4150CDN;LVPS;84311016;TAPTITE FLAT B M3X10;
Brother;Brother HL4150CDN;HVPS;LY0641001;HIGH-VOLTAGE POWER SUPPLY PCB ASSY;
Brother;Brother HL4150CDN;PERIODICAL MAINTENANCE PARTS;LY1257001;PAPER FEEDING KIT 1 (SP);
Brother;Brother HL4150CDN;PERIODICAL MAINTENANCE PARTS;LY1260001;MP PAPER FEEDING KIT (SP);
Brother;Brother HL4150CDN;PERIODICAL MAINTENANCE PARTS;LY1548001;PAPER FEEDING KIT 2 (SP);
Brother;Brother HL4150CDN;LT;UH2208001;RUBBER FOOT, HL-4570CDWT;
Brother;Brother HL4150CDN;LT;LJ1175001;COLLAR 6, HL-4570CDWT;
Brother;Brother HL4150CDN;LT;LJ9503001;T2 SOLENOID ASSY, HL-4570CDWT;
Brother;Brother HL4150CDN;LT;U11776001;SCREW FLANGED M3X3.5;
Brother;Brother HL4150CDN;LT;LM3454002;T2 SEPARATION ROLLER ASSY, HL-4570CDWT;
Brother;Brother HL4150CDN;LT;LU0496002;T2 PAPER FEED ROLLER ASSY 1, HL-4570CDWT;
Brother;Brother HL4150CDN;LT;LY0669001;T2 PAPER FEED FRAME UNIT, HL-4570CDWT;
Brother;Brother HL4150CDN;LT;LY0672001;T2 PAPER TRAY UNIT, HL-4570CDWT;
Brother;Brother HL4150CDN;LT;LY0686001;T2 COVER LEFT, HL-4570CDWT;
Brother;Brother HL4150CDN;LT;LY0687001;T2 COVER RIGHT, HL-4570CDWT;
Brother;Brother HL4150CDN;LT;LY0688001;T2 COVER REAR, HL-4570CDWT;
Brother;Brother HL4150CDN;LT;LU5691001;TAPTITE CUP S M3X6 SR;
Brother;Brother HL4150CDN;LT;LY0811001;TAPTITE CUP S M3X10 SR;
Brother;Brother HL4150CDN;LT;LM9024001;T2 RELAY PCB ASSY, HL-4570CDWT;
Brother;Brother HL4150CDN;LT;LY0952001;T2 SEPARATION PAD ASSY, HL-4570CDWT;
Brother;Brother HL4150CDN;LT;LY0679001;T2 SEPARATION PAD SPRING, HL-4570CDWT;
