Brother;Brother MFC7450;FRAME UNIT;LS0614001;MAIN FRAME L ASSY, DCP7030/ DCP7032/ DCP7040/ MFC7320/ MFC7340;
Brother;Brother MFC7450;FRAME UNIT;LS0613001;MAIN FRAME L ASSY, DCP7045N/ MFC7345N/ MFC7440N;
Brother;Brother MFC7450;FRAME UNIT;LS0310001;MAIN FRAME L ASSY, MFC7840N/ MFC7840W;
Brother;Brother MFC7450;FRAME UNIT;LS1747001;MAIN FRAME L ASSY, MFC7450;
Brother;Brother MFC7450;FRAME UNIT;LJ7403001;RUBBER FOOT;
Brother;Brother MFC7450;FRAME UNIT;LU0922001;FILTER 2 ASSY;
Brother;Brother MFC7450;FRAME UNIT;LU2125001;COVER SENSOR HARNESS ASSY;
Brother;Brother MFC7450;FRAME UNIT;LU2126001;FAN MOTOR 60 UNIT;
Brother;Brother MFC7450;FRAME UNIT;LV0066001;TONER LED PCB ASSY;
Brother;Brother MFC7450;FRAME UNIT;LM4267001;LED HOLDER;
Brother;Brother MFC7450;FRAME UNIT;LT0963001;WIRELESS LAN PCB ASSY, MFC7840W;
Brother;Brother MFC7450;FRAME UNIT;LU2128001;FEEDER GEAR 17 TERMINAL;
Brother;Brother MFC7450;FRAME UNIT;LU2129001;REGISTRATION GEAR 25 TERMINAL;
Brother;Brother MFC7450;FRAME UNIT;LV0060001;EJECT SENSOR PCB ASSY;
Brother;Brother MFC7450;FRAME UNIT;LT0129001;TONER SENSOR PCB UNIT ASSY;
Brother;Brother MFC7450;FRAME UNIT;85311016;TAPTITE BIND B M3X10;
Brother;Brother MFC7450;FRAME UNIT;LU2030001;T1 SOLENOID;
Brother;Brother MFC7450;FRAME UNIT;LU2036001;REGISTRATION SOLENOID;
Brother;Brother MFC7450;FRAME UNIT;LT0131001;NEW TONER SENSOR HARNESS ASSY;
Brother;Brother MFC7450;FRAME UNIT;LU3074001;DRIVE SUB ASSY (SP);
Brother;Brother MFC7450;FRAME UNIT;85411216;TAPTITE BIND B M4X12;
Brother;Brother MFC7450;FRAME UNIT;LM5867001;TAPTITE CUP S M3X6 SR;
Brother;Brother MFC7450;FRAME UNIT;LT0132001;THERMISTOR HARNESS UNIT;
Brother;Brother MFC7450;FRAME UNIT;LU2060001;REGISTRATION PENDULUM GEAR SPRING;
Brother;Brother MFC7450;FRAME UNIT;LU2067001;DEV GEAR JOINT/ 53R;
Brother;Brother MFC7450;PAPER FEEDER;LU2088001;ROLLER HOLDER ASSY;
Brother;Brother MFC7450;PAPER FEEDER;LV0061001;REGISTRATION FRONT PCB ASSY;
Brother;Brother MFC7450;PAPER FEEDER;85311016;TAPTITE BIND B M3X10;
Brother;Brother MFC7450;PAPER FEEDER;LV0062001;REGISTRATION REAR PCB ASSY;
Brother;Brother MFC7450;LASER UNIT;LU2375001;LASER UNIT (SP);
Brother;Brother MFC7450;LASER UNIT;LM5867001;TAPTITE CUP S M3X6 SR;
Brother;Brother MFC7450;LASER UNIT;LJ0748001;TAPTITE PAN(S/P WASHER)S M3X8;
Brother;Brother MFC7450;LASER UNIT;LJ0908001;LASER CAUTION LABEL EXCEPT FOR CHN;
Brother;Brother MFC7450;LASER UNIT;UL7931001;LASER CAUTION LABEL FOR CHN;
Brother;Brother MFC7450;PAPER TRAY;LS0686001;PAPER TRAY UNIT, DCP7030 FOR US/ CAN/ ASA/ GUL/ KOR/ IND/ OCE, DCP7040/ MFC7340/ MFC7345N/ MFC7440N/ MFC7450 FOR US/ CAN/ ARG/ CHL/ ASA/ BRA/ KOR/ IND/ OCE;
Brother;Brother MFC7450;PAPER TRAY;LS0686002;PAPER TRAY UNIT, MFC7840N FOR ASA/ IND, MFC7840W FOR US/ CAN/ ARG/ CHL/ BRA/ OCE;
Brother;Brother MFC7450;PAPER TRAY;LS0687001;PAPER TRAY UNIT, DCP7030 FOR GER/ UK/ CHE/ ITA/ CHN/ RUS/ PND/ FRA/ BEL/ NLD/ IBR/ EEU, DCP7032/ DCP7040/ DCP7045N/ MFC7320/ MFC7340/ MFC7440N/ MFC7450 FOR GER/ UK/ FRA/ BEL/ NLD/ CHE/ AUS/ SPA/ ITA/ ISR/ POR/ CHN/ ZAF/ GUL/ RUS/ PND/ IBR/ EEU;
Brother;Brother MFC7450;PAPER TRAY;LS0687002;PAPER TRAY UNIT, MFC7840N FOR CHN, MFC7840W FOR GER/ UK/ FRA/ BEL/ NLD/ CHE/ AUS/ SPA/ ITA/ POR/ GUL/ RUS/ PND/ EEU;
Brother;Brother MFC7450;PAPER TRAY;LU3046001;SEPARATION PAD SPRING;
Brother;Brother MFC7450;PAPER TRAY;LU3157001;SEPARATION PAD ASSY(SP);
Brother;Brother MFC7450;FUSER UNIT;LU2854001;FUSER UNIT 230V (SP) FOR IND;
Brother;Brother MFC7450;FUSER UNIT;LU2373001;FUSER UNIT 115V (SP) FOR US/ CAN/ BRA;
Brother;Brother MFC7450;FUSER UNIT;LU2374001;FUSER UNIT 230V (SP) FOR GER/ UK/ FRA/ BEL/ NLD/ CHE/ AUS/ SPA/ ITA/ ISR/ POR/ CHN/ ZAF/ ARG/ CHL/ ASA/ GUL/ KOR/ RUS/ OCE/ PND/ IBR/ EEU;
Brother;Brother MFC7450;FUSER UNIT;LJ0395001;TAPTITE PAN B M4X14;
Brother;Brother MFC7450;COVERS & LABELS;LS0584003;JOINT COVER ASSY, GRAY(1861), DCP7030;
Brother;Brother MFC7450;COVERS & LABELS;LS0584001;JOINT COVER ASSY, GRAY(1736), DCP7032/ DCP7040/ DCP7045N;
Brother;Brother MFC7450;COVERS & LABELS;LS0318003;JOINT COVER ASSY, GRAY(1861), MFC7320/ MFC7340/ MFC7345N;
Brother;Brother MFC7450;COVERS & LABELS;LS0318001;JOINT COVER ASSY, GRAY(1736), MFC7440N/ MFC7450;
Brother;Brother MFC7450;COVERS & LABELS;LS0318002;JOINT COVER ASSY, GRAY(1581), MFC7840N/ MFC7840W;
Brother;Brother MFC7450;COVERS & LABELS;LS0322001;JOINT COVER SUB CHUTE ASSY;
Brother;Brother MFC7450;COVERS & LABELS;LS0325003;SPEAKER COVER, GRAY(1861), DCP7030/ MFC7320/ MFC7340/ MFC7345N;
Brother;Brother MFC7450;COVERS & LABELS;LS0325001;SPEAKER COVER, GRAY(1736), DCP7032/ DCP7040/ DCP7045N/ MFC7440N/ MFC7450;
Brother;Brother MFC7450;COVERS & LABELS;LS0325002;SPEAKER COVER, GRAY(1581), MFC7840N/ MFC7840W;
Brother;Brother MFC7450;COVERS & LABELS;LT0133001;SPEAKER UNIT;
Brother;Brother MFC7450;COVERS & LABELS;LS0326003;FRONT COVER ASSY, DCP7030/ MFC7320/ MFC7340/ MFC7345N EXCEPT FOR CHN/ RUS;
Brother;Brother MFC7450;COVERS & LABELS;LS0326001;FRONT COVER ASSY, DCP7032/ DCP7040/ DCP7045N/ MFC7440N/ MFC7450 EXCEPT FOR CHN/ RUS;
Brother;Brother MFC7450;COVERS & LABELS;LS0326002;FRONT COVER ASSY, MFC7840N FOR ASA/ IND, MFC7840W EXCEPT FOR RUS;
Brother;Brother MFC7450;COVERS & LABELS;LS1625003;FRONT COVER ASSY, DCP7030/ MFC7340 FOR CHN;
Brother;Brother MFC7450;COVERS & LABELS;LS1625001;FRONT COVER ASSY, DCP7040/ MFC7450 FOR CHN;
Brother;Brother MFC7450;COVERS & LABELS;LS1625002;FRONT COVER ASSY, MFC7840N FOR CHN;
Brother;Brother MFC7450;COVERS & LABELS;LS1628003;FRONT COVER ASSY, DCP7030/ MFC7320 FOR RUS;
Brother;Brother MFC7450;COVERS & LABELS;LS1628001;FRONT COVER ASSY, DCP7032/ DCP7040/ DCP7045N/ MFC7440N FOR RUS;
Brother;Brother MFC7450;COVERS & LABELS;LS1628002;FRONT COVER ASSY, MFC7840W FOR RUS;
Brother;Brother MFC7450;COVERS & LABELS;LS0331003;INNER CHUTE ASSY, GRAY(1861), DCP7030/ MFC7320/ MFC7340/ MFC7345N;
Brother;Brother MFC7450;COVERS & LABELS;LS0331001;INNER CHUTE ASSY, GRAY(1736), DCP7032/ DCP7040/ DCP7045N/ MFC7440N/ MFC7450;
Brother;Brother MFC7450;COVERS & LABELS;LS0331002;INNER CHUTE ASSY, GRAY(1581), MFC7840N/ MFC7840W;
Brother;Brother MFC7450;COVERS & LABELS;LU2241001;FUSER COVER ASSY;
Brother;Brother MFC7450;COVERS & LABELS;LS0334001;SIDE COVER L, GRAY(1581), DCP7030/ DCP7032/ DCP7040/ DCP7045N/ MFC7320/ MFC7340/ MFC7345N/ MFC7440N/ MFC7450;
Brother;Brother MFC7450;COVERS & LABELS;LS0334002;SIDE COVER L, GRAY(1736), MFC7840N/ MFC7840W;
Brother;Brother MFC7450;COVERS & LABELS;LS0335003;SIDE COVER SUB L, GRAY(1861), DCP7030/ MFC7320/ MFC7340/ MFC7345N;
Brother;Brother MFC7450;COVERS & LABELS;LS0335001;SIDE COVER SUB L, GRAY(1736), DCP7032/ DCP7040/ DCP7045N/ MFC7440N/ MFC7450;
Brother;Brother MFC7450;COVERS & LABELS;LS0335002;SIDE COVER SUB L, GRAY(1581), MFC7840N/ MFC7840W;
Brother;Brother MFC7450;COVERS & LABELS;LS0336001;SIDE COVER R ASSY, GRAY(1581), DCP7030/ DCP7032/ DCP7040/ DCP7045N/ MFC7320/ MFC7340/ MFC7345N/ MFC7440N/ MFC7450;
Brother;Brother MFC7450;COVERS & LABELS;LS0336002;SIDE COVER R ASSY, GRAY(1736), MFC7840N/ MFC7840W;
Brother;Brother MFC7450;COVERS & LABELS;LU0335001;OUTER CHUTE ASSY;
Brother;Brother MFC7450;COVERS & LABELS;LS1234001;BACK COVER (SP), GRAY(1581), DCP7030/ DCP7032/ DCP7040/ DCP7045N/ MFC7320/ MFC7340/ MFC7345N/ MFC7440N/ MFC7450;
Brother;Brother MFC7450;COVERS & LABELS;LS1234002;BACK COVER (SP), GRAY(1736), MFC7840N/ MFC7840W;
Brother;Brother MFC7450;COVERS & LABELS;LS0339003;CORNER COVER, GRAY(1861), DCP7030/ MFC7320/ MFC7340/ MFC7345N;
Brother;Brother MFC7450;COVERS & LABELS;LS0339001;CORNER COVER, GRAY(1736), DCP7032/ DCP7040/ DCP7045N/ MFC7440N/ MFC7450;
Brother;Brother MFC7450;COVERS & LABELS;LS0339002;CORNER COVER, GRAY(1581), MFC7840N/ MFC7840W;
Brother;Brother MFC7450;COVERS & LABELS;LF6145001;PULL ARM L;
Brother;Brother MFC7450;COVERS & LABELS;LF6146001;PULL ARM R;
Brother;Brother MFC7450;COVERS & LABELS;LS0340001;PULL ARM GUIDE;
Brother;Brother MFC7450;COVERS & LABELS;LF6148001;LOCK CLAW;
Brother;Brother MFC7450;COVERS & LABELS;LP2575001;PULL ARM SPRING ADF L;
Brother;Brother MFC7450;COVERS & LABELS;LP2904001;PULL ARM SPRING ADF R;
Brother;Brother MFC7450;COVERS & LABELS;LF6745001;CORD HOOK, MFC7320/ MFC7340/ MFC7345N/ MFC7440N/ MFC7450/ MFC7840N/ MFC7840W;
Brother;Brother MFC7450;COVERS & LABELS;LS1060001;PROCESS UNIT OP LABEL FOR US/ CAN/ ARG/ CHL/ BRA;
Brother;Brother MFC7450;COVERS & LABELS;LS1116001;PROCESS UNIT OP LABEL EXCEPT FOR US/ CAN/ ARG/ CHL/ BRA;
Brother;Brother MFC7450;COVERS & LABELS;LS0888001;HEATER CAUTION LABEL REAR;
Brother;Brother MFC7450;COVERS & LABELS;85411216;TAPTITE BIND B M4X12;
Brother;Brother MFC7450;COVERS & LABELS;87310816;TAPTITE CUP B M3X8;
Brother;Brother MFC7450;COVERS & LABELS;LE8842001;MJ COVER EXT, MFC7320/ MFC7340/ MFC7345N/ MFC7440N/ MFC7450/ MFC7840N/ MFC7840W FOR US/ CAN/ NLD/ CHE/ SPA/ ISR/ POR/ CHN/ ZAF/ ARG/ CHL/ ASA/ GUL/ BRA/ KOR/ IND/ RUS/ OCE/ PND/ EEU;
Brother;Brother MFC7450;COVERS & LABELS;UF5745000;MJ COVER EXT, MFC7320/ MFC7440N/ MFC7840W FOR GER/ UK/ FRA/ BEL/ AUS/ ITA;
Brother;Brother MFC7450;COVERS & LABELS;LU2935001;LABEL REAR CHUTE;
Brother;Brother MFC7450;COVERS & LABELS;LS0329001;PAPER STOPPER L, GRAY(1736), DCP7032/ DCP7040/ DCP7045N/ MFC7440N/ MFC745C;
Brother;Brother MFC7450;COVERS & LABELS;LS1083003;PAPER SUPPORTER, GRAY(1861), DCP7030/ MFC7320/ MFC7340/ MFC7345N;
Brother;Brother MFC7450;COVERS & LABELS;LS1083001;PAPER SUPPORTER, GRAY(1736), DCP7032/ DCP7040/ DCP7045N/ MFC7440N/ MFC7450;
Brother;Brother MFC7450;COVERS & LABELS;LS1083002;PAPER SUPPORTER, GRAY(1581), MFC7840N/ MFC7840W;
Brother;Brother MFC7450;COVERS & LABELS;LU2262001;EJECT ROLLER ASSY;
Brother;Brother MFC7450;COVERS & LABELS;LS0329003;PAPER STOPPER L, GRAY(1861), DCP7030/ MFC7320/ MFC7340;
Brother;Brother MFC7450;COVERS & LABELS;LS0329002;PAPER STOPPER L, GRAY(1581), MFC7840N/ MFC7840W;
Brother;Brother MFC7450;COVERS & LABELS;LS0330003;PAPER STOPPER S, GRAY(1861), DCP7030/ MFC7320/ MFC7340;
Brother;Brother MFC7450;COVERS & LABELS;LS0330001;PAPER STOPPER S, GRAY(1736), DCP7032/ DCP7040/ DCP7045N/ MFC7440N/ MFC745e;
Brother;Brother MFC7450;COVERS & LABELS;LS0330002;PAPER STOPPER S, GRAY(1581), MFC7840N/ MFC7840W;
Brother;Brother MFC7450;COVERS & LABELS;LS3214003;PAPER STOPPER FB ASSY, DCP7030/ MFC7320/ MFC7340/ MFC7345N;
Brother;Brother MFC7450;COVERS & LABELS;LS3214001;PAPER STOPPER FB ASSY, DCP7032/ DCP7040/ DCP7045N/ MFC7440N/ MFC7450;
Brother;Brother MFC7450;COVERS & LABELS;LS3214002;PAPER STOPPER FB ASSY, MFC7840N/ MFC7840W;
Brother;Brother MFC7450;COVERS & LABELS;LU2234001;PINCH ROLLER R ASSY;
Brother;Brother MFC7450;COVERS & LABELS;LU2237001;PINCH ROLLER L ASSY;
Brother;Brother MFC7450;COVERS & LABELS;LU2243001;EJECT ACTUATOR;
Brother;Brother MFC7450;COVERS & LABELS;LM5282001;EJECT ACTUATOR SPRING;
Brother;Brother MFC7450;DOCUMENT SCANNER;LS1225001;DOCUMENT SCANNER UNIT (SP), DCP7030/ DCP7032/ DCP7040/ DCP7045N/ MFC7320/ MFC7340/ MFC7345N/ MFC7440N/ MFC7450 EXCEPT FOR CHN;
Brother;Brother MFC7450;DOCUMENT SCANNER;LS1225002;DOCUMENT SCANNER UNIT (SP), MFC7840N FOR ASA/ IND, MFC7840W;
Brother;Brother MFC7450;DOCUMENT SCANNER;LS1756001;DOCUMENT SCANNER UNIT (SP), DCP7030/ DCP7040/ MFC7340/ MFC7450 FOR CHN;
Brother;Brother MFC7450;DOCUMENT SCANNER;LS1756002;DOCUMENT SCANNER UNIT (SP), MFC7840N FOR CHN;
Brother;Brother MFC7450;ADF;LS1219001;ADF UNIT ASSY (SP), DCP7040/ DCP7045N/ MFC7440N/ MFC7450;
Brother;Brother MFC7450;ADF;LS1219003;ADF UNIT ASSY (SP), MFC7320/ MFC7340/ MFC7345N;
Brother;Brother MFC7450;ADF;LS1219002;ADF UNIT ASSY (SP), MFC7840N/ MFC7840W;
Brother;Brother MFC7450;ADF;LS0939001;HINGE ASSY L EXCEPT FOR DCP7030/ DCP7032;
Brother;Brother MFC7450;ADF;LS1952001;HINGE R;
Brother;Brother MFC7450;ADF;87311016;TAPTITE CUP B M3X10 EXCEPT FOR DCP7030/ DCP7032;
Brother;Brother MFC7450;ADF;87321217;TAPTITE CUP S M3X12 EXCEPT FOR DCP7030/ DCP7032;
Brother;Brother MFC7450;ADF;LS0870001;EMBLEM, DCP7040;
Brother;Brother MFC7450;ADF;LS0871001;EMBLEM, DCP7045N;
Brother;Brother MFC7450;ADF;LS0503001;EMBLEM, MFC7320/ MFC7340/ MFC745C;
Brother;Brother MFC7450;ADF;LS0869001;EMBLEM, MFC7345N/ MFC7440N;
Brother;Brother MFC7450;ADF;LS0869002;EMBLEM, MFC7840N;
Brother;Brother MFC7450;ADF;LS0868001;EMBLEM, MFC7840W;
Brother;Brother MFC7450;ADF;LS1938001;DOCUMENT COVER (SP), DCP7030/ DCP7032;
Brother;Brother MFC7450;ADF;LS0401001;HINGE L, DCP7030/ DCP7032;
Brother;Brother MFC7450;ADF;LF6165001;HINGE ARM, DCP7030/ DCP7032;
Brother;Brother MFC7450;ADF;85411216;TAPTITE BIND B M4X12, DCP7030/ DCP7032;
Brother;Brother MFC7450;ADF;LS0721001;DCP EMBLEM, DCP7030;
Brother;Brother MFC7450;ADF;LS0721002;DCP EMBLEM, DCP7032;
Brother;Brother MFC7450;ADF;LS1690001;HINGE L SUPPORT, DCP7030/ DCP7032;
Brother;Brother MFC7450;ADF;LS0360001;DOCUMENT COVER SUB ASSY, GRAY(1581), DCP7040/ DCP7045N/ MFC7440N/ MFC7450;
Brother;Brother MFC7450;ADF;LS0360003;DOCUMENT COVER SUB ASSY, GRAY(1581), MFC7320/ MFC7340/ MFC7345N;
Brother;Brother MFC7450;ADF;LS0360002;DOCUMENT COVER SUB ASSY, GRAY(1736), MFC7840N/ MFC7840W;
Brother;Brother MFC7450;ADF;LS0365001;LOWER DOCUMENT CHUTE ASSY EXCEPT FOR DCP7030/ DCP7032;
Brother;Brother MFC7450;ADF;LS0366001;UPPER DOCUMENT CHUTE ASSY, GRAY(1581), DCP7040/ DCP7045N/ MFC7320/ MFC7340/ MFC7345N/ MFC7440N/ MFC745C;
Brother;Brother MFC7450;ADF;LS0366002;UPPER DOCUMENT CHUTE ASSY, GRAY(1736), MFC7840N/ MFC7840W;
Brother;Brother MFC7450;ADF;LP2601001;SEPARATE ROLLER SHAFT ASSY EXCEPT FOR DCP7030/ DCP7032;
Brother;Brother MFC7450;ADF;UF9949001;SEPARATE ROLLER BUSHING EXCEPT FOR DCP7030/ DCP7032;
Brother;Brother MFC7450;ADF;LS0371001;GEAR COVER, GRAY(1581), DCP7040/ DCP7045N/ MFC7320/ MFC7340/ MFC7345N/ MFC7440N/ MFC745C;
Brother;Brother MFC7450;ADF;LS0371002;GEAR COVER, GRAY(1736), MFC7840N/ MFC7840W;
Brother;Brother MFC7450;ADF;LS0372001;ADF COVER ASSY, GRAY(1581), DCP7040/ DCP7045N/ MFC7320/ MFC7340/ MFC7345N/ MFC7440N/ MFC745C;
Brother;Brother MFC7450;ADF;LS0372002;ADF COVER ASSY, GRAY(1736), MFC7840N/ MFC7840W;
Brother;Brother MFC7450;ADF;87311016;TAPTITE CUP B M3X10 EXCEPT FOR DCP7030/ DCP7032;
Brother;Brother MFC7450;ADF;LF6165001;HINGE ARM EXCEPT FOR DCP7030/ DCP7032;
Brother;Brother MFC7450;ADF;LS0363001;DOCUMENT STOPPER, GRAY(1736), DCP7040/ DCP7045N/ MFC7440N/ MFC7450;
Brother;Brother MFC7450;ADF;LS0363003;DOCUMENT STOPPER, GRAY(1861), MFC7320/ MFC7340/ MFC7345N;
Brother;Brother MFC7450;ADF;LS0363002;DOCUMENT STOPPER, GRAY(1581), MFC7840N/ MFC7840W;
Brother;Brother MFC7450;ADF;LS0364001;DOCUMENT DRESS COVER, GRAY(1736), DCP7040/ DCP7045N/ MFC7440N/ MFC7450;
Brother;Brother MFC7450;ADF;LS0364003;DOCUMENT DRESS COVER, GRAY(1861), MFC7320/ MFC7340/ MFC7345N;
Brother;Brother MFC7450;ADF;LS0364002;DOCUMENT DRESS COVER, GRAY(1581), MFC7840N/ MFC7840W;
Brother;Brother MFC7450;ADF;87310816;TAPTITE CUP B M3X8 EXCEPT FOR DCP7030/ DCP7032;
Brother;Brother MFC7450;ADF;85411216;TAPTITE BIND B M4X12 EXCEPT FOR DCP7030/ DCP7032;
Brother;Brother MFC7450;ADF;LS0536001;DRIVE FRAME ASSY EXCEPT FOR DCP7030/ DCP7032;
Brother;Brother MFC7450;ADF;LG7146001;ADF SEN PCB ASSY EXCEPT FOR DCP7030/ DCP7032;
Brother;Brother MFC7450;ADF;LF6577001;EJECTION ROLLER ASSY EXCEPT FOR DCP7030/ DCP7032;
Brother;Brother MFC7450;ADF;LF4230001;EJECTION ROLLER BUSHING EXCEPT FOR DCP7030/ DCP7032;
Brother;Brother MFC7450;ADF;LF6579001;LF ROLLER ASSY EXCEPT FOR DCP7030/ DCP7032;
Brother;Brother MFC7450;ADF;UF0026001;LF ROLLER BUSHING EXCEPT FOR DCP7030/ DCP7032;
Brother;Brother MFC7450;ADF;LS0978001;SEPARATION RUBBER ASSY EXCEPT FOR DCP7030/ DCP7032;
Brother;Brother MFC7450;ADF;LF9081001;ADF MOTOR EXCEPT FOR DCP7030/ DCP7032;
Brother;Brother MFC7450;ADF;85320616;TAPTITE BIND S M3X6 EXCEPT FOR DCP7030/ DCP7032;
Brother;Brother MFC7450;PANEL;LS0494001;PANEL UNIT, DCP7040 EXCEPT FOR CHN, DCP7032 FOR PND;
Brother;Brother MFC7450;PANEL;LS0926001;PANEL UNIT, DCP7045N;
Brother;Brother MFC7450;PANEL;LS1008001;PANEL UNIT, MFC7340 FOR US/ CAN/ ASA/ IND/ OCE;
Brother;Brother MFC7450;PANEL;LS3322001;PANEL UNIT, MFC7345N FOR US;
Brother;Brother MFC7450;PANEL;LS0375001;PANEL UNIT, MFC7440N FOR US/ CAN/ OCE;
Brother;Brother MFC7450;PANEL;LS0810002;PANEL UNIT, MFC7840W FOR US/ CAN/ OCE;
Brother;Brother MFC7450;PANEL;LS0494002;PANEL UNIT, DCP7030 EXCEPT FOR CHN, DCP7032 FOR RUS;
Brother;Brother MFC7450;PANEL;LS1582001;PANEL UNIT, MFC7320 FOR GER/ AUS;
Brother;Brother MFC7450;PANEL;LS1372001;PANEL UNIT, MFC7440N FOR GER/ AUS;
Brother;Brother MFC7450;PANEL;LS1492002;PANEL UNIT, MFC7840W FOR GER/ AUS;
Brother;Brother MFC7450;PANEL;LS0807001;PANEL UNIT, MFC7320 FOR UK/ BEL/ CHE/ ISR/ ZAF/ GUL/ EEU;
Brother;Brother MFC7450;PANEL;LS0804001;PANEL UNIT, MFC7440N FOR UK/ BEL/ CHE/ ZAF/ GUL/ EEU;
Brother;Brother MFC7450;PANEL;LS0813002;PANEL UNIT, MFC7840W FOR UK/ BEL/ CHE/ GUL/ EEU;
Brother;Brother MFC7450;PANEL;LS1583001;PANEL UNIT, MFC7320 FOR FRA;
Brother;Brother MFC7450;PANEL;LS1398001;PANEL UNIT, MFC7440N FOR FRA;
Brother;Brother MFC7450;PANEL;LS1506002;PANEL UNIT, MFC7840W FOR FRA;
Brother;Brother MFC7450;PANEL;LS1584001;PANEL UNIT, MFC7320 FOR NLD;
Brother;Brother MFC7450;PANEL;LS1401001;PANEL UNIT, MFC7440N FOR NLD;
Brother;Brother MFC7450;PANEL;LS1508002;PANEL UNIT, MFC7840W FOR NLD;
Brother;Brother MFC7450;PANEL;LS1585001;PANEL UNIT, MFC7320 FOR SPA;
Brother;Brother MFC7450;PANEL;LS1404001;PANEL UNIT, MFC7440N FOR SPA;
Brother;Brother MFC7450;PANEL;LS1510002;PANEL UNIT, MFC7840W FOR SPA;
Brother;Brother MFC7450;PANEL;LS1586001;PANEL UNIT, MFC7320 FOR ITA;
Brother;Brother MFC7450;PANEL;LS1416001;PANEL UNIT, MFC7440N FOR ITA;
Brother;Brother MFC7450;PANEL;LS1512002;PANEL UNIT, MFC7840W FOR ITA;
Brother;Brother MFC7450;PANEL;LS1587001;PANEL UNIT, MFC7320 FOR POR;
Brother;Brother MFC7450;PANEL;LS1419001;PANEL UNIT, MFC7440N FOR POR;
Brother;Brother MFC7450;PANEL;LS1514002;PANEL UNIT, MFC7840W FOR POR;
Brother;Brother MFC7450;PANEL;LS1675002;PANEL UNIT, DCP7030 FOR CHN;
Brother;Brother MFC7450;PANEL;LS1675001;PANEL UNIT, DCP7040 FOR CHN;
Brother;Brother MFC7450;PANEL;LS1838001;PANEL UNIT, MFC7340 FOR CHN;
Brother;Brother MFC7450;PANEL;LS1928001;PANEL UNIT, MFC7450 FOR CHN;
Brother;Brother MFC7450;PANEL;LS1968002;PANEL UNIT, MFC7840N FOR CHN;
Brother;Brother MFC7450;PANEL;LS1565001;PANEL UNIT, MFC7440N FOR ARG/ CHL;
Brother;Brother MFC7450;PANEL;LS1516002;PANEL UNIT, MFC7840W FOR ARG/ CHL;
Brother;Brother MFC7450;PANEL;LS1048001;PANEL UNIT, MFC7450 FOR ASA/ IND;
Brother;Brother MFC7450;PANEL;LS1050002;PANEL UNIT, MFC7840N FOR ASA/ IND;
Brother;Brother MFC7450;PANEL;LS1528001;PANEL UNIT, MFC7440N FOR BRA;
Brother;Brother MFC7450;PANEL;LS1534002;PANEL UNIT, MFC7840W FOR BRA;
Brother;Brother MFC7450;PANEL;LS3066001;PANEL UNIT, MFC7340 FOR KOR;
Brother;Brother MFC7450;PANEL;LS3068001;PANEL UNIT, MFC7450 FOR KOR;
Brother;Brother MFC7450;PANEL;LS1588001;PANEL UNIT, MFC7320 FOR RUS;
Brother;Brother MFC7450;PANEL;LS1568001;PANEL UNIT, MFC7440N FOR RUS;
Brother;Brother MFC7450;PANEL;LS1749002;PANEL UNIT, MFC7840W FOR RUS;
Brother;Brother MFC7450;PANEL;LS1589001;PANEL UNIT, MFC7320 FOR PND;
Brother;Brother MFC7450;PANEL;LS1422001;PANEL UNIT, MFC7440N FOR PND;
Brother;Brother MFC7450;PANEL;LS1526002;PANEL UNIT, MFC7840W FOR PND;
Brother;Brother MFC7450;PANEL;LS3599001;PRINTED PANEL COVER, DCP7040 FOR US/ CAN/ UK/ FRA/ BEL/ NLD/ ASA/ OCE/ PND/ EEU;
Brother;Brother MFC7450;PANEL;LS1655001;PRINTED PANEL COVER, DCP7030 FOR GER/ CHE/ EEU [GERMAN];
Brother;Brother MFC7450;PANEL;LS3593001;PRINTED PANEL COVER, DCP7040 FOR GER/ CHE/ EEU [GERMAN];
Brother;Brother MFC7450;PANEL;LS1552001;PRINTED PANEL COVER, DCP7045N FOR GER/ CHE/ EEU [GERMAN];
Brother;Brother MFC7450;PANEL;LS1656001;PRINTED PANEL COVER, DCP7030 FOR US/ CAN/ UK/ FRA/ BEL/ NLD/ ASA/ GUL/ IND/ OCE/ PND/ EEU [ENGLISH];
Brother;Brother MFC7450;PANEL;LS1633001;PRINTED PANEL COVER, DCP7045N FOR UK/ FRA/ BEL/ NLD/ PND/ EEU [ENGLISH];
Brother;Brother MFC7450;PANEL;LS1657001;PRINTED PANEL COVER, DCP7030 FOR FRA/ BEL/ NLD/ CHE [FRENCH];
Brother;Brother MFC7450;PANEL;LS1658001;PRINTED PANEL COVER, DCP7030 FOR FRA/ BEL/ NLD [DUTCH];
Brother;Brother MFC7450;PANEL;LS3595001;PRINTED PANEL COVER, DCP7040 FOR FRA/ BEL/ NLD/ CHE [FRENCH];
Brother;Brother MFC7450;PANEL;LS3600001;PRINTED PANEL COVER, DCP7040 FOR FRA/ BEL/ NLD [DUTCH];
Brother;Brother MFC7450;PANEL;LS1553001;PRINTED PANEL COVER, DCP7045N FOR FRA/ BEL/ NLD/ CHE [FRENCH];
Brother;Brother MFC7450;PANEL;LS1634001;PRINTED PANEL COVER, DCP7045N FOR FRA/ BEL/ NLD [DUTCH];
Brother;Brother MFC7450;PANEL;LS1539002;PRINTED PANEL COVER, DCP7030 FOR ITA;
Brother;Brother MFC7450;PANEL;LS3597001;PRINTED PANEL COVER, DCP7040 FOR ITA;
Brother;Brother MFC7450;PANEL;LS1631001;PRINTED PANEL COVER, DCP7045N FOR ITA;
Brother;Brother MFC7450;PANEL;LS1540002;PRINTED PANEL COVER, DCP7030 FOR CHN;
Brother;Brother MFC7450;PANEL;LS1677001;PRINTED PANEL COVER, DCP7040 FOR CHN;
Brother;Brother MFC7450;PANEL;LS1678001;PRINTED PANEL COVER, DCP7040 FOR ARG/ CHL;
Brother;Brother MFC7450;PANEL;LS3062002;PRINTED PANEL COVER, DCP7030 FOR KOR;
Brother;Brother MFC7450;PANEL;LS1857002;PRINTED PANEL COVER, DCP7030 FOR RUS;
Brother;Brother MFC7450;PANEL;LS1741001;PRINTED PANEL COVER, DCP7032 FOR RUS;
Brother;Brother MFC7450;PANEL;LS3612001;PRINTED PANEL COVER, DCP7040 FOR RUS;
Brother;Brother MFC7450;PANEL;LS1850001;PRINTED PANEL COVER, DCP7045N FOR RUS;
Brother;Brother MFC7450;PANEL;LS3011001;PRINTED PANEL COVER, DCP7032 FOR PND;
Brother;Brother MFC7450;PANEL;LS1659001;PRINTED PANEL COVER, DCP7030 FOR IBR [SPANISH];
Brother;Brother MFC7450;PANEL;LS1660001;PRINTED PANEL COVER, DCP7030 FOR IBR [PORTUGUESE];
Brother;Brother MFC7450;PANEL;LS3603001;PRINTED PANEL COVER, DCP7040 FOR IBR [SPANISH];
Brother;Brother MFC7450;PANEL;LS3605001;PRINTED PANEL COVER, DCP7040 FOR IBR [PORTUGUESE];
Brother;Brother MFC7450;PANEL;LS1635001;PRINTED PANEL COVER, DCP7045N FOR IBR [SPANISH];
Brother;Brother MFC7450;PANEL;LS1636001;PRINTED PANEL COVER, DCP7045N FOR IBR [PORTUGUESE];
Brother;Brother MFC7450;PANEL;87311016;TAPTITE CUP B M3X10;
Brother;Brother MFC7450;PANEL;LS0385001;ADDRESS LABEL, MFC7320/ MFC7340/ MFC7345N/ MFC7440N/ MFC7450/ MFC7840N/ MFC7840W;
Brother;Brother MFC7450;PANEL;LS1411001;PANEL COVER ASSY (SP), DCP7030/ DCP7032/ DCP7040/ DCP7045N EXCEPT FOR CHN;
Brother;Brother MFC7450;PANEL;LS1412001;PANEL COVER ASSY (SP), MFC7340/ MFC7450 EXCEPT FOR CHN/ KOR;
Brother;Brother MFC7450;PANEL;LS1410001;PANEL COVER ASSY (SP), MFC7345N/ MFC7440N FOR US/ CAN/ OCE;
Brother;Brother MFC7450;PANEL;LS1410002;PANEL COVER ASSY (SP), MFC7840W FOR US/ CAN/ OCE, MFC7840N FOR ASA/ IND;
Brother;Brother MFC7450;PANEL;LS3024001;PANEL COVER ASSY (SP), MFC7320 FOR GER/ AUS;
Brother;Brother MFC7450;PANEL;LS1541001;PANEL COVER ASSY (SP), MFC7440N FOR GER/ AUS;
Brother;Brother MFC7450;PANEL;LS1541002;PANEL COVER ASSY (SP), MFC7840W FOR GER/ AUS;
Brother;Brother MFC7450;PANEL;LS1413001;PANEL COVER ASSY (SP), MFC7320 FOR UK/ BEL/ CHE/ ISR/ ZAF/ GUL/ EEU;
Brother;Brother MFC7450;PANEL;LS1414001;PANEL COVER ASSY (SP), MFC7440N FOR UK/ BEL/ CHE/ ZAF/ GUL/ EEU;
Brother;Brother MFC7450;PANEL;LS1414002;PANEL COVER ASSY (SP), MFC7840W FOR UK/ BEL/ CHE/ GUL/ EEU;
Brother;Brother MFC7450;PANEL;LS3027001;PANEL COVER ASSY (SP), MFC7320 FOR FRA;
Brother;Brother MFC7450;PANEL;LS1543001;PANEL COVER ASSY (SP), MFC7440N FOR FRA;
Brother;Brother MFC7450;PANEL;LS1543002;PANEL COVER ASSY (SP), MFC7840W FOR FRA;
Brother;Brother MFC7450;PANEL;LS3026001;PANEL COVER ASSY (SP), MFC7320 FOR SPA;
Brother;Brother MFC7450;PANEL;LS1545001;PANEL COVER ASSY (SP), MFC7440N FOR SPA;
Brother;Brother MFC7450;PANEL;LS1545002;PANEL COVER ASSY (SP), MFC7840W FOR SPA;
Brother;Brother MFC7450;PANEL;LS3025001;PANEL COVER ASSY (SP), MFC7320 FOR ITA;
Brother;Brother MFC7450;PANEL;LS1546001;PANEL COVER ASSY (SP), MFC7440N FOR ITA;
Brother;Brother MFC7450;PANEL;LS1546002;PANEL COVER ASSY (SP), MFC7840W FOR ITA;
Brother;Brother MFC7450;PANEL;LS3029001;PANEL COVER ASSY (SP), MFC7320 FOR NLD;
Brother;Brother MFC7450;PANEL;LS1544001;PANEL COVER ASSY (SP), MFC7440N FOR NLD;
Brother;Brother MFC7450;PANEL;LS1544002;PANEL COVER ASSY (SP), MFC7840W FOR NLD;
Brother;Brother MFC7450;PANEL;LS3028001;PANEL COVER ASSY (SP), MFC7320 FOR POR;
Brother;Brother MFC7450;PANEL;LS1547001;PANEL COVER ASSY (SP), MFC7440N FOR POR;
Brother;Brother MFC7450;PANEL;LS1547002;PANEL COVER ASSY (SP), MFC7840W FOR POR;
Brother;Brother MFC7450;PANEL;LS3002001;PANEL COVER ASSY (SP), DCP7030/ DCP7040 FOR CHN;
Brother;Brother MFC7450;PANEL;LS3032001;PANEL COVER ASSY (SP), MFC7340/ MFC7450 FOR CHN;
Brother;Brother MFC7450;PANEL;LS3023002;PANEL COVER ASSY (SP), MFC7840N FOR CHN;
Brother;Brother MFC7450;PANEL;LS3017001;PANEL COVER ASSY (SP), MFC7440N FOR ARG/ CHL;
Brother;Brother MFC7450;PANEL;LS3017002;PANEL COVER ASSY (SP), MFC7840W FOR ARG/ CHL;
Brother;Brother MFC7450;PANEL;LS3016001;PANEL COVER ASSY (SP), MFC7440N FOR BRA;
Brother;Brother MFC7450;PANEL;LS3016002;PANEL COVER ASSY (SP), MFC7840W FOR BRA;
Brother;Brother MFC7450;PANEL;LS3212001;PANEL COVER ASSY (SP), MFC7340/ MFC7450 FOR KOR;
Brother;Brother MFC7450;PANEL;LS3031001;PANEL COVER ASSY (SP), MFC7320 FOR RUS;
Brother;Brother MFC7450;PANEL;LS3018001;PANEL COVER ASSY (SP), MFC7440N FOR RUS;
Brother;Brother MFC7450;PANEL;LS3018002;PANEL COVER ASSY (SP), MFC7840W FOR RUS;
Brother;Brother MFC7450;PANEL;LS3030001;PANEL COVER ASSY (SP), MFC7320 FOR PND;
Brother;Brother MFC7450;PANEL;LS1548001;PANEL COVER ASSY (SP), MFC7440N FOR PND;
Brother;Brother MFC7450;PANEL;LS1548002;PANEL COVER ASSY (SP), MFC7840W FOR PND;
Brother;Brother MFC7450;PANEL;LS0406002;RUBBER KEY L, DCP7032 FOR RUS, DCP7030;
Brother;Brother MFC7450;PANEL;LS0406001;RUBBER KEY L, DCP7032 FOR PND, DCP7040/ DCP7045N;
Brother;Brother MFC7450;PANEL;LS0814001;RUBBER KEY L, MFC7320/ MFC7340;
Brother;Brother MFC7450;PANEL;LS0378001;RUBBER KEY L, MFC7345N/ MFC7440N;
Brother;Brother MFC7450;PANEL;LS0814002;RUBBER KEY L, MFC7450;
Brother;Brother MFC7450;PANEL;LS0378002;RUBBER KEY L, MFC7840N/ MFC7840W;
Brother;Brother MFC7450;PANEL;LS0407002;RUBBER KEY R, DCP7032 FOR RUS, DCP7030;
Brother;Brother MFC7450;PANEL;LS0407001;RUBBER KEY R, DCP7032 FOR PND, DCP7040/ DCP7045N;
Brother;Brother MFC7450;PANEL;LS0380003;RUBBER KEY R, MFC7320/ MFC7340/ MFC7345N;
Brother;Brother MFC7450;PANEL;LS0380001;RUBBER KEY R, MFC7440N/ MFC7450;
Brother;Brother MFC7450;PANEL;LS0380002;RUBBER KEY R, MFC7840N/ MFC7840W;
Brother;Brother MFC7450;PANEL;LS1750002;PANEL DRESS COVER, MFC7840W FOR RUS;
Brother;Brother MFC7450;PANEL;LS1009003;PANEL DRESS COVER, MFC7340 EXCEPT FOR CHN;
Brother;Brother MFC7450;PANEL;LS3323003;PANEL DRESS COVER, MFC7345N;
Brother;Brother MFC7450;PANEL;LS0382001;PANEL DRESS COVER, MFC7440N FOR US/ CAN/ UK/ BEL/ CHE/ ZAF/ GUL/ OCE/ PND/ EEU;
Brother;Brother MFC7450;PANEL;LS0812002;PANEL DRESS COVER, MFC7840W FOR US/ CAN/ UK/ BEL/ CHE/ GUL/ OCE/ PND/ EEU;
Brother;Brother MFC7450;PANEL;LS0809003;PANEL DRESS COVER, MFC7320 FOR UK/ BEL/ CHE/ ISR/ ZAF/ GUL/ PND/ EEU;
Brother;Brother MFC7450;PANEL;LS1598003;PANEL DRESS COVER, MFC7320 FOR GER/ AUS;
Brother;Brother MFC7450;PANEL;LS1374001;PANEL DRESS COVER, MFC7440N FOR GER/ AUS;
Brother;Brother MFC7450;PANEL;LS1493002;PANEL DRESS COVER, MFC7840W FOR GER/ AUS;
Brother;Brother MFC7450;PANEL;LS1599003;PANEL DRESS COVER, MFC7320 FOR FRA;
Brother;Brother MFC7450;PANEL;LS1400001;PANEL DRESS COVER, MFC7440N FOR FRA;
Brother;Brother MFC7450;PANEL;LS1507002;PANEL DRESS COVER, MFC7840W FOR FRA;
Brother;Brother MFC7450;PANEL;LS1600003;PANEL DRESS COVER, MFC7320 FOR NLD;
Brother;Brother MFC7450;PANEL;LS1403001;PANEL DRESS COVER, MFC7440N FOR NLD;
Brother;Brother MFC7450;PANEL;LS1509002;PANEL DRESS COVER, MFC7840W FOR NLD;
Brother;Brother MFC7450;PANEL;LS1601003;PANEL DRESS COVER, MFC7320 FOR SPA;
Brother;Brother MFC7450;PANEL;LS1406001;PANEL DRESS COVER, MFC7440N FOR SPA/ ARG/ CHL;
Brother;Brother MFC7450;PANEL;LS1511002;PANEL DRESS COVER, MFC7840W FOR SPA/ ARG/ CHL;
Brother;Brother MFC7450;PANEL;LS1602003;PANEL DRESS COVER, MFC7320 FOR ITA;
Brother;Brother MFC7450;PANEL;LS1418001;PANEL DRESS COVER, MFC7440N FOR ITA;
Brother;Brother MFC7450;PANEL;LS1513002;PANEL DRESS COVER, MFC7840W FOR ITA;
Brother;Brother MFC7450;PANEL;LS1603003;PANEL DRESS COVER, MFC7320 FOR POR;
Brother;Brother MFC7450;PANEL;LS1421001;PANEL DRESS COVER, MFC7440N FOR POR;
Brother;Brother MFC7450;PANEL;LS1515002;PANEL DRESS COVER, MFC7840W FOR POR;
Brother;Brother MFC7450;PANEL;LS1839003;PANEL DRESS COVER, MFC7340 FOR CHN;
Brother;Brother MFC7450;PANEL;LS1929001;PANEL DRESS COVER, MFC7450 FOR CHN;
Brother;Brother MFC7450;PANEL;LS1970002;PANEL DRESS COVER, MFC7840N FOR CHN;
Brother;Brother MFC7450;PANEL;LS1049001;PANEL DRESS COVER, MFC7450 FOR ASA/ IND;
Brother;Brother MFC7450;PANEL;LS1051002;PANEL DRESS COVER, MFC7840N FOR ASA/ IND;
Brother;Brother MFC7450;PANEL;LS1532001;PANEL DRESS COVER, MFC7440N FOR BRA;
Brother;Brother MFC7450;PANEL;LS1535002;PANEL DRESS COVER, MFC7840W FOR BRA;
Brother;Brother MFC7450;PANEL;LS3067003;PANEL DRESS COVER, MFC7340 FOR KOR;
Brother;Brother MFC7450;PANEL;LS3070001;PANEL DRESS COVER, MFC7450 FOR KOR;
Brother;Brother MFC7450;PANEL;LS1604003;PANEL DRESS COVER, MFC7320 FOR RUS;
Brother;Brother MFC7450;PANEL;LS1570001;PANEL DRESS COVER, MFC7440N FOR RUS;
Brother;Brother MFC7450;PANEL;LT0202002;PANEL PCB ASSY, DCP7030/ DCP7032/ DCP7040 EXCEPT FOR CHN;
Brother;Brother MFC7450;PANEL;LT0202001;PANEL PCB ASSY, DCP7045N;
Brother;Brother MFC7450;PANEL;LT0148002;PANEL PCB ASSY, MFC7320/ MFC7340/ MFC7345N/ MFC7440N/ MFC7450 EXCEPT FOR CHN;
Brother;Brother MFC7450;PANEL;LT0148001;PANEL PCB ASSY, MFC7840N FOR ASA/ IND, MFC7840W;
Brother;Brother MFC7450;PANEL;LT0617001;PANEL PCB ASSY, DCP7030/ DCP7040 FOR CHN;
Brother;Brother MFC7450;PANEL;LT0409001;PANEL PCB ASSY, MFC7340/ MFC7450/ MFC7840N FOR CHN;
Brother;Brother MFC7450;PANEL;LT0149001;LCD, DCP7030/ DCP7032/ DCP7040/ MFC7320/ MFC7340/ MFC7345N/ MFC7440N/ MFC7450 EXCEPT FOR CHN;
Brother;Brother MFC7450;PANEL;LT0533001;LCD, DCP7045N/ MFC7840W, MFC7840N FOR ASA/ IND;
Brother;Brother MFC7450;PANEL;LT0502001;LCD, DCP7030/ DCP7040/ MFC7340/ MFC7450/ MFC7840N FOR CHN;
Brother;Brother MFC7450;PANEL;LS1940001;BACK LIGHT GUIDE, DCP7045N/ MFC7840N/ MFC7840W, DCP7030/ DCP7040/ MFC7340/ MFC7450 FOR CHN;
Brother;Brother MFC7450;PANEL;LF6188001;DIFFUSION FILM, DCP7030/ DCP7040/ MFC7340/ MFC7450 FOR CHN, DCP7045N/ MFC7840N/ MFC7840W;
Brother;Brother MFC7450;PANEL;87310816;TAPTITE CUP B M3X8, MFC7320/ MFC7340/ MFC7345N/ MFC7440N/ MFC7450/ MFC7840N/ MFC7840W;
Brother;Brother MFC7450;PANEL;LS0384001;BACK LIGHT GUIDE, DCP7045N/ MFC7840W;
Brother;Brother MFC7450;PCB;LT0289001;MAIN PCB ASSY, DCP7030/ DCP7032 EXCEPT FOR CHN;
Brother;Brother MFC7450;PCB;LT0203051;MAIN PCB ASSY, DCP7040 EXCEPT FOR CHN;
Brother;Brother MFC7450;PCB;LT0225001;MAIN PCB ASSY, DCP7045N;
Brother;Brother MFC7450;PCB;LT0226004;MAIN PCB ASSY, MFC7320, MFC7340 FOR ASA/ KOR/ IND/ OCE;
Brother;Brother MFC7450;PCB;LT0226001;MAIN PCB ASSY, MFC7340 FOR US/ CAN;
Brother;Brother MFC7450;PCB;LT0151051;MAIN PCB ASSY, MFC7345N/ MFC7440N FOR US/ CAN;
Brother;Brother MFC7450;PCB;LT0204051;MAIN PCB ASSY, MFC7840W FOR US/ CAN;
Brother;Brother MFC7450;PCB;LT0151004;MAIN PCB ASSY, MFC7440N FOR GER/ UK/ FRA/ BEL/ NLD/ CHE/ AUS/ SPA/ ITA/ POR/ ZAF/ ARG/ CHL/ GUL/ BRA/ RUS/ OCE/ PND/ EEU;
Brother;Brother MFC7450;PCB;LT0204004;MAIN PCB ASSY, MFC7840W FOR GER/ UK/ FRA/ BEL/ NLD/ CHE/ AUS/ SPA/ ITA/ POR/ ARG/ CHL/ GUL/ BRA/ RUS/ OCE/ PND/ EEU;
Brother;Brother MFC7450;PCB;LT0289020;MAIN PCB ASSY, DCP7030 FOR CHN;
Brother;Brother MFC7450;PCB;LT0203020;MAIN PCB ASSY, DCP7040 FOR CHN;
Brother;Brother MFC7450;PCB;LT0226020;MAIN PCB ASSY, MFC7340 FOR CHN;
Brother;Brother MFC7450;PCB;LT0474020;MAIN PCB ASSY, MFC7450 FOR CHN;
Brother;Brother MFC7450;PCB;LT0473020;MAIN PCB ASSY, MFC7840N FOR CHN;
Brother;Brother MFC7450;PCB;LT0474040;MAIN PCB ASSY, MFC7450 FOR ASA/ KOR/ IND;
Brother;Brother MFC7450;PCB;LT0473040;MAIN PCB ASSY, MFC7840N FOR ASA/ IND;
Brother;Brother MFC7450;PCB;LG5921001;BATTERY ASSY, MFC7450/ MFC7840N/ MFC7840W;
Brother;Brother MFC7450;PCB;LT0866001;NCU PCB ASSY, MFC7340/ MFC7345N/ MFC7440N FOR US;
Brother;Brother MFC7450;PCB;LT0867001;NCU PCB ASSY, MFC7840W FOR US;
Brother;Brother MFC7450;PCB;LT0866002;NCU PCB ASSY, MFC7340/ MFC7440N FOR CAN;
Brother;Brother MFC7450;PCB;LT0867002;NCU PCB ASSY, MFC7840W FOR CAN;
Brother;Brother MFC7450;PCB;LG5923053;NCU PCB ASSY, MFC7320/ MFC7440N FOR GER;
Brother;Brother MFC7450;PCB;LG5923054;NCU PCB ASSY, MFC7840W FOR GER;
Brother;Brother MFC7450;PCB;LG5923066;NCU PCB ASSY, MFC7320/ MFC7440N FOR UK/ NLD/ PND;
Brother;Brother MFC7450;PCB;LG5923067;NCU PCB ASSY, MFC7840W FOR UK/ NLD/ PND;
Brother;Brother MFC7450;PCB;LG5923051;NCU PCB ASSY, MFC7320/ MFC7440N FOR FRA/ BEL/ AUS/ SPA/ ITA/ ISR/ POR/ GUL/ RUS/ EEU;
Brother;Brother MFC7450;PCB;LG5923065;NCU PCB ASSY, MFC7840W FOR FRA/ BEL/ AUS/ SPA/ ITA/ POR/ GUL/ RUS/ EEU;
Brother;Brother MFC7450;PCB;LG5923055;NCU PCB ASSY, MFC7320/ MFC7440N FOR CHE;
Brother;Brother MFC7450;PCB;LG5923056;NCU PCB ASSY, MFC7840W FOR CHE;
Brother;Brother MFC7450;PCB;LG6872002;NCU PCB ASSY, MFC7320/ MFC7440N FOR ZAF;
Brother;Brother MFC7450;PCB;LG6190007;NCU PCB ASSY, MFC7340/ MFC7440N FOR CHN/ ARG/ CHL/ ASA/ IND;
Brother;Brother MFC7450;PCB;LG6190005;NCU PCB ASSY, MFC7450/ MFC7840N/ MFC7840W FOR CHN/ ARG/ CHL/ ASA/ IND;
Brother;Brother MFC7450;PCB;LG6190008;NCU PCB ASSY, MFC7440N FOR BRA;
Brother;Brother MFC7450;PCB;LG6190006;NCU PCB ASSY, MFC7840W FOR BRA;
Brother;Brother MFC7450;PCB;LG6190010;NCU PCB ASSY, MFC7340 FOR KOR;
Brother;Brother MFC7450;PCB;LG6190009;NCU PCB ASSY, MFC7450 FOR KOR;
Brother;Brother MFC7450;PCB;LG6198004;NCU PCB ASSY, MFC7340/ MFC7440N FOR OCE;
Brother;Brother MFC7450;PCB;LG6198003;NCU PCB ASSY, MFC7840W FOR OCE;
Brother;Brother MFC7450;PCB;LT0155001;LVPS PCB UNIT FOR US/ CAN/ BRA;
Brother;Brother MFC7450;PCB;LT0209001;LVPS PCB UNIT FOR GER/ UK/ FRA/ BEL/ NLD/ CHE/ AUS/ SPA/ ITA/ ISR/ POR/ ZAF/ ARG/ CHL/ GUL/ OCE/ PND/ IBR/ EEU, DCP7030/ DCP7040 FOR ASA/ KOR;
Brother;Brother MFC7450;PCB;LT0156001;LVPS PCB UNIT FOR CHN/ IND/ RUS;
Brother;Brother MFC7450;PCB;LT0245001;LVPS PCB UNIT, MFC7340/ MFC7450/ MFC7840N FOR ASA/ KOR;
Brother;Brother MFC7450;PCB;LV0047001;HIGH-VOLTAGE PS PCB ASSY;
Brother;Brother MFC7450;MAINTENANCE PARTS;LU2545001;ROLLER HOLDER (SP) ASSY;
