Brother;Brother HL5370DW;FRAME L&DRIVE UNIT;LU7026001;MAIN FRAME L UNIT, HL-5340D;
Brother;Brother HL5370DW;FRAME L&DRIVE UNIT;LU7146001;MAIN FRAME L UNIT 70, HL-5370DW/5370DWT;
Brother;Brother HL5370DW;FRAME L&DRIVE UNIT;LU7139001;MAIN FRAME L UNIT 80, HL-5350DN/5350DNLT/5380DN/5380DN-MOF;
Brother;Brother HL5370DW;FRAME L&DRIVE UNIT;LM5104001;GEAR 17 MP ROLLER DRIVE;
Brother;Brother HL5370DW;FRAME L&DRIVE UNIT;LM5103001;GEAR 20 T1 ROLLER DRIVE;
Brother;Brother HL5370DW;FRAME L&DRIVE UNIT;LM5102001;GEAR 17 FEED ROLLER DRIVE;
Brother;Brother HL5370DW;FRAME L&DRIVE UNIT;LU7214001;DEVELOP JOINT;
Brother;Brother HL5370DW;FRAME L&DRIVE UNIT;LM5047001;MAIN MOTOR ASSY;
Brother;Brother HL5370DW;FRAME L&DRIVE UNIT;LM5048001;FUSER GEAR 39 H/R DRIVE;
Brother;Brother HL5370DW;FRAME L&DRIVE UNIT;LM5058001;REGISTER SOLENOID ASSY;
Brother;Brother HL5370DW;FRAME L&DRIVE UNIT;LM5062001;MP SOLENOID ASSY;
Brother;Brother HL5370DW;FRAME L&DRIVE UNIT;LM5067001;T1 SOLENOID ASSY;
Brother;Brother HL5370DW;FRAME L&DRIVE UNIT;LJ9935001;TONER SENSOR PCB ASSY;
Brother;Brother HL5370DW;FRAME L&DRIVE UNIT;UL9037001;PT SENSOR HOLDER;
Brother;Brother HL5370DW;FRAME L&DRIVE UNIT;LJ9938001;RELAY FRONT PCB ASSY;
Brother;Brother HL5370DW;FRAME L&DRIVE UNIT;LJ9940001;INTERLOCK SW ASSY;
Brother;Brother HL5370DW;FRAME L&DRIVE UNIT;LJ9942001;RELAY REAR PCB ASSY;
Brother;Brother HL5370DW;FRAME L&DRIVE UNIT;LM5085001;NEW TONER ACTUATOR;
Brother;Brother HL5370DW;FRAME L&DRIVE UNIT;LM5086001;NEW TONER ACTUATOR SPRING;
Brother;Brother HL5370DW;FRAME L&DRIVE UNIT;LJ7403001;RUBBER FOOT;
Brother;Brother HL5370DW;FRAME L&DRIVE UNIT;LJ9945001;CONNECTOR 54702-1219;
Brother;Brother HL5370DW;FRAME L&DRIVE UNIT;LM5011001;EJECTOR SOLENOID;
Brother;Brother HL5370DW;FRAME L&DRIVE UNIT;87320616;TAPTITE CUP S M3x6;
Brother;Brother HL5370DW;FRAME L&DRIVE UNIT;85311016;TAPTITE BIND B M3x10;
Brother;Brother HL5370DW;FRAME L&DRIVE UNIT;85311016;TAPTITE BIND B M3x10;
Brother;Brother HL5370DW;FRAME L&DRIVE UNIT;LM5043001;DEV GEAR 37R JOINT DRIVE;
Brother;Brother HL5370DW;FRAME L&DRIVE UNIT;LM5080001;DRIVE RELEASE LINK;
Brother;Brother HL5370DW;FRAME L&DRIVE UNIT;LM5079001;DRIVE RELEASE CAM;
Brother;Brother HL5370DW;FRAME L&DRIVE UNIT;87210616;TAPTITE CUP B M2X6;
Brother;Brother HL5370DW;FRAME UNIT;LV0282001;TONER LED PCB ASSY;
Brother;Brother HL5370DW;FRAME UNIT;LM4267001;LED HOLDER;
Brother;Brother HL5370DW;FRAME UNIT;LJ7403001;RUBBER FOOT;
Brother;Brother HL5370DW;FRAME UNIT;LU7141001;FILTER;
Brother;Brother HL5370DW;FRAME UNIT;LM5114001;FAN MOTOR 60 UNIT LV;
Brother;Brother HL5370DW;FRAME UNIT;LU7032001;FAN MOTOR 60 UNIT;
Brother;Brother HL5370DW;FRAME UNIT;LM6655001;AIR DUCT JPN ASSY AL;
Brother;Brother HL5370DW;FRAME UNIT;LT0963001;PCB T60H989.00 ASSY 05, HL-5370DW/5370DWT;
Brother;Brother HL5370DW;LASER UNIT;LU7176001;LASER UNIT (SP);
Brother;Brother HL5370DW;LASER UNIT;LJ0908001;LASER CAUTION LABEL B EXCEPT FOR CHN;
Brother;Brother HL5370DW;LASER UNIT;UL7931001;LASER CAUTION LABEL FOR CHN;
Brother;Brother HL5370DW;LASER UNIT;87320616;TAPTAITE CUP S M3x6;
Brother;Brother HL5370DW;PAPER FEEDER;LM9001001;PE EG SENSOR ASSY;
Brother;Brother HL5370DW;PAPER FEEDER;LU7935001;PE ACTUATOR ASSY;
Brother;Brother HL5370DW;PAPER FEEDER;LM5132001;EDGE ACTUATOR;
Brother;Brother HL5370DW;PAPER FEEDER;LM5133001;EDGE ACTUATOR SPRING;
Brother;Brother HL5370DW;PAPER FEEDER;LU7179001;ROLLER HOLDER ASSY;
Brother;Brother HL5370DW;PAPER FEEDER;LM5150001;REGIST ACTUATOR FRONT;
Brother;Brother HL5370DW;PAPER FEEDER;LM5151001;REGIST ACTUATOR REAR;
Brother;Brother HL5370DW;PAPER FEEDER;LM5152001;REGIST ACTUATOR SPRING;
Brother;Brother HL5370DW;PAPER FEEDER;LJ9999001;MP PE SENSOR ASSY;
Brother;Brother HL5370DW;PAPER FEEDER;LU7184001;MP ROLLER HOLDER ASSY;
Brother;Brother HL5370DW;PAPER FEEDER;LM5171001;PE ACTUATOR MP;
Brother;Brother HL5370DW;PAPER FEEDER;LU0027001;PE ACTUATOR MP B 2;
Brother;Brother HL5370DW;PAPER FEEDER;LM6490001;MP SEPARATION SPRING A;
Brother;Brother HL5370DW;PAPER FEEDER;LM6752001;SEPARATION PAD ASSY MP 2;
Brother;Brother HL5370DW;PAPER FEEDER;LM5196005;TRAY MP ASSY;
Brother;Brother HL5370DW;PAPER FEEDER;LU7147001;MP TRAY COVER ASSY, HL-5340D;
Brother;Brother HL5370DW;PAPER FEEDER;LU7035001;MP TRAY COVER ASSY, HL-5350DN/ 5350DNLT/ 5370DW/ 5370DWT/ 5380DN/ 5380DN-MOF;
Brother;Brother HL5370DW;PAPER FEEDER;LU7037001;PROCESS COVER ASSY EXCEPT FOR CHN/ IND;
Brother;Brother HL5370DW;PAPER FEEDER;LU7527001;PROCESS COVER ASSY FOR CHN;
Brother;Brother HL5370DW;PAPER FEEDER;LU7689001;PROCESS COVER ASSY FORIND;
Brother;Brother HL5370DW;PAPER FEEDER;85310816;TAPTITE BIND B M3x8;
Brother;Brother HL5370DW;PAPER FEEDER;LU7319001;EMBLEM COVER ASSY, HL-5340D;
Brother;Brother HL5370DW;PAPER FEEDER;LU7206001;EMBLEM COVER ASSY, HL-5350DN/ 5350DNLT/ 5370DW/ 5370DWT/ 5380DN/ 5380DN-MOF;
Brother;Brother HL5370DW;PAPER FEEDER;LM5124001;PROCESS COVER STOPPER;
Brother;Brother HL5370DW;PAPER FEEDER;LU7039001;SUPPORT FLAP 1;
Brother;Brother HL5370DW;PAPER FEEDER;87411016;TAPTITE CUP B M4X10;
Brother;Brother HL5370DW;DX;LM5209001;DX FEED ASSY LTR AL FOR US/CAN/PHL/ARG/CHI/BRZ;
Brother;Brother HL5370DW;DX;LU7503001;DX FEED ASSY A4 ALE EXCEPT FOR US/CAN/PHL/ARG/CHI/BRZ;
Brother;Brother HL5370DW;PAPER TRAY;LU7198001;PAPER TRAY UNIT UNIV ALE, HL-5340D/ 5350DN/ 5370DW/ 5370DWT/ 5380DN FOR US/ CAN/ PHL/ ARG/ CHI/ BRZ/ IND;
Brother;Brother HL5370DW;PAPER TRAY;LU7203001;PAPER TRAY UNIT A4 ALE, HL-5340D/ 5350DN/ 5350DNLT/ 5370DW/ 5380DN EXCEPT FOR US/ CAN/ PHL/ ARG/ CHI/ BRZ/ IND, HL-5380DN-MOF;
Brother;Brother HL5370DW;PAPER TRAY;LM5237001;SEPARATION PAD ASSY;
Brother;Brother HL5370DW;PAPER TRAY;LM5239001;SEPARATION PAD SPRING;
Brother;Brother HL5370DW;PAPER TRAY;LM5245001;GEAR 15;
Brother;Brother HL5370DW;PAPER TRAY;LM5246001;GEAR 21-16;
Brother;Brother HL5370DW;PAPER TRAY;LM5247001;LIFT GEAR 46;
Brother;Brother HL5370DW;FUSER UNIT;LU7939001;FUSER UNIT 115V (SP);
Brother;Brother HL5370DW;FUSER UNIT;LU7941001;FUSER UNIT 230V (SP);
Brother;Brother HL5370DW;FUSER UNIT;LU7078001;PRESSURE SPRING;
Brother;Brother HL5370DW;FUSER UNIT;LU7154001;EJECT PINCH ROLLER M;
Brother;Brother HL5370DW;COVERS & LABELS;LU7040001;TOP COVER ASSY, HL-5340D/ 5350DN/ 5350DNLT/ 5370DW/ 5370DWT;
Brother;Brother HL5370DW;COVERS & LABELS;LU7148001;TOP COVER ASSY ALE LCD, HL-5380DN/ 5380DN-MOF;
Brother;Brother HL5370DW;COVERS & LABELS;LM5778001;SIDE COVER R ASSY;
Brother;Brother HL5370DW;COVERS & LABELS;LM5780001;SIDE COVER L ASSY, HL-5340D/ 5350DN/ 5350DNLT/ 5370DW/ 5370DWT;
Brother;Brother HL5370DW;COVERS & LABELS;LM5779001;SIDE COVER L 2 ASSY, HL-5380DN;
Brother;Brother HL5370DW;COVERS & LABELS;LU7820001;SIDE COVER L ASSY, HL-5380DN-MOF;
Brother;Brother HL5370DW;COVERS & LABELS;LM5273001;ACCESS COVER;
Brother;Brother HL5370DW;COVERS & LABELS;LU7046001;BACK COVER;
Brother;Brother HL5370DW;COVERS & LABELS;LU7047001;OUTER CHUTE ASSY;
Brother;Brother HL5370DW;COVERS & LABELS;LU7126001;REAR CHUTE ASSY;
Brother;Brother HL5370DW;COVERS & LABELS;LU7100001;MODEL PLATE 5340D;
Brother;Brother HL5370DW;COVERS & LABELS;LU7299001;MODEL PLATE 5350DN;
Brother;Brother HL5370DW;COVERS & LABELS;LU7131001;MODEL PLATE 5370DW/ 5370DWT;
Brother;Brother HL5370DW;COVERS & LABELS;LU7132001;MODEL PLATE 5380DN/ 5380DN-MOF;
Brother;Brother HL5370DW;COVERS & LABELS;LU7108001;PROCESS UNIT OP LABEL US, HL-5340D/ 5350DN/ 5370DW/ 5370DWT FOR US/ CAN/ TWN/ ARG/ CHI/ BRZ;
Brother;Brother HL5370DW;COVERS & LABELS;LU7301001;PROCESS UNIT OP LABEL EUR, HL-5340D/ 5350DN/ 5350DNLT/ 5370DW FOR GER/ UK/ SWI/ ITA/ SPA/ ISR/ RUS/ PAN-NOR/ FRA/ IBERIA/ CEE-GENERAL;
Brother;Brother HL5370DW;COVERS & LABELS;LU7497001;PROCESS UNIT OP LABEL AP, HL-5340D/ 5350DN/ 5370DW FOR ARL/ PHL/ TUR/ GULF/ SGP/ KOR/ IND;
Brother;Brother HL5370DW;COVERS & LABELS;LU7525001;PROCESS UNIT OP LABEL CHN, FOR CHN;
Brother;Brother HL5370DW;COVERS & LABELS;LU7341001;PROCESS UNIT OP LABEL 5380 EUR, HL-5380DN FOR GER/ UK/ SWI/ ITA/ ISR/ PAN-NOR/ FRA/ IBERIA/ CEE-GENERAL, HL-5380DN-MOF;
Brother;Brother HL5370DW;COVERS & LABELS;LU7496001;PROCESS UNIT OP LABEL 5380 AP, HL-5380DN FOR ARL/ PHL/ TUR/ GULF/ SGP/ KOR;
Brother;Brother HL5370DW;COVERS & LABELS;85411216;TAPTITE BIND B M4x12;
Brother;Brother HL5370DW;COVERS & LABELS;LU7303001;FUSER CAUTION LABEL;
Brother;Brother HL5370DW;COVERS & LABELS;LU7044001;INNER CHUTE;
Brother;Brother HL5370DW;COVERS & LABELS;LM5083001;SW KEY A, HL-5340D/ 5350DN/ 5350DNLT/ 5370DW/ 5370DWT;
Brother;Brother HL5370DW;COVERS & LABELS;LM5084001;SW KEY B, HL-5340D/ 5350DN/ 5350DNLT/ 5370DW/ 5370DWT;
Brother;Brother HL5370DW;COVERS & LABELS;LV0286001;PANEL PCB ASSY, HL-5340D/ 5350DN/ 5350DNLT/ 5370DW/ 5370DWT;
Brother;Brother HL5370DW;COVERS & LABELS;85411216;TAPTITE BIND B M4x12;
Brother;Brother HL5370DW;COVERS & LABELS;LU7312001;PAPER STACK LEVER SP ASSY, HL-5340D/ 5350DN/ 5350DNLT/ 5370DW/ 5370DWT;
Brother;Brother HL5370DW;COVERS & LABELS;LU7118001;SUPPORT FLAP 2;
Brother;Brother HL5370DW;COVERS & LABELS;LU7044001;INNER CHUTE ALE;
Brother;Brother HL5370DW;COVERS & LABELS;LM5530001;SW KEY A, HL-5380DN/ 5380DN-MOF;
Brother;Brother HL5370DW;COVERS & LABELS;LM5531001;SW KEY B, HL-5380DN/ 5380DN-MOF;
Brother;Brother HL5370DW;COVERS & LABELS;LM5532001;SW KEY C, HL-5380DN/ 5380DN-MOF;
Brother;Brother HL5370DW;COVERS & LABELS;LM5635001;SET KEY PRINTED ASSY, HL-5380DN/ 5380DN-MOF;
Brother;Brother HL5370DW;COVERS & LABELS;LM5534001;KEY TOP, HL-5380DN/ 5380DN-MOF;
Brother;Brother HL5370DW;COVERS & LABELS;LM9041001;LCD PANEL PCB ASSY, HL-5380DN/ 5380DN-MOF;
Brother;Brother HL5370DW;COVERS & LABELS;LU7153001;PANEL PLATE PRINTED ASSY 5380, HL-5380DN/ 5380DN-MOF;
Brother;Brother HL5370DW;COVERS & LABELS;LM9043001;BACK LIGHT PCB ASSY, HL-5380DN/ 5380DN-MOF;
Brother;Brother HL5370DW;COVERS & LABELS;LE7130001;BACK LIGHT FILM, HL-5380DN/ 5380DN-MOF;
Brother;Brother HL5370DW;COVERS & LABELS;85411216;TAPTITE BIND B M4x12;
Brother;Brother HL5370DW;COVERS & LABELS;LM5882001;SET KEY FILM, HL-5380DN/ 5380DN-MOF;
Brother;Brother HL5370DW;COVERS & LABELS;LU7312001;PAPER STACK LEVER SP ASSY, HL-5380DN/ 5380DN-MOF;
Brother;Brother HL5370DW;COVERS & LABELS;LG6059001;LCD, HL-5380DN/ 5380DN-MOF;
Brother;Brother HL5370DW;COVERS & LABELS;LU7118001;SUPPORT FLAP 2;
Brother;Brother HL5370DW;MAIN PCB;LV0226001;MAIN PCB ASSY 5340D EXCEPT FOR CHN;
Brother;Brother HL5370DW;MAIN PCB;LV0390001;MAIN PCB ASSY 5340D FOR CHN;
Brother;Brother HL5370DW;MAIN PCB;LV0344001;MAIN PCB ASSY 5350DN/ 5350DNTL EXCEPT FOR CHN;
Brother;Brother HL5370DW;MAIN PCB;LV0391001;MAIN PCB ASSY 5350DN FOR CHN;
Brother;Brother HL5370DW;MAIN PCB;LV0313001;MAIN PCB ASSY 5370DW/ 5370DWT FOR US/ CAN/ BRZ;
Brother;Brother HL5370DW;MAIN PCB;LV0359001;MAIN PCB ASSY 5370DW EXCEPT FOR US/ CAN/ CHN/ BRZ;
Brother;Brother HL5370DW;MAIN PCB;LV0424001;MAIN PCB ASSY 5370DW FOR CHN;
Brother;Brother HL5370DW;MAIN PCB;LV0314001;MAIN PCB ASSY 5380DN/ 5380DN-MOF;
Brother;Brother HL5370DW;LVPS;LV0292001;PS PCB UNIT 115V EXCEPT FOR TWN;
Brother;Brother HL5370DW;LVPS;LV0551001;PS PCB UNIT 115V FOR TWN;
Brother;Brother HL5370DW;LVPS;LV0328001;PS PCB UNIT 230V EXCEPT FOR CHN/ IND/ KOR/ RUS;
Brother;Brother HL5370DW;LVPS;LU7519001;PS PCB UNIT 230V FOR CHN/ IND/ RUS;
Brother;Brother HL5370DW;LVPS;LV0437001;PS PCB UNIT 230V FOR KOR;
Brother;Brother HL5370DW;HVPS;LJ9978001;HIGH-VOLTAGE PS PCB ASSY;
Brother;Brother HL5370DW;PERIODICAL MAINTENANCE PARTS;LU7338001;ROLLER HOLDER ALE SP ASSY;
Brother;Brother HL5370DW;PERIODICAL MAINTENANCE PARTS;LU7339001;MP ROLLER HOLDER ALE SP ASSY;
Brother;Brother HL5370DW;LT;LJ1175001;COLLAR 6;
Brother;Brother HL5370DW;LT;LM5509001;LT SOLENOID ASSY;
Brother;Brother HL5370DW;LT;LJ5014001;SOLENOID RELEASE SPRING P/ R;
Brother;Brother HL5370DW;LT;85311016;TAPTITE BIND B M3x10;
Brother;Brother HL5370DW;LT;LJ7403001;RUBBER FOOT;
Brother;Brother HL5370DW;LT;85411216;TAPTITE BIND B M4x12;
Brother;Brother HL5370DW;LT;LM3740001;GEAR 24 LT;
Brother;Brother HL5370DW;LT;48040346;RETAINING RING E4;
Brother;Brother HL5370DW;LT;LM5103001;GEAR 20 T1 ROLLER DRIVE;
Brother;Brother HL5370DW;LT;LJ7403001;RUBBER FOOT;
Brother;Brother HL5370DW;LT;LM9010001;LT SENSOR PCB ASSY;
Brother;Brother HL5370DW;LT;LU0684001;PE ACTUATOR 2;
Brother;Brother HL5370DW;LT;LM5132001;EDGE ACTUATOR;
Brother;Brother HL5370DW;LT;LM5133001;EDGE ACTUATOR SPRING;
Brother;Brother HL5370DW;LT;LM5140001;ROLLER HOLDER ASSY;
Brother;Brother HL5370DW;LT;85310816;TAPTITE BIND B M3x8;
Brother;Brother HL5370DW;LT;LU7264001;PAPER TRAY UNIT A4 ALE LT FOR EUR, HL-5350DNLT;
Brother;Brother HL5370DW;LT;LU7198001;PAPER TRAY UNIT UNIV ALE, HL-5370DWT;
Brother;Brother HL5370DW;LT;LM5452001;LT REAR COVER;
Brother;Brother HL5370DW;LT;LM5453001;LT SIDE COVER L;
Brother;Brother HL5370DW;LT;LM5454001;LT SIDE COVER R;
Brother;Brother HL5370DW;LT;LM5455001;LTFRONT COVER;
Brother;Brother HL5370DW;LT;LM5867001;TAPTITE CUP S M3x6 SR;
Brother;Brother HL5370DW;LT;85411216;TAPTITE BIND B M4X12;
Brother;Brother HL5370DW;LT;87411216;TAPTITE CUP B M4X12;
Brother;Brother HL5370DW;LT;LJ9957001;LT PCB ASSY AL;
Brother;Brother HL5370DW;LT;LJ9955001;CONNECTOR: 55533-1219;
Brother;Brother HL5370DW;LT;85411216;TAPTITE BIND B M4x12;
Brother;Brother HL5370DW;LT;LJ9945001;CONNECTOR: 54702-1219;
Brother;Brother HL5370DW;LT;LM5237001;SEPARATION PAD ASSY;
Brother;Brother HL5370DW;LT;LM5239001;SEPARATION PAD SPRING;
Brother;Brother HL5370DW;LT;LM5245001;GEAR 15;
Brother;Brother HL5370DW;LT;LM5246001;GEAR 21-16;
Brother;Brother HL5370DW;LT;LM5247001;LIFT GEAR 46;
