Brother;Brother HL7050N;FRAME;LJ9044001;SIZE SW PCB ASSY;
Brother;Brother HL7050N;FRAME;LJ1568001;SIZE SW SPRING;
Brother;Brother HL7050N;FRAME;UH2208001;RUBBER FOOT;
Brother;Brother HL7050N;FRAME;LJ0259001;FAN MOTOR 60;
Brother;Brother HL7050N;FRAME;LJ0670001;TAPTITE, PAN B M3X35;
Brother;Brother HL7050N;FRAME;LJ0822001;TAPTITE, CUP S M3X4;
Brother;Brother HL7050N;FRAME;LJ1135001;DC FAN AUB0624;
Brother;Brother HL7050N;FRAME;LJ1136001;FILTER TAK-CR;
Brother;Brother HL7050N;FRAME;LJ9036001;REGIST SENSOR PCB ASSY;
Brother;Brother HL7050N;FRAME;LJ9040001;RELEASE MOTOR SENSOR PCB ASSY;
Brother;Brother HL7050N;FRAME;UF9823001;SHOULDER SCREW;
Brother;Brother HL7050N;FRAME;LJ0941001;SCREW, BIND P TITE 2.3X16;
Brother;Brother HL7050N;FRAME;LJ8455001;CONNECTOR:52968-0611;
Brother;Brother HL7050N;FRAME;LJ9046001;LEFT SIDE PCB ASSY;
Brother;Brother HL7050N;FRAME;LJ9049001;REAR RELAY PCB ASSY;
Brother;Brother HL7050N;FRAME;LJ9051001;TONER LED PCB ASSY;
Brother;Brother HL7050N;FRAME;LJ1159001;TIP ACTUATOR;
Brother;Brother HL7050N;FRAME;LJ1160001;REGIST ACTUATOR;
Brother;Brother HL7050N;FRAME;LJ1161001;COIL SPRING TIP;
Brother;Brother HL7050N;FRAME;LJ1162001;COIL SPRING REGIST;
Brother;Brother HL7050N;FRAME;LJ1166001;REGIST ROLLER;
Brother;Brother HL7050N;FRAME;UD4152001;BEARING A;
Brother;Brother HL7050N;FRAME;LJ1244001;ELECTROMAGNETIC DEVELOP CLUTCH;
Brother;Brother HL7050N;FRAME;LJ1168001;COLLAR 8;
Brother;Brother HL7050N;FRAME;LJ1169001;BEARING AM;
Brother;Brother HL7050N;FRAME;LJ1170001;PINCH ROLLER;
Brother;Brother HL7050N;FRAME;LJ1175001;COLLAR 6;
Brother;Brother HL7050N;FRAME;LJ1210001;INTERLOCK SW ASSY;
Brother;Brother HL7050N;FRAME;UL9033001;FAN MOTOR;
Brother;Brother HL7050N;FRAME;LJ1651001;FAN MOTOR 60-3P;
Brother;Brother HL7050N;FRAME;LJ1209001;COLLAR 4;
Brother;Brother HL7050N;FRAME;LJ1204001;FRONT GUIDE ASSY;
Brother;Brother HL7050N;FRAME;LJ1214001;MAIN FAN FOAM;
Brother;Brother HL7050N;FRAME;LJ1215001;SUB FAN FOAM;
Brother;Brother HL7050N;DRIVE;LJ1252001;MAIN MOTOR ASSY;
Brother;Brother HL7050N;DRIVE;LJ1244001;ELECTROMAGNETIC DEVELOP CLUTCH;
Brother;Brother HL7050N;DRIVE;LJ1554001;SOLENOID ASSY;
Brother;Brother HL7050N;DRIVE;LJ0309001;SOLENOID SPRING MP;
Brother;Brother HL7050N;DRIVE;LJ1278001;FEEDING MOTOR ASSY;
Brother;Brother HL7050N;DRIVE;U11776001;SCREW, FLANGED M3X3.5;
Brother;Brother HL7050N;DRIVE;LJ1280001;ELECTROMAGNETIC FEED CLUTCH;
Brother;Brother HL7050N;LASER UNIT;LJ1304001;1 SCANNER UNIT (SP);
Brother;Brother HL7050N;LASER UNIT;87321615;4 TAPTITE, CUP S M3X16;
Brother;Brother HL7050N;LASER UNIT;LJ1098001;PAPER EJECT UNIT;
Brother;Brother HL7050N;LASER UNIT;87320816;TAPTITE, CUP S M3X8;
Brother;Brother HL7050N;LASER UNIT;LJ1103001;EJECTION GEAR UNIT;
Brother;Brother HL7050N;LASER UNIT;UH3323001;EJECT PINCH ROLLER ASSY;
Brother;Brother HL7050N;LASER UNIT;UH3948001;PINCH SPRING;
Brother;Brother HL7050N;LASER UNIT;LJ0668001;EJECT ROLLER ASSY;
Brother;Brother HL7050N;LASER UNIT;LJ0657001;EJECT ROLLER GROUND PLATE;
Brother;Brother HL7050N;LASER UNIT;LJ0477001;BEARING 6;
Brother;Brother HL7050N;LASER UNIT;LJ0718001;REAR ACTUATOR 4;
Brother;Brother HL7050N;LASER UNIT;LJ9034001;REAR SENSOR PCB ASSY;
Brother;Brother HL7050N;LASER UNIT;LJ0110001;REAR ACTUATOR 3;
Brother;Brother HL7050N;LASER UNIT;LJ0111001;REAR TRAY ACTUATOR;
Brother;Brother HL7050N;LASER UNIT;LJ0112001;REAR TRAY ACTUATOR SPRING;
Brother;Brother HL7050N;LASER UNIT;87310815;TAPTITE, CUP B M3X8;
Brother;Brother HL7050N;LASER UNIT;85310815;TAPTITE, BIND B M3X8;
Brother;Brother HL7050N;LASER UNIT;48040346;RETAINING RING, E4;
Brother;Brother HL7050N;LASER UNIT;LJ1562001;CORRUGATED COLLAR;
Brother;Brother HL7050N;LASER UNIT;48030346;RETAINING RING, E3;
Brother;Brother HL7050N;PAPER FEED;LJ0270001;PAPER FEED ROLLER ASSY 45 *1;
Brother;Brother HL7050N;PAPER FEED;LJ0273001;PE SENSOR ACTUATOR;
Brother;Brother HL7050N;PAPER FEED;LJ9055001;TRAY PE SENSOR PCB ASSY;
Brother;Brother HL7050N;PAPER FEED;LJ0279001;BEARING;
Brother;Brother HL7050N;PAPER FEED;LJ0284001;PAPER FEED ROLLER BEARING;
Brother;Brother HL7050N;PAPER FEED;LJ1290001;PAPER FEED ROLLER TR;
Brother;Brother HL7050N;PAPER FEED;LJ1297001;PAPER FEED ROLLER MP;
Brother;Brother HL7050N;PAPER FEED;LJ1300001;PAPER FEED ROLLER A4;
Brother;Brother HL7050N;PAPER FEED;LJ1313001;FOAM HOLDER A4 ASSY;
Brother;Brother HL7050N;PAPER FEED;LJ1322001;HOLDER SPRING A4;
Brother;Brother HL7050N;PAPER FEED;LJ1324001;FOAM HOLDER ASSY;
Brother;Brother HL7050N;PAPER FEED;LJ1330001;HOLDER SPRING;
Brother;Brother HL7050N;PAPER FEED;LJ1293001;PAPER FEED ROLLER;
Brother;Brother HL7050N;PAPER FEED;LJ1168001;COLLAR 8;
Brother;Brother HL7050N;PAPER FEED;LJ1302001;PINCH ROLLER A4;
Brother;Brother HL7050N;PAPER FEED;LJ1175001;COLLAR 6;
Brother;Brother HL7050N;PAPER FEED;LJ1741001;STOPPER SPRING;
Brother;Brother HL7050N;MP TRAY;LJ0295001;SEPARATION PLATE ASSY MP;
Brother;Brother HL7050N;MP TRAY;LJ0298001;SEPARATION PAD SPRING MP;
Brother;Brother HL7050N;MP TRAY;LJ0299001;PLATE ASSY MP;
Brother;Brother HL7050N;MP TRAY;LJ0305001;PLATE SPRING MP;
Brother;Brother HL7050N;MP TRAY;LJ0307001;SOLENOID ASSY MP;
Brother;Brother HL7050N;MP TRAY;LJ0309001;SOLENOID SPRING MP;
Brother;Brother HL7050N;MP TRAY;LJ0311001;PAPER FEED ROLLER ASSY MP;
Brother;Brother HL7050N;MP TRAY;LJ1332001;ROLLER COVER ASSY MP;
Brother;Brother HL7050N;MP TRAY;LJ0330001;TRAY ASSY MP;
Brother;Brother HL7050N;MP TRAY;LJ0334001;TRAY COVER ASSY MP;
Brother;Brother HL7050N;MP TRAY;85310815;TAPTITE, BIND B M3X8;
Brother;Brother HL7050N;MP TRAY;85320816;TAPTITE, BIND S M3X8;
Brother;Brother HL7050N;MP TRAY;U11776001;SCREW, FLANGED M3X3.5;
Brother;Brother HL7050N;MP TRAY;LJ1741001;STOPPER SPRING;
Brother;Brother HL7050N;MP TRAY;LJ9057001;MP PE SENSOR PCB ASSY;
Brother;Brother HL7050N;MP TRAY;LJ0328001;PE SENSOR ACTUATOR MP;
Brother;Brother HL7050N;MP TRAY;LJ0329001;PE SENSOR ACTUATOR 2 MP;
Brother;Brother HL7050N;MP TRAY;LJ0337001;TRAY COVER ROCK SPRING;
Brother;Brother HL7050N;PAPER TRAY;LJ1299001;PAPER TRAY UNIT (SP);
Brother;Brother HL7050N;PAPER TRAY;LJ0228001;PAPER TRAY COVER;
Brother;Brother HL7050N;PAPER TRAY;LJ0341001;SIDE GUIDE L;
Brother;Brother HL7050N;PAPER TRAY;LJ1335001;SIDE GUIDE R ASSY *3;
Brother;Brother HL7050N;PAPER TRAY;LJ0819001;SIDE GUIDE RACK 2;
Brother;Brother HL7050N;PAPER TRAY;UL9081001;SIDE GUIDE GEAR;
Brother;Brother HL7050N;PAPER TRAY;LJ1649001;REAR GUIDE ASSY 2;
Brother;Brother HL7050N;PAPER TRAY;LJ0347001;SUPPORTER STOPPER SPRING;
Brother;Brother HL7050N;PAPER TRAY;LJ0348001;SUPPORTER STOPPER L;
Brother;Brother HL7050N;PAPER TRAY;LJ0351001;EX REAR TRAY;
Brother;Brother HL7050N;PAPER TRAY;LJ1660001;SIZE DETECTION LINK 2;
Brother;Brother HL7050N;PAPER TRAY;LJ0358001;SIZE DETECTION LINK SPRNG;
Brother;Brother HL7050N;PAPER TRAY;LJ0359001;SIZE DETECTION CAM *3;
Brother;Brother HL7050N;PAPER TRAY;LJ0360001;TRAY 1D DETECTION CAM;
Brother;Brother HL7050N;PAPER TRAY;LJ0361001;LTR/LGL DETECTION CAM;
Brother;Brother HL7050N;PAPER TRAY;LJ0362001;LTR/LGL DETECTION CAM SPRING;
Brother;Brother HL7050N;PAPER TRAY;LJ0374001;SEPARATION PAD ASSY *2;
Brother;Brother HL7050N;PAPER TRAY;LJ0377001;SEPARATION PAD SPRING;
Brother;Brother HL7050N;PAPER TRAY;LJ0809001;PAPER TRAY LABEL *4;
Brother;Brother HL7050N;PAPER TRAY;85411015;TAPTITE, BIND B M4X10;
Brother;Brother HL7050N;PAPER TRAY;UU0552001;TAPTITE, CUP B 3X8;
Brother;Brother HL7050N;PAPER TRAY;LJ1338001;SGR GROUND PLATE;
Brother;Brother HL7050N;PAPER TRAY;LJ1339001;SGR EXTENSION SPRING;
Brother;Brother HL7050N;FIXING UNIT;LJ1470001;FIXING UNIT, 115V (SP);
Brother;Brother HL7050N;FIXING UNIT;LJ1473001;FIXING UNIT, 230V (SP);
Brother;Brother HL7050N;FIXING UNIT;LJ1778001;HEAT ROLLER 34AM ASSY;
Brother;Brother HL7050N;FIXING UNIT;LJ1350001;H/R GEAR 45;
Brother;Brother HL7050N;FIXING UNIT;LJ0772001;EJECT PRESSURE ROLLER F;
Brother;Brother HL7050N;FIXING UNIT;LJ0424001;PRESSURE SPRING;
Brother;Brother HL7050N;FIXING UNIT;LJ1686001;SEPARATE PAWL AM;
Brother;Brother HL7050N;FIXING UNIT;LJ1735001;SEPARATE PAWL SPRING AM;
Brother;Brother HL7050N;FIXING UNIT;LJ1356001;FU ACTUATOR AM;
Brother;Brother HL7050N;FIXING UNIT;LJ0430001;FU ACTUATOR SPRING;
Brother;Brother HL7050N;FIXING UNIT;LJ1712001;CLEANER ROLLER ASSY AM;
Brother;Brother HL7050N;FIXING UNIT;LJ0109001;EJECT ROLLER ASSY;
Brother;Brother HL7050N;FIXING UNIT;87311415;TAPTITE, CUP B M3X14;
Brother;Brother HL7050N;FIXING UNIT;LJ1359001;PRESSURE ROLLER 35;
Brother;Brother HL7050N;FIXING UNIT;LJ1344001;THERMISTOR ASSY AMC;
Brother;Brother HL7050N;FIXING UNIT;LJ1345001;THERMISTOR ASSY AMS;
Brother;Brother HL7050N;FIXING UNIT;LJ1717001;THERMOSTAT B;
Brother;Brother HL7050N;FIXING UNIT;LJ1634001;THERMOSTAT A;
Brother;Brother HL7050N;FIXING UNIT;LJ1475001;FIXING HEATER 115C ASSY (SP);
Brother;Brother HL7050N;FIXING UNIT;LJ1476001;FIXING HEATER 115S ASSY (SP);
Brother;Brother HL7050N;FIXING UNIT;LJ1477001;FIXING HEATER 230C ASSY (SP);
Brother;Brother HL7050N;FIXING UNIT;LJ1478001;FIXING HEATER 230S ASSY (SP);
Brother;Brother HL7050N;FIXING UNIT;LJ1359001;PRESSURE ROLLER 35;
Brother;Brother HL7050N;FIXING UNIT;LJ9152001;EJECT SENSOR PCB ASSY;
Brother;Brother HL7050N;COVERS / LABELS;LJ0062001;TOP COVER;
Brother;Brother HL7050N;COVERS / LABELS;LJ0063001;PAPER ACTUATOR;
Brother;Brother HL7050N;COVERS / LABELS;LJ0830001;ACTUATOR PLATE FILM;
Brother;Brother HL7050N;COVERS / LABELS;LJ0065001;EJECT DISCHARGING BRUSH;
Brother;Brother HL7050N;COVERS / LABELS;LJ9029001;FULL SENSOR PCB ASSY;
Brother;Brother HL7050N;COVERS / LABELS;LJ0066001;SWING PAPER TRAY;
Brother;Brother HL7050N;COVERS / LABELS;LJ0067001;SWING PAPER TRAY SPRING;
Brother;Brother HL7050N;COVERS / LABELS;LJ0068001;MX CAP B;
Brother;Brother HL7050N;COVERS / LABELS;LJ0069001;MX CAP C;
Brother;Brother HL7050N;COVERS / LABELS;LJ1707001;MX CAP A2;
Brother;Brother HL7050N;COVERS / LABELS;LJ0071001;OPEN COVER;
Brother;Brother HL7050N;COVERS / LABELS;UH1540002;PAPER STOPPER;
Brother;Brother HL7050N;COVERS / LABELS;UH1541002;PAPER STOPPER GUIDE;
Brother;Brother HL7050N;COVERS / LABELS;LJ0072001;FRONT COVER 1;
Brother;Brother HL7050N;COVERS / LABELS;LJ1085001;SIDE COVER L;
Brother;Brother HL7050N;COVERS / LABELS;LJ1086001;SIDE COVER R 1;
Brother;Brother HL7050N;COVERS / LABELS;87320816;TAPTITE, CUP S M3X8;
Brother;Brother HL7050N;COVERS / LABELS;LJ1087001;SIDE COVER R 2;
Brother;Brother HL7050N;COVERS / LABELS;LJ1088001;REAR COVER ASSY;
Brother;Brother HL7050N;COVERS / LABELS;LJ0094001;FLAP;
Brother;Brother HL7050N;COVERS / LABELS;LJ0095001;FLAP SPRING L;
Brother;Brother HL7050N;COVERS / LABELS;LJ0096001;FLAP SPRING R;
Brother;Brother HL7050N;COVERS / LABELS;LJ1654001;FU PROTECTION COVER UPPER;
Brother;Brother HL7050N;COVERS / LABELS;LJ1655001;FU PROTECTION COVER LOWER;
Brother;Brother HL7050N;COVERS / LABELS;LJ0806001;FU PROTECTION COVER SPRING L;
Brother;Brother HL7050N;COVERS / LABELS;LJ0807001;FU PROTECTION COVER SPRING R;
Brother;Brother HL7050N;COVERS / LABELS;LJ1566001;ACTUATOR SPRING;
Brother;Brother HL7050N;COVERS / LABELS;LJ1782001;ACTUATOR SPRING E;
Brother;Brother HL7050N;COVERS / LABELS;LJ0097001;SHOULDER SCREW;
Brother;Brother HL7050N;COVERS / LABELS;LJ0913001;REAR FILM;
Brother;Brother HL7050N;COVERS / LABELS;LJ1709001;REAR TRAY ASSY 3;
Brother;Brother HL7050N;COVERS / LABELS;LJ5030001;BROTHER EMBLEM;
Brother;Brother HL7050N;SWITCH PANEL;LJ1097001;SW PANEL UNIT;
Brother;Brother HL7050N;SWITCH PANEL;LJ0849001;PRINTED PANEL COVER;
Brother;Brother HL7050N;SWITCH PANEL;LJ0100001;LCD HOLDER;
Brother;Brother HL7050N;SWITCH PANEL;LJ0456001;DIFFUSION FILM;
Brother;Brother HL7050N;SWITCH PANEL;LJ5296001;PANEL LIGHT GUIDE;
Brother;Brother HL7050N;SWITCH PANEL;LJ5297001;KEY;
Brother;Brother HL7050N;SWITCH PANEL;LJ5298001;KEY TOP A;
Brother;Brother HL7050N;SWITCH PANEL;LJ5299001;KEY TOP B;
Brother;Brother HL7050N;SWITCH PANEL;LJ0103001;PANEL REAR COVER;
Brother;Brother HL7050N;SWITCH PANEL;LJ9031001;PANEL PCB ASSY;
Brother;Brother HL7050N;SWITCH PANEL;LJ8529001;LCD:LMG16D2;
Brother;Brother HL7050N;SWITCH PANEL;LJ9033001;BACK LIGHT PCB ASSY;
Brother;Brother HL7050N;SWITCH PANEL;LJ1592001;CLEAR PANEL ASSY HL-7050;
Brother;Brother HL7050N;SWITCH PANEL;87310816;TAPTITE, CUP B M3X8;
Brother;Brother HL7050N;SWITCH PANEL;LJ8994001;MAIN PCB ASSY, HL-7050;
Brother;Brother HL7050N;ENGINE PCB;LJ9006001;ENGINE PCB ASSY, HL-AM;
Brother;Brother HL7050N;ENGINE PCB;LJ0821001;ENGINE PCB SUPPORT;
Brother;Brother HL7050N;ENGINE PCB;LJ9018001;HVPS PCB ASSY, AM;
Brother;Brother HL7050N;ENGINE PCB;LJ0051001;TRANSFER PLATE;
Brother;Brother HL7050N;ENGINE PCB;87320616;TAPTITE, CUP S M3X6;
Brother;Brother HL7050N;ENGINE PCB;85411015;TAPTITE, BIND B M4X10;
Brother;Brother HL7050N;LOW-VOLTAGE POWER SUPPLY PCB;LJ9132001;LVPS PCB ASSY 7050, 115V(SP);
Brother;Brother HL7050N;LOW-VOLTAGE POWER SUPPLY PCB;LJ9133001;LVPS PCB ASSY 7050, 230V(SP);
Brother;Brother HL7050N;LOW-VOLTAGE POWER SUPPLY PCB;LJ9020001;INLET UNIT, 115V;
Brother;Brother HL7050N;LOW-VOLTAGE POWER SUPPLY PCB;LJ9076001;INLET UNIT, 230V;
Brother;Brother HL7050N;LOW-VOLTAGE POWER SUPPLY PCB;0A5350606;SCREW, PAN (S/P WASHER) M3.5X6;
Brother;Brother HL7050N;LOW-VOLTAGE POWER SUPPLY PCB;87320616;TAPTITE, CUP S M3X6;
Brother;Brother HL7050N;PERIODICAL MAINTENANCE PARTS;LJ0977001;PAPER FEEDING KIT;
Brother;Brother HL7050N;PERIODICAL MAINTENANCE PARTS;LJ0270001;PAPER FEED ROLLER ASSY 45 *1;
Brother;Brother HL7050N;PERIODICAL MAINTENANCE PARTS;LJ0374001;SEPARATION PAD ASSY *2;
