Brother;Brother MFC8680DN;FRAME L & DRIVE UNIT;LX2517001;MAIN FRAME L UNIT;
Brother;Brother MFC8680DN;FRAME L & DRIVE UNIT;LM5104001;GEAR 17 MP ROLLER DRIVE;
Brother;Brother MFC8680DN;FRAME L & DRIVE UNIT;LM5103001;GEAR 20 T1 ROLLER DRIVE;
Brother;Brother MFC8680DN;FRAME L & DRIVE UNIT;LM5102001;GEAR 17 FEED ROLLER DRIVE;
Brother;Brother MFC8680DN;FRAME L & DRIVE UNIT;LM5051001;DX GEAR 15 TRAY DRIVE;
Brother;Brother MFC8680DN;FRAME L & DRIVE UNIT;LU7214001;DEVELOP JOINT;
Brother;Brother MFC8680DN;FRAME L & DRIVE UNIT;LM5047001;MAIN MOTOR ASSY AL;
Brother;Brother MFC8680DN;FRAME L & DRIVE UNIT;LM5048001;FUSER GEAR 39 H/R DRIVE;
Brother;Brother MFC8680DN;FRAME L & DRIVE UNIT;LM5058001;REGISTER SOLENOID ASSY;
Brother;Brother MFC8680DN;FRAME L & DRIVE UNIT;LM5062001;MP SOLENOID ASSY;
Brother;Brother MFC8680DN;FRAME L & DRIVE UNIT;LM5067001;T1 SOLENOID ASSY;
Brother;Brother MFC8680DN;FRAME L & DRIVE UNIT;LJ9935001;TONER SENSOR PCB ASSY;
Brother;Brother MFC8680DN;FRAME L & DRIVE UNIT;UL9037001;PT SENSOR HOLDER;
Brother;Brother MFC8680DN;FRAME L & DRIVE UNIT;LV0690002;RELAY FRONT PCB ASSY;
Brother;Brother MFC8680DN;FRAME L & DRIVE UNIT;LJ9940001;FRONT COVER SW ASSY;
Brother;Brother MFC8680DN;FRAME L & DRIVE UNIT;LJ9942001;RELAY REAR PCB ASSY;
Brother;Brother MFC8680DN;FRAME L & DRIVE UNIT;LM5085001;NEW TONER ACTUATOR;
Brother;Brother MFC8680DN;FRAME L & DRIVE UNIT;LM5086001;NEW TONER ACTUATOR SPRING;
Brother;Brother MFC8680DN;FRAME L & DRIVE UNIT;LJ7403001;RUBBER FOOT;
Brother;Brother MFC8680DN;FRAME L & DRIVE UNIT;LJ9945001;CONNECTOR;
Brother;Brother MFC8680DN;FRAME L & DRIVE UNIT;LM5011001;EJECTOR SOLENOID;
Brother;Brother MFC8680DN;FRAME L & DRIVE UNIT;87320616;TAPTITE CUP S M3x6;
Brother;Brother MFC8680DN;FRAME L & DRIVE UNIT;85311016;TAPTITE BIND B M3x10;
Brother;Brother MFC8680DN;FRAME L & DRIVE UNIT;85311016;TAPTITE BIND B M3x10;
Brother;Brother MFC8680DN;FRAME L & DRIVE UNIT;LG4518001;THERMISTOR ASSY;
Brother;Brother MFC8680DN;FRAME L & DRIVE UNIT;LM5043001;DEV GEAR 37R JOINT DRIVE;
Brother;Brother MFC8680DN;FRAME L & DRIVE UNIT;LM5080001;DRIVE RELEASE LINK;
Brother;Brother MFC8680DN;FRAME L & DRIVE UNIT;LM5079001;DRIVE RELEASE CAM;
Brother;Brother MFC8680DN;FRAME L & DRIVE UNIT;87210616;TAPTITE CUP B M2X6;
Brother;Brother MFC8680DN;FRAME UNIT;LV0282001;TONER LED PCB ASSY;
Brother;Brother MFC8680DN;FRAME UNIT;LM4267001;LED HOLDER;
Brother;Brother MFC8680DN;FRAME UNIT;LJ7403001;RUBBER FOOT;
Brother;Brother MFC8680DN;FRAME UNIT;LU7141001;FILTER ASSY;
Brother;Brother MFC8680DN;FRAME UNIT;LM5114001;FAN MOTOR 60 UNIT LV;
Brother;Brother MFC8680DN;FRAME UNIT;LU7032001;FAN MOTOR 60 UNIT;
Brother;Brother MFC8680DN;FRAME UNIT;LM6655001;AIR DUCT ASSY AL;
Brother;Brother MFC8680DN;FRAME UNIT;LT0963001;WIRELESS PCB, MFC8690DW/MFC8890DW;
Brother;Brother MFC8680DN;LASER UNIT;LU7176001;LASER UNIT (SP);
Brother;Brother MFC8680DN;LASER UNIT;87320616;TAPTITE, CUP S M3X6;
Brother;Brother MFC8680DN;LASER UNIT;LJ0908001;LASER CAUTION LABEL EXCEPT FOR CHN;
Brother;Brother MFC8680DN;LASER UNIT;UL7931001;LASER CAUTION LABEL FOR CHN;
Brother;Brother MFC8680DN;PAPER FEEDER;LM9001001;PE EG SENSOR ASSY;
Brother;Brother MFC8680DN;PAPER FEEDER;LU7935001;PE ACTUATOR ASSY;
Brother;Brother MFC8680DN;PAPER FEEDER;LM5132001;EDGE ACTUATOR;
Brother;Brother MFC8680DN;PAPER FEEDER;LM5133001;EDGE ACTUATOR SPRING;
Brother;Brother MFC8680DN;PAPER FEEDER;LU7179001;ROLLER HOLDER ASSY;
Brother;Brother MFC8680DN;PAPER FEEDER;LM5150001;REGIST ACTUATOR FRONT;
Brother;Brother MFC8680DN;PAPER FEEDER;LM5151001;REGIST ACTUATOR REAR;
Brother;Brother MFC8680DN;PAPER FEEDER;LM5152001;REGIST ACTUATOR SPRING;
Brother;Brother MFC8680DN;PAPER FEEDER;LJ9999001;MP PE SENSOR ASSY;
Brother;Brother MFC8680DN;PAPER FEEDER;LU7184001;MP ROLLER HOLDER ASSY;
Brother;Brother MFC8680DN;PAPER FEEDER;LM5171001;PE ACTUATOR MP;
Brother;Brother MFC8680DN;PAPER FEEDER;LU0027001;PE ACTUATOR MP B 2;
Brother;Brother MFC8680DN;PAPER FEEDER;LM6490001;MP SEPARATION SPRING;
Brother;Brother MFC8680DN;PAPER FEEDER;LM6752001;SEPARATION PAD ASSY MP;
Brother;Brother MFC8680DN;PAPER FEEDER;LM5196005;TRAY MP ASSY;
Brother;Brother MFC8680DN;PAPER FEEDER;LS7305001;MP TRAY COVER ASSY, DCP8080DN/ DCP8085DN/ MFC8480DN/ MFC8680DN;
Brother;Brother MFC8680DN;PAPER FEEDER;LS7004001;MP TRAY COVER ASSY, MFC8690DW/ MFC8880DN/ MFC8881DNHY/ MFC8890DW;
Brother;Brother MFC8680DN;PAPER FEEDER;LU7037001;PROCESS COVER ASSY EXCEPT FOR CHN/ IND, EXCEPT FOR MFC8881DNHY;
Brother;Brother MFC8680DN;PAPER FEEDER;LU7527001;PROCESS COVER ASSY FOR CHN, MFC8881DNHY;
Brother;Brother MFC8680DN;PAPER FEEDER;LU7689001;PROCESS COVER ASSY FORIND;
Brother;Brother MFC8680DN;PAPER FEEDER;85310816;TAPTITE BIND B M3x8;
Brother;Brother MFC8680DN;PAPER FEEDER;LS7306001;BROTHER EMBLEM COVER ASSY, DCP8080DN/ DCP8085DN/ MFC8480DN/ MFC8680DN;
Brother;Brother MFC8680DN;PAPER FEEDER;LS7283001;BROTHER EMBLEM COVER ASSY, MFC8690DW/ MFC8880DN/ MFC8881DNHY/ MFC8890DW;
Brother;Brother MFC8680DN;PAPER FEEDER;LM5124001;PROCESS COVER STOPPER;
Brother;Brother MFC8680DN;PAPER FEEDER;LU7039001;SUPPORT FLAP 1;
Brother;Brother MFC8680DN;PAPER FEEDER;87411016;TAPTITE CUP B M4X10;
Brother;Brother MFC8680DN;DUPLEX;LM5209001;DX FEED ASSY LTR FOR US/ CAN/ PHL/ ARG/ CHL/ BRA;
Brother;Brother MFC8680DN;DUPLEX;LU7503001;DX FEED ASSY A4 FOR GER/ UK/ FRA/ BEL/ NLD/ CHE/ AUS/ ITA/ CHN/ TUR/ POL/ ASA/ GUL/ KOR/ IND/ RUS/ ARL/ NZ/ PND/ IBR/ EEU;
Brother;Brother MFC8680DN;PAPER TRAY;LU7198001;1;PAPER TRAY UNIT FOR US/ CAN/ PHL/ ARG/ CHL/ BRA/ IND
Brother;Brother MFC8680DN;PAPER TRAY;LU7203001;1;PAPER TRAY UNIT FOR GER/ UK/ FRA/ BEL/ NLD/ CHE/ AUS/ ITA/ CHN/ TUR/ POL/ ASA/ GUL/ KOR/ RUS/ ARL/ NZ/ PND/ IBR/ EEU
Brother;Brother MFC8680DN;PAPER TRAY;LM5237001;1;SEPARATION PAD ASSY
Brother;Brother MFC8680DN;PAPER TRAY;LM5239001;1;SEPARATION PAD SPRING
Brother;Brother MFC8680DN;PAPER TRAY;LM5245001;1;GEAR 15
Brother;Brother MFC8680DN;PAPER TRAY;LM5246001;1;GEAR 21-16
Brother;Brother MFC8680DN;PAPER TRAY;LM5247001;1;LIFT GEAR 46
Brother;Brother MFC8680DN;FUSER UNIT;LU7939001;1;FUSER UNIT 115V (SP) FOR US/ CAN/ BRA
Brother;Brother MFC8680DN;FUSER UNIT;LU7941001;1;FUSER UNIT 230V (SP) FOR GER/ UK/ FRA/ BEL/ NLD/ CHE/ AUS/ ITA/ CHN/ PHL/ TUR/ ARG/ CHL/ POL/ ASA/ GUL/ KOR/ IND/ RUS/ ARL/ NZ/ PND/ IBR/ EEU
Brother;Brother MFC8680DN;FUSER UNIT;LU7164001;2;TAPTITE PAN B M4X20
Brother;Brother MFC8680DN;FUSER UNIT;LU7078001;4;PRESSURE SPRING
Brother;Brother MFC8680DN;FUSER UNIT;LU7154001;4;EJECT PINCH ROLLER M
Brother;Brother MFC8680DN;COVERS;LS7307001;JOINT COVER ASSY, GRAY(1581), DCP8080DN/ DCP8085DN;
Brother;Brother MFC8680DN;COVERS;LS7239001;JOINT COVER ASSY, GRAY(1581), MFC8480DN/ MFC8680DN/ MFC8690DW/ MFC8880DN/ MFC8881DNHY/ MFC8890DW;
Brother;Brother MFC8680DN;COVERS;85411216;TAPTITE, BIND B M4X12;
Brother;Brother MFC8680DN;COVERS;LG6529001;SPEAKER ASSY;
Brother;Brother MFC8680DN;COVERS;LG6531001;DRIVER PCB ASSY;
Brother;Brother MFC8680DN;COVERS;LF9624001;SIDE COVER R, GRAY(1736);
Brother;Brother MFC8680DN;COVERS;LF9625001;SIDE COVER L, GRAY(1736);
Brother;Brother MFC8680DN;COVERS;LM5273001;ACCESS COVER, GRAY(1736);
Brother;Brother MFC8680DN;COVERS;LU7046001;BACK COVER;
Brother;Brother MFC8680DN;COVERS;LU7047001;OUTER CHUTE ASSY;
Brother;Brother MFC8680DN;COVERS;LU7126001;REAR CHUTE ASSY;
Brother;Brother MFC8680DN;COVERS;87310816;TAPTITE CUP B M3X8;
Brother;Brother MFC8680DN;COVERS;LS7388001;PROCESS UNIT OP LABEL FOR US/ CAN/ ARG/ CHL/ BRA;
Brother;Brother MFC8680DN;COVERS;LU7341001;PROCESS UNIT OP LABEL FOR GER/ UK/ FRA/ BEL/ NLD/ CHE/ AUS/ ITA/ POL/ RUS/ PND/ IBR/ EEU, EXCEPT FOR MFC8881DNHY;
Brother;Brother MFC8680DN;COVERS;LS7919001;PROCESS UNIT OP LABEL FOR CHN;
Brother;Brother MFC8680DN;COVERS;LU7496001;PROCESS UNIT OP LABEL FOR PHL/ TUR/ ASA/ GUL/ KOR/ IND/ ARL/ NZ;
Brother;Brother MFC8680DN;COVERS;LX2209001;PROCESS UNIT OP LABEL, MFC8881DNHY;
Brother;Brother MFC8680DN;COVERS;LU7303001;FUSER CAUTION LABEL;
Brother;Brother MFC8680DN;COVERS;LE8842001;EXT CAP, MFC8480DN/ MFC8680DN/ MFC8690DW/ MFC8880DN/ MFC8890DW FOR US/ CAN/ CHE/ CHN/ PHL/ TUR/ POL/ ARG/ CHL/ ASA/ GUL/ BRA/ KOR/ IND/ RUS/ ARL/ NZ/ PND/ IBR/ EEU;
Brother;Brother MFC8680DN;COVERS;UF5745000;MJ COVER EXT, MFC8880DN/ MFC8881DNHY/ MFC8890DW FOR GER/ UK/ FRA/ BEL/ NLD/ AUS/ ITA;
Brother;Brother MFC8680DN;COVERS;LT0668001;USB HOST PCB;
Brother;Brother MFC8680DN;COVERS;LU7312001;PAPER STACK LEVER SP ASSY;
Brother;Brother MFC8680DN;COVERS;LU7118001;SUPPORT FLAP 2;
Brother;Brother MFC8680DN;SCANNER;LP2357001;ALFB UNIT ASSY(SP);
Brother;Brother MFC8680DN;SCANNER;87412016;TAPTITE, CUP B M4X20;
Brother;Brother MFC8680DN;SCANNER;LG2239001;PHOTO INTERRUPTER;
Brother;Brother MFC8680DN;SCANNER;LF9629001;FFC CABLE ASSY;
Brother;Brother MFC8680DN;SCANNER;LE8632001;SCANNING MOTOR FB;
Brother;Brother MFC8680DN;SCANNER;LF9637001;PULLEY ASSY;
Brother;Brother MFC8680DN;SCANNER;LE8640001;PULLEY SPRING;
Brother;Brother MFC8680DN;SCANNER;LF2037001;CCD MODULE(SP);
Brother;Brother MFC8680DN;SCANNER;LE8642001;BELT;
Brother;Brother MFC8680DN;SCANNER;LF9641001;TOP COVER ASSY;
Brother;Brother MFC8680DN;SCANNER;87411216;TAPTITE, CUP B M4X12;
Brother;Brother MFC8680DN;SCANNER;LE2861001;TAPTITE, PAN B M3X8;
Brother;Brother MFC8680DN;SCANNER;0A4300606;SCREW, PAN (S/P WASHER) M3X6;
Brother;Brother MFC8680DN;SCANNER;UF5034001;TAPTITE, B 3X6;
Brother;Brother MFC8680DN;SCANNER;LF2004001;LOCK LEVER ASSY;
Brother;Brother MFC8680DN;SCANNER;LE8649001;LOCK LEVER B;
Brother;Brother MFC8680DN;SCANNER;UF5034001;TAPTITE, B 3X6;
Brother;Brother MFC8680DN;ADF1;LS7634001;ADF UNIT LGL SX (SP), DCP8080DN/ MFC8480DN;
Brother;Brother MFC8680DN;ADF1;LS7633001;ADF UNIT LGL DX (SP), DCP8085DN/ MFC8680DN/ MFC8690DW/ MFC8880DN/ MFC8881DNHY/ MFC8890DW;
Brother;Brother MFC8680DN;ADF1;LF9703001;HINGE ASSY L;
Brother;Brother MFC8680DN;ADF1;87311016;TAPTITE CUP B M3X10;
Brother;Brother MFC8680DN;ADF1;87321217;TAPTITE CUP S M3X12;
Brother;Brother MFC8680DN;ADF1;LS7497001;HINGE ARM R;
Brother;Brother MFC8680DN;ADF1;85411216;TAPTITE BIND B M4X12;
Brother;Brother MFC8680DN;ADF1;LS7326001;ADF EMBLEM, DCP8080DN/ DCP8085DN;
Brother;Brother MFC8680DN;ADF1;LS7325001;ADF EMBLEM, MFC8480DN/ MFC8680DN/ MFC8880DN/ MFC8881DNHY;
Brother;Brother MFC8680DN;ADF1;LS7323001;ADF EMBLEM, MFC8690DW/ MFC8890DW;
Brother;Brother MFC8680DN;ADF1;LS7294001;DOCUMENT COVER LGL SUB ASSY;
Brother;Brother MFC8680DN;ADF1;;SEE NEXT PAGE;
Brother;Brother MFC8680DN;ADF1;LP2378001;TAPTITE, CUP S M3X8 SR;
Brother;Brother MFC8680DN;ADF1;LS7258001;ADF SIDE COVER F;
Brother;Brother MFC8680DN;ADF1;LF9697001;ADF SIDE COVER R;
Brother;Brother MFC8680DN;ADF1;87311016;TAPTITE CUP B M3X10;
Brother;Brother MFC8680DN;ADF1;LF9700001;ADF COVER ASSY SX, DCP8080DN/ MFC8480DN;
Brother;Brother MFC8680DN;ADF1;LF9754001;ADF COVER ASSY DX, DCP8085DN/ MFC8680DN/ MFC8690DW/ MFC8880DN/ MFC8881DNHY/ MFC8890DW;
Brother;Brother MFC8680DN;ADF1;LE8834001;DOCUMENT HOLD ASSY;
Brother;Brother MFC8680DN;ADF1;LF2026001;DOCUMENT HOLD SPRING;
Brother;Brother MFC8680DN;ADF1;LP2320001;TAPTITE, CUP B M3X10;
Brother;Brother MFC8680DN;ADF1;LT0948001;ADF HARNESS ASSY ALEFB SX, DCP8080DN/ MFC8480DN;
Brother;Brother MFC8680DN;ADF1;LT0946001;ADF HARNESS ASSY ALEFB DX, DCP8085DN/ MFC8680DN/ MFC8690DW/ MFC8880DN/ MFC8881DNHY/ MFC8890CW;
Brother;Brother MFC8680DN;ADF1;LF9647001;DOCUMENT EJECTION TRAY;
Brother;Brother MFC8680DN;ADF1;LG3218001;DOCUMENT COVER SENSOR;
Brother;Brother MFC8680DN;ADF1;UF9009001;PRESSURE ROLLER;
Brother;Brother MFC8680DN;ADF1;UL6244002;EJECTION ROLLER B4;
Brother;Brother MFC8680DN;ADF1;LE6245001;HINGE BASE R;
Brother;Brother MFC8680DN;ADF1;87311016;TAPTITE, CUP B M3X10;
Brother;Brother MFC8680DN;ADF2;LS7296001;ADF CHUTE ASSY SX, DCP8080DN/ MFC8480DN;
Brother;Brother MFC8680DN;ADF2;LS7297001;ADF CHUTE ASSY DX, DCP8085DN/ MFC8680DN/ MFC8690DW/ MFC8880DN/ MFC8881DNHY/ MFC8890DW;
Brother;Brother MFC8680DN;ADF2;LE8688001;ADF MOTOR;
Brother;Brother MFC8680DN;ADF2;LP2353001;S/ B SOLENOID ASSY, DCP8085DN/ MFC8680DN/ MFC8690DW/ MFC8880DN/ MFC8881DNHY/ MFC8890DW;
Brother;Brother MFC8680DN;ADF2;LP2354001;PF SOLENOID ASSY, DCP8085DN/ MFC8680DN/ MFC8690DW/ MFC8880DN/ MFC8881DNHY/ MFC8890DW;
Brother;Brother MFC8680DN;ADF2;LG6537001;ADF RELAY PCB, DCP8080DN/ MFC8480DN;
Brother;Brother MFC8680DN;ADF2;LG6537002;ADF RELAY PCB, DCP8085DN/ MFC8680DN/ MFC8690DW/ MFC8880DN/ MFC8881DNHY/ MFC8890DW;
Brother;Brother MFC8680DN;ADF2;LF9666001;UPPER MAIN CHUTE ASSY;
Brother;Brother MFC8680DN;ADF2;LF9669001;LOWER MAIN CHUTE ASSY, DCP8080DN/ MFC8480DN;
Brother;Brother MFC8680DN;ADF2;LF9741001;LOWER MAIN CHUTE ASSY, DCP8085DN/ MFC8680DN/ MFC8690DW/ MFC8880DN/ MFC8881DNHY/ MFC8890DW;
Brother;Brother MFC8680DN;ADF2;LF9673001;EXIT ROLLER ASSY;
Brother;Brother MFC8680DN;ADF2;LF9675001;LF ROLLER3 ASSY;
Brother;Brother MFC8680DN;ADF2;LF9677001;LF ROLLER4 ASSY;
Brother;Brother MFC8680DN;ADF2;LF9743001;FLAP ASSY, DCP8085DN/ MFC8680DN/ MFC8690DW/ MFC8880DN/ MFC8881DNHY/ MFC8890DW;
Brother;Brother MFC8680DN;ADF2;LF9681001;PAPER FEED CHUTE ASSY, DCP8080DN/ MFC8480DN;
Brother;Brother MFC8680DN;ADF2;LF9747001;PAPER FEED CHUTE ASSY, DCP8085DN/ MFC8680DN/ MFC8690DW/ MFC8880DN/ MFC8881DNHY/ MFC8890DW;
Brother;Brother MFC8680DN;ADF2;LF9692001;EXIT CHUTE COVER ASSY;
Brother;Brother MFC8680DN;ADF2;LP2448001;LF ROLLER1 ASSY;
Brother;Brother MFC8680DN;ADF2;LS1030001;PF ROLLER HOLDER ASSY;
Brother;Brother MFC8680DN;ADF2;LF9749001;SB ROLLER ASSY, DCP8085DN/ MFC8680DN/ MFC8690DW/ MFC8880DN/ MFC8881DNHY/ MFC8890DW;
Brother;Brother MFC8680DN;ADF2;LF9751001;SB CHUTE ASSY, DCP8085DN/ MFC8680DN/ MFC8690DW/ MFC8880DN/ MFC8881DNHY/ MFC8890DW;
Brother;Brother MFC8680DN;ADF2;LP2378001;TAPTITE CUP S M3X8 SR;
Brother;Brother MFC8680DN;ADF2;87311016;TAPTITE CUP B M3X10;
Brother;Brother MFC8680DN;ADF2;LF9850001;SX CHUTE, DCP8080DN/ MFC8480DN;
Brother;Brother MFC8680DN;ADF2;LP2347001;LF4 FILM;
Brother;Brother MFC8680DN;ADF2;0A4300606;SCREW PAN (S/ P WASHER) M3X6;
Brother;Brother MFC8680DN;ADF2;LS0761001;LF ROLLER2 ASSY;
Brother;Brother MFC8680DN;ADF2;LF9671001;ACTUATOR R;
Brother;Brother MFC8680DN;ADF2;LF9742001;ACTUATOR SB, DCP8085DN/ MFC8680DN/ MFC8690DW/ MFC8880DN/ MFC8881DNHY/ MFC8890DW;
Brother;Brother MFC8680DN;ADF2;LG2239001;PHOTO INTERRUPTER;
Brother;Brother MFC8680DN;ADF2;LG2239001;PHOTO INTERRUPTER, DCP8085DN/ MFC8680DN/ MFC8690DW/ MFC8880DN/ MFC8881DNHY/ MFC8890DW;
Brother;Brother MFC8680DN;ADF2;LG2239001;PHOTO INTERRUPTER;
Brother;Brother MFC8680DN;ADF2;LG2239001;PHOTO INTERRUPTER, DCP8085DN/ MFC8680DN/ MFC8690DW/ MFC8880DN/ MFC8881DNHY/ MFC8890DW;
Brother;Brother MFC8680DN;ADF2;LF9683001;ACTUATOR FRONT1;
Brother;Brother MFC8680DN;ADF2;LF9748001;ACTUATOR FRONT2, DCP8085DN/ MFC8680DN/ MFC8690DW/ MFC8880DN/ MFC8881DNHY/ MFC8890DW;
Brother;Brother MFC8680DN;ADF2;LF9684001;SEPARATION SPRING;
Brother;Brother MFC8680DN;ADF2;LF9685001;RUBBER HOLDER;
Brother;Brother MFC8680DN;ADF2;LF9686001;SEPARATION RUBBER;
Brother;Brother MFC8680DN;ADF2;LE1513001;SPRING PLATE ADF FRONT A ASSY;
Brother;Brother MFC8680DN;ADF2;LE2470001;ADF FILM;
Brother;Brother MFC8680DN;ADF2;LP2159001;PRESSURE ROLLER;
Brother;Brother MFC8680DN;ADF2;LE2472001;LF SPRING;
Brother;Brother MFC8680DN;ADF2;LP2907001;BACK SHEET ADF;
Brother;Brother MFC8680DN;PANEL;LS7312001;PANEL UNIT, DCP8080DN/DCP8085DN EXCEPT FOR CHN;
Brother;Brother MFC8680DN;PANEL;LS7247001;PANEL UNIT, MFC8480DN/MFC8680DN/MFC8690DW/MFC8880DN/MFC8881DNHY/ MFC8890DW EXCEPT FOR CHN;
Brother;Brother MFC8680DN;PANEL;LX2064001;PANEL UNIT, DCP8085DN FOR CHN;
Brother;Brother MFC8680DN;PANEL;LS7929001;PANEL UNIT, MFC8880DN FOR CHN;
Brother;Brother MFC8680DN;PANEL;LS7309001;PANEL COVER ASSY, DCP8080DN FOR US/CAN;
Brother;Brother MFC8680DN;PANEL;LS7608001;PANEL COVER ASSY, DCP8085DN FOR US/UK/FRA/BEL/NLD/ARL/NZ/ PND/EEU (ENGLISH);
Brother;Brother MFC8680DN;PANEL;LS7316001;PANEL COVER ASSY, MFC8480DN FOR US/CAN;
Brother;Brother MFC8680DN;PANEL;LX2013001;PANEL COVER ASSY, MFC8680DN FOR US;
Brother;Brother MFC8680DN;PANEL;LX2701001;PANEL COVER ASSY, MFC8690DW FOR US;
Brother;Brother MFC8680DN;PANEL;LS7248001;PANEL COVER ASSY, MFC8890DW FOR US/CAN/ARL/NZ;
Brother;Brother MFC8680DN;PANEL;LS7674001;PANEL COVER ASSY, DCP8085DN FOR GER/CHE;
Brother;Brother MFC8680DN;PANEL;LS7667001;PANEL COVER ASSY, MFC8880DN FOR GER/CHE/AUS;
Brother;Brother MFC8680DN;PANEL;LS7679001;PANEL COVER ASSY, MFC8890DW FOR GER/CHE/AUS;
Brother;Brother MFC8680DN;PANEL;LS7563001;PANEL COVER ASSY, MFC8880DN FOR UK/FRA/BEL/NLD/GUL/EEU (ENGLISH);
Brother;Brother MFC8680DN;PANEL;LS7640001;PANEL COVER ASSY, MFC8890DW FOR UK/FRA/BEL/NLD (ENGLISH);
Brother;Brother MFC8680DN;PANEL;LS7609001;PANEL COVER ASSY, DCP8085DN FOR FRA/BEL/NLD/CHE (FRENCH);
Brother;Brother MFC8680DN;PANEL;LS7564001;PANEL COVER ASSY, MFC8880DN FOR FRA/BEL/NLD/CHE (FRENCH);
Brother;Brother MFC8680DN;PANEL;LS7641001;PANEL COVER ASSY, MFC8890DW FOR FRA/BEL/NLD/CHE (FRENCH);
Brother;Brother MFC8680DN;PANEL;LS7610001;PANEL COVER ASSY, DCP8085DN FOR FRA/BEL/NLD (DUTCH);
Brother;Brother MFC8680DN;PANEL;LS7565001;PANEL COVER ASSY, MFC8880DN FOR FRA/BEL/NLD (DUTCH);
Brother;Brother MFC8680DN;PANEL;LS7642001;PANEL COVER ASSY, MFC8890DW FOR FRA/BEL/NLD (DUTCH);
Brother;Brother MFC8680DN;PANEL;LS7604001;PANEL COVER ASSY, DCP8085DN FOR ITA;
Brother;Brother MFC8680DN;PANEL;LS7558001;PANEL COVER ASSY, MFC8880DN FOR ITA;
Brother;Brother MFC8680DN;PANEL;LX2211001;PANEL COVER ASSY, MFC8881DNHY FOR ITA;
Brother;Brother MFC8680DN;PANEL;LS7638001;PANEL COVER ASSY, MFC8890DW FOR ITA;
Brother;Brother MFC8680DN;PANEL;LX2026001;PANEL COVER ASSY, DCP8085DN FOR CHN;
Brother;Brother MFC8680DN;PANEL;LS7920001;PANEL COVER ASSY, MFC8880DN FOR CHN;
Brother;Brother MFC8680DN;PANEL;LS7994001;PANEL COVER ASSY, MFC8880DN FOR PHL/ASA/IND/ARL/NZ;
Brother;Brother MFC8680DN;PANEL;LS7939001;PANEL COVER ASSY, DCP8085DN FOR TUR;
Brother;Brother MFC8680DN;PANEL;LS7981001;PANEL COVER ASSY, MFC8880DN FOR TUR;
Brother;Brother MFC8680DN;PANEL;LS7930001;PANEL COVER ASSY, DCP8080DN FOR ARG;
Brother;Brother MFC8680DN;PANEL;LS7952001;PANEL COVER ASSY, MFC8480DN FOR ARG/CHL;
Brother;Brother MFC8680DN;PANEL;LX2008001;PANEL COVER ASSY, MFC8890DW FOR ARG/CHL;
Brother;Brother MFC8680DN;PANEL;LS7983001;PANEL COVER ASSY, MFC8880DN FOR POL;
Brother;Brother MFC8680DN;PANEL;LX2084001;PANEL COVER ASSY, DCP8080DN FOR BRA;
Brother;Brother MFC8680DN;PANEL;LX2074001;PANEL COVER ASSY, DCP8085DN FOR BRA;
Brother;Brother MFC8680DN;PANEL;LX2077001;PANEL COVER ASSY, MFC8480DN FOR BRA;
Brother;Brother MFC8680DN;PANEL;LX2080001;PANEL COVER ASSY, MFC8890DW FOR BRA;
Brother;Brother MFC8680DN;PANEL;LX2054001;PANEL COVER ASSY, MFC8880DN FOR KOR;
Brother;Brother MFC8680DN;PANEL;LS7943001;PANEL COVER ASSY, DCP8085DN FOR RUS;
Brother;Brother MFC8680DN;PANEL;LS7990001;PANEL COVER ASSY, MFC8880DN FOR RUS;
Brother;Brother MFC8680DN;PANEL;LS7664001;PANEL COVER ASSY, MFC8880DN FOR PND;
Brother;Brother MFC8680DN;PANEL;LS7682001;PANEL COVER ASSY, MFC8890DW FOR PND;
Brother;Brother MFC8680DN;PANEL;LS7614001;PANEL COVER ASSY, DCP8085DN FOR ARG/CHL/IBR (SPANISH);
Brother;Brother MFC8680DN;PANEL;LS7566001;PANEL COVER ASSY, MFC8880DN FOR IBR (SPANISH);
Brother;Brother MFC8680DN;PANEL;LS7645001;PANEL COVER ASSY, MFC8890DW FOR IBR (SPANISH);
Brother;Brother MFC8680DN;PANEL;LS7615001;PANEL COVER ASSY, DCP8085DN FOR IBR (PORTUGUESE);
Brother;Brother MFC8680DN;PANEL;LS7567001;PANEL COVER ASSY, MFC8880DN FOR IBR (PORTUGUESE);
Brother;Brother MFC8680DN;PANEL;LS7646001;PANEL COVER ASSY, MFC8890DW FOR IBR (PORTUGUESE);
Brother;Brother MFC8680DN;PANEL;LX2051001;PANEL COVER ASSY, DCP8085DN FOR EEU;
Brother;Brother MFC8680DN;PANEL;87411216;TAPTITE CUP B M4X12;
Brother;Brother MFC8680DN;PANEL;LS7313001;PRINTED RUBBER KEY, DCP8080DN/DCP8085DN;
Brother;Brother MFC8680DN;PANEL;LS7272001;PRINTED RUBBER KEY, MFC8480DN/MFC8680DN/MFC8690DW/MFC8880DN/ MFC8881DNHY/MFC8890DW;
Brother;Brother MFC8680DN;PANEL;LT0695002;PANEL PCB ASSY, DCP8080DN/DCP8085DN EXCEPT FOR CHN;
Brother;Brother MFC8680DN;PANEL;LT0695001;PANEL PCB ASSY, MFC8480DN/MFC8680DN/MFC8690DW/MFC8880DN/ MFC8881DNHY/MFC8890DW EXCEPT FOR CHN;
Brother;Brother MFC8680DN;PANEL;LT0964002;PANEL PCB ASSY, DCP8085DN FOR CHN;
Brother;Brother MFC8680DN;PANEL;LT0964001;PANEL PCB ASSY, MFC8880DN FOR CHN;
Brother;Brother MFC8680DN;PANEL;A62006001;LCD EXCEPT FOR CHN;
Brother;Brother MFC8680DN;PANEL;A62027001;LCD FOR CHN;
Brother;Brother MFC8680DN;PANEL;LG6550001;BACK LIGHT MODULE;
Brother;Brother MFC8680DN;PANEL;LF9709001;LCD COVER;
Brother;Brother MFC8680DN;PANEL;LX2082001;PANEL INSULATION SHEET;
Brother;Brother MFC8680DN;PANEL;LF9717002;ADDRESS LABEL, MFC8480DN/MFC8680DN/MFC8690DW/MFC8880DN/ MFC8881DNHY/MFC8890DW EXCEPT FOR CHN;
Brother;Brother MFC8680DN;PANEL;LP2637003;ADDRESS LABEL, MFC8880DN FOR CHN;
Brother;Brother MFC8680DN;PANEL;LP2189002;ADDRESS LABEL, MFC8880DN/MFC8890DW FOR IBR;
Brother;Brother MFC8680DN;PCB;LT0673001;1;MAIN PCB ASSY, MFC8690DW/ MFC8890DW FOR US/ CAN
Brother;Brother MFC8680DN;PCB;LT0754004;1;MAIN PCB ASSY, MFC8480DN FOR ARG/ CHL/ BRA
Brother;Brother MFC8680DN;PCB;LT0673004;1;MAIN PCB ASSY, MFC8890DW EXCEPT FOR US/ CAN
Brother;Brother MFC8680DN;PCB;LT0839020;1;MAIN PCB ASSY, DCP8085DN FOR CHN
Brother;Brother MFC8680DN;PCB;LT0753020;1;MAIN PCB ASSY, MFC8880DN FOR CHN
Brother;Brother MFC8680DN;PCB;LT0755001;1;MAIN PCB ASSY, DCP8080DN
Brother;Brother MFC8680DN;PCB;LT0839001;1;MAIN PCB ASSY, DCP8085DN EXCEPT FOR CHN
Brother;Brother MFC8680DN;PCB;LT0754001;1;MAIN PCB ASSY, MFC8480DN FOR US/ CAN
Brother;Brother MFC8680DN;PCB;LT0753001;1;MAIN PCB ASSY, MFC8680DN
Brother;Brother MFC8680DN;PCB;LT0753004;1;MAIN PCB ASSY, MFC8880DN/ MFC8881DNHY EXCEPT FOR CHN
Brother;Brother MFC8680DN;PCB;LT0867001;1;NCU PCB ASSY, MFC8480DN/ MFC8680DN/ MFC8690DW/ MFC8890DW FOR US
Brother;Brother MFC8680DN;PCB;LT0867003;1;NCU PCB ASSY, MFC8480DN/ MFC8890DW FOR CAN
Brother;Brother MFC8680DN;PCB;LG5923054;1;NCU PCB ASSY, MFC8880DN/ MFC8890DW FOR GER/ AUS/ POL/ EEU
Brother;Brother MFC8680DN;PCB;LG5923065;1;NCU PCB ASSY, MFC8880DN/ MFC8881DNHY/ MFC8890DW FOR UK/ FRA/ BEL/ NLD/ ITA/ TUR/ RUS/ PND/ IBR
Brother;Brother MFC8680DN;PCB;LG5923056;1;NCU PCB ASSY, MFC8880DN/ MFC8890DW FOR CHE
Brother;Brother MFC8680DN;PCB;LG6190005;1;NCU PCB ASSY, MFC8480DN/ MFC8890CW FOR ARG/ CHL, MFC8880DN FOR CHN/ PHL/ ASA/ IND
Brother;Brother MFC8680DN;PCB;LG6872003;1;NCU PCB ASSY, MFC8880DN FOR GUL
Brother;Brother MFC8680DN;PCB;LG6190006;1;NCU PCB ASSY, MFC8480DN/ 8890DW FOR BRA
Brother;Brother MFC8680DN;PCB;LG6190009;1;NCU PCB ASSY, MFC8880DN FOR KOR
Brother;Brother MFC8680DN;PCB;LG6198003;1;NCU PCB ASSY, MFC8880DN/ MFC8890CW FOR ARL/ NZ
Brother;Brother MFC8680DN;PCB;LV0292001;1;PS PCB UNIT, DCP8080DN/ DCP8085DN/ MFC8480DN/ MFC8680DN/ MFC8690DW/ MFC8890DW FOR US/ CAN/ BRA
Brother;Brother MFC8680DN;PCB;LV0328001;1;PS PCB UNIT, DCP8080DN/ DCP8085DN/ MFC8480DN/ MFC8880DN/ MFC8881DNHY/ MFC8890DW FOR GER/ UK/ FRA/ BEL/ NLD/ CHE/ AUS/ ITA/ PHL/ TUR/ ARG/ CHL/ POL/ ASA/ GUL/ ARL/ NZ/ PND/ IBR/ EEU
Brother;Brother MFC8680DN;PCB;LU7519001;1;PS PCB UNIT, DCP8085DN/ MFC8880DN FOR CHN/ IND/ RUS
Brother;Brother MFC8680DN;PCB;LV0437001;1;PS PCB UNIT, MFC8880DN FOR KOR
Brother;Brother MFC8680DN;PCB;LJ9978001;1;HIGH-VOLTAGE PS PCB ASSY
Brother;Brother MFC8680DN;PCB;LM5867001;4;TAPTITE CUP S M3X6 SR
Brother;Brother MFC8680DN;PCB;LG5921001;1;BATTERY ASSY
Brother;Brother MFC8680DN;OTHERS;LU7338001;ROLLER HOLDER SP ASSY;
Brother;Brother MFC8680DN;OTHERS;LU7339001;MP ROLLER HOLDER SP ASSY;
