Brother;Brother HL2250DN;FRAME L & DRIVE UNIT;LY2290001;MAIN FRAME L ASSY, HL-2230/2240;
Brother;Brother HL2250DN;FRAME L & DRIVE UNIT;LY2003001;MAIN FRAME L ASSY, HL-2240D;
Brother;Brother HL2250DN;FRAME L & DRIVE UNIT;LY2309001;MAIN FRAME L ASSY, HL-2250DN;
Brother;Brother HL2250DN;FRAME L & DRIVE UNIT;LY2448001;MAIN FRAME L ASSY, HL-2270DW;
Brother;Brother HL2250DN;FRAME L & DRIVE UNIT;LV0579001;PAPER EJECT SENSOR PCB ASSY;
Brother;Brother HL2250DN;FRAME L & DRIVE UNIT;LY2010001;FUSER GEAR 28/34;
Brother;Brother HL2250DN;FRAME L & DRIVE UNIT;LY2054001;MAIN MOTOR;
Brother;Brother HL2250DN;FRAME L & DRIVE UNIT;LY2067001;DEVELOP DRIVE SUB ASSY;
Brother;Brother HL2250DN;FRAME L & DRIVE UNIT;300416;SCREW BIND M3X4;
Brother;Brother HL2250DN;FRAME L & DRIVE UNIT;LU5693001;TAPTITE BIND B M4X12;
Brother;Brother HL2250DN;FRAME L & DRIVE UNIT;LY2070001;DEV GEAR JOINT/52;
Brother;Brother HL2250DN;PAPER FEEDER;LY2087001;PF FRAME ASSY, HL-2230/ 2240/ 2240D;
Brother;Brother HL2250DN;PAPER FEEDER;LY2312001;PF FRAME ASSY, HL-2250DN/ 2270DW;
Brother;Brother HL2250DN;PAPER FEEDER;LY2482001;REGIST FRAME ASSY, HL-2230/ 2240;
Brother;Brother HL2250DN;PAPER FEEDER;LY2101001;REGIST FRAME ASSY, HL-2240D/ 2250DN/ 2270DW;
Brother;Brother HL2250DN;PAPER FEEDER;LY2093001;PICK-UP ROLLER HOLDER ASSY;
Brother;Brother HL2250DN;FRAME;LJ7403001;RUBBER FOOT;
Brother;Brother HL2250DN;FRAME;LY2136001;FAN MOTOR 60 ASSY;
Brother;Brother HL2250DN;FRAME;LY2141001;FILTER;
Brother;Brother HL2250DN;FRAME;LV0664001;PANEL PCB ASSY, HL-2230/ 2240/ 2240D;
Brother;Brother HL2250DN;FRAME;LV0580001;PANEL PCB ASSY, HL-2250DN/ 2270DW;
Brother;Brother HL2250DN;FRAME;LY2584001;FEEDER GEAR 17;
Brother;Brother HL2250DN;FRAME;LY2144001;T1 CLUTCH ASSY;
Brother;Brother HL2250DN;FRAME;LY2150001;REG CLUTCH ASSY;
Brother;Brother HL2250DN;FRAME;LT1401001;WIRELESS LAN PCB, HL-2270DW;
Brother;Brother HL2250DN;LASER UNIT;LY2514001;LASER UNIT BLL A (SP);
Brother;Brother HL2250DN;LASER UNIT;LU1259001;LABEL LASER CAUTION 75X100;
Brother;Brother HL2250DN;LASER UNIT;LY2700001;TAPTITE CUP S M3X6 SR;
Brother;Brother HL2250DN;DX;LY2166001;DUPLEX TRAY, HL-2240D/ 2270DW FOR US/ CAN;
Brother;Brother HL2250DN;DX;LY2452001;DUPLEX TRAY, HL-2240D/ 2250DN/ 2270DW EXCEPT FOR US/ CAN;
Brother;Brother HL2250DN;PAPER CASSETTE;LY2190001;PAPER TRAY FOR US/ CAN/ ARG/ CHL/ BRA/ SGP;
Brother;Brother HL2250DN;PAPER CASSETTE;LY2567001;PAPER TRAY EXCEPT FOR US/ CAN/ ARG/ CHL/ BRA/ SGP;
Brother;Brother HL2250DN;PAPER CASSETTE;LR0252001;GEAR Z19M10;
Brother;Brother HL2250DN;PAPER CASSETTE;LY2202001;LIFT GEAR 46;
Brother;Brother HL2250DN;PAPER CASSETTE;LY2207001;SEPARATION PAD SPRING 2;
Brother;Brother HL2250DN;PAPER CASSETTE;LY2208001;SEPARATION PAD ASSY;
Brother;Brother HL2250DN;FUSER UNIT;LY2487001;FUSER UNIT 115V (SP);
Brother;Brother HL2250DN;FUSER UNIT;LY2488001;FUSER UNIT 230V (SP);
Brother;Brother HL2250DN;FUSER UNIT;LJ0395001;TAPTITE PAN B M4X14;
Brother;Brother HL2250DN;COVERS & LABELS;LY3029003;TOP COVER ASSY, HL-2230;
Brother;Brother HL2250DN;COVERS & LABELS;LY3029001;TOP COVER ASSY, HL-2240;
Brother;Brother HL2250DN;COVERS & LABELS;LY2254001;TOP COVER ASSY, HL-2240D;
Brother;Brother HL2250DN;COVERS & LABELS;LY2254002;TOP COVER ASSY, HL-2250DN/ 2270DW;
Brother;Brother HL2250DN;COVERS & LABELS;LY2266003;SUPPORT FLAP 2, HL-2230;
Brother;Brother HL2250DN;COVERS & LABELS;LY2266001;SUPPORT FLAP 2, HL-2240/ 2240D;
Brother;Brother HL2250DN;COVERS & LABELS;LY2266002;SUPPORT FLAP 2, HL-2250DN/ 2270DW;
Brother;Brother HL2250DN;COVERS & LABELS;LY2267001;FRONT COVER ASSY, HL-2230/ 2240/ 2240D/ 2250DN;
Brother;Brother HL2250DN;COVERS & LABELS;LY3164001;EXCEPT FOR SGP/ RUS FRONT COVER ASSY, HL-2240/ 2240D/ 2250DN FOR RUS;
Brother;Brother HL2250DN;COVERS & LABELS;LY3162001;FRONT COVER ASSY, HL-2240D/ 2250DN FOR SGP;
Brother;Brother HL2250DN;COVERS & LABELS;LY2435001;FRONT COVER ASSY, HL-2270DW EXCEPT FOR SGP;
Brother;Brother HL2250DN;COVERS & LABELS;LY3160001;FRONT COVER ASSY, HL-2270DW FOR SGP;
Brother;Brother HL2250DN;COVERS & LABELS;LY2275003;INNER CHUTE ASSY, HL-2230;
Brother;Brother HL2250DN;COVERS & LABELS;LY2275001;INNER CHUTE ASSY, HL-2240/ 2240D;
Brother;Brother HL2250DN;COVERS & LABELS;LY2275002;INNER CHUTE ASSY, HL-2250DN/ 2270DW;
Brother;Brother HL2250DN;COVERS & LABELS;LY2317001;FUSER COVER;
Brother;Brother HL2250DN;COVERS & LABELS;LY2283001;SIDE COVER L;
Brother;Brother HL2250DN;COVERS & LABELS;LY2284001;SIDE COVER R;
Brother;Brother HL2250DN;COVERS & LABELS;LY2285001;OUTER CHUTE ASSY;
Brother;Brother HL2250DN;COVERS & LABELS;LY2529002;BACK COVER ASSY, HL-2230/ 2240;
Brother;Brother HL2250DN;COVERS & LABELS;LY2287001;BACK COVER, HL-2240D/ 2250DN/ 2270DW;
Brother;Brother HL2250DN;COVERS & LABELS;LY0872001;LAN PORT CAP, HL-2250DN/ 2270DW;
Brother;Brother HL2250DN;COVERS & LABELS;LY2713001;LABEL PROCESS OP US 19X135;
Brother;Brother HL2250DN;COVERS & LABELS;LY2438001;FOR US/ CAN/ ARG/ CHL/ BRA LABEL PROCESS OP EUR 19X135;
Brother;Brother HL2250DN;COVERS & LABELS;LY2439001;EXCEPT FOR US/ CAN/ ARG/ CHL/ BRA LABEL H CAUTION REAR 13X95;
Brother;Brother HL2250DN;COVERS & LABELS;LU5693001;TAPTITE BIND B M4X12;
Brother;Brother HL2250DN;COVERS & LABELS;LY2562001;MODEL PLATE, HL-2230;
Brother;Brother HL2250DN;COVERS & LABELS;LY2689001;MODEL PLATE, HL-2240 EXCEPT FOR RUS;
Brother;Brother HL2250DN;COVERS & LABELS;LY3173001;MODEL PLATE, HL-2240 FOR RUS;
Brother;Brother HL2250DN;COVERS & LABELS;LY2436001;MODEL PLATE, HL-2240D EXCEPT FOR RUS;
Brother;Brother HL2250DN;COVERS & LABELS;LY3172001;MODEL PLATE, HL-2240D FOR RUS;
Brother;Brother HL2250DN;COVERS & LABELS;LY2522001;MODEL PLATE, HL-2250DN EXCEPT FOR RUS;
Brother;Brother HL2250DN;COVERS & LABELS;LY3174001;MODEL PLATE, HL-2250DN FOR RUS;
Brother;Brother HL2250DN;COVERS & LABELS;LY2437001;MODEL PLATE, HL-2270DW;
Brother;Brother HL2250DN;COVERS & LABELS;LY2455001;SW KEY PRINTED ASSY;
Brother;Brother HL2250DN;COVERS & LABELS;LY3026001;PAPER STACK LEVER, HL-2240D/ 2250DN/ 2270DW;
Brother;Brother HL2250DN;COVERS & LABELS;LY2274001;SUPPORT FLAP 1;
Brother;Brother HL2250DN;COVERS & LABELS;LU2234001;EJECT PINCH ROLLER R ASSY;
Brother;Brother HL2250DN;COVERS & LABELS;LU2237001;EJECT PINCH ROLLER L ASSY;
Brother;Brother HL2250DN;COVERS & LABELS;LY2262001;Not used PAPER STACK LEVER, HL-2230/ 2240;
Brother;Brother HL2250DN;MAIN PCB;LV0675001;MAIN PCB ASSY, HL-2230;
Brother;Brother HL2250DN;MAIN PCB;LV0662001;MAIN PCB ASSY, HL-2240;
Brother;Brother HL2250DN;MAIN PCB;LV0561001;MAIN PCB ASSY, HL-2240D;
Brother;Brother HL2250DN;MAIN PCB;LV0567001;MAIN PCB ASSY, HL-2250DN;
Brother;Brother HL2250DN;MAIN PCB;LV0560001;MAIN PCB ASSY, HL-2270DW FOR US/ CAN;
Brother;Brother HL2250DN;MAIN PCB;LV0560002;MAIN PCB ASSY, HL-2270DW EXCEPT FOR US/ CAN;
Brother;Brother HL2250DN;LVPS;LV0583001;LOW VOLTAGE POWER SUPPLY PCB ASSY 115V;
Brother;Brother HL2250DN;LVPS;LV0584001;LOW VOLTAGE POWER SUPPLY PCB ASSY 230V EXCEPT FOR RUS;
Brother;Brother HL2250DN;LVPS;LV0630001;LOW VOLTAGE POWER SUPPLY PCB ASSY 230V FOR RUS;
Brother;Brother HL2250DN;HVPS;LV0564001;HIGHT VOLTAGE POWER SUPPLY PCB ASSY;
Brother;Brother HL2250DN;PERIODICAL MAINTENANCE PARTS;LY3058001;PAPER FEEDING KIT;
