Brother;Brother DCP7055;FRAME L & DRIVE UNIT;LX5095001;MAIN FRAME L ASSY, DCP7055 EXCEPT FOR CHN/ RUS, DCP7057/ DCP7057E/ MFC7360 FOR ALL COUNTRIES;
Brother;Brother DCP7055;FRAME L & DRIVE UNIT;LX5827001;MAIN FRAME L ASSY, DCP7055 FOR CHN/ RUS;
Brother;Brother DCP7055;FRAME L & DRIVE UNIT;LX5175001;MAIN FRAME L ASSY, DCP7060D/ MFC7470D;
Brother;Brother DCP7055;FRAME L & DRIVE UNIT;LX5001001;MAIN FRAME L ASSY, DCP7065DN/ DCP7070DW/ HL2280DW/ MFC7460DN/ MFC7860DN/ MFC7860DW;
Brother;Brother DCP7055;FRAME L & DRIVE UNIT;LX5278001;MAIN FRAME L ASSY, MFC7360N/ MFC7362N;
Brother;Brother DCP7055;FRAME L & DRIVE UNIT;LV0579001;PAPER EJECT SENSOR PCB ASSY;
Brother;Brother DCP7055;FRAME L & DRIVE UNIT;LY2010001;FUSER GEAR 28/ 34;
Brother;Brother DCP7055;FRAME L & DRIVE UNIT;LY2054001;MAIN MOTOR;
Brother;Brother DCP7055;FRAME L & DRIVE UNIT;LY2067001;DEVELOP DRIVE SUB ASSY;
Brother;Brother DCP7055;FRAME L & DRIVE UNIT;300416;SCREW BIND M3X4;
Brother;Brother DCP7055;FRAME L & DRIVE UNIT;LU5693001;TAPTITE BIND B M4X12;
Brother;Brother DCP7055;FRAME L & DRIVE UNIT;LT1130001;INTERNAL TEMPERATURE SENSOR;
Brother;Brother DCP7055;FRAME L & DRIVE UNIT;LY2070001;DEVELOP GEAR JOINT/ 52;
Brother;Brother DCP7055;PAPER FEEDER;LY2087001;PF FRAME ASSY, DCP7055/ DCP7057/ DCP7057E/ DCP7060D/ MFC7360/ MFC7360N/ MFC7362N;
Brother;Brother DCP7055;PAPER FEEDER;LY2312001;PF FRAME ASSY, DCP7065DN/ DCP7070DW/ HL2280DW/ MFC7460DN/ MFC7470D/ MFC7860DN/ MFC7860DW;
Brother;Brother DCP7055;PAPER FEEDER;LY2482001;REGIST FRAME ASSY, DCP7055/ DCP7057/ DCP7057E/ MFC7360/ MFC7360N/ MFC7362N;
Brother;Brother DCP7055;PAPER FEEDER;LY2101001;REGIST FRAME ASSY, DCP7060D/ DCP7065DN/ DCP7070DW/ HL2280DW/ MFC7460DN/ MFC7470D/ MFC7860DN/ MFC7860DW;
Brother;Brother DCP7055;PAPER FEEDER;LY2093001;PICK-UP ROLLER HOLDER ASSY;
Brother;Brother DCP7055;FRAME;LJ7403001;RUBBER FOOT;
Brother;Brother DCP7055;FRAME;LY2136001;FUSER FAN;
Brother;Brother DCP7055;FRAME;LY2141001;FILTER;
Brother;Brother DCP7055;FRAME;LT1475001;NEW TONER SENSOR PCB ASSY, DCP7055/ DCP7057/ DCP7057E/ DCP7060D/ MFC7360/ MFC7360N/ MFC7362N;
Brother;Brother DCP7055;FRAME;LT1268001;NEW TONER SENSOR PCB ASSY, DCP7065DN/ DCP7070DW/ HL2280DW/ MFC7460DN/ MFC7470D/ MFC7860DN/ MFC7860DW;
Brother;Brother DCP7055;FRAME;LY2584001;FEEDER GEAR 17;
Brother;Brother DCP7055;FRAME;LY2144001;T1 CLUTCH ASSY;
Brother;Brother DCP7055;FRAME;LY2150001;REG CLUTCH ASSY;
Brother;Brother DCP7055;FRAME;LT1401001;WIRELESS LAN PCB ASSY, DCP7070DW/ HL2280DW/ MFC7860DW;
Brother;Brother DCP7055;LASER UNIT;LY2566001;LASER UNIT (SP), DCP7055/ DCP7057/ DCP7057E;
Brother;Brother DCP7055;LASER UNIT;LX5198001;LASER UNIT (SP), DCP7060D/ DCP7065DN/ DCP7070DW/ HL2280DW/;
Brother;Brother DCP7055;LASER UNIT;LU1259001;MFC7360/ MFC7360N/ MFC7362N/ MFC7460DN/ MFC7470D/ MFC7860DN/ MFC7860DW LABEL LASER CAUTION 75X100;
Brother;Brother DCP7055;LASER UNIT;LP2378001;TAPTITE CUP S M3X8 SR;
Brother;Brother DCP7055;DX;LY2166001;DUPLEX TRAY, DCP7060D/ DCP7065DN/ HL2280DW/ MFC7460DN/ MFC7470D/ MFC7860DW FOR US/ CAN/ PHL/ ARG/ CHL/ BRA;
Brother;Brother DCP7055;DX;LY2452001;DUPLEX TRAY, DCP7060D/ DCP7065DN/ DCP7070DW/ MFC7460DN/ MFC7470D/ MFC7860DN/ MFC7860DW EXCEPT FOR US/ CAN/ PHL/ ARG/ CHL/ BRA;
Brother;Brother DCP7055;PAPER CASSETTE;LX5007003;PAPER TRAY, DCP7055/ MFC7360/ MFC7360N FOR US/ CAN/ ARG/ CHL/ TWN/ ASA/ BRA/ IND/ MEX;
Brother;Brother DCP7055;PAPER CASSETTE;LX5007001;PAPER TRAY, DCP7060D/ DCP7065DN/ HL2280DW/ MFC7460DN/ MFC7860DW FOR US/ CAN/ PHL/ TWN/ ARG/ CHL/ ASA/ BRA/ IND;
Brother;Brother DCP7055;PAPER CASSETTE;LX5199001;PAPER TRAY, DCP7060D/ DCP7065DN/ DCP7070DW/ MFC7460DN/ MFC7470D/ MFC7860DN/ MFC7860DW EXCEPT FOR US/ CAN/ PHL/ TWN/ ASA/ ARG/ CHL/ BRA/ IND;
Brother;Brother DCP7055;PAPER CASSETTE;LX5199003;PAPER TRAY, DCP7055/ DCP7057/ DCP7057E/ MFC7360/ MFC7360N EXCEPT FOR US/ CAN/ ARG/ CHL/ TWN/ ASA/ BRA/ IND/ MEX;
Brother;Brother DCP7055;PAPER CASSETTE;LX5199004;PAPER TRAY, MFC7362N;
Brother;Brother DCP7055;PAPER CASSETTE;LR0252001;GEAR Z19M10;
Brother;Brother DCP7055;PAPER CASSETTE;LY2202001;LIFT GEAR 46;
Brother;Brother DCP7055;PAPER CASSETTE;LY2207001;SEPARATION PAD SPRING 2;
Brother;Brother DCP7055;PAPER CASSETTE;LY2208001;SEPARATION PAD ASSY;
Brother;Brother DCP7055;FUSER UNIT;LY2487001;FUSER UNIT 115V (SP);
Brother;Brother DCP7055;FUSER UNIT;LY3454001;FUSER UNIT 230V (SP) FOR CHN;
Brother;Brother DCP7055;FUSER UNIT;LY3704001;FUSER UNIT 230V (SP) EXCEPT FOR CHN;
Brother;Brother DCP7055;FUSER UNIT;LJ0395001;TAPTITE PAN B M4X14;
Brother;Brother DCP7055;COVERS & LABELS;;DCP7060D/ DCP7065DN/ DCP7070DW/ HL2280DW/ MFC7860DW FOR ALL COUNTRIES,;
Brother;Brother DCP7055;COVERS & LABELS;LX5081003;JOINT COVER ASSY, DCP7055;
Brother;Brother DCP7055;COVERS & LABELS;LX5081004;JOINT COVER ASSY, DCP7057/ DCP7057E;
Brother;Brother DCP7055;COVERS & LABELS;LX5081001;JOINT COVER ASSY, DCP7060D;
Brother;Brother DCP7055;COVERS & LABELS;LX5081002;JOINT COVER ASSY, DCP7065DN/ DCP7070DW/ HL2280DW;
Brother;Brother DCP7055;COVERS & LABELS;LX5368003;JOINT COVER ASSY, MFC7360 FOR CHN;
Brother;Brother DCP7055;COVERS & LABELS;LX5043003;JOINT COVER ASSY, MFC7360/ MFC7360N EXCEPT FOR CHN;
Brother;Brother DCP7055;COVERS & LABELS;LX5043004;JOINT COVER ASSY, MFC7362N;
Brother;Brother DCP7055;COVERS & LABELS;LX5043001;JOINT COVER ASSY, MFC7460DN;
Brother;Brother DCP7055;COVERS & LABELS;LX5368001;JOINT COVER ASSY, MFC7470D;
Brother;Brother DCP7055;COVERS & LABELS;LX5368002;JOINT COVER ASSY, MFC7860DN FOR CHN;
Brother;Brother DCP7055;COVERS & LABELS;LX5043002;JOINT COVER ASSY, MFC7860DN/ MFC7860DW EXCEPT FOR CHN;
Brother;Brother DCP7055;COVERS & LABELS;LX5824001;FRONT COVER ASSY, DCP7057/ DCP7057E EXCEPT FOR RUS;
Brother;Brother DCP7055;COVERS & LABELS;LX5050001;FRONT COVER ASSY, DCP7060D/ MFC7460DN EXCEPT FOR CHN/ ASA/ RUS;
Brother;Brother DCP7055;COVERS & LABELS;LX5050002;FRONT COVER ASSY, DCP7065DN EXCEPT FOR PHL/ GUL/ IND/ RUS;
Brother;Brother DCP7055;COVERS & LABELS;LX5050003;FRONT COVER ASSY, MFC7360 FOR TWN, MFC7360N EXCEPT FOR RUS;
Brother;Brother DCP7055;COVERS & LABELS;LX5050004;FRONT COVER ASSY, MFC7362N;
Brother;Brother DCP7055;COVERS & LABELS;LX5828001;FRONT COVER ASSY, DCP7055 FOR CHN;
Brother;Brother DCP7055;COVERS & LABELS;LX5830001;FRONT COVER ASSY, DCP7060D/ MFC7470D FOR CHN;
Brother;Brother DCP7055;COVERS & LABELS;LX5830003;FRONT COVER ASSY, MFC7360 FOR CHN;
Brother;Brother DCP7055;COVERS & LABELS;LX5832001;FRONT COVER ASSY, MFC7860DN FOR CHN;
Brother;Brother DCP7055;COVERS & LABELS;LX5904002;FRONT COVER ASSY, DCP7065DN FOR PHL/ GUL/ IND;
Brother;Brother DCP7055;COVERS & LABELS;LX5955001;FRONT COVER ASSY, DCP7055 FOR ASA/ GUL/ IND;
Brother;Brother DCP7055;COVERS & LABELS;LX5904001;FRONT COVER ASSY, DCP7060D FOR ASA;
Brother;Brother DCP7055;COVERS & LABELS;LX5904003;FRONT COVER ASSY, MFC7360 FOR ASA/ GUL/ KOR/ IND;
Brother;Brother DCP7055;COVERS & LABELS;LEA029001;FRONT COVER ASSY, MFC7860DN FOR KOR, MFC7860DW FOR PHL/ ASA/ GUL;
Brother;Brother DCP7055;COVERS & LABELS;LX5906001;FRONT COVER ASSY, DCP7055 FOR RUS;
Brother;Brother DCP7055;COVERS & LABELS;LX5908001;FRONT COVER ASSY, DCP7057 FOR RUS;
Brother;Brother DCP7055;COVERS & LABELS;LX5910001;FRONT COVER ASSY, DCP7060D FOR RUS;
Brother;Brother DCP7055;COVERS & LABELS;LX5910002;FRONT COVER ASSY, DCP7065DN FOR RUS;
Brother;Brother DCP7055;COVERS & LABELS;LX5910003;FRONT COVER ASSY, MFC7360N FOR RUS;
Brother;Brother DCP7055;COVERS & LABELS;LX5912001;FRONT COVER ASSY, DCP7070DW/ MFC7860DW FOR RUS;
Brother;Brother DCP7055;COVERS & LABELS;LX5078001;FRONT COVER ASSY, DCP7070DW/ HL2280DW/ MFC7860DW EXCEPT FOR PHL/ ASA/ GUL/ RUS;
Brother;Brother DCP7055;COVERS & LABELS;LX5083001;FRONT COVER ASSY, DCP7055 EXCEPT FOR CHN/ ASA/ RUS;
Brother;Brother DCP7055;COVERS & LABELS;LX5055003;SUPPORT FLAP 1, DCP7055;
Brother;Brother DCP7055;COVERS & LABELS;LX5055001;SUPPORT FLAP 1, DCP7057/ DCP7057E/ DCP7060D/ MFC7460DN/ MFC7470D;
Brother;Brother DCP7055;COVERS & LABELS;LX5055002;SUPPORT FLAP 1, DCP7065DN/ DCP7070DW/ HL2280DW/ MFC7362N/ MFC7860DN/ MFC7860DW;
Brother;Brother DCP7055;COVERS & LABELS;LX5055004;SUPPORT FLAP 1, MFC7360/ MFC7360N;
Brother;Brother DCP7055;COVERS & LABELS;LY2275003;INNER CHUTE ASSY, DCP7055;
Brother;Brother DCP7055;COVERS & LABELS;LY2275001;INNER CHUTE ASSY, DCP7057/ DCP7057E/ DCP7060D/ MFC7460DN/ MFC7470D;
Brother;Brother DCP7055;COVERS & LABELS;LY2275002;INNER CHUTE ASSY, DCP7065DN/ DCP7070DW/ HL2280DW/ MFC7360/ MFC7360N/ MFC7362N/;
Brother;Brother DCP7055;COVERS & LABELS;LY2317001;FUSER COVER;
Brother;Brother DCP7055;COVERS & LABELS;LY2285001;OUTER CHUTE ASSY;
Brother;Brother DCP7055;COVERS & LABELS;LX5318003;BACK COVER, DCP7055/ DCP7057/ DCP7057E/ MFC7360/ MFC7360N;
Brother;Brother DCP7055;COVERS & LABELS;LX5163001;BACK COVER, DCP7060D/ DCP7065DN/ DCP7070DW/ HL2280DW/ MFC7460DN/ MFC7470D/ MFC7860DN/ MFC7860DW;
Brother;Brother DCP7055;COVERS & LABELS;LX5318004;BACK COVER, MFC7362N;
Brother;Brother DCP7055;COVERS & LABELS;LX5058003;SIDE COVER L, DCP7055/ DCP7057/ DCP7057E/ MFC7360N FOR ALL COUNTRIES, MFC7360 EXCEPT FOR CHN;
Brother;Brother DCP7055;COVERS & LABELS;LX5058001;SIDE COVER L,;
Brother;Brother DCP7055;COVERS & LABELS;LX5058004;MFC7460DN/ MFC7860DN EXCEPT FOR CHN SIDE COVER L, MFC7362N;
Brother;Brother DCP7055;COVERS & LABELS;LX5294003;SIDE COVER L ASSY, MFC7360 FOR CHN;
Brother;Brother DCP7055;COVERS & LABELS;LX5294001;SIDE COVER L ASSY, MFC7470D/ MFC7860DN FOR CHN;
Brother;Brother DCP7055;COVERS & LABELS;LX5059003;SIDE COVER R, DCP7055/ DCP7057/ DCP7057E/ MFC7360/ MFC7360N;
Brother;Brother DCP7055;COVERS & LABELS;LX5059001;SIDE COVER R, DCP7060D/ DCP7065DN/ DCP7070DW/ HL2280DW/ MFC7460DN/ MFC7470D/ MFC7860DN/ MFC7860DW;
Brother;Brother DCP7055;COVERS & LABELS;LX5059004;SIDE COVER R, MFC7362N;
Brother;Brother DCP7055;COVERS & LABELS;LF6145001;PULL ARM L;
Brother;Brother DCP7055;COVERS & LABELS;LF6146001;PULL ARM R;
Brother;Brother DCP7055;COVERS & LABELS;LS0340001;PULL ARM GUIDE;
Brother;Brother DCP7055;COVERS & LABELS;LF6148001;LOCK CLAW;
Brother;Brother DCP7055;COVERS & LABELS;LX4020001;PULL ARM SPRING;
Brother;Brother DCP7055;COVERS & LABELS;LY0872001;LAN PORT CAP, DCP7065DN/ DCP7070DW/ HL2280DW/ MFC7360N/ MFC7362N/ MFC7460DN/ MFC7860DN/ MFC7860DW;
Brother;Brother DCP7055;COVERS & LABELS;LE8842001;EXT CAP, MFC7360 MFC7360N/ MFC7362N/ MFC7460DN/ MFC7470D;
Brother;Brother DCP7055;COVERS & LABELS;UF5745000;MFC7860DW FOR US/ CAN/ CHE/ PHL/ TWN/ CHL/ POL/ ASA/ GUL/ BRA/ RUS/ ARL/ NZ/ PND/ IBR MJ COVER EXT,;
Brother;Brother DCP7055;COVERS & LABELS;LT1535001;SPEAKER UNIT,;
Brother;Brother DCP7055;COVERS & LABELS;LF6745001;CORD HOOK, MFC7360/ MFC7360N/ MFC7362N;
Brother;Brother DCP7055;COVERS & LABELS;LF6745002;CORD HOOK, MFC7460DN/ MFC7470D/ MFC7860DN/ MFC7860DW;
Brother;Brother DCP7055;COVERS & LABELS;LX5098001;PROCESS UNIT OP LABEL;
Brother;Brother DCP7055;COVERS & LABELS;LY2439001;LABEL H CAUTION REAR 13x95;
Brother;Brother DCP7055;COVERS & LABELS;LX5958001;JAM REMOVE LABEL FOR CHN;
Brother;Brother DCP7055;COVERS & LABELS;LX5260001;JAM REMOVE LABEL EXCEPT FOR CHN;
Brother;Brother DCP7055;COVERS & LABELS;LU5693001;TAPTITE BIND B M4x12;
Brother;Brother DCP7055;COVERS & LABELS;LX5412001;DR/ TN MODEL LABEL FOR;
Brother;Brother DCP7055;COVERS & LABELS;LX5957001;DR/ TN MODEL LABEL FOR DCP7055 FOR ARG/ CHL/ BRA/ MEX;
Brother;Brother DCP7055;COVERS & LABELS;LY3026001;PAPER STACK LEVER;
Brother;Brother DCP7055;COVERS & LABELS;LY2266003;SUPPORT FLAP 2, DCP7055;
Brother;Brother DCP7055;COVERS & LABELS;LY2266001;SUPPORT FLAP 2, DCP7057/ DCP7057E/ DCP7060D/ MFC7460DN/ MFC7470D;
Brother;Brother DCP7055;COVERS & LABELS;LY2266002;SUPPORT FLAP 2, DCP7065DN/ DCP7070DW/ HL2280DW/ MFC7362N/ MFC7860DN/ MFC7860DW;
Brother;Brother DCP7055;COVERS & LABELS;LY2266004;SUPPORT FLAP 2, MFC7360/ MFC7360N;
Brother;Brother DCP7055;COVERS & LABELS;LU2234001;EJECT PICH ROLLER R ASSY;
Brother;Brother DCP7055;COVERS & LABELS;LU2237001;EJECT PICH ROLLER L ASSY;
Brother;Brother DCP7055;COVERS & LABELS;LX5295003;SIDE COVER L, MFC7360 FOR CHN;
Brother;Brother DCP7055;COVERS & LABELS;LX5295001;SIDE COVER L, MFC7470D/ MFC7860DN FOR CHN;
Brother;Brother DCP7055;COVERS & LABELS;LX5296003;LOWER HANDSET COVER, MFC7360 FOR CHN;
Brother;Brother DCP7055;COVERS & LABELS;LX5296001;LOWER HANDSET COVER, MFC7470D/ MFC7860DN FOR CHN;
Brother;Brother DCP7055;COVERS & LABELS;LX5297003;UPPER HANDSET COVER, MFC7360 FOR CHN;
Brother;Brother DCP7055;COVERS & LABELS;LX5297001;UPPER HANDSET COVER, MFC7470D/ MFC7860DN FOR CHN;
Brother;Brother DCP7055;COVERS & LABELS;LT1764001;HOOK SWITCH PCB ASSY, MFC7360/ MFC7470D/ MFC7860DN FOR CHN;
Brother;Brother DCP7055;COVERS & LABELS;LS0018008;ACTUATOR HOOK PL, MFC7360/ MFC7470D/ MFC7860DN FOR CHN;
Brother;Brother DCP7055;SCANNER UNIT;LEA214001;DOCUMENT SCANNER UNIT (SP), DCP7060D/ DCP7070DW/ HL2280DW EXCEPT FOR CHN;
Brother;Brother DCP7055;SCANNER UNIT;LX5893004;DOCUMENT SCANNER UNIT (SP), MFC7362N;
Brother;Brother DCP7055;SCANNER UNIT;LEA301003;DOCUMENT SCANNER UNIT (SP), DCP7055 FOR CHN;
Brother;Brother DCP7055;SCANNER UNIT;LEA301001;DOCUMENT SCANNER UNIT (SP), DCP7060D FOR CHN;
Brother;Brother DCP7055;SCANNER UNIT;LEA287003;DOCUMENT SCANNER UNIT (SP), MFC7360 FOR CHN;
Brother;Brother DCP7055;SCANNER UNIT;LEA287001;DOCUMENT SCANNER UNIT (SP), MFC7470D/ MFC7860DN FOR CHN;
Brother;Brother DCP7055;SCANNER UNIT;LEA214003;DOCUMENT SCANNER UNIT (SP), DCP7055/ DCP7057/ DCP7057E EXCEPT FOR CHN;
Brother;Brother DCP7055;SCANNER UNIT;LX5893001;DOCUMENT SCANNER UNIT (SP), DCP7060D/ DCP7065DN/ MFC7460DN/ MFC7860DN/ MFC7860DW EXCEPT FOR CHN;
Brother;Brother DCP7055;SCANNER UNIT;LX5893003;DOCUMENT SCANNER UNIT (SP), DCP7055/ MFC7360/ MFC7360N EXCEPT FOR CHN;
Brother;Brother DCP7055;SCANNER UNIT;LX5186001;ADF CLEAN UP LABEL, DCP7065DN/ MFC7360/ MFC7360N/ MFC7362N/ MFC7460DN/ MFC7470D/ MFC7860DN/ MFC7860DW;
Brother;Brother DCP7055;ADF UNIT & DOCUMENT COVER ASSY;LX5888002;ADF UNIT (SP), DCP7065DN/ MFC7860DN/ MFC7860DW;
Brother;Brother DCP7055;ADF UNIT & DOCUMENT COVER ASSY;LX5888003;ADF UNIT (SP), MFC7360/ MFC7360N;
Brother;Brother DCP7055;ADF UNIT & DOCUMENT COVER ASSY;LX5888004;ADF UNIT (SP), MFC7362N;
Brother;Brother DCP7055;ADF UNIT & DOCUMENT COVER ASSY;LX5888001;ADF UNIT (SP), MFC7460DN/ MFC7470D;
Brother;Brother DCP7055;ADF UNIT & DOCUMENT COVER ASSY;LX5255001;HINGE ASSY L, DCP7065DN/ MFC7460DN/ MFC7470D/ MFC7860DN/ MFC7860DW;
Brother;Brother DCP7055;ADF UNIT & DOCUMENT COVER ASSY;LX5255003;HINGE ASSY L, MFC7360/ MFC7360N/ MFC7362N;
Brother;Brother DCP7055;ADF UNIT & DOCUMENT COVER ASSY;LX5180001;HINGE R, DCP7065DN/ MFC7460DN/ MFC7470D/ MFC7860DN/ MFC7860DW;
Brother;Brother DCP7055;ADF UNIT & DOCUMENT COVER ASSY;LX5180003;HINGE R, MFC7360/ MFC7360N;
Brother;Brother DCP7055;ADF UNIT & DOCUMENT COVER ASSY;LX5180004;HINGE R, MFC7362N;
Brother;Brother DCP7055;ADF UNIT & DOCUMENT COVER ASSY;LS8155002;HINGE R SUPPORT, DCP7065DN/ MFC7460DN/ MFC7470D/ MFC7860DN/ MFC7860DW;
Brother;Brother DCP7055;ADF UNIT & DOCUMENT COVER ASSY;LS8155003;HINGE R SUPPORT, MFC7360/ MFC7360N;
Brother;Brother DCP7055;ADF UNIT & DOCUMENT COVER ASSY;LS8155004;HINGE R SUPPORT, MFC7362N;
Brother;Brother DCP7055;ADF UNIT & DOCUMENT COVER ASSY;LX5211001;ADF EMBLEM, DCP7065DN FOR US/ CAN/ ARG/ CHL/ BRA;
Brother;Brother DCP7055;ADF UNIT & DOCUMENT COVER ASSY;LX4202003;ADF EMBLEM, MFC7360N FOR US/ CAN/ ARG/ BRA;
Brother;Brother DCP7055;ADF UNIT & DOCUMENT COVER ASSY;LX4202002;ADF EMBLEM, MFC7460DN/ MFC7860DW FOR US/ CAN/ ARG/ CHL/ BRA;
Brother;Brother DCP7055;ADF UNIT & DOCUMENT COVER ASSY;LX4197002;ADF EMBLEM, DCP7065DN EXCEPT FOR US/ CAN/ ARG/ CHL/ BRA;
Brother;Brother DCP7055;ADF UNIT & DOCUMENT COVER ASSY;LX4196003;ADF EMBLEM, MFC7360/ MFC7360N EXCEPT FOR US/ CAN/ ARG;
Brother;Brother DCP7055;ADF UNIT & DOCUMENT COVER ASSY;LX4196002;ADF EMBLEM, MFC7460DN/ MFC7470D/ MFC7860DN/ MFC7860DW EXCEPT FOR US/ CAN/ ARG/ CHL/ BRA;
Brother;Brother DCP7055;ADF UNIT & DOCUMENT COVER ASSY;LX4196004;ADF EMBLEM, MFC7362N;
Brother;Brother DCP7055;ADF UNIT & DOCUMENT COVER ASSY;LX5938003;DOCUMENT COVER ASSY (SP), DCP7055/ DCP7057/ DCP7057E;
Brother;Brother DCP7055;ADF UNIT & DOCUMENT COVER ASSY;LX5938001;DOCUMENT COVER ASSY (SP), DCP7060D;
Brother;Brother DCP7055;ADF UNIT & DOCUMENT COVER ASSY;LEA215001;DOCUMENT COVER ASSY (SP), DCP7070DW;
Brother;Brother DCP7055;ADF UNIT & DOCUMENT COVER ASSY;LX5939001;DOCUMENT COVER ASSY (SP), HL2280DW;
Brother;Brother DCP7055;ADF UNIT & DOCUMENT COVER ASSY;LX5089003;HINGE L, DCP7055/ DCP7057/ DCP7057E;
Brother;Brother DCP7055;ADF UNIT & DOCUMENT COVER ASSY;LX5089001;HINGE L, DCP7060D/ DCP7070DW/ HL2280DW;
Brother;Brother DCP7055;ADF UNIT & DOCUMENT COVER ASSY;LX5182003;HINGE R, DCP7055/ DCP7057/ DCP7057E;
Brother;Brother DCP7055;ADF UNIT & DOCUMENT COVER ASSY;LX5182001;HINGE R, DCP7060D/ DCP7070DW/ HL2280DW;
Brother;Brother DCP7055;ADF UNIT & DOCUMENT COVER ASSY;LS1690003;HINGE L SUPPORT, DCP7055/ DCP7057/ DCP7057E;
Brother;Brother DCP7055;ADF UNIT & DOCUMENT COVER ASSY;LS1690002;HINGE L SUPPORT, DCP7060D/ DCP7070DW/ HL2280DW;
Brother;Brother DCP7055;ADF UNIT & DOCUMENT COVER ASSY;LX5259003;FB EMBLEM, DCP7055 FOR ARG/ CHL/ BRA/ MEX;
Brother;Brother DCP7055;ADF UNIT & DOCUMENT COVER ASSY;LX5135003;FB EMBLEM, DCP7055 EXCEPT FOR ARG/ CHL/ BRA/ MEX, DCP7057/ DCP7057E;
Brother;Brother DCP7055;ADF UNIT & DOCUMENT COVER ASSY;LX5259001;FB EMBLEM, DCP7060D FOR US/ CAN;
Brother;Brother DCP7055;ADF UNIT & DOCUMENT COVER ASSY;LX5135001;FB EMBLEM, DCP7060D EXCEPT FOR US/ CAN;
Brother;Brother DCP7055;ADF UNIT & DOCUMENT COVER ASSY;LX5039001;DOCUMENT COVER ASSY, DCP7065DN/ MFC7460DN/ MFC7470D/ MFC7860DN/ MFC7860DW;
Brother;Brother DCP7055;ADF UNIT & DOCUMENT COVER ASSY;LX5039003;DOCUMENT COVER ASSY, MFC7360/ MFC7360N;
Brother;Brother DCP7055;ADF UNIT & DOCUMENT COVER ASSY;LX5039004;DOCUMENT COVER ASSY, MFC7362N;
Brother;Brother DCP7055;ADF UNIT & DOCUMENT COVER ASSY;LX5307001;ADF MOTOR, DCP7065DN/ MFC7360/ MFC7360N/ MFC7362N/ MFC7460DN/ MFC7470D/ MFC7860DN/ MFC7860DW;
Brother;Brother DCP7055;ADF UNIT & DOCUMENT COVER ASSY;LG6753001;DOCUMENT SCANNING POSITION DETECTION SENSOR PCB ASSY, DCP7065DN/ MFC7360/ MFC7360N/ MFC7362N/ MFC7460DN/ MFC7470D/ MFC7860DN/ MFC7860DW;
Brother;Brother DCP7055;ADF UNIT & DOCUMENT COVER ASSY;LT1120001;DOCUMENT DETECTION / ADF COVER OPEN SENSOR PCB ASSY, DCP7065DN/ MFC7360/ MFC7360N/ MFC7362N/ MFC7460DN/ MFC7470D/ MFC7860DN/ MFC7860DW;
Brother;Brother DCP7055;ADF UNIT & DOCUMENT COVER ASSY;LX5479001;DOCUMENT FEED ROLLER ASSY, DCP7065DN/ MFC7360/ MFC7360N/ MFC7362N/ MFC7460DN/ MFC7470D/ MFC7860DN/ MFC7860DW;
Brother;Brother DCP7055;ADF UNIT & DOCUMENT COVER ASSY;LX5962001;SEPARATION RUBBER HOLDER ASSY, DCP7065DN/ MFC7360/ MFC7360N/ MFC7362N/ MFC7460DN/ MFC7470D/ MFC7860DN/ MFC7860DW;
Brother;Brother DCP7055;ADF UNIT & DOCUMENT COVER ASSY;LX5256001;SEPARATION ROLLER ASSY, DCP7065DN/ MFC7360/ MFC7360N/ MFC7362N/ MFC7460DN/ MFC7470D/ MFC7860DN/ MFC7860DW;
Brother;Brother DCP7055;ADF UNIT & DOCUMENT COVER ASSY;LX5041001;GEAR COVER, DCP7065DN/ MFC7460DN/ MFC7470D/ MFC7860DN/ MFC7860DW;
Brother;Brother DCP7055;ADF UNIT & DOCUMENT COVER ASSY;LX5041003;GEAR COVER, MFC7360/ MFC7360N;
Brother;Brother DCP7055;ADF UNIT & DOCUMENT COVER ASSY;LX5041004;GEAR COVER, MFC7362N;
Brother;Brother DCP7055;ADF UNIT & DOCUMENT COVER ASSY;LX5042001;ADF COVER ASSY, DCP7065DN/ MFC7460DN/ MFC7470D/ MFC7860DN/ MFC7860DW;
Brother;Brother DCP7055;ADF UNIT & DOCUMENT COVER ASSY;LX5042003;ADF COVER ASSY, MFC7360/ MFC7360N;
Brother;Brother DCP7055;ADF UNIT & DOCUMENT COVER ASSY;LX5042004;ADF COVER ASSY, MFC7362N;
Brother;Brother DCP7055;ADF UNIT & DOCUMENT COVER ASSY;LX5183003;HINGE ARM, DCP7055/ DCP7057/ DCP7057E;
Brother;Brother DCP7055;ADF UNIT & DOCUMENT COVER ASSY;LX5183001;HINGE ARM, DCP7060D/ DCP7070DW/ HL2280DW;
Brother;Brother DCP7055;ADF UNIT & DOCUMENT COVER ASSY;LX5371005;DOCUMENT SUB TRAY, DCP7065DN/ MFC7860DN/ MFC7860DW;
Brother;Brother DCP7055;ADF UNIT & DOCUMENT COVER ASSY;LX5371003;DOCUMENT SUB TRAY, MFC7360/ MFC7360N;
Brother;Brother DCP7055;ADF UNIT & DOCUMENT COVER ASSY;LX5371004;DOCUMENT SUB TRAY, MFC7362N;
Brother;Brother DCP7055;ADF UNIT & DOCUMENT COVER ASSY;LX5371002;DOCUMENT SUB TRAY, MFC7460DN/ MFC7470D;
Brother;Brother DCP7055;ADF UNIT & DOCUMENT COVER ASSY;LX4127001;LF2 SPRING SHAFT, DCP7065DN/ MFC7360/ MFC7360N/ MFC7362N/ MFC7460DN/ MFC7470D/ MFC7860DN/ MFC7860DW;
Brother;Brother DCP7055;ADF UNIT & DOCUMENT COVER ASSY;LS4567002;LF2 PINCH ROLLER, DCP7065DN/ MFC7360/ MFC7360N/ MFC7362N/ MFC7460DN/ MFC7470D/ MFC7860DN/ MFC7860DW;
Brother;Brother DCP7055;ADF UNIT & DOCUMENT COVER ASSY;LX4184002;DOCUMENT STOPPER, DCP7065DN/ MFC7460DN/ MFC7470D/ MFC7860DN/ MFC7860DW;
Brother;Brother DCP7055;ADF UNIT & DOCUMENT COVER ASSY;LX4184003;DOCUMENT STOPPER, MFC7360/ MFC7360N;
Brother;Brother DCP7055;ADF UNIT & DOCUMENT COVER ASSY;LX4184004;DOCUMENT STOPPER, MFC7362N;
Brother;Brother DCP7055;ADF UNIT & DOCUMENT COVER ASSY;LS8141002;HINGE ARM R, DCP7065DN/ MFC7460DN/ MFC7470D/ MFC7860DN/ MFC7860DW;
Brother;Brother DCP7055;ADF UNIT & DOCUMENT COVER ASSY;LS8141003;HINGE ARM R, MFC7360/ MFC7360N;
Brother;Brother DCP7055;ADF UNIT & DOCUMENT COVER ASSY;LS8141004;HINGE ARM R, MFC7362N;
Brother;Brother DCP7055;PANEL;;MFC7860DN/ MFC7860DW;
Brother;Brother DCP7055;PANEL;LX5292001;LCD SHEET PRINTED, HL2280DW;
Brother;Brother DCP7055;PANEL;LEA182001;LCD SHEET PRINTED, DCP7070DW FOR RUS;
Brother;Brother DCP7055;PANEL;LEA077001;LCD SHEET PRINTED, DCP7055 FOR RUS;
Brother;Brother DCP7055;PANEL;LEA084001;LCD SHEET PRINTED, DCP7057 FOR RUS;
Brother;Brother DCP7055;PANEL;LEA096001;LCD SHEET PRINTED, DCP7060D FOR RUS;
Brother;Brother DCP7055;PANEL;LEA116001;LCD SHEET PRINTED, DCP7065DN FOR RUS;
Brother;Brother DCP7055;PANEL;LX5143001;LCD SHEET PRINTED, DCP7055 EXCEPT FOR RUS;
Brother;Brother DCP7055;PANEL;LX5826001;LCD SHEET PRINTED, DCP7057/ DCP7057E EXCEPT FOR RUS;
Brother;Brother DCP7055;PANEL;LX5197001;LCD SHEET PRINTED, DCP7060D EXCEPT FOR RUS;
Brother;Brother DCP7055;PANEL;LX5150001;LCD SHEET PRINTED, DCP7065DN EXCEPT FOR RUS;
Brother;Brother DCP7055;PANEL;LX5293001;LCD SHEET PRINTED, DCP7070DW EXCEPT FOR RUS;
Brother;Brother DCP7055;PANEL;LX5611001;PRINTED PANEL COVER, DCP7060D/ DCP7065DN FOR US/ CAN/ UK/ FRA/ BEL/ NLD/ PHL/ ASA/ GUL/ IND/ ARL/ NZ/ PND/ CEE (ENGLISH);
Brother;Brother DCP7055;PANEL;LEA122001;PRINTED PANEL COVER, DCP7070DW/ HL2280DW FOR US/ CAN/ UK/ FRA/ BEL/ NLD/ PND/ CEE (ENGLISH);
Brother;Brother DCP7055;PANEL;LX5806001;PRINTED PANEL COVER, DCP7055 FOR GER/ CHE (GERMAN);
Brother;Brother DCP7055;PANEL;LX5817001;PRINTED PANEL COVER, DCP7060D/ DCP7065DN FOR GER/ CHE (GERMAN);
Brother;Brother DCP7055;PANEL;LX5599005;PRINTED PANEL COVER, DCP7070DW FOR GER;
Brother;Brother DCP7055;PANEL;LX5602001;PRINTED PANEL COVER, DCP7055 FOR UK/ FRA/ BEL/ NLD/ ASA/ GUL/ IND/ ARL/ NZ/ PND/ CEE, DCP7057E (ENGLISH);
Brother;Brother DCP7055;PANEL;LX5603001;PRINTED PANEL COVER, DCP7055 FOR CHE/ FRA/ BEL/ NLD (FRENCH);
Brother;Brother DCP7055;PANEL;LEA123001;PRINTED PANEL COVER, DCP7070DW FOR FRA/ BEL/ NLD (FRENCH);
Brother;Brother DCP7055;PANEL;LX5612001;PRINTED PANEL COVER, DCP7060D/ DCP7065DN FOR CHE/ FRA/ BEL/ NLD (FRENCH);
Brother;Brother DCP7055;PANEL;LX5614001;PRINTED PANEL COVER, DCP7060D/ DCP7065DN FOR FRA/ BEL/ NLD (DUTCH);
Brother;Brother DCP7055;PANEL;LX5605001;PRINTED PANEL COVER, DCP7055 FOR FRA/ BEL/ NLD (DUTCH);
Brother;Brother DCP7055;PANEL;LEA124001;PRINTED PANEL COVER, DCP7070DW FOR FRA/ BEL/ NLD (DUTCH);
Brother;Brother DCP7055;PANEL;LX5576003;PRINTED PANEL COVER, DCP7055/ DCP7057 FOR ITA;
Brother;Brother DCP7055;PANEL;LX5566001;PRINTED PANEL COVER, DCP7060D/ DCP7065DN FOR ITA/ SPA/ POR (ITALIAN);
Brother;Brother DCP7055;PANEL;LX5264003;PRINTED PANEL COVER, DCP7055 FOR CHN;
Brother;Brother DCP7055;PANEL;LX5264001;PRINTED PANEL COVER, DCP7060D FOR CHN;
Brother;Brother DCP7055;PANEL;LEA212001;PRINTED PANEL COVER, DCP7060D FOR TWN;
Brother;Brother DCP7055;PANEL;LX5587003;PRINTED PANEL COVER, DCP7055 FOR ARG/ CHL/ MEX;
Brother;Brother DCP7055;PANEL;LX5569001;PRINTED PANEL COVER, DCP7065DN FOR ARG/ CHL;
Brother;Brother DCP7055;PANEL;LEA067001;PRINTED PANEL COVER, DCP7055 FOR GUL (TURKISH);
Brother;Brother DCP7055;PANEL;LEA109001;PRINTED PANEL COVER, DCP7065DN FOR GUL (TURKISH);
Brother;Brother DCP7055;PANEL;LEA069001;PRINTED PANEL COVER, DCP7055 FOR GUL (ARABIC);
Brother;Brother DCP7055;PANEL;LEA111001;PRINTED PANEL COVER, DCP7065DN FOR GUL (ARABIC);
Brother;Brother DCP7055;PANEL;LX5926003;PRINTED PANEL COVER, DCP7055 FOR BRA;
Brother;Brother DCP7055;PANEL;LEA113001;PRINTED PANEL COVER, DCP7065DN FOR BRA;
Brother;Brother DCP7055;PANEL;LEA076003;PRINTED PANEL COVER, DCP7055/ DCP7057 FOR RUS;
Brother;Brother DCP7055;PANEL;LEA097001;PRINTED PANEL COVER, DCP7060D/ DCP7065DN FOR RUS;
Brother;Brother DCP7055;PANEL;LEA097005;PRINTED PANEL COVER, DCP7070DW FOR RUS;
Brother;Brother DCP7055;PANEL;LX5855001;PRINTED PANEL COVER, DCP7055 FOR IBR;
Brother;Brother DCP7055;PANEL;LX5857001;PRINTED PANEL COVER, DCP7060D FOR IBR, DCP7065DN FOR ITA/ SPA/ POR;
Brother;Brother DCP7055;PANEL;LEA080001;PRINTED PANEL COVER, DCP7055 FOR CEE (POLISH);
Brother;Brother DCP7055;PANEL;LEA106001;PRINTED PANEL COVER, DCP7060D/ DCP7065DN FOR CEE (POLISH);
Brother;Brother DCP7055;PANEL;LEA220001;PRINTED PANEL COVER, DCP7070DW FOR CEE (POLISH);
Brother;Brother DCP7055;PANEL;LX5067001;ADDRESS LABEL, MFC7360/ MFC7360N/ MFC7362N/ MFC7460DN/ MFC7470D;
Brother;Brother DCP7055;PANEL;87311016;TAPTITE CUP B M3X10;
Brother;Brother DCP7055;PANEL;LX5978003;PANEL COVER SUB ASSY, MFC7360N FOR POL;
Brother;Brother DCP7055;PANEL;LEA006001;PANEL COVER SUB ASSY, MFC7460DN/ MFC7860DW FOR POL;
Brother;Brother DCP7055;PANEL;LEA149003;PANEL COVER SUB ASSY, MFC7360N FOR BRA;
Brother;Brother DCP7055;PANEL;LEA154001;PANEL COVER SUB ASSY, MFC7460DN/ MFC7860DW FOR BRA;
Brother;Brother DCP7055;PANEL;LEA129003;PANEL COVER SUB ASSY, MFC7360 FOR KOR;
Brother;Brother DCP7055;PANEL;LX5286001;PANEL COVER SUB ASSY, MFC7860DN FOR KOR;
Brother;Brother DCP7055;PANEL;LX5983003;PANEL COVER SUB ASSY, MFC7360N FOR RUS;
Brother;Brother DCP7055;PANEL;LEA165001;PANEL COVER SUB ASSY, MFC7860DW FOR RUS;
Brother;Brother DCP7055;PANEL;LX5723003;PANEL COVER SUB ASSY, MFC7360N FOR PND;
Brother;Brother DCP7055;PANEL;LX5712001;PANEL COVER SUB ASSY, MFC7460DN/ MFC7860DW FOR PND;
Brother;Brother DCP7055;PANEL;LX5483003;PANEL COVER SUB ASSY, MFC7360N FOR IBR;
Brother;Brother DCP7055;PANEL;LX5490001;PANEL COVER SUB ASSY, MFC7460DN/ MFC7860DW FOR IBR;
Brother;Brother DCP7055;PANEL;LX5139003;RUBBER KEY L, DCP7055;
Brother;Brother DCP7055;PANEL;LX5139002;RUBBER KEY L, DCP7057/ DCP7057E;
Brother;Brother DCP7055;PANEL;LX5139001;RUBBER KEY L, DCP7060D/ DCP7065DN;
Brother;Brother DCP7055;PANEL;LX5139005;RUBBER KEY L, DCP7070DW/ HL2280DW;
Brother;Brother DCP7055;PANEL;LX5102003;RUBBER KEY L, MFC7360/ MFC7360N;
Brother;Brother DCP7055;PANEL;LX5102001;RUBBER KEY L, MFC7362N;
Brother;Brother DCP7055;PANEL;LX5071001;RUBBER KEY L, MFC7460DN/ MFC7470D/ MFC7860DN/ MFC7860DW;
Brother;Brother DCP7055;PANEL;LX5141003;RUBBER KEY R, DCP7055;
Brother;Brother DCP7055;PANEL;LX5141002;RUBBER KEY R, DCP7057/ DCP7057E;
Brother;Brother DCP7055;PANEL;LX5141001;RUBBER KEY R, DCP7060D/ DCP7065DN;
Brother;Brother DCP7055;PANEL;LX5141005;RUBBER KEY R, DCP7070DW/ HL2280DW;
Brother;Brother DCP7055;PANEL;LX5073003;RUBBER KEY R, MFC7360/ MFC7360N;
Brother;Brother DCP7055;PANEL;LX5073004;RUBBER KEY R, MFC7362N;
Brother;Brother DCP7055;PANEL;LX5073001;RUBBER KEY R, MFC7460DN/ MFC7470D/ MFC7860DN/ MFC7860DW;
Brother;Brother DCP7055;PANEL;LT1196001;PANEL PCB ASSY, DCP7065DN/ DCP7070DW/ HL2280DW;
Brother;Brother DCP7055;PANEL;LT1136001;PANEL PCB ASSY, MFC7860DN/ MFC7860DW;
Brother;Brother DCP7055;PANEL;LT1396001;PANEL PCB ASSY, DCP7055/ DCP7060D FOR CHN;
Brother;Brother DCP7055;PANEL;LT1395001;PANEL PCB ASSY, MFC7360/ MFC7470D/ MFC7860DN FOR CHN;
Brother;Brother DCP7055;PANEL;LT1196002;PANEL PCB ASSY, DCP7055/ DCP7057/ DCP7057E/ DCP7060D EXCEPT FOR CHN;
Brother;Brother DCP7055;PANEL;LT1136002;PANEL PCB ASSY, MFC7360/ MFC7360N/ MFC7362N/ MFC7460DN EXCEPT FOR CHN;
Brother;Brother DCP7055;PANEL;LT0533001;LCD, DCP7065DN/ DCP7070DW/ HL2280DW/ MFC7860DN/ MFC7860DW EXCEPT FOR CHN;
Brother;Brother DCP7055;PANEL;LT0502001;LCD, DCP7055/ DCP7060D/ MFC7360/ MFC7470DN/ MFC7860DN FOR CHN;
Brother;Brother DCP7055;PANEL;LT0149001;LCD, DCP7055/ DCP7057/ DCP7057E/ DCP7060D/ MFC7360/ MFC7360N/ MFC7362N/ MFC7460DN EXCEPT FOR CHN;
Brother;Brother DCP7055;PANEL;LX5262001;BACK LIGHT GUIDE FOR CHN;
Brother;Brother DCP7055;PANEL;LX5161001;BACK LIGHT GUIDE EXCEPT FOR CHN;
Brother;Brother DCP7055;PANEL;LS7210001;DIFFUSION FILM, DCP7055/ DCP7060D/ MFC7360/ MFC7470D FOR CHN, DCP7065DN/ DCP7070DW/ HL2280DW/ MFC7860DN/ MFC7860DW FOR ALL COUNTRIES;
Brother;Brother DCP7055;PANEL;LX5103001;LCD SHEET PRINTED, MFC7360;
Brother;Brother DCP7055;PANEL;LX5985001;LCD SHEET PRINTED, MFC7360N FOR RUS;
Brother;Brother DCP7055;PANEL;LX5279001;LCD SHEET PRINTED, MFC7360N EXCEPT FOR RUS;
Brother;Brother DCP7055;PANEL;LX5865001;LCD SHEET PRINTED, MFC7362N;
Brother;Brother DCP7055;PANEL;LX5065001;LCD SHEET PRINTED, MFC7460DN;
Brother;Brother DCP7055;PANEL;LX5276001;LCD SHEET PRINTED, MFC7470D;
Brother;Brother DCP7055;PANEL;LX5284001;LCD SHEET PRINTED, MFC7860DN;
Brother;Brother DCP7055;PANEL;LEA167001;LCD SHEET PRINTED, MFC7860DW FOR RUS;
Brother;Brother DCP7055;PANEL;LX5187001;LCD SHEET PRINTED, MFC7860DW EXCEPT FOR RUS;
Brother;Brother DCP7055;PCB;LT1143051;MAIN PCB ASSY, DCP7060D (*);
Brother;Brother DCP7055;PCB;LT1144001;MAIN PCB ASSY, DCP7065DN;
Brother;Brother DCP7055;PCB;LT1354001;MAIN PCB ASSY, DCP7070DW/ HL2280DW;
Brother;Brother DCP7055;PCB;LT1386051;MAIN PCB ASSY, MFC7360N FOR US (*);
Brother;Brother DCP7055;PCB;LT1123051;MAIN PCB ASSY, MFC7460DN FOR US (*);
Brother;Brother DCP7055;PCB;LT1386001;MAIN PCB ASSY, MFC7360N FOR US/ CAN;
Brother;Brother DCP7055;PCB;LT1123001;MAIN PCB ASSY, MFC7460DN FOR US/ CAN;
Brother;Brother DCP7055;PCB;LT1146001;MAIN PCB ASSY, MFC7860DW FOR US/ CAN;
Brother;Brother DCP7055;PCB;LT1142020;MAIN PCB ASSY, DCP7055 FOR CHN;
Brother;Brother DCP7055;PCB;LT1143020;MAIN PCB ASSY, DCP7060D FOR CHN;
Brother;Brother DCP7055;PCB;LT1145020;MAIN PCB ASSY, MFC7360 FOR CHN;
Brother;Brother DCP7055;PCB;LT1397020;MAIN PCB ASSY, MFC7470D FOR CHN;
Brother;Brother DCP7055;PCB;LT1398020;MAIN PCB ASSY, MFC7860DN FOR CHN;
Brother;Brother DCP7055;PCB;LT1145023;MAIN PCB ASSY, MFC7360 FOR TWN;
Brother;Brother DCP7055;PCB;LT1123023;MAIN PCB ASSY, MFC7460DN FOR TWN;
Brother;Brother DCP7055;PCB;LT1146023;MAIN PCB ASSY, MFC7860DW FOR TWN;
Brother;Brother DCP7055;PCB;LT1145040;MAIN PCB ASSY, MFC7360 FOR ASA/ GUL/ KOR/ IND;
Brother;Brother DCP7055;PCB;LT1123005;MAIN PCB ASSY, MFC7460DN FOR ARG/ CHL/ BRA/ PND/ CEE;
Brother;Brother DCP7055;PCB;LT1398040;MAIN PCB ASSY, MFC7860DN FOR KOR;
Brother;Brother DCP7055;PCB;LT1386004;MAIN PCB ASSY, MFC7360N/ MFC7362N EXCEPT FOR US/ CAN;
Brother;Brother DCP7055;PCB;LT1386054;MAIN PCB ASSY, MFC7360N EXCEPT FOR US (*);
Brother;Brother DCP7055;PCB;LT1123004;MAIN PCB ASSY, MFC7460DN EXCEPT FOR US/ CAN/ ARG/ CHL/ PND/ CEE;
Brother;Brother DCP7055;PCB;LT1123054;MAIN PCB ASSY, MFC7460DN EXCEPT FOR US (*);
Brother;Brother DCP7055;PCB;LT1146040;MAIN PCB ASSY, MFC7860DW EXCEPT FOR US/ CAN/ TWN;
Brother;Brother DCP7055;PCB;LT1142001;MAIN PCB ASSY, DCP7055 EXCEPT FOR CHN, DCP7057/ DCP7057E;
Brother;Brother DCP7055;PCB;LT1143001;MAIN PCB ASSY, DCP7060D EXCEPT FOR CHN;
Brother;Brother DCP7055;PCB;LT1326001;NCU ASSY, MFC7860DW FOR GUL;
Brother;Brother DCP7055;PCB;LT1328001;NCU ASSY, MFC7860DN FOR KOR, MFC7860DW FOR PHL/ CHL/ ASA/ BRA;
Brother;Brother DCP7055;PCB;LT1169002;NCU ASSY, MFC7360N/ MFC7362N/ MFC7460DN FOR ARL/ NZ;
Brother;Brother DCP7055;PCB;LT1169001;NCU ASSY, MFC7860DW FOR ARL/ NZ;
Brother;Brother DCP7055;PCB;LT0866001;NCU ASSY, MFC7360N/ MFC7460DN FOR US;
Brother;Brother DCP7055;PCB;LT0866003;NCU ASSY, MFC7360N/ MFC7460DN FOR CAN;
Brother;Brother DCP7055;PCB;LT1328002;NCU ASSY, MFC7360/ MFC7360N/ MFC7460DN FOR ARG/ CHL/ ASA/ BRA/ KOR/ IND;
Brother;Brother DCP7055;PCB;LT0867001;NCU ASSY, MFC7860DW FOR US;
Brother;Brother DCP7055;PCB;LT0867003;NCU ASSY, MFC7860DW FOR CAN;
Brother;Brother DCP7055;PCB;LT1168012;NCU ASSY, MFC7360N/ MFC7460DN FOR GER/ UK/ FRA/ BEL/ NLD/ CHE/ ITA/ POL/ RUS/ IBR/ PND/ CEE;
Brother;Brother DCP7055;PCB;LT1168002;NCU ASSY, MFC7860DW FOR GER/ UK/ FRA/ BEL/ CHE/ NLD/ POL/ RUS/ PND/ ITA/ IBR;
Brother;Brother DCP7055;PCB;LT1325002;NCU ASSY, MFC7360 FOR CHN;
Brother;Brother DCP7055;PCB;LT1325001;NCU ASSY, MFC7470D/ MFC7860DN FOR CHN;
Brother;Brother DCP7055;PCB;LT1839001;NCU ASSY, MFC7360/ MFC7460DN/ MFC7860DW FOR TWN;
Brother;Brother DCP7055;PCB;LT1326002;NCU ASSY, MFC7360 FOR GUL;
Brother;Brother DCP7055;PCB;LT1275001;LOW VOLTAGE POWER SUPPLY PCB ASSY 115V FOR US/ CAN/ TWN/ BRA/ MEX;
Brother;Brother DCP7055;PCB;LT1269001;LOW VOLTAGE POWER SUPPLY PCB ASSY 230V;
Brother;Brother DCP7055;PCB;LT1812001;LOW VOLTAGE POWER SUPPLY PCB ASSY 230V FOR GER/ UK/ FRA/ BEL/ NLD/ CHE/ ITA/ SPA/ POR/ POL/ ARL/ NZ/ PND/ IBR/ CEE;
Brother;Brother DCP7055;PCB;LT1281001;LOW VOLTAGE POWER SUPPLY PCB ASSY 230V FOR CHN/ IND/ RUS;
Brother;Brother DCP7055;PCB;LV0564001;HIGH VOLTAGE POWER SUPPLY PCB ASSY;
Brother;Brother DCP7055;PERIODICAL MAINTENANCE;LY3058001;PAPER FEEDING KIT (SP);
