Brother;Brother MFC9120CN;ENGINE FRAME UNIT;LM9221001;WASTE TONER SENSOR;
Brother;Brother MFC9120CN;ENGINE FRAME UNIT;LU5047001;REGISTRATION SENSOR HOLDER ASSY;CHG
Brother;Brother MFC9120CN;ENGINE FRAME UNIT;LV0144001;REGISTRATION MARK R PCB ASSY;DEL
Brother;Brother MFC9120CN;ENGINE FRAME UNIT;LU5694001;TAPTITE BIND B M3X10;DEL
Brother;Brother MFC9120CN;FRAME L & DRIVE UNIT;LU5114001;RUBBER FOOT;
Brother;Brother MFC9120CN;FRAME L & DRIVE UNIT;LU5084001;PF REGISTRATION SOLENOID;
Brother;Brother MFC9120CN;FRAME L & DRIVE UNIT;LU6489001;LM HOOKB;CHG
Brother;Brother MFC9120CN;FRAME L & DRIVE UNIT;LU5094001;LM HOOK C;
Brother;Brother MFC9120CN;FRAME L & DRIVE UNIT;LR0910001;HOOK SPRING BC10;
Brother;Brother MFC9120CN;FRAME L & DRIVE UNIT;LU5102001;PICK-UP SOLENOID;
Brother;Brother MFC9120CN;FRAME L & DRIVE UNIT;LU5694001;TAPTITE BIND B M3X10;
Brother;Brother MFC9120CN;FRAME L & DRIVE UNIT;LU2032001;PICK-UP SOLENOID LEVER SPRING;
Brother;Brother MFC9120CN;FRAME L & DRIVE UNIT;LU5104001;PICK-UP SECTOR GEAR SPRING;
Brother;Brother MFC9120CN;FRAME L & DRIVE UNIT;LU5098001;FRICTION SPRING;
Brother;Brother MFC9120CN;FRAME L & DRIVE UNIT;LU5115001;DRUM DEVELOP DRIVE UNIT;
Brother;Brother MFC9120CN;FRAME L & DRIVE UNIT;LU5148001;FUSER/EJECT DRIVE MOTOR;
Brother;Brother MFC9120CN;FRAME L & DRIVE UNIT;LU5691001;TAPTITE CUP S M3X6 SR;
Brother;Brother MFC9120CN;FRAME L & DRIVE UNIT;LU5693001;TAPTITE BIND B M4X12;
Brother;Brother MFC9120CN;FRAME L & DRIVE UNIT;LV0140001;FUSER/EJECT DRIVE MOTOR SENSOR PCB ASSY;
Brother;Brother MFC9120CN;FRAME L & DRIVE UNIT;LV0136001;EJECT FRONT SENSOR PCB ASSY;
Brother;Brother MFC9120CN;FRAME L & DRIVE UNIT;LV0137001;TONER/NEW SENSOR PCB ASSY;
Brother;Brother MFC9120CN;FRAME L & DRIVE UNIT;UL9037001;PT SENSOR HOLDER;
Brother;Brother MFC9120CN;FRAME L & DRIVE UNIT;LT1028001;DRUM MOTOR ORIGIN SENSOR PCB ASSY;
Brother;Brother MFC9120CN;FRAME L & DRIVE UNIT;LU5694001;TAPTITE BIND B M3X10;
Brother;Brother MFC9120CN;FRAME L & DRIVE UNIT;LV0139001;REGISTRATION MARK RELAY PCB ASSY;
Brother;Brother MFC9120CN;FRAME L & DRIVE UNIT;LU5123001;DEVELOP DRIVE MOTOR;
Brother;Brother MFC9120CN;FRAME L & DRIVE UNIT;LU5160001;PAPER FEED MOTOR ASSY;
Brother;Brother MFC9120CN;FRAME L & DRIVE UNIT;300416;SCREW BIND M3X4;
Brother;Brother MFC9120CN;FRAME R UNIT;LU5169001;SIDE FRAME R;
Brother;Brother MFC9120CN;FRAME R UNIT;LV0183001;TOP COVER OPEN SWITCH HARNESS ASSY;
Brother;Brother MFC9120CN;FRAME R UNIT;LV0152001;TONER LED PCB ASSY;
Brother;Brother MFC9120CN;FRAME R UNIT;LU5170001;LED HOLDER;
Brother;Brother MFC9120CN;FRAME R UNIT;LV0188001;DEVELOP RELEASE SENSOR PCB ASSY;
Brother;Brother MFC9120CN;FRAME R UNIT;UU0552001;TAPTITE CAP B 3X8;
Brother;Brother MFC9120CN;FRAME R UNIT;LV0149001;HVPS CONTROL PCB ASSY;
Brother;Brother MFC9120CN;FRAME R UNIT;Z07200001;TAPTITE PAN (S/P W) B M3X10;
Brother;Brother MFC9120CN;FRAME R UNIT;LU5114001;RUBBER FOOT;
Brother;Brother MFC9120CN;FRAME;LU5181001;DEVELOP RELEASE MOTOR ASSY;
Brother;Brother MFC9120CN;FRAME;85320516;TAPTITE BIND S M3X5;
Brother;Brother MFC9120CN;FRAME;LU5190001;AIR FILTER HOLDER ASSY;
Brother;Brother MFC9120CN;FRAME;LU6122001;OZONE FILTER ASSY;
Brother;Brother MFC9120CN;FRAME;LU5187001;PAPER EJECT ACTUATOR;
Brother;Brother MFC9120CN;FRAME;LU5188001;PAPER EJECT ACTUATOR TOP;
Brother;Brother MFC9120CN;FRAME;LU5189001;PAPER EJECT ACTUATOR SPRING;
Brother;Brother MFC9120CN;FRAME;LV0141001;EJECT REAR SENSOR PCB ASSY;
Brother;Brother MFC9120CN;FRAME;LS8056001;LVPS COVER;
Brother;Brother MFC9120CN;FRAME;LU5693001;TAPTITE BIND B M4X12;
Brother;Brother MFC9120CN;FRAME;LU5200001;LV FAN ASSY;
Brother;Brother MFC9120CN;FRAME;LU5202001;MAIN FAN ASSY;
Brother;Brother MFC9120CN;FRAME;LU5216001;ARM GUIDE L COVER;
Brother;Brother MFC9120CN;FRAME;LS8003001;TC ARM SPRING;
Brother;Brother MFC9120CN;FRAME;LU5227001;BELT DRIVE UNIT;
Brother;Brother MFC9120CN;FRAME;LU6109001;TAPTITE PAN(WASHER)B M4X12DA;
Brother;Brother MFC9120CN;FRAME;LU5172001;TR HEAD SPRING;
Brother;Brother MFC9120CN;FRAME;LU5177001;BELT CLEANER SPRING;
Brother;Brother MFC9120CN;FRAME;LU6330001;SPACER;
Brother;Brother MFC9120CN;FRAME;LS8132001;TOP COVER ARM R;
Brother;Brother MFC9120CN;FRAME;LS8131001;TOP COVER ARM L;
Brother;Brother MFC9120CN;LED JOINT COVER;LU5831001;LED ASSY (SP);
Brother;Brother MFC9120CN;LED JOINT COVER;LU5253001;Z SPRING L;
Brother;Brother MFC9120CN;LED JOINT COVER;LU6063001;Z SPRING R;
Brother;Brother MFC9120CN;LED JOINT COVER;LU6238001;HOLDER HOOK;
Brother;Brother MFC9120CN;LED JOINT COVER;LV0441001;LED HEAD CONTROL PCB ASSY;
Brother;Brother MFC9120CN;LED JOINT COVER;LT0886001;LED POWER RELAY PCB ASSY;
Brother;Brother MFC9120CN;LED JOINT COVER;LS8009001;JOINT COVER SUB ASSY, MFC9010CN;
Brother;Brother MFC9120CN;LED JOINT COVER;LS8147001;JOINT COVER SUB ASSY, MFC9120CN/MFC9320CW;
Brother;Brother MFC9120CN;LED JOINT COVER;LS8029001;INNER CHUTE 2 ASSY;
Brother;Brother MFC9120CN;LED JOINT COVER;LS8041001;TOP DRESS COVER L;
Brother;Brother MFC9120CN;LED JOINT COVER;LS8042001;TOP DRESS COVER R;
Brother;Brother MFC9120CN;LED JOINT COVER;LS8062001;PULL ARM L;
Brother;Brother MFC9120CN;LED JOINT COVER;LS8063001;PULL ARM R;
Brother;Brother MFC9120CN;LED JOINT COVER;LS8064001;PULL ARM GUIDE;
Brother;Brother MFC9120CN;LED JOINT COVER;LS8136001;PULL ARM SPRING ADF L;
Brother;Brother MFC9120CN;LED JOINT COVER;LS0895001;PULL ARM SPRING ADF R;
Brother;Brother MFC9120CN;LED JOINT COVER;LF6148001;LOCK CLAW;
Brother;Brother MFC9120CN;LED JOINT COVER;LU5691001;TAPTITE CUP S M3X6 SR;
Brother;Brother MFC9120CN;LED JOINT COVER;LU5693001;TAPTITE BIND B M4X12;
Brother;Brother MFC9120CN;LED JOINT COVER;LS8018001;TC RELEASE LEVER;
Brother;Brother MFC9120CN;LED JOINT COVER;LU6067001;PAPER STACK LEVER ASSY;
Brother;Brother MFC9120CN;LED JOINT COVER;LS8021001;JOINT COVER LOCK LEVER;
Brother;Brother MFC9120CN;LED JOINT COVER;LS8022001;JOINT COVER LOCK SPRING;
Brother;Brother MFC9120CN;LED JOINT COVER;LS8023001;FB LOCK LEVER L;
Brother;Brother MFC9120CN;LED JOINT COVER;LS8024001;FB LOCK LEVER R;
Brother;Brother MFC9120CN;PAPER FEEDER;LU5294001;PAPER FEED UNIT;
Brother;Brother MFC9120CN;PAPER FEEDER;LU5691001;TAPTITE CUP S M3X6 SR;
Brother;Brother MFC9120CN;PAPER FEEDER;LM3856001;SHOULDER SCREW;
Brother;Brother MFC9120CN;PAPER FEEDER;LU5311001;ROLLER HOLDER ASSY;
Brother;Brother MFC9120CN;PAPER FEEDER;LV0151001;REGISTRATION FRONT/REAR SENSOR PCB ASSY;
Brother;Brother MFC9120CN;PAPER FEEDER;LV0150001;MANUAL SENSOR PCB ASSY;
Brother;Brother MFC9120CN;PAPER CASSETTE;LU5347001;PAPER TRAY UNIT, MFC9010CN/ MFC9120CN;
Brother;Brother MFC9120CN;PAPER CASSETTE;LU5347002;PAPER TRAY UNIT, MFC9320CW;
Brother;Brother MFC9120CN;PAPER CASSETTE;LU6035001;COLOR LABEL FOR US/ CAN;
Brother;Brother MFC9120CN;PAPER CASSETTE;LU6036001;COLOR LABEL FOR GER/ UK/ FRA/ BEL/ NLD/ CHE/ AUS/ SPA/ ITA/ POR/ SGP/ GUL/ ARL/ NZ/ PND;
Brother;Brother MFC9120CN;PAPER CASSETTE;LU5669001;SEPARATION PAD ASSY;
Brother;Brother MFC9120CN;FUSER UNIT;LU5796001;FUSER UNIT 115V (SP) FOR US/ CAN;
Brother;Brother MFC9120CN;FUSER UNIT;LU5797001;FUSER UNIT 230V (SP) FOR GER/ UK/ FRA/ BEL/ NLD/ CHE/ AUS/ SPA/ ITA/ POR/ SGP/ GUL/ ARL/ NZ/ PND;
Brother;Brother MFC9120CN;FUSER UNIT;LJ0395001;TAPTITE PAN B M4X14;
Brother;Brother MFC9120CN;COVERS;LS8044001;FRONT COVER;
Brother;Brother MFC9120CN;COVERS;LS8158001;FRONT COVER TOP, MFC9010CN/ MFC9120CN;
Brother;Brother MFC9120CN;COVERS;LS8215001;FRONT COVER TOP, MFC9320CW;
Brother;Brother MFC9120CN;COVERS;LT0727001;SPEAKER UNIT;
Brother;Brother MFC9120CN;COVERS;LV0261001;USB HOST RELAY PCB ASSY, MFC9320CW;
Brother;Brother MFC9120CN;COVERS;LT0963001;WIRELESS LAN PCB ASSY, MFC9320CW;
Brother;Brother MFC9120CN;COVERS;LS8138001;SIDE COVER R ASSY;
Brother;Brother MFC9120CN;COVERS;LS8139001;SIDE COVER L ASSY;
Brother;Brother MFC9120CN;COVERS;LU5426001;BACK COVER;
Brother;Brother MFC9120CN;COVERS;LU5427001;BACK COVER STOPPER L;
Brother;Brother MFC9120CN;COVERS;LU6131001;BACK COVER STOPPER R;
Brother;Brother MFC9120CN;COVERS;LU5428001;FUSER COVER ASSY;
Brother;Brother MFC9120CN;COVERS;LU5442001;MANUAL PAPER TRAY ASSY, MFC9010CN/ MFC9120CN;
Brother;Brother MFC9120CN;COVERS;LU5442002;MANUAL PAPER TRAY ASSY, MFC9320CW;
Brother;Brother MFC9120CN;COVERS;LE8842001;EXT CAP, MFC9120CN/ MFC9320CW FOR US/ CAN/ NLD/ CHE/ SPA/ POR/ SGP/ GUL/ ARL/ NZ/ PND;
Brother;Brother MFC9120CN;COVERS;UF5745000;MJ COVER EXT, MFC9120CN/ MFC9320CW FOR GER/ UK/ FRA/ BEL/ AUS/ ITA;
Brother;Brother MFC9120CN;COVERS;LS8214001;CORD HOOK, MFC9120CN/ MFC9320CW;
Brother;Brother MFC9120CN;COVERS;LU4163003;BROTHER EMBLEM, MFC9010CN/ MFC9120CN;
Brother;Brother MFC9120CN;COVERS;LU4163001;BROTHER EMBLEM, MFC9320CW;
Brother;Brother MFC9120CN;COVERS;LU5876001;LABEL REAR JAM;
Brother;Brother MFC9120CN;COVERS;LU5877001;LABEL FRONT JAM;
Brother;Brother MFC9120CN;COVERS;LU5878001;LABEL H/ SP CAUTION REAR;
Brother;Brother MFC9120CN;COVERS;LU5879001;LABEL HEAT CAUTION FOR US/ CAN;
Brother;Brother MFC9120CN;COVERS;LU6173001;LABEL HEAT CAUTION FOR GER/ UK/ FRA/ BEL/ NLD/ CHE/ AUS/ SPA/ ITA/ POR/ PND;
Brother;Brother MFC9120CN;COVERS;LU6335001;LABEL HEAT CAUTION FOR SGP/ GUL/ ARL/ NZ;
Brother;Brother MFC9120CN;COVERS;LS8233001;LABEL DR OPERATION;
Brother;Brother MFC9120CN;COVERS;LS8273001;LABEL DR OPERATION/ RIGHT;
Brother;Brother MFC9120CN;COVERS;LS8234001;LABEL SPRAY CAUTION;
Brother;Brother MFC9120CN;COVERS;LS8462001;HANDHOLD POSITION LABEL L;
Brother;Brother MFC9120CN;COVERS;LS8463001;HANDHOLD POSITION LABEL R;
Brother;Brother MFC9120CN;COVERS;LU5693001;TAPTITE BIND B M4X12;
Brother;Brother MFC9120CN;COVERS;85310816;TAPTITE BIND B M3X8;
Brother;Brother MFC9120CN;COVERS;87310816;TAPTITE CUP B M3X8;
Brother;Brother MFC9120CN;COVERS;LS8052001;ACCESS COVER;
Brother;Brother MFC9120CN;COVERS;LU5440001;PAPER EJECT FRONT ACTUATOR;
Brother;Brother MFC9120CN;DOCUMENT SCANNER;LS8312001;SCANNER UNIT(SP);
Brother;Brother MFC9120CN;DOCUMENT SCANNER;LS8164001;DOCUMENT SET LABEL;
Brother;Brother MFC9120CN;ADF;LS8311001;ADF UNIT(SP);
Brother;Brother MFC9120CN;ADF;LS3329001;HINGE ASSY L;
Brother;Brother MFC9120CN;ADF;LS8154001;HINGE R;
Brother;Brother MFC9120CN;ADF;LS8155001;HINGE R SUPPORT;
Brother;Brother MFC9120CN;ADF;LS8204001;MFC EMBLEM, MFC9010CN/MFC9120CN;
Brother;Brother MFC9120CN;ADF;LS8203001;MFC EMBLEM, MFC9320CW;
Brother;Brother MFC9120CN;ADF;87311016;TAPTITE CUP B M3X10;
Brother;Brother MFC9120CN;ADF;87321217;TAPTITE CUP S M3X12;
Brother;Brother MFC9120CN;ADF;LS8076001;DOCUMENT COVER SUB ASSY;
Brother;Brother MFC9120CN;ADF;LS0536001;DRIVE FRAME ASSY;
Brother;Brother MFC9120CN;ADF;LT0722001;ADF SENSOR PCB ASSY;
Brother;Brother MFC9120CN;ADF;LF6577001;EJECTION ROLLER ASSY;
Brother;Brother MFC9120CN;ADF;LF6579001;LF ROLLER ASSY;
Brother;Brother MFC9120CN;ADF;LP2591001;DOCUMENT HOLD ASSY;
Brother;Brother MFC9120CN;ADF;LP2594001;DOCUMENT HOLD SPRING;
Brother;Brother MFC9120CN;ADF;LS8083001;PAPER STACK LEVER;
Brother;Brother MFC9120CN;ADF;LS8085001;UPPER DOCUMENT CHUTE ASSY;
Brother;Brother MFC9120CN;ADF;LS8090001;SEPARATE ROLLER SHAFT ASSY;
Brother;Brother MFC9120CN;ADF;LS8094001;GEAR COVER;
Brother;Brother MFC9120CN;ADF;LS8095001;ADF COVER ASSY;
Brother;Brother MFC9120CN;ADF;87311016;TAPTITE CUP B M3X10;
Brother;Brother MFC9120CN;ADF;LU5691001;TAPTITE CUP S M3X6 SR;
Brother;Brother MFC9120CN;ADF;LS8141001;HINGE BASE;
Brother;Brother MFC9120CN;ADF;87311016;TAPTITE CUP B M3X10;
Brother;Brother MFC9120CN;ADF;LS8078001;DOCUMENT STOPPER;
Brother;Brother MFC9120CN;ADF;LF9081001;ADF MOTOR;
Brother;Brother MFC9120CN;ADF;85320616;TAPTITE BIND S M3X6;
Brother;Brother MFC9120CN;ADF;LS0978001;SEPARATION RUBBER ASSY;
Brother;Brother MFC9120CN;PANEL;LS8110001;PANEL UNIT, MFC9010CN;
Brother;Brother MFC9120CN;PANEL;LS8097002;PANEL UNIT, MFC9120CN;
Brother;Brother MFC9120CN;PANEL;LS8097001;PANEL UNIT, MFC9320CW;
Brother;Brother MFC9120CN;PANEL;LS8120001;PANEL COVER ASSY, MFC9010CN FOR US/CAN;
Brother;Brother MFC9120CN;PANEL;LS8114001;PANEL COVER ASSY, MFC9120CN FOR US/CAN;
Brother;Brother MFC9120CN;PANEL;LS8151001;PANEL COVER ASSY, MFC9320CW FOR US/CAN;
Brother;Brother MFC9120CN;PANEL;LS8280001;PANEL COVER ASSY, MFC9120CN FOR GER/AUS;
Brother;Brother MFC9120CN;PANEL;LS8409001;PANEL COVER ASSY, MFC9320CW FOR GER/AUS;
Brother;Brother MFC9120CN;PANEL;LS8149001;PANEL COVER ASSY, MFC9120CN FOR UK/BEL/CHE/GUL;
Brother;Brother MFC9120CN;PANEL;LS8153001;PANEL COVER ASSY, MFC9320CW FOR UK/BEL/CHE;
Brother;Brother MFC9120CN;PANEL;LS8293001;PANEL COVER ASSY, MFC9120CN FOR FRA;
Brother;Brother MFC9120CN;PANEL;LS8414001;PANEL COVER ASSY, MFC9320CW FOR FRA;
Brother;Brother MFC9120CN;PANEL;LS8355001;PANEL COVER ASSY, MFC9120CN FOR NLD(DUTCH);
Brother;Brother MFC9120CN;PANEL;LS8525001;PANEL COVER ASSY, MFC9320CW FOR NLD(DUTCH);
Brother;Brother MFC9120CN;PANEL;LS8299001;PANEL COVER ASSY, MFC9120CN FOR SPA;
Brother;Brother MFC9120CN;PANEL;LS8416001;PANEL COVER ASSY, MFC9320CW FOR SPA;
Brother;Brother MFC9120CN;PANEL;LS8303001;PANEL COVER ASSY, MFC9120CN FOR ITA;
Brother;Brother MFC9120CN;PANEL;LS8418001;PANEL COVER ASSY, MFC9320CW FOR ITA;
Brother;Brother MFC9120CN;PANEL;LS8360001;PANEL COVER ASSY, MFC9120CN FOR POR;
Brother;Brother MFC9120CN;PANEL;LS8528001;PANEL COVER ASSY, MFC9320CW FOR POR;
Brother;Brother MFC9120CN;PANEL;LS8368001;PANEL COVER ASSY, MFC9120CN FOR SGP/ARL/NZ;
Brother;Brother MFC9120CN;PANEL;LS8375001;PANEL COVER ASSY, MFC9120CN FOR PND;
Brother;Brother MFC9120CN;PANEL;LS8539001;PANEL COVER ASSY, MFC9320CW FOR PND;
Brother;Brother MFC9120CN;PANEL;87311016;TAPTITE CUP B M3X10;
Brother;Brother MFC9120CN;PANEL;LS8099003;RUBBER KEY R, MFC9010CN;
Brother;Brother MFC9120CN;PANEL;LS8099002;RUBBER KEY R, MFC9120CN;
Brother;Brother MFC9120CN;PANEL;LS8099001;RUBBER KEY R, MFC9320CW;
Brother;Brother MFC9120CN;PANEL;LS8112001;RUBBER KEY L, MFC9010CN;
Brother;Brother MFC9120CN;PANEL;LS8103002;RUBBER KEY L, MFC9120CN;
Brother;Brother MFC9120CN;PANEL;LS8103001;RUBBER KEY L, MFC9320CW;
Brother;Brother MFC9120CN;PANEL;LT0715003;PANEL PCB ASSY, MFC9010CN;
Brother;Brother MFC9120CN;PANEL;LT0715001;PANEL PCB ASSY, MFC9120CN/MFC9320CW;
Brother;Brother MFC9120CN;PANEL;A62009001;LCD;
Brother;Brother MFC9120CN;PANEL;LS8108001;LCD COVER;
Brother;Brother MFC9120CN;PANEL;LS8119001;ADDRESS LABEL, MFC9120CN/MFC9320CW;
Brother;Brother MFC9120CN;PCB;LG6167001;BATTERY ASSY, MFC9120CN/ MFC9320CW;
Brother;Brother MFC9120CN;PCB;LT0711001;MAIN PCB, MFC9010CN FOR US/ CAN;
Brother;Brother MFC9120CN;PCB;LT0711051;MAIN PCB, MFC9010CN FOR US (*);
Brother;Brother MFC9120CN;PCB;LT0711052;MAIN PCB, MFC9010CN FOR CAN (*);
Brother;Brother MFC9120CN;PCB;LT0710001;MAIN PCB, MFC9120CN FOR US/ CAN;
Brother;Brother MFC9120CN;PCB;LT0710051;MAIN PCB, MFC9120CN FOR US (*);
Brother;Brother MFC9120CN;PCB;LT0710052;MAIN PCB, MFC9120CN FOR CAN (*);
Brother;Brother MFC9120CN;PCB;LT0709001;MAIN PCB, MFC9320CW FOR US/ CAN;
Brother;Brother MFC9120CN;PCB;LT0709051;MAIN PCB, MFC9320CW FOR US (*);
Brother;Brother MFC9120CN;PCB;LT0709052;MAIN PCB, MFC9320CW FOR CAN (*);
Brother;Brother MFC9120CN;PCB;LT0710004;MAIN PCB, MFC9120CN FOR GER/ UK/ FRA/ BEL/ NLD/ CHE/ AUS/ SPA/ ITA/ POR/ SGP/ GUL/ ARL/ NZ/ PND;
Brother;Brother MFC9120CN;PCB;LT0710054;MAIN PCB, MFC9120CN FOR GER/ UK/ FRA/ BEL/ NLD/ CHE/ AUS/ SPA/ ITA/ POR/ PND (*);
Brother;Brother MFC9120CN;PCB;LT0709004;MAIN PCB, MFC9320CW FOR GER/ UK/ FRA/ BEL/ NLD/ CHE/ AUS/ SPA/ ITA/ POR/ PND;
Brother;Brother MFC9120CN;PCB;LT0709054;MAIN PCB, MFC9320CW FOR GER/ UK/ FRA/ BEL/ NLD/ CHE/ AUS/ SPA/ ITA/ POR/ PND (*);
Brother;Brother MFC9120CN;PCB;LV0148001;ENGINE PCB ASSY;
Brother;Brother MFC9120CN;PCB;LG5925001;NCU PCB ASSY, MFC9120CN/ MFC9320CW FOR US;
Brother;Brother MFC9120CN;PCB;LG5925003;NCU PCB ASSY, MFC9120CN/ MFC9320CW FOR CAN;
Brother;Brother MFC9120CN;PCB;LG5923054;NCU PCB ASSY, MFC9120CN/ MFC9320CW FOR GER/ AUS;
Brother;Brother MFC9120CN;PCB;LG5923067;NCU PCB ASSY, MFC9120CN/ MFC9320CW FOR UK/ BEL/ NLD/ PND;
Brother;Brother MFC9120CN;PCB;LG5923065;NCU PCB ASSY, MFC9120CN/ MFC9320CW FOR FRA/ SPA/ ITA/ POR;
Brother;Brother MFC9120CN;PCB;LG5923056;NCU PCB ASSY, MFC9120CN/ MFC9320CW FOR CHE;
Brother;Brother MFC9120CN;PCB;LG6190005;NCU PCB ASSY, MFC9120CN FOR SGP;
Brother;Brother MFC9120CN;PCB;LG6872003;NCU PCB ASSY, MFC9120CN FOR GUL;
Brother;Brother MFC9120CN;PCB;LG6198003;NCU PCB ASSY, MFC9120CN FOR ARL/ NZ;
Brother;Brother MFC9120CN;PCB;LT0748001;LOW-VOLTAGE POWER SUPPLY PCB ASSY FOR US/ CAN;
Brother;Brother MFC9120CN;PCB;LT0749001;LOW-VOLTAGE POWER SUPPLY PCB ASSY FOR GER/ UK/ FRA/ BEL/ NLD/ CHE/ AUS/ SPA/ ITA/ POR/ SGP/ GUL/ ARL/ NZ/ PND;
Brother;Brother MFC9120CN;PCB;LV0146001;HIGH-VOLTAGE POWER SUPPLY PCB ASSY;
Brother;Brother MFC9120CN;MAINTENANCE PARTS;LU6068001;PAPER FEEDING KIT (SP);
