Brother;Brother MFC-J435W;SCANNER-ADF;LX8790001;ADF & DOCUMENT COVER ASSY (SP), DCP-J725DW/ MFC-J625DW;
Brother;Brother MFC-J435W;SCANNER-ADF;LX8915001;ADF & DOCUMENT COVER ASSY (SP), DCP-J925DW/ MFC-J835DW;
Brother;Brother MFC-J435W;SCANNER-ADF;LX8913001;ADF & DOCUMENT COVER ASSY (SP), MFC-J425W/ MFC-J430W/ MFC-J432W;
Brother;Brother MFC-J435W;SCANNER-ADF;LED927001;ADF & DOCUMENT COVER ASSY (SP), MFC-J435W;
Brother;Brother MFC-J435W;SCANNER-ADF;LX8794001;ADF & DOCUMENT COVER ASSY (SP), MFC-J825DW;
Brother;Brother MFC-J435W;SCANNER-ADF;LX8918001;DOCUMENT SCANNER UNIT (SP), DCP-J525W/ MFC-J280W;
Brother;Brother MFC-J435W;SCANNER-ADF;LX8744001;DOCUMENT SCANNER UNIT (SP), DCP-J725DW/ MFC-J625DW;
Brother;Brother MFC-J435W;SCANNER-ADF;LX8919001;DOCUMENT SCANNER UNIT (SP), MFC-J425W/ MFC-J430W/ MFC-J432W/ MFC-J435W;
Brother;Brother MFC-J435W;SCANNER-ADF;LX8348001;DOCUMENT SCANNER UNIT (SP), DCP-J925DW/ MFC-J825DW/ MFC-J835DW;
Brother;Brother MFC-J435W;SCANNER-ADF;LX8768001;DOCUMENT COVER ASSY (SP), DCP-J525W;
Brother;Brother MFC-J435W;SCANNER-ADF;LX8770001;DOCUMENT COVER ASSY (SP), MFC-J280W;
Brother;Brother MFC-J435W;SCANNER-ADF;LX7502007;ADF HINGE;
Brother;Brother MFC-J435W;SCANNER-ADF;LX7753001;SCANNER HINGE, DCP-J525W/ MFC-J280W;
Brother;Brother MFC-J435W;SCANNER-ADF;LX7346001;SCANNER HINGE, DCP-J725DW/ DCP-J925DW/ MFC-J425W/ MFC-J430W/ MFC-J432W/ MFC-J435W/ MFC-J625DW/ MFC-J825DW/ MFC-J835DW;
Brother;Brother MFC-J435W;SCANNER-ADF;LED832001;ADF UNIT, DCP-J725DW/ DCP-J925DWMFC-J625DW/ MFC-J835DW;
Brother;Brother MFC-J435W;SCANNER-ADF;LED798001;ADF UNIT, MFC-J425W/ MFC-J430W/ MFC-J432W/ MFC-J435W/ / MFC-J825DW;
Brother;Brother MFC-J435W;SCANNER-ADF;LX7638001;DOCUMENT COVER ASSY, DCP-J725DW/ MFC-J435W/ MFC-J625DW;
Brother;Brother MFC-J435W;SCANNER-ADF;LX7989001;DOCUMENT COVER ASSY, MFC-J425W/ MFC-J430W/ MFC-J432W;
Brother;Brother MFC-J435W;SCANNER-ADF;LX7451001;DOCUMENT COVER ASSY, DCP-J925DW/ MFC-J825DW/ MFC-J835DW;
Brother;Brother MFC-J435W;SCANNER-ADF;LX7639001;ADF COVER ASSY, DCP-J725DW/ MFC-J625DW;
Brother;Brother MFC-J435W;SCANNER-ADF;LX8282001;ADF COVER ASSY, DCP-J925DW/ MFC-J835DW;
Brother;Brother MFC-J435W;SCANNER-ADF;LX7990001;ADF COVER ASSY, MFC-J425W/ MFC-J430W/ MFC-J432W;
Brother;Brother MFC-J435W;SCANNER-ADF;LX8033001;ADF COVER ASSY, MFC-J435W;
Brother;Brother MFC-J435W;SCANNER-ADF;LX7462001;ADF COVER ASSY, MFC-J825DW;
Brother;Brother MFC-J435W;SCANNER-ADF;LX7467001;ADF DOCUMENT SUPPORT, DCP-J725DW/ DCP-J925DW/ MFC-J425W/ MFC-J430W/ MFC-J432W/ MFC-J435W/ MFC-J625DW/ MFC-J825DW/ MFC-J835DW;
Brother;Brother MFC-J435W;SCANNER-ADF;LX7594007;ADF FRONT COVER, DCP-J725DW/ MFC-J425W/ MFC-J430W/ MFC-J432W/ MFC-J435W/ MFC-J625DW;
Brother;Brother MFC-J435W;SCANNER-ADF;LX7470007;ADF FRONT COVER, DCP-J925DW/ MFC-J825DW/ MFC-J835DW;
Brother;Brother MFC-J435W;SCANNER-ADF;LX7471007;ADF BACK COVER, DCP-J925DW/ MFC-J825DW/ MFC-J835DW;
Brother;Brother MFC-J435W;SCANNER-ADF;LX7593007;ADF TOP COVER R, DCP-J725DW/ MFC-J625DW;
Brother;Brother MFC-J435W;SCANNER-ADF;LX7472019;ADF TOP COVER R, DCP-J925DWMFC-J825DW/ MFC-J835DW;
Brother;Brother MFC-J435W;SCANNER-ADF;LX7891007;ADF TOP COVER R, MFC-J435W;
Brother;Brother MFC-J435W;SCANNER-ADF;LX7155001;EMBLEM BROTHER, DCP-J725DW/ DCP-J925DW/ MFC-J425W/ MFC-J430W/ MFC-J432W/ MFC-J435W/ MFC-J625DW/ MFC-J825DW/ MFC-J835DW;
Brother;Brother MFC-J435W;SCANNER-ADF;LX8677001;FLAT CABLE FIXING FILM;
Brother;Brother MFC-J435W;SCANNER-ADF;LT1783001;CIS UNIT, DCP-J525W/ DCP-J725DW/ MFC-J280W/ MFC-J425W/ MFC-J430W/ MFC-J432W/ MFC-J435W/ MFC-J625DW;
Brother;Brother MFC-J435W;SCANNER-ADF;LT1446001;CIS UNIT, DCP-J925DW/ MFC-J825DW/ MFC-J835DW;
Brother;Brother MFC-J435W;SCANNER-ADF;LG6753001;DOCUMENT SCANNING POSITION SENSOR PCB ASSY, DCP-J725DW/ DCP-J925DW/ MFC-J425W/ MFC-J430W/ MFC-J432W/ MFC-J435W/ MFC-J625DW/ MFC-J825DW/ MFC-J835DW;
Brother;Brother MFC-J435W;SCANNER-ADF;LED792001;DOCUMENT SEPARATE ROLLER ASSY, DCP-J725DW/ DCP-J925DW/ MFC-J425W/ MFC-J430W/ MFC-J432W/ MFC-J435W/ MFC-J625DW/ MFC-J825DW/ MFC-J835DW;
Brother;Brother MFC-J435W;SCANNER-ADF;LG6753001;DOCUMENT DETECTION SENSOR PCB ASSY, DCP-J725DW/ DCP-J925DW/ MFC-J425W/ MFC-J430W/ MFC-J432W/ MFC-J435W/ MFC-J625DW/ MFC-J825DW/ MFC-J835DW;
Brother;Brother MFC-J435W;SCANNER-ADF;LS4414001;ADF MOTOR, DCP-J725DW/ DCP-J925DW/ MFC-J425W/ MFC-J430W/ MFC-J432W/ MFC-J435W/ MFC-J625DW/ MFC-J825DW/ MFC-J835DW;
Brother;Brother MFC-J435W;SCANNER-ADF;0A5300606;SCREW PAN (S/ P WASHER) M3X6, DCP-J725DW/ DCP-J925DW/ MFC-J425W/ MFC-J430W/ MFC-J432W/ MFC-J435W/ MFC-J625DW/ MFC-J825DW/ MFC-J835DW;
Brother;Brother MFC-J435W;SCANNER-ADF;LX8482001;ADF SEPARATION HOLDER ASSY, DCP-J725DW/ DCP-J925DW/ MFC-J425W/ MFC-J430W/ MFC-J432W/ MFC-J435W/ MFC-J625DW/ MFC-J825DW/ MFC-J835DW;
Brother;Brother MFC-J435W;SCANNER-ADF;LX8034001;EJECTION FILM, DCP-J725DW/ DCP-J925DW/ MFC-J425W/ MFC-J430W/ MFC-J432W/ MFC-J435W/ MFC-J625DW/ MFC-J825DW/ MFC-J835DW;
Brother;Brother MFC-J435W;SCANNER-ADF;LX7465019;ADF TOP COVER L, DCP-J925DW/ MFC-J825DW/ MFC-J835DW;
Brother;Brother MFC-J435W;SCANNER-ADF;LX7469019;ADF DOCUMENT SUPPORT FLAP, DCP-J725DW/ DCP-J925DW/ MFC-J425W/ MFC-J430W/ MFC-J432W/ MFC-J435W/ MFC-J625DW/ MFC-J825DW/ MFC-J835DW;
Brother;Brother MFC-J435W;CARTRIDGE CASE;LK6293001;INK REFILL ASSY (SP) EXCEPT FOR IDN;
Brother;Brother MFC-J435W;CARTRIDGE CASE;LK6429001;INK REFILL ASSY (SP) FOR IDN;
Brother;Brother MFC-J435W;CARTRIDGE CASE;LK5793001;HEAD JOINT RUBBER (SP);
Brother;Brother MFC-J435W;CARTRIDGE CASE;LK5919001;INK CARTRIDGE DETECTION SENSOR PCB ASSY;
Brother;Brother MFC-J435W;ENGINE;LX8353001;ENGINE UNIT (SP), DCP-J525W/ MFC-J280W/ MFC-J425W/ MFC-J430W/ MFC-J432W/ MFC-J435W;
Brother;Brother MFC-J435W;ENGINE;LX8357001;ENGINE UNIT (SP), DCP-J725DW/ MFC-J625DW;
Brother;Brother MFC-J435W;ENGINE;LX8359001;ENGINE UNIT (SP), DCP-J925DW/ MFC-J825DW/ MFC-J835DW;
Brother;Brother MFC-J435W;ENGINE;LX6678001;CR ENCODER STRIP;
Brother;Brother MFC-J435W;ENGINE;LX6679001;ENCODER STRIP GUARD FILM;
Brother;Brother MFC-J435W;ENGINE;LX8279001;LEVELER ROLLER ASSY;
Brother;Brother MFC-J435W;ENGINE;LX3339001;HEAD COVER;
Brother;Brother MFC-J435W;ENGINE;LX3326001;ENCODER STRIP SPRING;
Brother;Brother MFC-J435W;ENGINE;LX3328001;GUARD FILM SPRING;
Brother;Brother MFC-J435W;ENGINE;LX8340001;CARRIAGE PCB ASSY (SP);
Brother;Brother MFC-J435W;ENGINE;LX7090001;JAM CLEAR COVER, DCP-J525W/ DCP-J725DW/ MFC-J280W/ MFC-J425W/ MFC-J430WMFC-J432W/ MFC-J435W/ MFC-J625DW;
Brother;Brother MFC-J435W;ENGINE;LX6806001;JAM CLEAR COVER, DCP-J925DW/ MFC-J825DW/ MFC-J835DW;
Brother;Brother MFC-J435W;ENGINE;LX8341001;MAINTENANCE UNIT (SP);
Brother;Brother MFC-J435W;ENGINE;LX6676001;CARRIAGE MOTOR;
Brother;Brother MFC-J435W;ENGINE;LX6677001;CR TIMING BELT;
Brother;Brother MFC-J435W;ENGINE;LP1471001;RF ENCODER DISK;
Brother;Brother MFC-J435W;ENGINE;LT1511001;PRESSURE ROLLER RELEASE SENSOR PCB ASSY;
Brother;Brother MFC-J435W;ENGINE;LX6887001;INNER CHUTE ASSY, DCP-J525W/ MFC-J280W/ MFC-J425W/ MFC-J430W/ MFC-J432W/ MFC-J435W;
Brother;Brother MFC-J435W;ENGINE;LX6798001;INNER CHUTE ASSY, DCP-J725DW/ DCP-J925DW/ MFC-J625DW/ MFC-J825DW/ MFC-J835DW;
Brother;Brother MFC-J435W;ENGINE;LT1507001;REGISTRATION SENSOR PCB ASSY;
Brother;Brother MFC-J435W;ENGINE;LT1509001;PF ENCODER SENSOR PCB ASSY;
Brother;Brother MFC-J435W;ENGINE;LX6805001;CHUTE COVER;
Brother;Brother MFC-J435W;ENGINE;LX0126001;PAPER PULL-IN ROLLER HOLDER ASSY;
Brother;Brother MFC-J435W;ENGINE;LX6791001;ASF DRIVE ASSY;
Brother;Brother MFC-J435W;ENGINE;LX6797001;ASF SWITCHING GEAR A;
Brother;Brother MFC-J435W;ENGINE;LX3420001;ASF SWITCHING GEAR B;
Brother;Brother MFC-J435W;HEAD;LK6090001;HEAD/CARRIAGE UNIT SUPPLY ASSY (SP) (without CARRIAGE PCB ASSY);
Brother;Brother MFC-J435W;HEAD;LK5391001;PROTECTOR SUPPLY ASSY (SP);
Brother;Brother MFC-J435W;PAPER TRAY;LX8752001;PAPER TRAY ASSY A4/ LGL (SP), MFC-J280W/ MFC-J425W/ MFC-J430W/ MFC-J435W FOR US/ CAN/ IDN/ ARG/ CHL/ ASA;
Brother;Brother MFC-J435W;PAPER TRAY;LX8751001;PAPER TRAY ASSY A4/ LGL (SP), DCP-J725DW/ MFC-J625DW/ MFC-J825DW/ MFC-J835DW FOR US/ CAN/ IDN/ ARG/ CHL/ ASA;
Brother;Brother MFC-J435W;PAPER TRAY;LX8173001;PAPER TRAY ASSY A4 (SP), DCP-J525W/ MFC-J430W/ MFC-J432W FOR GER/ UK/ FRA/ BEL/ NLD/ CHE/ AUS/ ITA/ ISR/ HK/ POL/ RUS/ OCE/ IBR/ PND/ CEE;
Brother;Brother MFC-J435W;PAPER TRAY;LX8963001;PAPER TRAY ASSY A4 (SP), DCP-J725DW/ DCP-J925DW/ MFC-J625DW/ MFC-J825DW FOR GER/ UK/ FRA/ BEL/ NLD/ CHE/ AUS/ ITA/ ISR/ TWN/ HK/ POL/ KOR/ RUS/ OCE/ PND/ IBR/ CEE;
Brother;Brother MFC-J435W;PAPER TRAY;LX6783001;PHOTO TRAY BASE PAD, DCP-J725DW/ DCP-J925DW/ MFC-J625DW/ MFC-J825DW/ MFC-J835DW;
Brother;Brother MFC-J435W;PAPER TRAY;LX8701001;BASE PAD;
Brother;Brother MFC-J435W;PAPER TRAY;LX6785001;BANK ASSY;
Brother;Brother MFC-J435W;COVER;LX7288001;LOWER COVER ASSY;
Brother;Brother MFC-J435W;COVER;LX7290001;DISC GUIDE COVER, DCP-J925DW/ MFC-J825DW/ MFC-J835DW;
Brother;Brother MFC-J435W;COVER;LT1506001;DISC GUIDE SENSOR ASSY, DCP-J925DW/ MFC-J825DW/ MFC-J835DW;
Brother;Brother MFC-J435W;COVER;LX7295001;INK ABSORBER FELT (INK REFILL UNIT);
Brother;Brother MFC-J435W;COVER;LX7296001;INK ABSORBER FELT (MAINTENANCE UNIT);
Brother;Brother MFC-J435W;COVER;LX8484001;INK ABSOBER TUBE ASSY (SP);
Brother;Brother MFC-J435W;COVER;LX7303001;FLUSHING BOX;
Brother;Brother MFC-J435W;COVER;LT1497001;SPEAKER, DCP-J925DW/ MFC-J280W/ MFC-J425W/ MFC-J430W/ MFC-J432W/ MFC-J435W/ M FC-J625DW/ MFC-J825DW/ MFC-J835DW;
Brother;Brother MFC-J435W;COVER;LX8486001;UPPER COVER (SP), DCP-J525W/ DCP-J725DW;
Brother;Brother MFC-J435W;COVER;LX8487001;UPPER COVER (SP), DCP-J925DW;
Brother;Brother MFC-J435W;COVER;LX8488001;UPPER COVER (SP), MFC-J280W/ M FC-J425W/ M FC-J430W/ M FC-J432W/ MFC-J435W/ MFC-J625DW;
Brother;Brother MFC-J435W;COVER;LX8485001;UPPER COVER (SP), MFC-J825DW/ MFC-J835DW;
Brother;Brother MFC-J435W;COVER;LX7328007;INK CARTRIDGE COVER;
Brother;Brother MFC-J435W;COVER;LX7329007;FRONT COVER;
Brother;Brother MFC-J435W;COVER;LX7338007;MEDIA MODULE COVER, DCP-J525W/ MFC-J280W/ MFC-J425W/ MFC-J430W/ MFC-J432W/ MFC-J435W;
Brother;Brother MFC-J435W;COVER;LX7333001;MEDIA MODULE COVER, DCP-J725DW/ MFC-J625DW;
Brother;Brother MFC-J435W;COVER;LX7330001;MEDIA MODULE COVER, DCP-J925DW/ MFC-J825DW/ MFC-J835DW;
Brother;Brother MFC-J435W;COVER;LX7348007;SCANNER COVER SUPPORT;
Brother;Brother MFC-J435W;COVER;LT1549001;INK CARTRIDGE COVER SENSOR ASSY;
Brother;Brother MFC-J435W;COVER;LT2155001;WIRELESS LAN PCB, MFC-J425W/ MFC-J430W/ MFC-J435W FOR US/ CAN, MFC-J825DW/ MFC-J835DW FOR US*1/ CAN;
Brother;Brother MFC-J435W;COVER;LT1988001;WIRELESS LAN PCB, MFC-J825DW/ MFC-J835DW FOR US*1;
Brother;Brother MFC-J435W;COVER;LT2150001;WIRELESS LAN PCB, MFC-J430W/ MFC-J825DW EXCEPT FOR US, DCP-J525W/ DCP-J725DW/ DCP-J925DW/ MFC-J280W/ MFC-J432W/ MFC-J625DW FOR ALL COUNTRIES;
Brother;Brother MFC-J435W;COVER;LE8842001;EXT CAP, MFC-J280W/ MFC-J425W/ MFC-J430W/ MFC-J432W/ MFC-J435W/ MFC-J625DW/ MFC-J825DW/ MFC-J835DW FOR US/ CAN/ NLD/ CHE/ ISR/ TWN/ HK/ IDN/ ARG/ CHL/ POL/ ASA/ KOR/ RUS/ OCE/ PND/ IBR/ C;
Brother;Brother MFC-J435W;COVER;UF5745000;MJ COVER EXT, MFC-J430W/ MFC-J625DW/ MFC-J825DW FOR GER/ UK/ FRA/ BEL/ AUS/ ITA;
Brother;Brother MFC-J435W;COVER;LY0872001;LAN PORT CAP, DCP-J925DW/ MFC-J825DW/ MFC-J835DW;
Brother;Brother MFC-J435W;COVER;LX3721001;INNOBELLA LABEL FOR US;
Brother;Brother MFC-J435W;COVER;LX3722001;INNOBELLA LABEL EXCEPT FOR US;
Brother;Brother MFC-J435W;COVER;LX8237001;INK GENUINE LABEL FOR US;
Brother;Brother MFC-J435W;COVER;LX8256001;INK GENUINE LABEL FOR CAN;
Brother;Brother MFC-J435W;COVER;LX8245001;INK GENUINE LABEL FOR GER/ UK/ FRA/ BEL/ NLD/ CHE/ AUS/ ITA/ ISR/ POL/ RUS/ PND/ IBR/ CEE;
Brother;Brother MFC-J435W;COVER;LED698001;INK GENUINE LABEL FOR TWN;
Brother;Brother MFC-J435W;COVER;LX8674001;INK GENUINE LABEL FOR HK/ ASA/ KOR/ OCE;
Brother;Brother MFC-J435W;COVER;LED623001;INK GENUINE LABEL FOR ARG/ CHL;
Brother;Brother MFC-J435W;COVER;LX6755001;DISC GUIDE, DCP-J925DW/ MFC-J825DW/ MFC-J835DW;
Brother;Brother MFC-J435W;COVER;LX6758001;DISC GUIDE SPRING R, DCP-J925DW/ MFC-J825DW/ MFC-J835DW;
Brother;Brother MFC-J435W;COVER;LX6759001;DISC GUIDE SPRING L, DCP-J925DW/ MFC-J825DW/ MFC-J835DW;
Brother;Brother MFC-J435W;Panel;LX7648001;CONTROL PANEL ASSY, MFC-J625DW FOR US/ CAN;
Brother;Brother MFC-J435W;Panel;LX7532001;CONTROL PANEL ASSY, MFC-J825DW FOR US/ CAN;
Brother;Brother MFC-J435W;Panel;LX8551001;CONTROL PANEL ASSY, MFC-J835DW FOR US/ CAN;
Brother;Brother MFC-J435W;Panel;LX8557001;CONTROL PANEL ASSY, DCP-J525W FOR GER;
Brother;Brother MFC-J435W;Panel;LX8586001;CONTROL PANEL ASSY, DCP-J725DW FOR GER;
Brother;Brother MFC-J435W;Panel;LX8511001;CONTROL PANEL ASSY, DCP-J925DW FOR GER;
Brother;Brother MFC-J435W;Panel;LX8692001;CONTROL PANEL ASSY, MFC-J430W FOR GER/ AUS;
Brother;Brother MFC-J435W;Panel;LX8626001;CONTROL PANEL ASSY, MFC-J625DW FOR GER/ AUS;
Brother;Brother MFC-J435W;Panel;LX8462001;CONTROL PANEL ASSY, MFC-J825DW FOR GER/ AUS;
Brother;Brother MFC-J435W;Panel;LX7766001;CONTROL PANEL ASSY, DCP-J525W FOR UK/ OCE/ PND;
Brother;Brother MFC-J435W;Panel;LX7651001;CONTROL PANEL ASSY, DCP-J725DW FOR UK/ IDN/ ASA/ OCE/ PND;
Brother;Brother MFC-J435W;Panel;LX7535001;CONTROL PANEL ASSY, DCP-J925DW FOR UK/ OCE/ PND;
Brother;Brother MFC-J435W;Panel;LX8001001;CONTROL PANEL ASSY, MFC-J430W FOR UK/ BEL/ CHE/ ISR/ CEE;
Brother;Brother MFC-J435W;Panel;LX8099001;CONTROL PANEL ASSY, MFC-J625DW FOR UK/ BEL/ ISR/ CEE;
Brother;Brother MFC-J435W;Panel;LX7953001;CONTROL PANEL ASSY, MFC-J825DW FOR UK/ BEL/ CHE;
Brother;Brother MFC-J435W;Panel;LX8566001;CONTROL PANEL ASSY, DCP-J525W FOR FRA/ CHE/ CEE;
Brother;Brother MFC-J435W;Panel;LX8590001;CONTROL PANEL ASSY, DCP-J725DW FOR FRA/ CHE/ CEE;
Brother;Brother MFC-J435W;Panel;LX8520001;CONTROL PANEL ASSY, DCP-J925DW FOR FRA/ CHE/ CEE;
Brother;Brother MFC-J435W;Panel;LX8699001;CONTROL PANEL ASSY, MFC-J430W FOR FRA;
Brother;Brother MFC-J435W;Panel;LX8631001;CONTROL PANEL ASSY, MFC-J625DW FOR FRA;
Brother;Brother MFC-J435W;Panel;LX8464001;CONTROL PANEL ASSY, MFC-J825DW FOR FRA;
Brother;Brother MFC-J435W;Panel;LX8863001;CONTROL PANEL ASSY, MFC-J430W FOR NLD;
Brother;Brother MFC-J435W;Panel;LX8774001;CONTROL PANEL ASSY, MFC-J625DW FOR NLD;
Brother;Brother MFC-J435W;Panel;LX8727001;CONTROL PANEL ASSY, MFC-J825DW FOR NLD;
Brother;Brother MFC-J435W;Panel;LX8576001;CONTROL PANEL ASSY, DCP-J525W FOR ITA;
Brother;Brother MFC-J435W;Panel;LX8531001;CONTROL PANEL ASSY, DCP-J925DW FOR ITA;
Brother;Brother MFC-J435W;Panel;LX8705001;CONTROL PANEL ASSY, MFC-J430W FOR ITA;
Brother;Brother MFC-J435W;Panel;LX8639001;CONTROL PANEL ASSY, MFC-J625DW FOR ITA;
Brother;Brother MFC-J435W;Panel;LX8466001;CONTROL PANEL ASSY, MFC-J825DW FOR ITA;
Brother;Brother MFC-J435W;Panel;LX8994001;CONTROL PANEL ASSY, MFC-J825DW FOR TWN/ HK;
Brother;Brother MFC-J435W;Panel;LED687001;CONTROL PANEL ASSY, MFC-J430W FOR HK;
Brother;Brother MFC-J435W;Panel;LED634001;CONTROL PANEL ASSY, MFC-J625DW FOR HK;
Brother;Brother MFC-J435W;Panel;LED037001;CONTROL PANEL ASSY, MFC-J430W/ MFC-J432W FOR IDN/ ASA/ OCE;
Brother;Brother MFC-J435W;Panel;LX8983001;CONTROL PANEL ASSY, MFC-J625DW FOR IDN/ ASA/ OCE;
Brother;Brother MFC-J435W;Panel;LED647001;CONTROL PANEL ASSY, MFC-J430W FOR ARG/ CHL;
Brother;Brother MFC-J435W;Panel;LED624001;CONTROL PANEL ASSY, MFC-J825DW FOR ARG/ CHL;
Brother;Brother MFC-J435W;Panel;LX8885001;CONTROL PANEL ASSY, MFC-J430W FOR POL;
Brother;Brother MFC-J435W;Panel;LX8796001;CONTROL PANEL ASSY, MFC-J625DW FOR POL;
Brother;Brother MFC-J435W;Panel;LX8733001;CONTROL PANEL ASSY, MFC-J825DW FOR POL;
Brother;Brother MFC-J435W;Panel;LX8685001;CONTROL PANEL ASSY, MFC-J825DW FOR ASA/ OCE;
Brother;Brother MFC-J435W;Panel;LED629001;CONTROL PANEL ASSY, MFC-J825DW FOR KOR;
Brother;Brother MFC-J435W;Panel;LX8967001;CONTROL PANEL ASSY, DCP-J525W FOR RUS;
Brother;Brother MFC-J435W;Panel;LED641001;CONTROL PANEL ASSY, MFC-J430W FOR RUS;
Brother;Brother MFC-J435W;Panel;LX8802001;CONTROL PANEL ASSY, MFC-J825DW FOR RUS;
Brother;Brother MFC-J435W;Panel;LED044001;CONTROL PANEL ASSY, MFC-J432W FOR OCE;
Brother;Brother MFC-J435W;Panel;LX8888001;CONTROL PANEL ASSY, MFC-J430W FOR PND;
Brother;Brother MFC-J435W;Panel;LX8809001;CONTROL PANEL ASSY, MFC-J625DW FOR PND;
Brother;Brother MFC-J435W;Panel;LX8582001;CONTROL PANEL ASSY, DCP-J525W FOR IBR;
Brother;Brother MFC-J435W;Panel;LX8593001;CONTROL PANEL ASSY, DCP-J725DW FOR IBR;
Brother;Brother MFC-J435W;Panel;LX8536001;CONTROL PANEL ASSY, DCP-J925DW FOR IBR;
Brother;Brother MFC-J435W;Panel;LX8709001;CONTROL PANEL ASSY, MFC-J430W FOR IBR;
Brother;Brother MFC-J435W;Panel;LX8643001;CONTROL PANEL ASSY, MFC-J625DW FOR IBR;
Brother;Brother MFC-J435W;Panel;LX8468001;CONTROL PANEL ASSY, MFC-J825DW FOR IBR;
Brother;Brother MFC-J435W;Panel;LX7764001;CONTROL PANEL ASSY, MFC-J280W FOR US/ CAN;
Brother;Brother MFC-J435W;Panel;LX8936001;CONTROL PANEL ASSY, MFC-J425W FOR US/ CAN;
Brother;Brother MFC-J435W;Panel;LX7999001;CONTROL PANEL ASSY, MFC-J430W FOR US/ CAN;
Brother;Brother MFC-J435W;Panel;LX8896001;CONTROL PANEL ASSY, MFC-J435W FOR US/ CAN;
Brother;Brother MFC-J435W;Panel;IV7403001;EX PANE PLATE DCP I525W/ DCD I725DW FOD IDM/ ACA/ OCC;
Brother;Brother MFC-J435W;Panel;LX7391001;EX PANEL PLATE, DCP J925DW FOR OCE;
Brother;Brother MFC-J435W;Panel;LX7405001;CONTROL PANEL BASE, DCP-J525W;
Brother;Brother MFC-J435W;Panel;LX7401001;CONTROL PANEL BASE, DCP-J725DW;
Brother;Brother MFC-J435W;Panel;LX7385001;CONTROL PANEL BASE, DCP-J925DW;
Brother;Brother MFC-J435W;Panel;LX7407001;CONTROL PANEL BASE, MFC-J280W FOR US/ CAN;
Brother;Brother MFC-J435W;Panel;LX7412001;CONTROL PANEL BASE, MFC-J425W/ MFC-J430W/ MFC-J435W FOR US/ CAN;
Brother;Brother MFC-J435W;Panel;LX7393001;CONTROL PANEL BASE, MFC-J625DW FOR US/ CAN;
Brother;Brother MFC-J435W;Panel;LX7374001;CONTROL PANEL BASE, MFC-J825DW/ MFC-J835DW FOR US/ CAN;
Brother;Brother MFC-J435W;Panel;LX8693001;CONTROL PANEL BASE, MFC-J430W FOR GER/ AUS;
Brother;Brother MFC-J435W;Panel;LX8627001;CONTROL PANEL BASE, MFC-J625DW FOR GER/ AUS;
Brother;Brother MFC-J435W;Panel;LX8463001;CONTROL PANEL BASE, MFC-J825DW FOR GER/ AUS;
Brother;Brother MFC-J435W;Panel;LX8002001;CONTROL PANEL BASE, MFC-J430W FOR UK/ BEL/ CHE/ ISR/ CEE;
Brother;Brother MFC-J435W;Panel;LX7861001;CONTROL PANEL BASE, MFC-J625DW FOR UK/ BEL/ ISR/ CEE;
Brother;Brother MFC-J435W;Panel;LX7860001;CONTROL PANEL BASE, MFC-J825DW FOR UK/ BEL/ CHE;
Brother;Brother MFC-J435W;Panel;LX8700001;CONTROL PANEL BASE, MFC-J430W FOR FRA;
Brother;Brother MFC-J435W;Panel;LX8635001;CONTROL PANEL BASE, MFC-J625DW FOR FRA;
Brother;Brother MFC-J435W;Panel;LX8465001;CONTROL PANEL BASE, MFC-J825DW FOR FRA;
Brother;Brother MFC-J435W;Panel;LX8864001;CONTROL PANEL BASE, MFC-J430W FOR NLD;
Brother;Brother MFC-J435W;Panel;LX8775001;CONTROL PANEL BASE, MFC-J625DW FOR NLD;
Brother;Brother MFC-J435W;Panel;LX8728001;CONTROL PANEL BASE, MFC-J825DW FOR NLD;
Brother;Brother MFC-J435W;Panel;LX8706001;CONTROL PANEL BASE, MFC-J430W FOR ITA;
Brother;Brother MFC-J435W;Panel;LX8640001;CONTROL PANEL BASE, MFC-J625DW FOR ITA;
Brother;Brother MFC-J435W;Panel;LX8467001;CONTROL PANEL BASE, MFC-J825DW FOR ITA;
Brother;Brother MFC-J435W;Panel;LED688001;CONTROL PANEL BASE, MFC-J430W FOR HK;
Brother;Brother MFC-J435W;Panel;LED635001;CONTROL PANEL BASE, MFC-J625DW FOR HK;
Brother;Brother MFC-J435W;Panel;LX8995001;CONTROL PANEL BASE, MFC-J825DW FOR TWN/ HK;
Brother;Brother MFC-J435W;Panel;LED038001;CONTROL PANEL BASE, MFC-J430W/ MFC-J432W FOR IDN/ ASA/ OCE;
Brother;Brother MFC-J435W;Panel;LX8984001;CONTROL PANEL BASE, MFC-J625DW FOR IDN/ ASA/ OCE;
Brother;Brother MFC-J435W;Panel;LED648001;CONTROL PANEL BASE, MFC-J430W FOR ARG/ CHL;
Brother;Brother MFC-J435W;Panel;LED625001;CONTROL PANEL BASE, MFC-J825DW FOR ARG/ CHL;
Brother;Brother MFC-J435W;Panel;LX8886001;CONTROL PANEL BASE, MFC-J430W FOR POL;
Brother;Brother MFC-J435W;Panel;LX8799001;CONTROL PANEL BASE, MFC-J625DW FOR POL;
Brother;Brother MFC-J435W;Panel;LX8734001;CONTROL PANEL BASE, MFC-J825DW FOR POL;
Brother;Brother MFC-J435W;Panel;LX8686001;CONTROL PANEL BASE, MFC-J825DW FOR ASA/ OCE;
Brother;Brother MFC-J435W;Panel;LED630001;CONTROL PANEL BASE, MFC-J825DW FOR KOR;
Brother;Brother MFC-J435W;Panel;LED642001;CONTROL PANEL BASE, MFC-J430W FOR RUS;
Brother;Brother MFC-J435W;Panel;LX8803001;CONTROL PANEL BASE, MFC-J825DW FOR RUS;
Brother;Brother MFC-J435W;Panel;LX8889001;CONTROL PANEL BASE, MFC-J430W FOR PND;
Brother;Brother MFC-J435W;Panel;LX8810001;CONTROL PANEL BASE, MFC-J625DW FOR PND;
Brother;Brother MFC-J435W;Panel;LX8710001;CONTROL PANEL BASE, MFC-J430W FOR IBR;
Brother;Brother MFC-J435W;Panel;LX8644001;CONTROL PANEL BASE, MFC-J625DW FOR IBR;
Brother;Brother MFC-J435W;Panel;LX8469001;CONTROL PANEL BASE, MFC-J825DW FOR IBR;
Brother;Brother MFC-J435W;Panel;LX7652001;LCD UNIT ASSY, DCP-J525W/ DCP-J725DW;
Brother;Brother MFC-J435W;Panel;LX7536001;LCD UNIT ASSY, DCP-J925DW;
Brother;Brother MFC-J435W;Panel;LX7765001;LCD UNIT ASSY, MFC-J280W;
Brother;Brother MFC-J435W;Panel;LX7649001;LCD UNIT ASSY, MFC-J625DW;
Brother;Brother MFC-J435W;Panel;LX7533001;LCD UNIT ASSY, MFC-J825DW;
Brother;Brother MFC-J435W;Panel;LX8552001;LCD UNIT ASSY, MFC-J835DW;
Brother;Brother MFC-J435W;Panel;LX7380007;PANEL LOWER COVER, DCP-J525W/ DCP-J725DW/ DCP-J925DW/ MFC-J280W/ MFC-J625DW/ MFC-J825DW/ MFC-J835DW;
Brother;Brother MFC-J435W;Panel;LX7410001;RUBBER KEY L, MFC-J280W;
Brother;Brother MFC-J435W;Panel;LX7414001;RUBBER KEY L, MFC-J425W/ MFC-J430W/ MFC-J432W/ MFC-J435W;
Brother;Brother MFC-J435W;Panel;LX8231001;RUBBER KEY L, MFC-J625DW;
Brother;Brother MFC-J435W;Panel;LX7381001;RUBBER KEY L, MFC-J825DW/ MFC-J835DW;
Brother;Brother MFC-J435W;Panel;LX7388001;RUBBER KEY PAD, DCP-J525W/ DCP-J725DW/ DCP-J925DW;
Brother;Brother MFC-J435W;Panel;LX7416001;RUBBER KEY R, MFC-J425W/ MFC-J430W/ MFC-J432W/ MFC-J435W;
Brother;Brother MFC-J435W;Panel;LX7383001;RUBBER KEY R, MFC-J280W/ MFC-J625DW/ MFC-J825DW/ MFC-J835DW;
Brother;Brother MFC-J435W;Panel;LT1460002;PANEL PCB ASSY, DCP-J525W/ DCP-J725DW;
Brother;Brother MFC-J435W;Panel;LT1460001;PANEL PCB ASSY, DCP-J925DW;
Brother;Brother MFC-J435W;Panel;LT1462001;PANEL PCB ASSY, MFC-J425W/ MFC-J430W/ MFC-J432W/ MFC-J435W;
Brother;Brother MFC-J435W;Panel;LT1449002;PANEL PCB ASSY, MFC-J280W/ MFC-J625DW;
Brother;Brother MFC-J435W;Panel;LT1449001;PANEL PCB ASSY, MFC-J825DW/ MFC-J835DW;
Brother;Brother MFC-J435W;Panel;LX8776001;EX PANEL PLATE, DCP-J525W/ DCP-J725DW FOR GER/ CHE (GERMAN);
Brother;Brother MFC-J435W;Panel;LX8716001;EX PANEL PLATE, DCP-J925DW FOR GER/ CHE (GERMAN);
Brother;Brother MFC-J435W;Panel;LX8969001;EX PANEL PLATE, DCP-J525W/ DCP-J725DW FOR UK/ IDN/ ASA/ OCE/ PND/ CEE (ENGLISH);
Brother;Brother MFC-J435W;Panel;LX8814001;EX PANEL PLATE, DCP-J925DW FOR UK/ OCE/ PND/ CEE (ENGLISH);
Brother;Brother MFC-J435W;Panel;LX8567001;EX PANEL PLATE, DCP-J525W/ DCP-J725DW FOR FRA/ CHE (FRENCH);
Brother;Brother MFC-J435W;Panel;LX8521001;EX PANEL PLATE, DCP-J925DW FOR FRA/ CHE (FRENCH);
Brother;Brother MFC-J435W;Panel;LX8569001;EX PANEL PLATE, DCP-J525W/ DCP-J725DW FOR FRA (DUTCH);
Brother;Brother MFC-J435W;Panel;LX8524001;EX PANEL PLATE, DCP-J925DW FOR FRA (DUTCH);
Brother;Brother MFC-J435W;Panel;LX8577001;EX PANEL PLATE, DCP-J525W FOR ITA;
Brother;Brother MFC-J435W;Panel;LX8532001;EX PANEL PLATE, DCP-J925DW FOR ITA;
Brother;Brother MFC-J435W;Panel;LX8968001;EX PANEL PLATE, DCP-J525W FOR RUS;
Brother;Brother MFC-J435W;Panel;IX8583001;EX PANEL PLATE, DCP-J525W/ DCP-J725DW FOR IBR;
Brother;Brother MFC-J435W;Panel;LX8537001;EX PANEL PLATE, DCP-J925DW FOR IBR;
Brother;Brother MFC-J435W;Panel;LX8971001;EX PANEL PLATE, DCP-J525W/ DCP-J725DW FOR CEE (POLISH);
Brother;Brother MFC-J435W;Panel;LX8816001;EX PANEL PLATE, DCP-J925DW FOR CEE (POLISH);
Brother;Brother MFC-J435W;Panel;LX8937001;PRINTED LCD SHEET, MFC-J425W;
Brother;Brother MFC-J435W;Panel;LX7418001;PRINTED LCD SHEET, MFC-J430W;
Brother;Brother MFC-J435W;Panel;LED045001;PRINTED LCD SHEET, MFC-J432W;
Brother;Brother MFC-J435W;Panel;LX8680001;PRINTED LCD SHEET, MFC-J435W;
Brother;Brother MFC-J435W;Panel;A63045001;LCD, MFC-J425W/ MFC-J430W/ MFC-J432W/ MFC-J435W;
Brother;Brother MFC-J435W;PCB;LT1484001;MAIN PCB ASSY, DCP-J525W;
Brother;Brother MFC-J435W;PCB;LT1485011;MAIN PCB ASSY, DCP-J725DW;
Brother;Brother MFC-J435W;PCB;LT1477003;MAIN PCB ASSY, DCP-J925DW;
Brother;Brother MFC-J435W;PCB;LT1486021;MAIN PCB ASSY, MFC-J280W;
Brother;Brother MFC-J435W;PCB;LT1487031;MAIN PCB ASSY, MFC-J425W/ MFC-J430W/ MFC-J432W/ MFC-J435W;
Brother;Brother MFC-J435W;PCB;LT1489051;MAIN PCB ASSY, MFC-J625DW;
Brother;Brother MFC-J435W;PCB;LT1478011;MAIN PCB ASSY, MFC-J825DW/ MFC-J835DW;
Brother;Brother MFC-J435W;PCB;LT1980001;POWER SUPPLY PCB ASSY, MFC-J280W/ MFC-J425W/ MFC-J430W/ MFC-J435W/ MFC-J625DW FOR US/ CAN;
Brother;Brother MFC-J435W;PCB;LT1531001;POWER SUPPLY PCB ASSY, MFC-J825DW/ MFC-J835DW FOR US/ CAN;
Brother;Brother MFC-J435W;PCB;LT1552001;POWER SUPPLY PCB ASSY, DCP-J525W/ DCP-J725DW/ DCP-J925DW/ MFC-J430W/ MFC-J432W/ MFC-J625DW/ MFC-J825DW FOR GER/ UK/ FRA/ BEL/ NLD/ CHE/ AUS/ ITA/ ISR/ HK/ ARG/ CHL/ POL/ ASA/ KOR/ OCE/ PND/ IBR/ CEE;
Brother;Brother MFC-J435W;PCB;LT2067001;POWER SUPPLY PCB ASSY, MFC-J825DW FOR TWN;
Brother;Brother MFC-J435W;PCB;LT1822001;POWER SUPPLY PCB ASSY, DCP-J725DW/ MFC-J430W/ MFC-J625DW FOR IDN;
Brother;Brother MFC-J435W;PCB;LT1876001;POWER SUPPLY PCB ASSY, DCP-J525W/ MFC-J430W/ MFC-J825DW FOR RUS;
Brother;Brother MFC-J435W;PCB;LT1335001;MJ PCB ASSY, MFC-J280W/ MFC-J425W/ MFC-J430W/ MFC-J432W/ MFC-J435W/ MFC-J625DW/ MFC-J825DW/ MFC-J835DW FOR US/ CAN/ TWN/ HK/ IDN/ ARG/ CHL/ ASA/ OCE;
Brother;Brother MFC-J435W;PCB;LT1335004;MJ PCB, MFC-J430W/ MFC-J625DW/ MFC-J825DW FOR GER/ UK/ FRA/ BEL/ NLD/ CHE/ AUS/ ITA/ ISR/ POL/ RUS/ PND/ IBR/ CEE;
Brother;Brother MFC-J435W;PCB;LT1335044;MJ PCB, MFC-J825DW FOR KOR;
Brother;Brother MFC-J435W;PCB;LX8742001;AC CORD HOLDER BAND, MFC-J430W/ MFC-J435W/ MFC-J625DW FOR US/ CAN;
