Brother;Brother DCP9020CDW;FRAME L and DRIVE UNIT;LEF006001;PROCESS DRIVE UNIT;
Brother;Brother DCP9020CDW;FRAME L and DRIVE UNIT;LU6109001;TAPTITE PAN B M4X12DA;
Brother;Brother DCP9020CDW;FRAME L and DRIVE UNIT;LY6100001;MAIN DRIVE UNIT;
Brother;Brother DCP9020CDW;FRAME L and DRIVE UNIT;LY0233001;FUSER DRIVE GEAR Z25;
Brother;Brother DCP9020CDW;FRAME R UNIT;LV0885001;DEVELOP RELEASE SENSOR PCB ASSY;
Brother;Brother DCP9020CDW;FRAME;LV0905001;REGISTRATION MARK L PCB ASSY;
Brother;Brother DCP9020CDW;FRAME;LV0903001;REGISTRATION MARK R PCB ASSY;
Brother;Brother DCP9020CDW;FRAME;85320516;TAPTITE BIND S M3X5;
Brother;Brother DCP9020CDW;FRAME;LV0890001;EJECT SENSOR PCB ASSY;
Brother;Brother DCP9020CDW;FRAME;LY6770001;MAIN FAN;
Brother;Brother DCP9020CDW;FRAME;LV0918001;HVPS FLAT CABLE;
Brother;Brother DCP9020CDW;FRAME;LY6134001;PAPER FEED CLUTCH;
Brother;Brother DCP9020CDW;FRAME;LY6135001;DEVELOP RELEASE CLUTCH;
Brother;Brother DCP9020CDW;FRAME;LY6136001;REGISTRATION CLUTCH;
Brother;Brother DCP9020CDW;FRAME;LY6139001;WIRELESS LAN CAP;DCP-9020CDW
Brother;Brother DCP9020CDW;FRAME;LY6139001;WIRELESS LAN CAP;MFC-9130CW
Brother;Brother DCP9020CDW;FRAME;LY6139001;WIRELESS LAN CAP;MFC-9330CDW
Brother;Brother DCP9020CDW;FRAME;LY6139001;WIRELESS LAN CAP;MFC-9340CDW
Brother;Brother DCP9020CDW;FRAME;LV0942001;EXTERNAL TEMPERATURE/HUMIDITY SENSOR;
Brother;Brother DCP9020CDW;FRAME;LT2809001;WIRELESS LAN PCB ASSY;DCP-9020CDW
Brother;Brother DCP9020CDW;FRAME;LT2722001;WIRELESS LAN PCB ASSY;MFC-9130CW
Brother;Brother DCP9020CDW;FRAME;LT2722001;WIRELESS LAN PCB ASSY;MFC-9330CDW
Brother;Brother DCP9020CDW;FRAME;LT2722001;WIRELESS LAN PCB ASSY;MFC-9340CDW
Brother;Brother DCP9020CDW;FRAME;LT2604001;SPACER SPONGE;DCP-9020CDW
Brother;Brother DCP9020CDW;FRAME;LT2604001;SPACER SPONGE;MFC-9130CW
Brother;Brother DCP9020CDW;FRAME;LT2604001;SPACER SPONGE;MFC-9330CDW
Brother;Brother DCP9020CDW;FRAME;LT2604001;SPACER SPONGE;MFC-9340CDW
Brother;Brother DCP9020CDW;LED JOINT COVER;LEF319001;JOINT COVER ASSY (SP);DCP-9020CDW
Brother;Brother DCP9020CDW;LED JOINT COVER;LEF321001;JOINT COVER ASSY (SP);MFC-9130CW
Brother;Brother DCP9020CDW;LED JOINT COVER;LEF320001;JOINT COVER ASSY (SP);MFC-9140CDN
Brother;Brother DCP9020CDW;LED JOINT COVER;LEF320001;JOINT COVER ASSY (SP);MFC-9330CDW
Brother;Brother DCP9020CDW;LED JOINT COVER;LEF320001;JOINT COVER ASSY (SP);MFC-9340CDW
Brother;Brother DCP9020CDW;LED JOINT COVER;LY6790001;LED ASSY (SP);
Brother;Brother DCP9020CDW;LED JOINT COVER;LV0921001;LED FLAT CABLE;
Brother;Brother DCP9020CDW;LED JOINT COVER;LV0945001;LED(Y) FLAT CABLE;
Brother;Brother DCP9020CDW;LED JOINT COVER;LY6277001;HOLDER HOOK;
Brother;Brother DCP9020CDW;LED JOINT COVER;LY6274001;Z SPRING L;
Brother;Brother DCP9020CDW;LED JOINT COVER;LV0907001;LED CONTROL PCB ASSY;
Brother;Brother DCP9020CDW;LED JOINT COVER;LT2220001;LED CONTROL FLAT CABLE;
Brother;Brother DCP9020CDW;LED JOINT COVER;LP2727001;PULL ARM L;
Brother;Brother DCP9020CDW;LED JOINT COVER;LP2728001;PULL ARM R;
Brother;Brother DCP9020CDW;LED JOINT COVER;LS7023001;PULL ARM GUIDE;
Brother;Brother DCP9020CDW;LED JOINT COVER;LX4020001;PULL ARM SPRING;
Brother;Brother DCP9020CDW;LED JOINT COVER;LF6148001;LOCK CLAW;
Brother;Brother DCP9020CDW;LED JOINT COVER;LEF050001;FLAT CABLE HOLDER COVER;
Brother;Brother DCP9020CDW;LED JOINT COVER;LEF106001;JOINT COVER SIDE L;DCP-9020CDW
Brother;Brother DCP9020CDW;LED JOINT COVER;LEF051001;JOINT COVER SIDE L;MFC-9130CW
Brother;Brother DCP9020CDW;LED JOINT COVER;LEF051001;JOINT COVER SIDE L;MFC-9140CDN
Brother;Brother DCP9020CDW;LED JOINT COVER;LEF051001;JOINT COVER SIDE L;MFC-9330CDW
Brother;Brother DCP9020CDW;LED JOINT COVER;LEF051001;JOINT COVER SIDE L;MFC-9340CDW
Brother;Brother DCP9020CDW;LED JOINT COVER;LY6250002;SUPPORT FLAP;DCP-9020CDW
Brother;Brother DCP9020CDW;LED JOINT COVER;LY6250002;SUPPORT FLAP;MFC-9130CW
Brother;Brother DCP9020CDW;LED JOINT COVER;LY6250001;SUPPORT FLAP;MFC-9140CDN
Brother;Brother DCP9020CDW;LED JOINT COVER;LY6250001;SUPPORT FLAP;MFC-9330CDW
Brother;Brother DCP9020CDW;LED JOINT COVER;LY6250001;SUPPORT FLAP;MFC-9340CDW
Brother;Brother DCP9020CDW;LED JOINT COVER;LEF117001;FLAT CABLE SPONGE1;
Brother;Brother DCP9020CDW;LED JOINT COVER;LP2612002;CORD HOOK;MFC-9130CW
Brother;Brother DCP9020CDW;LED JOINT COVER;LP2612002;CORD HOOK;MFC-9140CDN
Brother;Brother DCP9020CDW;LED JOINT COVER;LP2612002;CORD HOOK;MFC-9330CDW
Brother;Brother DCP9020CDW;LED JOINT COVER;LP2612002;CORD HOOK;MFC-9340CDW
Brother;Brother DCP9020CDW;LED JOINT COVER;LY6272001;FLAT CABLE COVER;
Brother;Brother DCP9020CDW;LED JOINT COVER;LY6255001;PAPER STACK LEVER;
Brother;Brother DCP9020CDW;LED JOINT COVER;LEF104001;JOINT COVER SIDE R;DCP-9020CDW
Brother;Brother DCP9020CDW;LED JOINT COVER;LEF032001;JOINT COVER SIDE R;MFC-9130CW
Brother;Brother DCP9020CDW;LED JOINT COVER;LEF032001;JOINT COVER SIDE R;MFC-9140CDN
Brother;Brother DCP9020CDW;LED JOINT COVER;LEF032001;JOINT COVER SIDE R;MFC-9330CDW
Brother;Brother DCP9020CDW;LED JOINT COVER;LEF032001;JOINT COVER SIDE R;MFC-9340CDW
Brother;Brother DCP9020CDW;LED JOINT COVER;LT2218001;SPEAKER UNIT;
Brother;Brother DCP9020CDW;LED JOINT COVER;LEF105001;JOINT COVER BACK;DCP-9020CDW
Brother;Brother DCP9020CDW;LED JOINT COVER;LEF033001;JOINT COVER BACK;MFC-9130CW
Brother;Brother DCP9020CDW;LED JOINT COVER;LEF033001;JOINT COVER BACK;MFC-9140CDN
Brother;Brother DCP9020CDW;LED JOINT COVER;LEF033001;JOINT COVER BACK;MFC-9330CDW
Brother;Brother DCP9020CDW;LED JOINT COVER;LEF033001;JOINT COVER BACK;MFC-9340CDW
Brother;Brother DCP9020CDW;PAPER FEEDER;LY7536002;PAPER FEED UNIT (SP);DCP-9020CDW
Brother;Brother DCP9020CDW;PAPER FEEDER;LY7536002;PAPER FEED UNIT (SP);MFC-9130CW
Brother;Brother DCP9020CDW;PAPER FEEDER;LY7536001;PAPER FEED UNIT (SP);MFC-9140CDN
Brother;Brother DCP9020CDW;PAPER FEEDER;LY7536001;PAPER FEED UNIT (SP);MFC-9330CDW
Brother;Brother DCP9020CDW;PAPER FEEDER;LY7536001;PAPER FEED UNIT (SP);MFC-9340CDW
Brother;Brother DCP9020CDW;PAPER FEEDER;LU5693001;TAPTITE BIND B M4X12;
Brother;Brother DCP9020CDW;DUPLEX;LY6649001;DUPLEX TRAY A4;DCP-9020CDW
Brother;Brother DCP9020CDW;DUPLEX;LY6649001;DUPLEX TRAY A4;MFC-9140CDN
Brother;Brother DCP9020CDW;DUPLEX;LY6649001;DUPLEX TRAY A4;MFC-9330CDW FOR GER/UK/CHE/ITA/IBR/RUS/FRA/BEL/NLD/ARL/NZ/PND
Brother;Brother DCP9020CDW;DUPLEX;LY6649001;DUPLEX TRAY A4;MFC-9340CDW FOR GER/UK/CHE/ITA/IBR/
Brother;Brother DCP9020CDW;DUPLEX;LY6587001;DUPLEX TRAY LTR;MFC-9330CDW FOR US/CAN
Brother;Brother DCP9020CDW;DUPLEX;LY6587001;DUPLEX TRAY LTR;MFC-9340CDW FOR US
Brother;Brother DCP9020CDW;DUPLEX;LU5693001;TAPTITE BIND B M4X12;DCP-9020CDW
Brother;Brother DCP9020CDW;DUPLEX;LU5693001;TAPTITE BIND B M4X12;MFC-9140CDN
Brother;Brother DCP9020CDW;DUPLEX;LU5693001;TAPTITE BIND B M4X12;MFC-9330CDW
Brother;Brother DCP9020CDW;DUPLEX;LU5693001;TAPTITE BIND B M4X12;MFC-9340CDW
Brother;Brother DCP9020CDW;PAPER TRAY;LY6602002;PAPER TRAY;DCP-9020CDW
Brother;Brother DCP9020CDW;PAPER TRAY;LY6342002;PAPER TRAY;MFC-9130CW
Brother;Brother DCP9020CDW;PAPER TRAY;LY6602001;PAPER TRAY;MFC-9140CDN
Brother;Brother DCP9020CDW;PAPER TRAY;LY6602001;PAPER TRAY;MFC-9330CDW
Brother;Brother DCP9020CDW;PAPER TRAY;LY6602001;PAPER TRAY;MFC-9340CDW
Brother;Brother DCP9020CDW;PAPER TRAY;LY6986001;COLOR LABEL;DCP-9020CDW
Brother;Brother DCP9020CDW;PAPER TRAY;LY6986001;COLOR LABEL;MFC-9130CW
Brother;Brother DCP9020CDW;PAPER TRAY;LY6423001;COLOR LABEL;MFC-9140CDN
Brother;Brother DCP9020CDW;PAPER TRAY;LY6423001;COLOR LABEL;MFC-9330CDW
Brother;Brother DCP9020CDW;PAPER TRAY;LY6423001;COLOR LABEL;MFC-9340CDW
Brother;Brother DCP9020CDW;PAPER TRAY;LR0252001;GEAR Z19M10;
Brother;Brother DCP9020CDW;PAPER TRAY;LR0253001;GEAR Z23M10Z14M75;
Brother;Brother DCP9020CDW;PAPER TRAY;LY2202001;LIFT GEAR 46;
Brother;Brother DCP9020CDW;FUSER UNIT;LY6753001;FUSER UNIT 115V (SP);MFC-9130CW
Brother;Brother DCP9020CDW;FUSER UNIT;LY6753001;FUSER UNIT 115V (SP);MFC-9330CDW FOR US/CAN
Brother;Brother DCP9020CDW;FUSER UNIT;LY6753001;FUSER UNIT 115V (SP);MFC-9340CDW FOR US
Brother;Brother DCP9020CDW;FUSER UNIT;LY6754001;FUSER UNIT 230V (SP);DCP-9020CDW
Brother;Brother DCP9020CDW;FUSER UNIT;LY6754001;FUSER UNIT 230V (SP);MFC-9140CDN
Brother;Brother DCP9020CDW;FUSER UNIT;LY6754001;FUSER UNIT 230V (SP);MFC-9330CDW FOR GER/UK/CHE/ITA/IBR/RUS/FRA/BEL/NLD/ARL/NZ/PND
Brother;Brother DCP9020CDW;FUSER UNIT;LY6754001;FUSER UNIT 230V (SP);MFC-9340CDW FOR GER/UK/CHE/ITA/IBR/FRA/BEL/NLD
Brother;Brother DCP9020CDW;FUSER UNIT;LU6109001;TAPTITE PAN(WASHER)B M4X12DA;
Brother;Brother DCP9020CDW;PAPER EJECT;LY6603002;PAPER EJECT ASSY;DCP-9020CDW
Brother;Brother DCP9020CDW;PAPER EJECT;LY6385002;PAPER EJECT ASSY;MFC-9130CW
Brother;Brother DCP9020CDW;PAPER EJECT;LY6603001;PAPER EJECT ASSY;MFC-9140CDN
Brother;Brother DCP9020CDW;PAPER EJECT;LY6603001;PAPER EJECT ASSY;MFC-9330CDW
Brother;Brother DCP9020CDW;PAPER EJECT;LY6603001;PAPER EJECT ASSY;MFC-9340CDW
Brother;Brother DCP9020CDW;PAPER EJECT;LY6964001;COOLING ROLLER SPRING L;DCP-9020CDW
Brother;Brother DCP9020CDW;PAPER EJECT;LY6964001;COOLING ROLLER SPRING L;MFC-9140CDN
Brother;Brother DCP9020CDW;PAPER EJECT;LY6964001;COOLING ROLLER SPRING L;MFC-9330CDW
Brother;Brother DCP9020CDW;PAPER EJECT;LY6964001;COOLING ROLLER SPRING L;MFC-9340CDW
Brother;Brother DCP9020CDW;PAPER EJECT;LU5693001;TAPTITE BIND B M4X12;
Brother;Brother DCP9020CDW;PAPER EJECT;LV0927001;BACK COVER SENSOR HARNESS ASSY;
Brother;Brother DCP9020CDW;PAPER EJECT;LY6397001;EJECT ROLLER ASSY;
Brother;Brother DCP9020CDW;PAPER EJECT;LY0790001;EXIT ROLLER BUSHING R;
Brother;Brother DCP9020CDW;PAPER EJECT;LY6401001;BACK COVER UPPER;
Brother;Brother DCP9020CDW;COVERS and LABELS;LEF053002;INNER FRONT COVER;DCP-9020CDW
Brother;Brother DCP9020CDW;COVERS and LABELS;LEF053002;INNER FRONT COVER;MFC-9130CW
Brother;Brother DCP9020CDW;COVERS and LABELS;LEF053001;INNER FRONT COVER;MFC-9140CDN
Brother;Brother DCP9020CDW;COVERS and LABELS;LEF053001;INNER FRONT COVER;MFC-9330CDW
Brother;Brother DCP9020CDW;COVERS and LABELS;LEF053001;INNER FRONT COVER;MFC-9340CDW
Brother;Brother DCP9020CDW;COVERS and LABELS;LY7419002;FRONT COVER ASSY (SP);DCP-9020CDW
Brother;Brother DCP9020CDW;COVERS and LABELS;LY7419002;FRONT COVER ASSY (SP);MFC-9130CW
Brother;Brother DCP9020CDW;COVERS and LABELS;LY7419001;FRONT COVER ASSY (SP);MFC-9140CDN
Brother;Brother DCP9020CDW;COVERS and LABELS;LY7419001;FRONT COVER ASSY (SP);MFC-9330CDW
Brother;Brother DCP9020CDW;COVERS and LABELS;LY7419001;FRONT COVER ASSY (SP);MFC-9340CDW
Brother;Brother DCP9020CDW;COVERS and LABELS;LEF057001;SIDE COVER R;
Brother;Brother DCP9020CDW;COVERS and LABELS;LU5693001;TAPTITE BIND B M4X12;
Brother;Brother DCP9020CDW;COVERS and LABELS;LEF110001;SIDE COVER L;DCP-9020CDW
Brother;Brother DCP9020CDW;COVERS and LABELS;LEF108001;SIDE COVER L;MFC-9130CW
Brother;Brother DCP9020CDW;COVERS and LABELS;LEF110001;SIDE COVER L;MFC-9140CDN
Brother;Brother DCP9020CDW;COVERS and LABELS;LEF059001;SIDE COVER L;MFC-9330CDW
Brother;Brother DCP9020CDW;COVERS and LABELS;LEF059001;SIDE COVER L;MFC-9340CDW
Brother;Brother DCP9020CDW;COVERS and LABELS;LU5693001;TAPTITE BIND B M4X12;
Brother;Brother DCP9020CDW;COVERS and LABELS;LY6613001;BACK COVER ASSY;DCP-9020CDW
Brother;Brother DCP9020CDW;COVERS and LABELS;LY6409001;BACK COVER ASSY;MFC-9130CW
Brother;Brother DCP9020CDW;COVERS and LABELS;LY6613001;BACK COVER ASSY;MFC-9140CDN
Brother;Brother DCP9020CDW;COVERS and LABELS;LY6613001;BACK COVER ASSY;MFC-9330CDW
Brother;Brother DCP9020CDW;COVERS and LABELS;LY6613001;BACK COVER ASSY;MFC-9340CDW
Brother;Brother DCP9020CDW;COVERS and LABELS;LY6412001;BACK COVER LOWER;
Brother;Brother DCP9020CDW;COVERS and LABELS;LY6413001;FUSER COVER ASSY;
Brother;Brother DCP9020CDW;COVERS and LABELS;LY0872001;LAN PORT CAP;DCP-9020CDW
Brother;Brother DCP9020CDW;COVERS and LABELS;LY0872001;LAN PORT CAP;MFC-9140CDN
Brother;Brother DCP9020CDW;COVERS and LABELS;LY0872001;LAN PORT CAP;MFC-9330CDW
Brother;Brother DCP9020CDW;COVERS and LABELS;LY0872001;LAN PORT CAP;MFC-9340CDW
Brother;Brother DCP9020CDW;COVERS and LABELS;LE8842001;EXT CAP;MFC-9130CW
Brother;Brother DCP9020CDW;COVERS and LABELS;LE8842001;EXT CAP;MFC-9140CDN FOR CHE/ARL/NZ/IBR
Brother;Brother DCP9020CDW;COVERS and LABELS;LE8842001;EXT CAP;MFC-9330CDW FOR US/CAN/CHE/RUS/ARL/NZ/PND
Brother;Brother DCP9020CDW;COVERS and LABELS;LE8842001;EXT CAP;MFC-9340CDW FOR US/CHE
Brother;Brother DCP9020CDW;COVERS and LABELS;UF5745000;MJ COVER EXT;MFC-9140CDN FOR GER/UK/ITA/IBR/FRA/BEL/NLD
Brother;Brother DCP9020CDW;COVERS and LABELS;UF5745000;MJ COVER EXT;MFC-9330CDW FOR GER/UK/ITA/IBR/FRA/BEL/NLD
Brother;Brother DCP9020CDW;COVERS and LABELS;UF5745000;MJ COVER EXT;MFC-9340CDW FOR GER/UK/ITA/IBR/FRA/BEL/NLD
Brother;Brother DCP9020CDW;COVERS and LABELS;LX4197003;DCP EMBLEM;DCP-9020CDW
Brother;Brother DCP9020CDW;COVERS and LABELS;LX4202004;MFC EMBLEM;MFC-9130CW
Brother;Brother DCP9020CDW;COVERS and LABELS;LX4196001;MFC EMBLEM;MFC-9140CDN
Brother;Brother DCP9020CDW;COVERS and LABELS;LX4202001;MFC EMBLEM;MFC-9330CDW FOR US/CAN
Brother;Brother DCP9020CDW;COVERS and LABELS;LX4196001;MFC EMBLEM;MFC-9330CDW FOR GER/UK/CHE/ITA/IBR/RUS/FRA/BEL/NLD/ARL/NZ/PND
Brother;Brother DCP9020CDW;COVERS and LABELS;LX4202001;MFC EMBLEM;MFC-9340CDW FOR US
Brother;Brother DCP9020CDW;COVERS and LABELS;LX4196001;MFC EMBLEM;MFC-9340CDW FOR GER/UK/CHE/ITA/IBR/FRA/BEL/NLD
Brother;Brother DCP9020CDW;COVERS and LABELS;LY6425001;LABEL FRONT JAM 25X21;
Brother;Brother DCP9020CDW;COVERS and LABELS;LY6426001;LABEL H/SP CAUTION REAR 44X41;
Brother;Brother DCP9020CDW;COVERS and LABELS;LY6780001;LABEL HEAT CAUTION F200;DCP-9020CDW
Brother;Brother DCP9020CDW;COVERS and LABELS;LY6427001;LABEL HEAT CAUTION F200;MFC-9130CW
Brother;Brother DCP9020CDW;COVERS and LABELS;LY6780001;LABEL HEAT CAUTION F200;MFC-9140CDN
Brother;Brother DCP9020CDW;COVERS and LABELS;LY6427001;LABEL HEAT CAUTION F200;MFC-9330CDW FOR US/CAN
Brother;Brother DCP9020CDW;COVERS and LABELS;LY6780001;LABEL HEAT CAUTION F200;MFC-9330CDW FRA/BEL/NLD/ARL/NZ/PND FOR GER/UK/CHE/ITA/IBR/RUS/
Brother;Brother DCP9020CDW;COVERS and LABELS;LY6427001;LABEL HEAT CAUTION F200;MFC-9340CDW FOR US
Brother;Brother DCP9020CDW;COVERS and LABELS;LY6780001;LABEL HEAT CAUTION F200;MFC-9340CDW FOR GER/UK/CHE/ITA/IBR/FRA/BEL/NLD
Brother;Brother DCP9020CDW;COVERS and LABELS;LY6428001;LABEL DR OPERATION 118X24;
Brother;Brother DCP9020CDW;COVERS and LABELS;LEF142001;LABEL SPRAY CAUTION 115;
Brother;Brother DCP9020CDW;COVERS and LABELS;LEF143001;LABEL BELT OPERATION 89X20;
Brother;Brother DCP9020CDW;COVERS and LABELS;LY6403002;MANUAL FEED SLOT COVER ASSY;DCP-9020CDW
Brother;Brother DCP9020CDW;COVERS and LABELS;LY6403002;MANUAL FEED SLOT COVER ASSY;MFC-9130CW
Brother;Brother DCP9020CDW;COVERS and LABELS;LY6403001;MANUAL FEED SLOT COVER ASSY;MFC-9140CDN
Brother;Brother DCP9020CDW;COVERS and LABELS;LY6403001;MANUAL FEED SLOT COVER ASSY;MFC-9330CDW
Brother;Brother DCP9020CDW;COVERS and LABELS;LY6403001;MANUAL FEED SLOT COVER ASSY;MFC-9340CDW
Brother;Brother DCP9020CDW;COVERS and LABELS;LY4852004;EMBLEM BROTHER SHEET;DCP-9020CDW
Brother;Brother DCP9020CDW;COVERS and LABELS;LY4852004;EMBLEM BROTHER SHEET;MFC-9130CW
Brother;Brother DCP9020CDW;COVERS and LABELS;LY4852002;EMBLEM BROTHER SHEET;MFC-9140CDN
Brother;Brother DCP9020CDW;COVERS and LABELS;LY4852002;EMBLEM BROTHER SHEET;MFC-9330CDW
Brother;Brother DCP9020CDW;COVERS and LABELS;LY4852002;EMBLEM BROTHER SHEET;MFC-9340CDW
Brother;Brother DCP9020CDW;COVERS and LABELS;LT2221001;USB HOST PCB ASSY;MFC-9330CDW
Brother;Brother DCP9020CDW;COVERS and LABELS;LT2221001;USB HOST PCB ASSY;MFC-9340CDW
Brother;Brother DCP9020CDW;COVERS and LABELS;LU5694001;TAPTITE BIND B M3X10;MFC-9330CDW
Brother;Brother DCP9020CDW;COVERS and LABELS;LU5694001;TAPTITE BIND B M3X10;MFC-9340CDW
Brother;Brother DCP9020CDW;DOCUMENT SCANNER;LEF378002;DOCUMENT SCANNER UNIT (SP);DCP-9020CDW
Brother;Brother DCP9020CDW;DOCUMENT SCANNER;LEF378002;DOCUMENT SCANNER UNIT (SP);MFC-9130CW
Brother;Brother DCP9020CDW;DOCUMENT SCANNER;LEF378001;DOCUMENT SCANNER UNIT (SP);MFC-9140CDN
Brother;Brother DCP9020CDW;DOCUMENT SCANNER;LEF378001;DOCUMENT SCANNER UNIT (SP);MFC-9330CDW
Brother;Brother DCP9020CDW;DOCUMENT SCANNER;LEF381001;DOCUMENT SCANNER UNIT (SP);MFC-9340CDW
Brother;Brother DCP9020CDW;DOCUMENT SCANNER;LT1713001;FIRST SIDE CIS UNIT;
Brother;Brother DCP9020CDW;DOCUMENT SCANNER;LT2224001;FIRST SIDE CIS FLAT CABLE;
Brother;Brother DCP9020CDW;DOCUMENT SCANNER;LX5186001;ADF CLEAN UP LABEL;DCP-9020CDW
Brother;Brother DCP9020CDW;DOCUMENT SCANNER;LX5186001;ADF CLEAN UP LABEL;MFC-9130CW
Brother;Brother DCP9020CDW;DOCUMENT SCANNER;LX5186001;ADF CLEAN UP LABEL;MFC-9140CDN
Brother;Brother DCP9020CDW;DOCUMENT SCANNER;LX5186001;ADF CLEAN UP LABEL;MFC-9330CDW
Brother;Brother DCP9020CDW;DOCUMENT SCANNER;LX7422001;ADF CLEAN UP LABEL;MFC-9340CDW
Brother;Brother DCP9020CDW;DOCUMENT SCANNER;LU5693001;TAPTITE BIND B M4X12;
Brother;Brother DCP9020CDW;ADF;LEF374001;ADF UNIT (SP);DCP-9020CDW
Brother;Brother DCP9020CDW;ADF;LEF374001;ADF UNIT (SP);MFC-9130CW
Brother;Brother DCP9020CDW;ADF;LEF374001;ADF UNIT (SP);MFC-9140CDN
Brother;Brother DCP9020CDW;ADF;LEF374001;ADF UNIT (SP);MFC-9330CDW
Brother;Brother DCP9020CDW;ADF;LEF377001;ADF UNIT (SP);MFC-9340CDW
Brother;Brother DCP9020CDW;ADF;LX5255003;HINGE ASSY L;DCP-9020CDW
Brother;Brother DCP9020CDW;ADF;LX5255003;HINGE ASSY L;MFC-9130CW
Brother;Brother DCP9020CDW;ADF;LX5255003;HINGE ASSY L;MFC-9140CDN
Brother;Brother DCP9020CDW;ADF;LX5255003;HINGE ASSY L;MFC-9330CDW
Brother;Brother DCP9020CDW;ADF;LX4126001;HINGE ASSY L;MFC-9340CDW
Brother;Brother DCP9020CDW;ADF;LX5180010;HINGE R;
Brother;Brother DCP9020CDW;ADF;LS8155001;HINGE R SUPPORT;
Brother;Brother DCP9020CDW;ADF;LEF322001;FLAT CABLE HOLDER ASSY (SP);MFC-9340CDW
Brother;Brother DCP9020CDW;ADF;LEF125001;DOCUMENT COVER ASSY;
Brother;Brother DCP9020CDW;ADF;LX4064001;ADF MOTOR;
Brother;Brother DCP9020CDW;ADF;LG6753001;FIRST SIDE DOCUMENT SCANNING POSITION SENSOR PCB ASSY;DCP-9020CDW
Brother;Brother DCP9020CDW;ADF;LG6753001;FIRST SIDE DOCUMENT SCANNING POSITION SENSOR PCB ASSY;MFC-9130CW
Brother;Brother DCP9020CDW;ADF;LG6753001;FIRST SIDE DOCUMENT SCANNING POSITION SENSOR PCB ASSY;MFC-9140CDN
Brother;Brother DCP9020CDW;ADF;LG6753001;FIRST SIDE DOCUMENT SCANNING POSITION SENSOR PCB ASSY;MFC-9330CDW
Brother;Brother DCP9020CDW;ADF;LG6753001;FIRST SIDE DOCUMENT SCANNING POSITION SENSOR PCB ASSY;MFC-9340CDW
Brother;Brother DCP9020CDW;ADF;LG6753001;SECOND SIDE DOCUMENT SCANNING POSITION SENSOR PCB;MFC-9340CDW
Brother;Brother DCP9020CDW;ADF;LT1120001;ADF COVER/DOCUMENT;
Brother;Brother DCP9020CDW;ADF;LX8675001;DETECTION SENSOR PCB ASSY DOCUMENT FEED ROLLER ASSY2;
Brother;Brother DCP9020CDW;ADF;LX5477001;EJECT FILM;
Brother;Brother DCP9020CDW;ADF;LX4095001;ADF SEPARATION PAD SPRING;
Brother;Brother DCP9020CDW;ADF;LX9751001;ADF SEPARATION PAD HOLDER ASSY;
Brother;Brother DCP9020CDW;ADF;LX4188001;PAPER STACK LEVER;
Brother;Brother DCP9020CDW;ADF;LT2235001;SECOND SIDE CIS UNIT;MFC-9340CDW
Brother;Brother DCP9020CDW;ADF;LT2236001;SECOND SIDE CIS FLAT CABLE;MFC-9340CDW
Brother;Brother DCP9020CDW;ADF;LEF118001;FLAT CABLE SPONGE2;MFC-9340CDW
Brother;Brother DCP9020CDW;ADF;LX4097001;CIS GLASS;MFC-9340CDW
Brother;Brother DCP9020CDW;ADF;LX4098001;CIS GLASS STOPPER;MFC-9340CDW
Brother;Brother DCP9020CDW;ADF;LX9030001;CIS SPACER;MFC-9340CDW
Brother;Brother DCP9020CDW;ADF;LX9296001;DOCUMENT SEPARATE ROLLER ASSY;DCP-9020CDW
Brother;Brother DCP9020CDW;ADF;LX9296001;DOCUMENT SEPARATE ROLLER ASSY;MFC-9130CW
Brother;Brother DCP9020CDW;ADF;LX9296001;DOCUMENT SEPARATE ROLLER ASSY;MFC-9140CDN
Brother;Brother DCP9020CDW;ADF;LX9296001;DOCUMENT SEPARATE ROLLER ASSY;MFC-9330CDW
Brother;Brother DCP9020CDW;ADF;LX9297001;DOCUMENT SEPARATE ROLLER ASSY;MFC-9340CDW
Brother;Brother DCP9020CDW;ADF;LEF077001;GEAR COVER;
Brother;Brother DCP9020CDW;ADF;LX5042002;ADF COVER ASSY;DCP-9020CDW
Brother;Brother DCP9020CDW;ADF;LX5042002;ADF COVER ASSY;MFC-9130CW
Brother;Brother DCP9020CDW;ADF;LX5042002;ADF COVER ASSY;MFC-9140CDN
Brother;Brother DCP9020CDW;ADF;LX5042002;ADF COVER ASSY;MFC-9330CDW
Brother;Brother DCP9020CDW;ADF;LEF144001;ADF COVER ASSY;MFC-9340CDW
Brother;Brother DCP9020CDW;ADF;LX5371001;ADF DOCUMENT SUPPORT;
Brother;Brother DCP9020CDW;ADF;LX9168001;DOCUMENT FEED ROLLER ASSY1;MFC-9340CDW
Brother;Brother DCP9020CDW;ADF;LX4184001;ADF DOCUMENT OUTPUT SUPPORT FLAP;
Brother;Brother DCP9020CDW;ADF;LS8141001;HINGE ARM R;
Brother;Brother DCP9020CDW;PANEL;LEF129001;CONTROL PANEL ASSY;DCP-9020CDW
Brother;Brother DCP9020CDW;PANEL;LEF131001;CONTROL PANEL ASSY;MFC-9130CW
Brother;Brother DCP9020CDW;PANEL;LEF133001;CONTROL PANEL ASSY;MFC-9140CDN
Brother;Brother DCP9020CDW;PANEL;LEF174001;CONTROL PANEL ASSY;MFC-9330CDW
Brother;Brother DCP9020CDW;PANEL;LEF078001;CONTROL PANEL ASSY;MFC-9340CDW
Brother;Brother DCP9020CDW;PANEL;LEF313001;PANEL COVER ASSY (SP);DCP-9020CDW
Brother;Brother DCP9020CDW;PANEL;LEF315001;PANEL COVER ASSY (SP);MFC-9130CW
Brother;Brother DCP9020CDW;PANEL;LEF316001;PANEL COVER ASSY (SP);MFC-9140CDN
Brother;Brother DCP9020CDW;PANEL;LEF317001;PANEL COVER ASSY (SP);MFC-9330CDW
Brother;Brother DCP9020CDW;PANEL;LEF318001;PANEL COVER ASSY (SP);MFC-9340CDW
Brother;Brother DCP9020CDW;PANEL;LEF083001;TOUCH PANEL ASSY;
Brother;Brother DCP9020CDW;PANEL;A63291001;LCD;
Brother;Brother DCP9020CDW;PANEL;LT2237001;PANEL CONTROL PCB ASSY;
Brother;Brother DCP9020CDW;PCB;LT2481001;MAIN PCB B57T054 ASSY5 DCLFB;DCP-9020CDW
Brother;Brother DCP9020CDW;PCB;LT2282001;MAIN PCB B57T054 ASSY1 DCLFB;MFC-9130CW EXCEPT FOR FSUS
Brother;Brother DCP9020CDW;PCB;LT2282051;MAIN PCB B57T054 ASSY1 DCLFB;MFC-9130CW FS FOR FSUS
Brother;Brother DCP9020CDW;PCB;LT2283001;MAIN PCB B57T054 ASSY2 DCLFB;MFC-9140CDN
Brother;Brother DCP9020CDW;PCB;LT2284001;MAIN PCB B57T054 ASSY3 DCLFB;MFC-9330CDW EXCEPT FOR FSUS
Brother;Brother DCP9020CDW;PCB;LT2284051;MAIN PCB B57T054 ASSY3 DCLFB;MFC-9330CDW FOR FSUS
Brother;Brother DCP9020CDW;PCB;LT2242001;MAIN PCB B57T054 ASSY4 DCLFB;MFC-9340CDW EXCEPT FOR FSUS
Brother;Brother DCP9020CDW;PCB;LT2242051;MAIN PCB B57T054 ASSY4 DCLFB;MFC-9340CDW FOR FSUS
Brother;Brother DCP9020CDW;PCB;LP2378001;TAPTITE CUP S M3X8 SR;
Brother;Brother DCP9020CDW;PCB;LT2758021;MODEM PCB B57T093 ASSY;MFC-9130CW
Brother;Brother DCP9020CDW;PCB;LT2759031;MODEM PCB B57T093 ASSY;MFC-9140CDN FOR GER/UK/CHE/FRA/BEL/NLD/IBR/ITA
Brother;Brother DCP9020CDW;PCB;LT2758021;MODEM PCB B57T093 ASSY;MFC-9140CDN FOR ARL/NZ
Brother;Brother DCP9020CDW;PCB;LT2758021;MODEM PCB B57T093 ASSY;MFC-9330CDW FOR US/CAN/ARL/NZ
Brother;Brother DCP9020CDW;PCB;LT2759031;MODEM PCB B57T093 ASSY;MFC-9330CDW FOR GER/UK/CHE/ITA/IBR/RUS/FRA/BEL/NLD/PND
Brother;Brother DCP9020CDW;PCB;LT2758021;MODEM PCB B57T093 ASSY;MFC-9340CDW FOR US
Brother;Brother DCP9020CDW;PCB;LT2759031;MODEM PCB B57T093 ASSY;MFC-9340CDW FOR GER/UK/CHE/ITA/IBR/FRA/BEL/NLD
Brother;Brother DCP9020CDW;PCB;LT2246001;MODEM FLAT CABLE;MFC-9130CW
Brother;Brother DCP9020CDW;PCB;LT2246001;MODEM FLAT CABLE;MFC-9140CDN
Brother;Brother DCP9020CDW;PCB;LT2246001;MODEM FLAT CABLE;MFC-9330CDW
Brother;Brother DCP9020CDW;PCB;LT2246001;MODEM FLAT CABLE;MFC-9340CDW
Brother;Brother DCP9020CDW;PCB;LU5693001;TAPTITE BIND B M4X12;MFC-9130CW
Brother;Brother DCP9020CDW;PCB;LU5693001;TAPTITE BIND B M4X12;MFC-9140CDN
Brother;Brother DCP9020CDW;PCB;LU5693001;TAPTITE BIND B M4X12;MFC-9330CDW
Brother;Brother DCP9020CDW;PCB;LU5693001;TAPTITE BIND B M4X12;MFC-9340CDW
Brother;Brother DCP9020CDW;PCB;LT2249001;LOW-VOLTAGE POWER SUPPLY PCB ASSY 230V;DCP-9020CDW
Brother;Brother DCP9020CDW;PCB;LT2247001;LOW-VOLTAGE POWER SUPPLY PCB ASSY 115V;MFC-9130CW
Brother;Brother DCP9020CDW;PCB;LT2249001;LOW-VOLTAGE POWER SUPPLY PCB ASSY 230V;MFC-9140CDN
Brother;Brother DCP9020CDW;PCB;LT2247001;LOW-VOLTAGE POWER SUPPLYPCB ASSY 115V;MFC-9330CDW FOR US/CAN/
Brother;Brother DCP9020CDW;PCB;LT2249001;LOW-VOLTAGE POWER SUPPLY PCB ASSY 230V;MFC-9330CDW FOR GER/UK/CHE/ITA/IBR//RUS/FRA/BEL/NLD/ARL/NZ/PND
Brother;Brother DCP9020CDW;PCB;LT2247001;LOW-VOLTAGE POWER SUPPLY PCB ASSY 115V;MFC-9340CDW FOR US
Brother;Brother DCP9020CDW;PCB;LT2249001;LOW-VOLTAGE POWER SUPPLY PCB ASSY 230V;MFC-9340CDW FOR GER/UK/CHE/ITA/IBR/FRA/BEL/NLD
Brother;Brother DCP9020CDW;PCB;LV0928001;HIGHT-VOLTAGE POWER SUPPLY PCB ASSY;
Brother;Brother DCP9020CDW;PCB;LU5693001;TAPTITE BIND B M4X12;
Brother;Brother DCP9020CDW;PCB;LEF118001;FLAT CABLE SPONGE2;MFC-9130CW
Brother;Brother DCP9020CDW;PCB;LEF118001;FLAT CABLE SPONGE2;MFC-9140CDN
Brother;Brother DCP9020CDW;PCB;LEF118001;FLAT CABLE SPONGE2;MFC-9330CDW
Brother;Brother DCP9020CDW;PCB;LEF118001;FLAT CABLE SPONGE2;MFC-9340CDW
Brother;Brother DCP9020CDW;PCB;LEF164001;FLAT CABLE SPONGE3;MFC-9130CW
Brother;Brother DCP9020CDW;PCB;LEF164001;FLAT CABLE SPONGE3;MFC-9140CDN
Brother;Brother DCP9020CDW;PCB;LEF164001;FLAT CABLE SPONGE3;MFC-9330CDW
Brother;Brother DCP9020CDW;PCB;LEF164001;FLAT CABLE SPONGE3;MFC-9340CDW
Brother;Brother DCP9020CDW;PERIODICAL MAINTENANCE PARTS;LY7418001;PAPER FEEDING KIT (SP);
Brother;Brother DCP9020CDW;FRAME L and DRIVE UNIT;LEF006001;PROCESS DRIVE UNIT;
Brother;Brother DCP9020CDW;FRAME L and DRIVE UNIT;LU6109001;TAPTITE PAN B M4X12DA;
Brother;Brother DCP9020CDW;FRAME L and DRIVE UNIT;LY6100001;MAIN DRIVE UNIT;
Brother;Brother DCP9020CDW;FRAME L and DRIVE UNIT;LY0233001;FUSER DRIVE GEAR Z25;
Brother;Brother DCP9020CDW;FRAME R UNIT;LV0885001;DEVELOP RELEASE SENSOR PCB ASSY;
Brother;Brother DCP9020CDW;FRAME;LV0905001;REGISTRATION MARK L PCB ASSY;
Brother;Brother DCP9020CDW;FRAME;LV0903001;REGISTRATION MARK R PCB ASSY;
Brother;Brother DCP9020CDW;FRAME;85320516;TAPTITE BIND S M3X5;
Brother;Brother DCP9020CDW;FRAME;LV0890001;EJECT SENSOR PCB ASSY;
Brother;Brother DCP9020CDW;FRAME;LY6770001;MAIN FAN;
Brother;Brother DCP9020CDW;FRAME;LV0918001;HVPS FLAT CABLE;
Brother;Brother DCP9020CDW;FRAME;LY6134001;PAPER FEED CLUTCH;
Brother;Brother DCP9020CDW;FRAME;LY6135001;DEVELOP RELEASE CLUTCH;
Brother;Brother DCP9020CDW;FRAME;LY6136001;REGISTRATION CLUTCH;
Brother;Brother DCP9020CDW;FRAME;LY6139001;WIRELESS LAN CAP;DCP-9020CDW
Brother;Brother DCP9020CDW;FRAME;LY6139001;WIRELESS LAN CAP;MFC-9130CW
Brother;Brother DCP9020CDW;FRAME;LY6139001;WIRELESS LAN CAP;MFC-9330CDW
Brother;Brother DCP9020CDW;FRAME;LY6139001;WIRELESS LAN CAP;MFC-9340CDW
Brother;Brother DCP9020CDW;FRAME;LV0942001;EXTERNAL TEMPERATURE/HUMIDITY SENSOR;
Brother;Brother DCP9020CDW;FRAME;LT2809001;WIRELESS LAN PCB ASSY;DCP-9020CDW
Brother;Brother DCP9020CDW;FRAME;LT2722001;WIRELESS LAN PCB ASSY;MFC-9130CW
Brother;Brother DCP9020CDW;FRAME;LT2722001;WIRELESS LAN PCB ASSY;MFC-9330CDW
Brother;Brother DCP9020CDW;FRAME;LT2722001;WIRELESS LAN PCB ASSY;MFC-9340CDW
Brother;Brother DCP9020CDW;FRAME;LT2604001;SPACER SPONGE;DCP-9020CDW
Brother;Brother DCP9020CDW;FRAME;LT2604001;SPACER SPONGE;MFC-9130CW
Brother;Brother DCP9020CDW;FRAME;LT2604001;SPACER SPONGE;MFC-9330CDW
Brother;Brother DCP9020CDW;FRAME;LT2604001;SPACER SPONGE;MFC-9340CDW
Brother;Brother DCP9020CDW;LED JOINT COVER;LEF319001;JOINT COVER ASSY (SP);DCP-9020CDW
Brother;Brother DCP9020CDW;LED JOINT COVER;LEF321001;JOINT COVER ASSY (SP);MFC-9130CW
Brother;Brother DCP9020CDW;LED JOINT COVER;LEF320001;JOINT COVER ASSY (SP);MFC-9140CDN
Brother;Brother DCP9020CDW;LED JOINT COVER;LEF320001;JOINT COVER ASSY (SP);MFC-9330CDW
Brother;Brother DCP9020CDW;LED JOINT COVER;LEF320001;JOINT COVER ASSY (SP);MFC-9340CDW
Brother;Brother DCP9020CDW;LED JOINT COVER;LY6790001;LED ASSY (SP);
Brother;Brother DCP9020CDW;LED JOINT COVER;LV0921001;LED FLAT CABLE;
Brother;Brother DCP9020CDW;LED JOINT COVER;LV0945001;LED(Y) FLAT CABLE;
Brother;Brother DCP9020CDW;LED JOINT COVER;LY6277001;HOLDER HOOK;
Brother;Brother DCP9020CDW;LED JOINT COVER;LY6274001;Z SPRING L;
Brother;Brother DCP9020CDW;LED JOINT COVER;LV0907001;LED CONTROL PCB ASSY;
Brother;Brother DCP9020CDW;LED JOINT COVER;LT2220001;LED CONTROL FLAT CABLE;
Brother;Brother DCP9020CDW;LED JOINT COVER;LP2727001;PULL ARM L;
Brother;Brother DCP9020CDW;LED JOINT COVER;LP2728001;PULL ARM R;
Brother;Brother DCP9020CDW;LED JOINT COVER;LS7023001;PULL ARM GUIDE;
Brother;Brother DCP9020CDW;LED JOINT COVER;LX4020001;PULL ARM SPRING;
Brother;Brother DCP9020CDW;LED JOINT COVER;LF6148001;LOCK CLAW;
Brother;Brother DCP9020CDW;LED JOINT COVER;LEF050001;FLAT CABLE HOLDER COVER;
Brother;Brother DCP9020CDW;LED JOINT COVER;LEF106001;JOINT COVER SIDE L;DCP-9020CDW
Brother;Brother DCP9020CDW;LED JOINT COVER;LEF051001;JOINT COVER SIDE L;MFC-9130CW
Brother;Brother DCP9020CDW;LED JOINT COVER;LEF051001;JOINT COVER SIDE L;MFC-9140CDN
Brother;Brother DCP9020CDW;LED JOINT COVER;LEF051001;JOINT COVER SIDE L;MFC-9330CDW
Brother;Brother DCP9020CDW;LED JOINT COVER;LEF051001;JOINT COVER SIDE L;MFC-9340CDW
Brother;Brother DCP9020CDW;LED JOINT COVER;LY6250002;SUPPORT FLAP;DCP-9020CDW
Brother;Brother DCP9020CDW;LED JOINT COVER;LY6250002;SUPPORT FLAP;MFC-9130CW
Brother;Brother DCP9020CDW;LED JOINT COVER;LY6250001;SUPPORT FLAP;MFC-9140CDN
Brother;Brother DCP9020CDW;LED JOINT COVER;LY6250001;SUPPORT FLAP;MFC-9330CDW
Brother;Brother DCP9020CDW;LED JOINT COVER;LY6250001;SUPPORT FLAP;MFC-9340CDW
Brother;Brother DCP9020CDW;LED JOINT COVER;LEF117001;FLAT CABLE SPONGE1;
Brother;Brother DCP9020CDW;LED JOINT COVER;LP2612002;CORD HOOK;MFC-9130CW
Brother;Brother DCP9020CDW;LED JOINT COVER;LP2612002;CORD HOOK;MFC-9140CDN
Brother;Brother DCP9020CDW;LED JOINT COVER;LP2612002;CORD HOOK;MFC-9330CDW
Brother;Brother DCP9020CDW;LED JOINT COVER;LP2612002;CORD HOOK;MFC-9340CDW
Brother;Brother DCP9020CDW;LED JOINT COVER;LY6272001;FLAT CABLE COVER;
Brother;Brother DCP9020CDW;LED JOINT COVER;LY6255001;PAPER STACK LEVER;
Brother;Brother DCP9020CDW;LED JOINT COVER;LEF104001;JOINT COVER SIDE R;DCP-9020CDW
Brother;Brother DCP9020CDW;LED JOINT COVER;LEF032001;JOINT COVER SIDE R;MFC-9130CW
Brother;Brother DCP9020CDW;LED JOINT COVER;LEF032001;JOINT COVER SIDE R;MFC-9140CDN
Brother;Brother DCP9020CDW;LED JOINT COVER;LEF032001;JOINT COVER SIDE R;MFC-9330CDW
Brother;Brother DCP9020CDW;LED JOINT COVER;LEF032001;JOINT COVER SIDE R;MFC-9340CDW
Brother;Brother DCP9020CDW;LED JOINT COVER;LT2218001;SPEAKER UNIT;
Brother;Brother DCP9020CDW;LED JOINT COVER;LEF105001;JOINT COVER BACK;DCP-9020CDW
Brother;Brother DCP9020CDW;LED JOINT COVER;LEF033001;JOINT COVER BACK;MFC-9130CW
Brother;Brother DCP9020CDW;LED JOINT COVER;LEF033001;JOINT COVER BACK;MFC-9140CDN
Brother;Brother DCP9020CDW;LED JOINT COVER;LEF033001;JOINT COVER BACK;MFC-9330CDW
Brother;Brother DCP9020CDW;LED JOINT COVER;LEF033001;JOINT COVER BACK;MFC-9340CDW
Brother;Brother DCP9020CDW;PAPER FEEDER;LY7536002;PAPER FEED UNIT (SP);DCP-9020CDW
Brother;Brother DCP9020CDW;PAPER FEEDER;LY7536002;PAPER FEED UNIT (SP);MFC-9130CW
Brother;Brother DCP9020CDW;PAPER FEEDER;LY7536001;PAPER FEED UNIT (SP);MFC-9140CDN
Brother;Brother DCP9020CDW;PAPER FEEDER;LY7536001;PAPER FEED UNIT (SP);MFC-9330CDW
Brother;Brother DCP9020CDW;PAPER FEEDER;LY7536001;PAPER FEED UNIT (SP);MFC-9340CDW
Brother;Brother DCP9020CDW;PAPER FEEDER;LU5693001;TAPTITE BIND B M4X12;
Brother;Brother DCP9020CDW;DUPLEX;LY6649001;DUPLEX TRAY A4;DCP-9020CDW
Brother;Brother DCP9020CDW;DUPLEX;LY6649001;DUPLEX TRAY A4;MFC-9140CDN
Brother;Brother DCP9020CDW;DUPLEX;LY6649001;DUPLEX TRAY A4;MFC-9330CDW FOR GER/UK/CHE/ITA/IBR/RUS/FRA/BEL/NLD/ARL/NZ/PND
Brother;Brother DCP9020CDW;DUPLEX;LY6649001;DUPLEX TRAY A4;MFC-9340CDW FOR GER/UK/CHE/ITA/IBR/
Brother;Brother DCP9020CDW;DUPLEX;LY6587001;DUPLEX TRAY LTR;MFC-9330CDW FOR US/CAN
Brother;Brother DCP9020CDW;DUPLEX;LY6587001;DUPLEX TRAY LTR;MFC-9340CDW FOR US
Brother;Brother DCP9020CDW;DUPLEX;LU5693001;TAPTITE BIND B M4X12;DCP-9020CDW
Brother;Brother DCP9020CDW;DUPLEX;LU5693001;TAPTITE BIND B M4X12;MFC-9140CDN
Brother;Brother DCP9020CDW;DUPLEX;LU5693001;TAPTITE BIND B M4X12;MFC-9330CDW
Brother;Brother DCP9020CDW;DUPLEX;LU5693001;TAPTITE BIND B M4X12;MFC-9340CDW
Brother;Brother DCP9020CDW;PAPER TRAY;LY6602002;PAPER TRAY;DCP-9020CDW
Brother;Brother DCP9020CDW;PAPER TRAY;LY6342002;PAPER TRAY;MFC-9130CW
Brother;Brother DCP9020CDW;PAPER TRAY;LY6602001;PAPER TRAY;MFC-9140CDN
Brother;Brother DCP9020CDW;PAPER TRAY;LY6602001;PAPER TRAY;MFC-9330CDW
Brother;Brother DCP9020CDW;PAPER TRAY;LY6602001;PAPER TRAY;MFC-9340CDW
Brother;Brother DCP9020CDW;PAPER TRAY;LY6986001;COLOR LABEL;DCP-9020CDW
Brother;Brother DCP9020CDW;PAPER TRAY;LY6986001;COLOR LABEL;MFC-9130CW
Brother;Brother DCP9020CDW;PAPER TRAY;LY6423001;COLOR LABEL;MFC-9140CDN
Brother;Brother DCP9020CDW;PAPER TRAY;LY6423001;COLOR LABEL;MFC-9330CDW
Brother;Brother DCP9020CDW;PAPER TRAY;LY6423001;COLOR LABEL;MFC-9340CDW
Brother;Brother DCP9020CDW;PAPER TRAY;LR0252001;GEAR Z19M10;
Brother;Brother DCP9020CDW;PAPER TRAY;LR0253001;GEAR Z23M10Z14M75;
Brother;Brother DCP9020CDW;PAPER TRAY;LY2202001;LIFT GEAR 46;
Brother;Brother DCP9020CDW;FUSER UNIT;LY6753001;FUSER UNIT 115V (SP);MFC-9130CW
Brother;Brother DCP9020CDW;FUSER UNIT;LY6753001;FUSER UNIT 115V (SP);MFC-9330CDW FOR US/CAN
Brother;Brother DCP9020CDW;FUSER UNIT;LY6753001;FUSER UNIT 115V (SP);MFC-9340CDW FOR US
Brother;Brother DCP9020CDW;FUSER UNIT;LY6754001;FUSER UNIT 230V (SP);DCP-9020CDW
Brother;Brother DCP9020CDW;FUSER UNIT;LY6754001;FUSER UNIT 230V (SP);MFC-9140CDN
Brother;Brother DCP9020CDW;FUSER UNIT;LY6754001;FUSER UNIT 230V (SP);MFC-9330CDW FOR GER/UK/CHE/ITA/IBR/RUS/FRA/BEL/NLD/ARL/NZ/PND
Brother;Brother DCP9020CDW;FUSER UNIT;LY6754001;FUSER UNIT 230V (SP);MFC-9340CDW FOR GER/UK/CHE/ITA/IBR/FRA/BEL/NLD
Brother;Brother DCP9020CDW;FUSER UNIT;LU6109001;TAPTITE PAN(WASHER)B M4X12DA;
Brother;Brother DCP9020CDW;PAPER EJECT;LY6603002;PAPER EJECT ASSY;DCP-9020CDW
Brother;Brother DCP9020CDW;PAPER EJECT;LY6385002;PAPER EJECT ASSY;MFC-9130CW
Brother;Brother DCP9020CDW;PAPER EJECT;LY6603001;PAPER EJECT ASSY;MFC-9140CDN
Brother;Brother DCP9020CDW;PAPER EJECT;LY6603001;PAPER EJECT ASSY;MFC-9330CDW
Brother;Brother DCP9020CDW;PAPER EJECT;LY6603001;PAPER EJECT ASSY;MFC-9340CDW
Brother;Brother DCP9020CDW;PAPER EJECT;LY6964001;COOLING ROLLER SPRING L;DCP-9020CDW
Brother;Brother DCP9020CDW;PAPER EJECT;LY6964001;COOLING ROLLER SPRING L;MFC-9140CDN
Brother;Brother DCP9020CDW;PAPER EJECT;LY6964001;COOLING ROLLER SPRING L;MFC-9330CDW
Brother;Brother DCP9020CDW;PAPER EJECT;LY6964001;COOLING ROLLER SPRING L;MFC-9340CDW
Brother;Brother DCP9020CDW;PAPER EJECT;LU5693001;TAPTITE BIND B M4X12;
Brother;Brother DCP9020CDW;PAPER EJECT;LV0927001;BACK COVER SENSOR HARNESS ASSY;
Brother;Brother DCP9020CDW;PAPER EJECT;LY6397001;EJECT ROLLER ASSY;
Brother;Brother DCP9020CDW;PAPER EJECT;LY0790001;EXIT ROLLER BUSHING R;
Brother;Brother DCP9020CDW;PAPER EJECT;LY6401001;BACK COVER UPPER;
Brother;Brother DCP9020CDW;COVERS and LABELS;LEF053002;INNER FRONT COVER;DCP-9020CDW
Brother;Brother DCP9020CDW;COVERS and LABELS;LEF053002;INNER FRONT COVER;MFC-9130CW
Brother;Brother DCP9020CDW;COVERS and LABELS;LEF053001;INNER FRONT COVER;MFC-9140CDN
Brother;Brother DCP9020CDW;COVERS and LABELS;LEF053001;INNER FRONT COVER;MFC-9330CDW
Brother;Brother DCP9020CDW;COVERS and LABELS;LEF053001;INNER FRONT COVER;MFC-9340CDW
Brother;Brother DCP9020CDW;COVERS and LABELS;LY7419002;FRONT COVER ASSY (SP);DCP-9020CDW
Brother;Brother DCP9020CDW;COVERS and LABELS;LY7419002;FRONT COVER ASSY (SP);MFC-9130CW
Brother;Brother DCP9020CDW;COVERS and LABELS;LY7419001;FRONT COVER ASSY (SP);MFC-9140CDN
Brother;Brother DCP9020CDW;COVERS and LABELS;LY7419001;FRONT COVER ASSY (SP);MFC-9330CDW
Brother;Brother DCP9020CDW;COVERS and LABELS;LY7419001;FRONT COVER ASSY (SP);MFC-9340CDW
Brother;Brother DCP9020CDW;COVERS and LABELS;LEF057001;SIDE COVER R;
Brother;Brother DCP9020CDW;COVERS and LABELS;LU5693001;TAPTITE BIND B M4X12;
Brother;Brother DCP9020CDW;COVERS and LABELS;LEF110001;SIDE COVER L;DCP-9020CDW
Brother;Brother DCP9020CDW;COVERS and LABELS;LEF108001;SIDE COVER L;MFC-9130CW
Brother;Brother DCP9020CDW;COVERS and LABELS;LEF110001;SIDE COVER L;MFC-9140CDN
Brother;Brother DCP9020CDW;COVERS and LABELS;LEF059001;SIDE COVER L;MFC-9330CDW
Brother;Brother DCP9020CDW;COVERS and LABELS;LEF059001;SIDE COVER L;MFC-9340CDW
Brother;Brother DCP9020CDW;COVERS and LABELS;LU5693001;TAPTITE BIND B M4X12;
Brother;Brother DCP9020CDW;COVERS and LABELS;LY6613001;BACK COVER ASSY;DCP-9020CDW
Brother;Brother DCP9020CDW;COVERS and LABELS;LY6409001;BACK COVER ASSY;MFC-9130CW
Brother;Brother DCP9020CDW;COVERS and LABELS;LY6613001;BACK COVER ASSY;MFC-9140CDN
Brother;Brother DCP9020CDW;COVERS and LABELS;LY6613001;BACK COVER ASSY;MFC-9330CDW
Brother;Brother DCP9020CDW;COVERS and LABELS;LY6613001;BACK COVER ASSY;MFC-9340CDW
Brother;Brother DCP9020CDW;COVERS and LABELS;LY6412001;BACK COVER LOWER;
Brother;Brother DCP9020CDW;COVERS and LABELS;LY6413001;FUSER COVER ASSY;
Brother;Brother DCP9020CDW;COVERS and LABELS;LY0872001;LAN PORT CAP;DCP-9020CDW
Brother;Brother DCP9020CDW;COVERS and LABELS;LY0872001;LAN PORT CAP;MFC-9140CDN
Brother;Brother DCP9020CDW;COVERS and LABELS;LY0872001;LAN PORT CAP;MFC-9330CDW
Brother;Brother DCP9020CDW;COVERS and LABELS;LY0872001;LAN PORT CAP;MFC-9340CDW
Brother;Brother DCP9020CDW;COVERS and LABELS;LE8842001;EXT CAP;MFC-9130CW
Brother;Brother DCP9020CDW;COVERS and LABELS;LE8842001;EXT CAP;MFC-9140CDN FOR CHE/ARL/NZ/IBR
Brother;Brother DCP9020CDW;COVERS and LABELS;LE8842001;EXT CAP;MFC-9330CDW FOR US/CAN/CHE/RUS/ARL/NZ/PND
Brother;Brother DCP9020CDW;COVERS and LABELS;LE8842001;EXT CAP;MFC-9340CDW FOR US/CHE
Brother;Brother DCP9020CDW;COVERS and LABELS;UF5745000;MJ COVER EXT;MFC-9140CDN FOR GER/UK/ITA/IBR/FRA/BEL/NLD
Brother;Brother DCP9020CDW;COVERS and LABELS;UF5745000;MJ COVER EXT;MFC-9330CDW FOR GER/UK/ITA/IBR/FRA/BEL/NLD
Brother;Brother DCP9020CDW;COVERS and LABELS;UF5745000;MJ COVER EXT;MFC-9340CDW FOR GER/UK/ITA/IBR/FRA/BEL/NLD
Brother;Brother DCP9020CDW;COVERS and LABELS;LX4197003;DCP EMBLEM;DCP-9020CDW
Brother;Brother DCP9020CDW;COVERS and LABELS;LX4202004;MFC EMBLEM;MFC-9130CW
Brother;Brother DCP9020CDW;COVERS and LABELS;LX4196001;MFC EMBLEM;MFC-9140CDN
Brother;Brother DCP9020CDW;COVERS and LABELS;LX4202001;MFC EMBLEM;MFC-9330CDW FOR US/CAN
Brother;Brother DCP9020CDW;COVERS and LABELS;LX4196001;MFC EMBLEM;MFC-9330CDW FOR GER/UK/CHE/ITA/IBR/RUS/FRA/BEL/NLD/ARL/NZ/PND
Brother;Brother DCP9020CDW;COVERS and LABELS;LX4202001;MFC EMBLEM;MFC-9340CDW FOR US
Brother;Brother DCP9020CDW;COVERS and LABELS;LX4196001;MFC EMBLEM;MFC-9340CDW FOR GER/UK/CHE/ITA/IBR/FRA/BEL/NLD
Brother;Brother DCP9020CDW;COVERS and LABELS;LY6425001;LABEL FRONT JAM 25X21;
Brother;Brother DCP9020CDW;COVERS and LABELS;LY6426001;LABEL H/SP CAUTION REAR 44X41;
Brother;Brother DCP9020CDW;COVERS and LABELS;LY6780001;LABEL HEAT CAUTION F200;DCP-9020CDW
Brother;Brother DCP9020CDW;COVERS and LABELS;LY6427001;LABEL HEAT CAUTION F200;MFC-9130CW
Brother;Brother DCP9020CDW;COVERS and LABELS;LY6780001;LABEL HEAT CAUTION F200;MFC-9140CDN
Brother;Brother DCP9020CDW;COVERS and LABELS;LY6427001;LABEL HEAT CAUTION F200;MFC-9330CDW FOR US/CAN
Brother;Brother DCP9020CDW;COVERS and LABELS;LY6780001;LABEL HEAT CAUTION F200;MFC-9330CDW FRA/BEL/NLD/ARL/NZ/PND FOR GER/UK/CHE/ITA/IBR/RUS/
Brother;Brother DCP9020CDW;COVERS and LABELS;LY6427001;LABEL HEAT CAUTION F200;MFC-9340CDW FOR US
Brother;Brother DCP9020CDW;COVERS and LABELS;LY6780001;LABEL HEAT CAUTION F200;MFC-9340CDW FOR GER/UK/CHE/ITA/IBR/FRA/BEL/NLD
Brother;Brother DCP9020CDW;COVERS and LABELS;LY6428001;LABEL DR OPERATION 118X24;
Brother;Brother DCP9020CDW;COVERS and LABELS;LEF142001;LABEL SPRAY CAUTION 115;
Brother;Brother DCP9020CDW;COVERS and LABELS;LEF143001;LABEL BELT OPERATION 89X20;
Brother;Brother DCP9020CDW;COVERS and LABELS;LY6403002;MANUAL FEED SLOT COVER ASSY;DCP-9020CDW
Brother;Brother DCP9020CDW;COVERS and LABELS;LY6403002;MANUAL FEED SLOT COVER ASSY;MFC-9130CW
Brother;Brother DCP9020CDW;COVERS and LABELS;LY6403001;MANUAL FEED SLOT COVER ASSY;MFC-9140CDN
Brother;Brother DCP9020CDW;COVERS and LABELS;LY6403001;MANUAL FEED SLOT COVER ASSY;MFC-9330CDW
Brother;Brother DCP9020CDW;COVERS and LABELS;LY6403001;MANUAL FEED SLOT COVER ASSY;MFC-9340CDW
Brother;Brother DCP9020CDW;COVERS and LABELS;LY4852004;EMBLEM BROTHER SHEET;DCP-9020CDW
Brother;Brother DCP9020CDW;COVERS and LABELS;LY4852004;EMBLEM BROTHER SHEET;MFC-9130CW
Brother;Brother DCP9020CDW;COVERS and LABELS;LY4852002;EMBLEM BROTHER SHEET;MFC-9140CDN
Brother;Brother DCP9020CDW;COVERS and LABELS;LY4852002;EMBLEM BROTHER SHEET;MFC-9330CDW
Brother;Brother DCP9020CDW;COVERS and LABELS;LY4852002;EMBLEM BROTHER SHEET;MFC-9340CDW
Brother;Brother DCP9020CDW;COVERS and LABELS;LT2221001;USB HOST PCB ASSY;MFC-9330CDW
Brother;Brother DCP9020CDW;COVERS and LABELS;LT2221001;USB HOST PCB ASSY;MFC-9340CDW
Brother;Brother DCP9020CDW;COVERS and LABELS;LU5694001;TAPTITE BIND B M3X10;MFC-9330CDW
Brother;Brother DCP9020CDW;COVERS and LABELS;LU5694001;TAPTITE BIND B M3X10;MFC-9340CDW
Brother;Brother DCP9020CDW;DOCUMENT SCANNER;LEF378002;DOCUMENT SCANNER UNIT (SP);DCP-9020CDW
Brother;Brother DCP9020CDW;DOCUMENT SCANNER;LEF378002;DOCUMENT SCANNER UNIT (SP);MFC-9130CW
Brother;Brother DCP9020CDW;DOCUMENT SCANNER;LEF378001;DOCUMENT SCANNER UNIT (SP);MFC-9140CDN
Brother;Brother DCP9020CDW;DOCUMENT SCANNER;LEF378001;DOCUMENT SCANNER UNIT (SP);MFC-9330CDW
Brother;Brother DCP9020CDW;DOCUMENT SCANNER;LEF381001;DOCUMENT SCANNER UNIT (SP);MFC-9340CDW
Brother;Brother DCP9020CDW;DOCUMENT SCANNER;LT1713001;FIRST SIDE CIS UNIT;
Brother;Brother DCP9020CDW;DOCUMENT SCANNER;LT2224001;FIRST SIDE CIS FLAT CABLE;
Brother;Brother DCP9020CDW;DOCUMENT SCANNER;LX5186001;ADF CLEAN UP LABEL;DCP-9020CDW
Brother;Brother DCP9020CDW;DOCUMENT SCANNER;LX5186001;ADF CLEAN UP LABEL;MFC-9130CW
Brother;Brother DCP9020CDW;DOCUMENT SCANNER;LX5186001;ADF CLEAN UP LABEL;MFC-9140CDN
Brother;Brother DCP9020CDW;DOCUMENT SCANNER;LX5186001;ADF CLEAN UP LABEL;MFC-9330CDW
Brother;Brother DCP9020CDW;DOCUMENT SCANNER;LX7422001;ADF CLEAN UP LABEL;MFC-9340CDW
Brother;Brother DCP9020CDW;DOCUMENT SCANNER;LU5693001;TAPTITE BIND B M4X12;
Brother;Brother DCP9020CDW;ADF;LEF374001;ADF UNIT (SP);DCP-9020CDW
Brother;Brother DCP9020CDW;ADF;LEF374001;ADF UNIT (SP);MFC-9130CW
Brother;Brother DCP9020CDW;ADF;LEF374001;ADF UNIT (SP);MFC-9140CDN
Brother;Brother DCP9020CDW;ADF;LEF374001;ADF UNIT (SP);MFC-9330CDW
Brother;Brother DCP9020CDW;ADF;LEF377001;ADF UNIT (SP);MFC-9340CDW
Brother;Brother DCP9020CDW;ADF;LX5255003;HINGE ASSY L;DCP-9020CDW
Brother;Brother DCP9020CDW;ADF;LX5255003;HINGE ASSY L;MFC-9130CW
Brother;Brother DCP9020CDW;ADF;LX5255003;HINGE ASSY L;MFC-9140CDN
Brother;Brother DCP9020CDW;ADF;LX5255003;HINGE ASSY L;MFC-9330CDW
Brother;Brother DCP9020CDW;ADF;LX4126001;HINGE ASSY L;MFC-9340CDW
Brother;Brother DCP9020CDW;ADF;LX5180010;HINGE R;
Brother;Brother DCP9020CDW;ADF;LS8155001;HINGE R SUPPORT;
Brother;Brother DCP9020CDW;ADF;LEF322001;FLAT CABLE HOLDER ASSY (SP);MFC-9340CDW
Brother;Brother DCP9020CDW;ADF;LEF125001;DOCUMENT COVER ASSY;
Brother;Brother DCP9020CDW;ADF;LX4064001;ADF MOTOR;
Brother;Brother DCP9020CDW;ADF;LG6753001;FIRST SIDE DOCUMENT SCANNING POSITION SENSOR PCB ASSY;DCP-9020CDW
Brother;Brother DCP9020CDW;ADF;LG6753001;FIRST SIDE DOCUMENT SCANNING POSITION SENSOR PCB ASSY;MFC-9130CW
Brother;Brother DCP9020CDW;ADF;LG6753001;FIRST SIDE DOCUMENT SCANNING POSITION SENSOR PCB ASSY;MFC-9140CDN
Brother;Brother DCP9020CDW;ADF;LG6753001;FIRST SIDE DOCUMENT SCANNING POSITION SENSOR PCB ASSY;MFC-9330CDW
Brother;Brother DCP9020CDW;ADF;LG6753001;FIRST SIDE DOCUMENT SCANNING POSITION SENSOR PCB ASSY;MFC-9340CDW
Brother;Brother DCP9020CDW;ADF;LG6753001;SECOND SIDE DOCUMENT SCANNING POSITION SENSOR PCB;MFC-9340CDW
Brother;Brother DCP9020CDW;ADF;LT1120001;ADF COVER/DOCUMENT;
Brother;Brother DCP9020CDW;ADF;LX8675001;DETECTION SENSOR PCB ASSY DOCUMENT FEED ROLLER ASSY2;
Brother;Brother DCP9020CDW;ADF;LX5477001;EJECT FILM;
Brother;Brother DCP9020CDW;ADF;LX4095001;ADF SEPARATION PAD SPRING;
Brother;Brother DCP9020CDW;ADF;LX9751001;ADF SEPARATION PAD HOLDER ASSY;
Brother;Brother DCP9020CDW;ADF;LX4188001;PAPER STACK LEVER;
Brother;Brother DCP9020CDW;ADF;LT2235001;SECOND SIDE CIS UNIT;MFC-9340CDW
Brother;Brother DCP9020CDW;ADF;LT2236001;SECOND SIDE CIS FLAT CABLE;MFC-9340CDW
Brother;Brother DCP9020CDW;ADF;LEF118001;FLAT CABLE SPONGE2;MFC-9340CDW
Brother;Brother DCP9020CDW;ADF;LX4097001;CIS GLASS;MFC-9340CDW
Brother;Brother DCP9020CDW;ADF;LX4098001;CIS GLASS STOPPER;MFC-9340CDW
Brother;Brother DCP9020CDW;ADF;LX9030001;CIS SPACER;MFC-9340CDW
Brother;Brother DCP9020CDW;ADF;LX9296001;DOCUMENT SEPARATE ROLLER ASSY;DCP-9020CDW
Brother;Brother DCP9020CDW;ADF;LX9296001;DOCUMENT SEPARATE ROLLER ASSY;MFC-9130CW
Brother;Brother DCP9020CDW;ADF;LX9296001;DOCUMENT SEPARATE ROLLER ASSY;MFC-9140CDN
Brother;Brother DCP9020CDW;ADF;LX9296001;DOCUMENT SEPARATE ROLLER ASSY;MFC-9330CDW
Brother;Brother DCP9020CDW;ADF;LX9297001;DOCUMENT SEPARATE ROLLER ASSY;MFC-9340CDW
Brother;Brother DCP9020CDW;ADF;LEF077001;GEAR COVER;
Brother;Brother DCP9020CDW;ADF;LX5042002;ADF COVER ASSY;DCP-9020CDW
Brother;Brother DCP9020CDW;ADF;LX5042002;ADF COVER ASSY;MFC-9130CW
Brother;Brother DCP9020CDW;ADF;LX5042002;ADF COVER ASSY;MFC-9140CDN
Brother;Brother DCP9020CDW;ADF;LX5042002;ADF COVER ASSY;MFC-9330CDW
Brother;Brother DCP9020CDW;ADF;LEF144001;ADF COVER ASSY;MFC-9340CDW
Brother;Brother DCP9020CDW;ADF;LX5371001;ADF DOCUMENT SUPPORT;
Brother;Brother DCP9020CDW;ADF;LX9168001;DOCUMENT FEED ROLLER ASSY1;MFC-9340CDW
Brother;Brother DCP9020CDW;ADF;LX4184001;ADF DOCUMENT OUTPUT SUPPORT FLAP;
Brother;Brother DCP9020CDW;ADF;LS8141001;HINGE ARM R;
Brother;Brother DCP9020CDW;PANEL;LEF129001;CONTROL PANEL ASSY;DCP-9020CDW
Brother;Brother DCP9020CDW;PANEL;LEF131001;CONTROL PANEL ASSY;MFC-9130CW
Brother;Brother DCP9020CDW;PANEL;LEF133001;CONTROL PANEL ASSY;MFC-9140CDN
Brother;Brother DCP9020CDW;PANEL;LEF174001;CONTROL PANEL ASSY;MFC-9330CDW
Brother;Brother DCP9020CDW;PANEL;LEF078001;CONTROL PANEL ASSY;MFC-9340CDW
Brother;Brother DCP9020CDW;PANEL;LEF313001;PANEL COVER ASSY (SP);DCP-9020CDW
Brother;Brother DCP9020CDW;PANEL;LEF315001;PANEL COVER ASSY (SP);MFC-9130CW
Brother;Brother DCP9020CDW;PANEL;LEF316001;PANEL COVER ASSY (SP);MFC-9140CDN
Brother;Brother DCP9020CDW;PANEL;LEF317001;PANEL COVER ASSY (SP);MFC-9330CDW
Brother;Brother DCP9020CDW;PANEL;LEF318001;PANEL COVER ASSY (SP);MFC-9340CDW
Brother;Brother DCP9020CDW;PANEL;LEF083001;TOUCH PANEL ASSY;
Brother;Brother DCP9020CDW;PANEL;A63291001;LCD;
Brother;Brother DCP9020CDW;PANEL;LT2237001;PANEL CONTROL PCB ASSY;
Brother;Brother DCP9020CDW;PCB;LT2481001;MAIN PCB B57T054 ASSY5 DCLFB;DCP-9020CDW
Brother;Brother DCP9020CDW;PCB;LT2282001;MAIN PCB B57T054 ASSY1 DCLFB;MFC-9130CW EXCEPT FOR FSUS
Brother;Brother DCP9020CDW;PCB;LT2282051;MAIN PCB B57T054 ASSY1 DCLFB;MFC-9130CW FS FOR FSUS
Brother;Brother DCP9020CDW;PCB;LT2283001;MAIN PCB B57T054 ASSY2 DCLFB;MFC-9140CDN
Brother;Brother DCP9020CDW;PCB;LT2284001;MAIN PCB B57T054 ASSY3 DCLFB;MFC-9330CDW EXCEPT FOR FSUS
Brother;Brother DCP9020CDW;PCB;LT2284051;MAIN PCB B57T054 ASSY3 DCLFB;MFC-9330CDW FOR FSUS
Brother;Brother DCP9020CDW;PCB;LT2242001;MAIN PCB B57T054 ASSY4 DCLFB;MFC-9340CDW EXCEPT FOR FSUS
Brother;Brother DCP9020CDW;PCB;LT2242051;MAIN PCB B57T054 ASSY4 DCLFB;MFC-9340CDW FOR FSUS
Brother;Brother DCP9020CDW;PCB;LP2378001;TAPTITE CUP S M3X8 SR;
Brother;Brother DCP9020CDW;PCB;LT2758021;MODEM PCB B57T093 ASSY;MFC-9130CW
Brother;Brother DCP9020CDW;PCB;LT2759031;MODEM PCB B57T093 ASSY;MFC-9140CDN FOR GER/UK/CHE/FRA/BEL/NLD/IBR/ITA
Brother;Brother DCP9020CDW;PCB;LT2758021;MODEM PCB B57T093 ASSY;MFC-9140CDN FOR ARL/NZ
Brother;Brother DCP9020CDW;PCB;LT2758021;MODEM PCB B57T093 ASSY;MFC-9330CDW FOR US/CAN/ARL/NZ
Brother;Brother DCP9020CDW;PCB;LT2759031;MODEM PCB B57T093 ASSY;MFC-9330CDW FOR GER/UK/CHE/ITA/IBR/RUS/FRA/BEL/NLD/PND
Brother;Brother DCP9020CDW;PCB;LT2758021;MODEM PCB B57T093 ASSY;MFC-9340CDW FOR US
Brother;Brother DCP9020CDW;PCB;LT2759031;MODEM PCB B57T093 ASSY;MFC-9340CDW FOR GER/UK/CHE/ITA/IBR/FRA/BEL/NLD
Brother;Brother DCP9020CDW;PCB;LT2246001;MODEM FLAT CABLE;MFC-9130CW
Brother;Brother DCP9020CDW;PCB;LT2246001;MODEM FLAT CABLE;MFC-9140CDN
Brother;Brother DCP9020CDW;PCB;LT2246001;MODEM FLAT CABLE;MFC-9330CDW
Brother;Brother DCP9020CDW;PCB;LT2246001;MODEM FLAT CABLE;MFC-9340CDW
Brother;Brother DCP9020CDW;PCB;LU5693001;TAPTITE BIND B M4X12;MFC-9130CW
Brother;Brother DCP9020CDW;PCB;LU5693001;TAPTITE BIND B M4X12;MFC-9140CDN
Brother;Brother DCP9020CDW;PCB;LU5693001;TAPTITE BIND B M4X12;MFC-9330CDW
Brother;Brother DCP9020CDW;PCB;LU5693001;TAPTITE BIND B M4X12;MFC-9340CDW
Brother;Brother DCP9020CDW;PCB;LT2249001;LOW-VOLTAGE POWER SUPPLY PCB ASSY 230V;DCP-9020CDW
Brother;Brother DCP9020CDW;PCB;LT2247001;LOW-VOLTAGE POWER SUPPLY PCB ASSY 115V;MFC-9130CW
Brother;Brother DCP9020CDW;PCB;LT2249001;LOW-VOLTAGE POWER SUPPLY PCB ASSY 230V;MFC-9140CDN
Brother;Brother DCP9020CDW;PCB;LT2247001;LOW-VOLTAGE POWER SUPPLYPCB ASSY 115V;MFC-9330CDW FOR US/CAN/
Brother;Brother DCP9020CDW;PCB;LT2249001;LOW-VOLTAGE POWER SUPPLY PCB ASSY 230V;MFC-9330CDW FOR GER/UK/CHE/ITA/IBR//RUS/FRA/BEL/NLD/ARL/NZ/PND
Brother;Brother DCP9020CDW;PCB;LT2247001;LOW-VOLTAGE POWER SUPPLY PCB ASSY 115V;MFC-9340CDW FOR US
Brother;Brother DCP9020CDW;PCB;LT2249001;LOW-VOLTAGE POWER SUPPLY PCB ASSY 230V;MFC-9340CDW FOR GER/UK/CHE/ITA/IBR/FRA/BEL/NLD
Brother;Brother DCP9020CDW;PCB;LV0928001;HIGHT-VOLTAGE POWER SUPPLY PCB ASSY;
Brother;Brother DCP9020CDW;PCB;LU5693001;TAPTITE BIND B M4X12;
Brother;Brother DCP9020CDW;PCB;LEF118001;FLAT CABLE SPONGE2;MFC-9130CW
Brother;Brother DCP9020CDW;PCB;LEF118001;FLAT CABLE SPONGE2;MFC-9140CDN
Brother;Brother DCP9020CDW;PCB;LEF118001;FLAT CABLE SPONGE2;MFC-9330CDW
Brother;Brother DCP9020CDW;PCB;LEF118001;FLAT CABLE SPONGE2;MFC-9340CDW
Brother;Brother DCP9020CDW;PCB;LEF164001;FLAT CABLE SPONGE3;MFC-9130CW
Brother;Brother DCP9020CDW;PCB;LEF164001;FLAT CABLE SPONGE3;MFC-9140CDN
Brother;Brother DCP9020CDW;PCB;LEF164001;FLAT CABLE SPONGE3;MFC-9330CDW
Brother;Brother DCP9020CDW;PCB;LEF164001;FLAT CABLE SPONGE3;MFC-9340CDW
Brother;Brother DCP9020CDW;PERIODICAL MAINTENANCE PARTS;LY7418001;PAPER FEEDING KIT (SP);
