Brother;Brother MFC8870DW;FRAME L;LF9765001;MAIN FRAME L UNIT, DCP8060;
Brother;Brother MFC8870DW;FRAME L;LF9611001;MAIN FRAME L UNIT, MFC8460N;
Brother;Brother MFC8870DW;FRAME L;LF9727001;MAIN FRAME L UNIT, DCP8065N/ MFC8660DN/ MFC8860DN/ MFC8670DN/ MFC8870DW;
Brother;Brother MFC8870DW;FRAME L;LM5104001;GEAR 17 MP ROLLER DRIVE;
Brother;Brother MFC8870DW;FRAME L;LM5103001;GEAR 20 T1 ROLLER DRIVE;
Brother;Brother MFC8870DW;FRAME L;LM4227001;DEVELOP JOINT;
Brother;Brother MFC8870DW;FRAME L;LM5047001;MAIN MOTOR ASSY AL;
Brother;Brother MFC8870DW;FRAME L;LM5048001;FUSER GEAR 39 H/ R DRIVE;
Brother;Brother MFC8870DW;FRAME L;LM5058001;REGISTER SOLENOID ASSY;
Brother;Brother MFC8870DW;FRAME L;LM5062001;MP SOLENOID ASSY;
Brother;Brother MFC8870DW;FRAME L;LM5067001;T1 SOLENOID ASSY;
Brother;Brother MFC8870DW;FRAME L;LJ9935001;TONER SENSOR PCB ASSY;
Brother;Brother MFC8870DW;FRAME L;UL9037001;PT SENSOR HOLDER;
Brother;Brother MFC8870DW;FRAME L;LJ9938002;RELAY FRONT PCB ASSY;
Brother;Brother MFC8870DW;FRAME L;LJ9940001;INTERLOCK SW ASSY;
Brother;Brother MFC8870DW;FRAME L;LM9168001;RELAY REAR PCB ASSY, DCP8060/ MFC8460N;
Brother;Brother MFC8870DW;FRAME L;LJ9942001;RELAY REAR PCB ASSY,DCP8065DN/ MFC8660DN/ MFC8860DN/ MFC8870DW/ MFC8670DN;
Brother;Brother MFC8870DW;FRAME L;LM5085001;NEW TONER ACTUATOR;
Brother;Brother MFC8870DW;FRAME L;LM5086001;NEW TONER ACTUATOR SPRING;
Brother;Brother MFC8870DW;FRAME L;LJ7403001;RUBBER FOOT;
Brother;Brother MFC8870DW;FRAME L;LJ9945001;CONNECTOR;
Brother;Brother MFC8870DW;FRAME L;LM5011001;EJECTOR SOLENOID, DCP8065DN/ MFC8660DN/ MFC8860DN/ MFC8870DW/ MFC8670DN;
Brother;Brother MFC8870DW;FRAME L;87320616;TAPTITE CUP S M3x6;
Brother;Brother MFC8870DW;FRAME L;85311016;TAPTITE BIND B M3x10;
Brother;Brother MFC8870DW;FRAME L;85311016;TAPTITE BIND B M3x10, DCP8065DN/ MFC8860DN/ MFC8870DW/ MFC8670DN;
Brother;Brother MFC8870DW;FRAME L;LG4518001;THERMISTOR ASSY;
Brother;Brother MFC8870DW;FRAME L;LM5043001;DEV GEAR 37R JOINT DRIVE;
Brother;Brother MFC8870DW;FRAME R;LM9022001;TONER LED PCB ASSY;
Brother;Brother MFC8870DW;FRAME R;LM4267001;LED HOLDER;
Brother;Brother MFC8870DW;FRAME R;LJ7403001;RUBBER FOOT;
Brother;Brother MFC8870DW;FRAME UNIT;LM2445001;FILTER;
Brother;Brother MFC8870DW;FRAME UNIT;LM5114001;FAN MOTOR 60 UNIT LV;
Brother;Brother MFC8870DW;FRAME UNIT;LM5116001;FAN MOTOR 60 UNIT;
Brother;Brother MFC8870DW;FRAME UNIT;LG6846001;WIRELESS PCB, MFC8870DW;
Brother;Brother MFC8870DW;LASER UNIT;LM5750001;LASER UNIT (SP);
Brother;Brother MFC8870DW;LASER UNIT;87320616;TAPTITE, CUP S M3X6;
Brother;Brother MFC8870DW;LASER UNIT;LJ0908001;LASER CAUTION LABEL;
Brother;Brother MFC8870DW;PAPER FEEDER;LM9001001;PE EG SENSOR ASSY;
Brother;Brother MFC8870DW;PAPER FEEDER;LU0684001;PE ACTUATOR;
Brother;Brother MFC8870DW;PAPER FEEDER;LM5132001;EDGE ACTUATOR;
Brother;Brother MFC8870DW;PAPER FEEDER;LM5133001;EDGE ACTUATOR SPRING;
Brother;Brother MFC8870DW;PAPER FEEDER;LM5140001;ROLLER HOLDER ASSY;
Brother;Brother MFC8870DW;PAPER FEEDER;LM5150001;REGIST ACTUATOR FRONT;
Brother;Brother MFC8870DW;PAPER FEEDER;LM5151001;REGIST ACTUATOR REAR;
Brother;Brother MFC8870DW;PAPER FEEDER;LM5152001;REGIST ACTUATOR SPRING;
Brother;Brother MFC8870DW;PAPER FEEDER;LJ9999001;MP PE SENSOR ASSY;
Brother;Brother MFC8870DW;PAPER FEEDER;LM5165001;MP ROLLER HOLDER ASSY;
Brother;Brother MFC8870DW;PAPER FEEDER;LM5171001;PE ACTUATOR MP;
Brother;Brother MFC8870DW;PAPER FEEDER;LU0027001;PE ACTUATOR MP B 2;
Brother;Brother MFC8870DW;PAPER FEEDER;LM6490001;MP SEPARATION SPRING;
Brother;Brother MFC8870DW;PAPER FEEDER;LM6752001;SEPARATION PAD ASSY MP;
Brother;Brother MFC8870DW;PAPER FEEDER;LJ8657001;BINDER 2.3X79;
Brother;Brother MFC8870DW;PAPER FEEDER;LM5196001;TRAY MP ASSY;
Brother;Brother MFC8870DW;PAPER FEEDER;LF9617001;MP TRAY COVER ASSY;
Brother;Brother MFC8870DW;PAPER FEEDER;LM5205001;PROCESS COVER ASSY;
Brother;Brother MFC8870DW;PAPER FEEDER;85310816;TAPTITE BIND B M3x8;
Brother;Brother MFC8870DW;PAPER FEEDER;LM5124001;PROCESS COVER STOPPER;
Brother;Brother MFC8870DW;PAPER FEEDER;LM5208001;SUPPORT FLAP;
Brother;Brother MFC8870DW;PAPER FEEDER;87411016;TAPTITE CUP B M4X10;
Brother;Brother MFC8870DW;DUPLEX;LM5209001;DX FEED ASSY LTR, DCP8065DN/ MFC8660DN/ MFC8860DN/ MFC8870DW/ MFC8670DN FOR US/ CAN/ BRA;
Brother;Brother MFC8870DW;DUPLEX;LM5421001;DX FEED ASSY A4, MFC8860DN FOR ARG/ CHL;
Brother;Brother MFC8870DW;PAPER TRAY;LU0691001;PAPER TRAY UNIT;
Brother;Brother MFC8870DW;PAPER TRAY;LM5237001;SEPARATION PAD ASSY;
Brother;Brother MFC8870DW;PAPER TRAY;LM5239001;SEPARATION PAD SPRING;
Brother;Brother MFC8870DW;PAPER TRAY;LM5245001;GEAR 15;
Brother;Brother MFC8870DW;PAPER TRAY;LM5246001;GEAR 21-16;
Brother;Brother MFC8870DW;PAPER TRAY;LM5247001;LIFT GEAR 46;
Brother;Brother MFC8870DW;FUSER UNIT;LU0214001;FUSER UNIT 115V (SP) FOR US/CAN/BRA;
Brother;Brother MFC8870DW;FUSER UNIT;LU0215001;FUSER UNIT 230V (SP) FOR ARG/CHL;
Brother;Brother MFC8870DW;FUSER UNIT;85411616;TAPTITE BIND B M4X16;
Brother;Brother MFC8870DW;FUSER UNIT;LM5881001;TAPTITE CUP B M4X16;
Brother;Brother MFC8870DW;COVERS;LF9975001;JOINT COVER ASSY, GRAY(1581), DCP8060/ DCP8065DN FOR US/ CAN;
Brother;Brother MFC8870DW;COVERS;LS0094001;JOINT COVER ASSY PSL, GRAY(1581), DCP8060 FOR ARG/ CHL;
Brother;Brother MFC8870DW;COVERS;LF9619001;JOINT COVER ASSY, GRAY(1581), MFC8460N/ MFC8660DN/ MFC8860DN/ MFC8870DW/ MFC8670DN FOR US/ CAN/ BRA;
Brother;Brother MFC8870DW;COVERS;LS0095001;JOINT COVER ASSY PSL, GRAY(1581), MFC8860DN FOR ARG/ CHL;
Brother;Brother MFC8870DW;COVERS;85411216;TAPTITE, BIND B M4X12;
Brother;Brother MFC8870DW;COVERS;LG6529001;SPEAKER ASSY;
Brother;Brother MFC8870DW;COVERS;LG6531001;DRIVER PCB ASSY;
Brother;Brother MFC8870DW;COVERS;LF9624001;SIDE COVER R, GRAY(1736);
Brother;Brother MFC8870DW;COVERS;LF9625001;SIDE COVER L, GRAY(1736);
Brother;Brother MFC8870DW;COVERS;LM5273001;ACCESS COVER , GRAY(1736);
Brother;Brother MFC8870DW;COVERS;LM5274001;REAR COVER;
Brother;Brother MFC8870DW;COVERS;LU0277001;OUTER CHUTE ASSY2 EL25 FOR US/ CAN/ BRA;
Brother;Brother MFC8870DW;COVERS;LU0278001;OUTER CHUTE ASSY2 EL20 FOR ARG/ CHL;
Brother;Brother MFC8870DW;COVERS;LM5424001;DX COVER, DCP8060/ MFC8460N;
Brother;Brother MFC8870DW;COVERS;87310816;TAPTITE CUP B M3X8;
Brother;Brother MFC8870DW;COVERS;LM5771001;BROTHER EMBLEM;
Brother;Brother MFC8870DW;COVERS;LM5542001;PROCESS UNIT OP LABEL;
Brother;Brother MFC8870DW;COVERS;LM5758001;RELEASE LABEL;
Brother;Brother MFC8870DW;COVERS;LM4639001;FUSER CAUTION LABEL;
Brother;Brother MFC8870DW;COVERS;LU0160001;PAPER STACK LEVER ASSY AL, DCP8060/ MFC8860DN FOR ARG/ CHL;
Brother;Brother MFC8870DW;SCANNER;LP2357001;ALFB UNIT ASSY(SP), FOR US/CAN/BRA;
Brother;Brother MFC8870DW;SCANNER;LS0002001;ALFB UNIT ASSY(SP), FOR ARG/CHL;
Brother;Brother MFC8870DW;SCANNER;87412016;TAPTITE, CUP B M4X20;
Brother;Brother MFC8870DW;SCANNER;LG2239001;PHOTO INTERRUPTER;
Brother;Brother MFC8870DW;SCANNER;LF9629001;FFC CABLE ASSY;
Brother;Brother MFC8870DW;SCANNER;LE8632001;SCANNER MOTOR FB;
Brother;Brother MFC8870DW;SCANNER;LF9637001;PULLEY ASSY;
Brother;Brother MFC8870DW;SCANNER;LE8640001;PULLEY SPRING;
Brother;Brother MFC8870DW;SCANNER;LF2037001;CCD MODULE(SP);
Brother;Brother MFC8870DW;SCANNER;LE8642001;BELT;
Brother;Brother MFC8870DW;SCANNER;LF9641001;TOP COVER ASSY;
Brother;Brother MFC8870DW;SCANNER;87411216;TAPTITE, CUP B M4X12;
Brother;Brother MFC8870DW;SCANNER;LE2861001;TAPTITE, PAN B M3X8;
Brother;Brother MFC8870DW;SCANNER;0A4300605;SCREW, PAN (S/P WASHER) M3X6;
Brother;Brother MFC8870DW;SCANNER;UF5034001;TAPTITE, B 3X6;
Brother;Brother MFC8870DW;SCANNER;LF2004001;LOCK LEVER ASSY;
Brother;Brother MFC8870DW;SCANNER;LE8649001;LOCK LEVER B;
Brother;Brother MFC8870DW;SCANNER;UF5034001;TAPTITE, B 3X6;
Brother;Brother MFC8870DW;ADF1;LP2363001;ADF UNIT LGL(SP), DCP8060 FOR US, MFC8460N/ MFC8660D N;
Brother;Brother MFC8870DW;ADF1;LS0026001;ADF UNIT LGL(SP), DCP8060 FOR ARG/ CHL;
Brother;Brother MFC8870DW;ADF1;LP2329001;ADF UNIT LGL(SP), MFC8860DN FOR US/ CAN/ BRA, DCP8065DN/ MFC8870DW/ MFC8670DN;
Brother;Brother MFC8870DW;ADF1;LS0003001;ADF UNIT LGL(SP), MFC8860DN FOR ARG/ CHL;
Brother;Brother MFC8870DW;ADF1;LF9703001;HINGE ASSY L;
Brother;Brother MFC8870DW;ADF1;87311016;TAPTITE CUP B M3X10;
Brother;Brother MFC8870DW;ADF1;LE6244001;HINGE BASE R;
Brother;Brother MFC8870DW;ADF1;85411216;TAPTITE BIND B M4X12;
Brother;Brother MFC8870DW;ADF1;LF9644001;DOCUMENT COVER LGL SUB ASSY;
Brother;Brother MFC8870DW;ADF1;LP2378001;TAPTITE CUP S M3X8 SR;
Brother;Brother MFC8870DW;ADF1;LF9696001;ADF SIDE COVER F;
Brother;Brother MFC8870DW;ADF1;LF9697001;ADF SIDE COVER R;
Brother;Brother MFC8870DW;ADF1;87311016;TAPTITE CUP B M3X10;
Brother;Brother MFC8870DW;ADF1;LF9700001;ADF COVER ASSY, DCP8060/ MFC8460N/ MFC8660DN;
Brother;Brother MFC8870DW;ADF1;LF9754001;ADF COVER ASSY, DCP8065DN/ MFC8860DN/ MFC8870W/ MFC8670DN;
Brother;Brother MFC8870DW;ADF1;LE8834001;DOCUMENT HOLD ASSY;
Brother;Brother MFC8870DW;ADF1;LF2026001;DOCUMENT HOLD SPRING;
Brother;Brother MFC8870DW;ADF1;LP2320001;TAPTITE CUP B M3X10;
Brother;Brother MFC8870DW;ADF1;LG6545001;ADF HARNESS ASSY ALFB DX, DCP8065DN/ MFC8860DN/ 8870DW/ MFC8670DN FOR US/ CAN/ BRA;
Brother;Brother MFC8870DW;ADF1;LG7199001;ADF HARNESS ASSY ALFB DX, MFC8860DN FOR ARL/ CHL;
Brother;Brother MFC8870DW;ADF1;LG6575001;ADF HARNESS ASSY ALFB SX, DCP8060/ MFC8460N/ 8660DN FOR US/ CAN;
Brother;Brother MFC8870DW;ADF1;LT0007001;ADF HARNESS ASSY ALFB SX, DCP8060 FOR ARG/ CHL;
Brother;Brother MFC8870DW;ADF1;LF9647001;DOCUMENT EJECTION TRAY;
Brother;Brother MFC8870DW;ADF1;LG3218001;DOCUMENT COVER SENSOR;
Brother;Brother MFC8870DW;ADF1;UF9009001;PRESSER ROLLER;
Brother;Brother MFC8870DW;ADF1;UL6244002;EJECTION ROLLER B4;
Brother;Brother MFC8870DW;ADF1;LE6245001;HINGE ARM R;
Brother;Brother MFC8870DW;ADF1;87311016;TAPTITE, CUP B M3X10;
Brother;Brother MFC8870DW;ADF2;LF9650001;ADF CHUTE ASSY, DCP8060/ MFC8460N/ MFC8660DN;
Brother;Brother MFC8870DW;ADF2;LF9730001;ADF CHUTE ASSY, DCP8065DN/ MFC8860DN/ MFC8870DW/ MFC8670DN;
Brother;Brother MFC8870DW;ADF2;LE8688001;ADF MOTOR;
Brother;Brother MFC8870DW;ADF2;LP2353001;S/ B SOLENOID ASSY, DCP8065DN/ MFC8860DN/ MFC8870DW/ MFC8670DN;
Brother;Brother MFC8870DW;ADF2;LP2354001;PF SOLENOID ASSY, DCP8065DN/ MFC8860DN/ MFC8870DW/ MFC8670DN;
Brother;Brother MFC8870DW;ADF2;LG6537001;ADF RELAY PCB, DCP8060/ MFC8460N/ MFC8660DN;
Brother;Brother MFC8870DW;ADF2;LG6537002;ADF RELAY PCB, DCP8065DN/ MFC8860DN/ MFC8870DW/ MFC8670DN;
Brother;Brother MFC8870DW;ADF2;LF9666001;UPPER MAIN CHUTE ASSY;
Brother;Brother MFC8870DW;ADF2;LF9669001;LOWER MAIN CHUTE ASSY, DCP8060/ MFC8460N/ MFC8660DN;
Brother;Brother MFC8870DW;ADF2;LF9741001;LOWER MAIN CHUTE ASSY, DCP8065DN/ MFC8860DN/ MFC8870DW/ MFC8670DN;
Brother;Brother MFC8870DW;ADF2;LF9673001;EXIT ROLLER ASSY;
Brother;Brother MFC8870DW;ADF2;LF9675001;LF ROLLER3 ASSY;
Brother;Brother MFC8870DW;ADF2;LF9677001;LF ROLLER4 ASSY;
Brother;Brother MFC8870DW;ADF2;LF9743001;FLAP ASSY, DCP8065DN/ MFC8860DN/ MFC8870DW/ MFC8670DN;
Brother;Brother MFC8870DW;ADF2;LF9681001;PAPER FEED CHUTE ASSY, DCP8060/ MFC8460N/ MFC8660DN;
Brother;Brother MFC8870DW;ADF2;LF9747001;PAPER FEED CHUTE ASSY, DCP8065DN/ MFC8860DN/ MFC8870DW/ MFC8670DN;
Brother;Brother MFC8870DW;ADF2;LF9692001;EXIT CHUTE COVER ASSY;
Brother;Brother MFC8870DW;ADF2;LP2448001;LF ROLLER1 ASSY;
Brother;Brother MFC8870DW;ADF2;LS1030001;PF ROLLER HOLDER ASSY;
Brother;Brother MFC8870DW;ADF2;LF9749001;SB ROLLER ASSY, DCP8065DN/ MFC8860DN/ MFC8870DW/ MFC8670DN;
Brother;Brother MFC8870DW;ADF2;LF9751001;SB CHUTE ASSY, DCP8065DN/ MFC8860DN/ MFC8870DW/ MFC8670DN;
Brother;Brother MFC8870DW;ADF2;LP2378001;TAPTITE CUP S M3X8 SR;
Brother;Brother MFC8870DW;ADF2;87311016;TAPTITE CUP B M3X10;
Brother;Brother MFC8870DW;ADF2;LF9850001;SX CHUTE, DCP8060/ MFC8460N/ MFC8660DN;
Brother;Brother MFC8870DW;ADF2;LP2347001;LF4 FILM;
Brother;Brother MFC8870DW;ADF2;0A4300605;SCREW PAN (S/ P WASHER) M3X6;
Brother;Brother MFC8870DW;ADF2;LS0761001;LF ROLLER2 ASSY;
Brother;Brother MFC8870DW;ADF2;LF9671001;ACTUATOR R;
Brother;Brother MFC8870DW;ADF2;LF9742001;ACTUATOR SB, DCP8065DN/ MFC8860DN/ MFC8870DW/ MFC8670DN;
Brother;Brother MFC8870DW;ADF2;LG2239001;PHOTO INTERRUPTER;
Brother;Brother MFC8870DW;ADF2;LG2239001;PHOTO INTERRUPTER, DCP8065DN/ MFC8860DN/ MFC8870DW/ MFC8670DN;
Brother;Brother MFC8870DW;ADF2;LG2239001;PHOTO INTERRUPTER;
Brother;Brother MFC8870DW;ADF2;LG2239001;PHOTO INTERRUPTER, DCP8065DN/ MFC8860DN/ MFC8870DW/ MFC8670DN;
Brother;Brother MFC8870DW;ADF2;LF9683001;ACTUATOR FRONT1;
Brother;Brother MFC8870DW;ADF2;LF9748001;ACTUATOR FRONT2, DCP8065DN/ MFC8860DN/ MFC8870DW/ MFC8670DN;
Brother;Brother MFC8870DW;ADF2;LF9684001;SEPARATION SPRING;
Brother;Brother MFC8870DW;ADF2;LF9685001;RUBBER HOLDER;
Brother;Brother MFC8870DW;ADF2;LF9686001;SEPARATION RUBBER;
Brother;Brother MFC8870DW;ADF2;LE1513001;SPRING PLATE ADF FRONT A ASSY;
Brother;Brother MFC8870DW;ADF2;LE2470001;ADF FILM;
Brother;Brother MFC8870DW;ADF2;LP2159001;PRESSURE ROLLER;
Brother;Brother MFC8870DW;ADF2;LE2472001;LF SPRING;
Brother;Brother MFC8870DW;ADF2;LP2907001;BACK SHEET ADF;
Brother;Brother MFC8870DW;PANEL;LF9768001;PANEL UNIT, DCP8060/ DCP8065DN;
Brother;Brother MFC8870DW;PANEL;LF9704001;PANEL UNIT, MFC8460N/ MFC8660DN/ MFC8860DN/ MFC8870DW/ MFC8670DN;
Brother;Brother MFC8870DW;PANEL;LF9771001;PANEL COVER ASSY, DCP8060 FOR US/ CAN;
Brother;Brother MFC8870DW;PANEL;LF9775001;PANEL COVER ASSY, DCP8065DN;
Brother;Brother MFC8870DW;PANEL;LF9712001;PANEL COVER ASSY, MFC8460N;
Brother;Brother MFC8870DW;PANEL;LP2407001;PANEL COVER ASSY, MFC8660DN;
Brother;Brother MFC8870DW;PANEL;LF9756001;PANEL COVER ASSY, MFC8860DN FOR US/ CAN/ ARG/ CHL;
Brother;Brother MFC8870DW;PANEL;LF9778001;PANEL COVER ASSY, MFC8870DW;
Brother;Brother MFC8870DW;PANEL;LP2163001;PANEL COVER ASSY, DCP8060 FOR ARG/ CHL;
Brother;Brother MFC8870DW;PANEL;LP2061001;PANEL COVER ASSY, MFC8860DN FOR BRA;
Brother;Brother MFC8870DW;PANEL;LS1097001;PANEL COVER ASSY, MFC8670DN;
Brother;Brother MFC8870DW;PANEL;87411216;TAPTITE CUP B M4X12;
Brother;Brother MFC8870DW;PANEL;LP0380001;WIRELESS EMBLEM, MFC8870DW;
Brother;Brother MFC8870DW;PANEL;LF9717001;ADDRESS LABEL, MFC8460N/ MFC8660DN/ MFC8870DW;
Brother;Brother MFC8870DW;PANEL;LF9769001;PRINTED RUBBER KEY, DCP8060/ DCP8065DN;
Brother;Brother MFC8870DW;PANEL;LF9706001;PRINTED RUBBER KEY, MFC8460N/ MFC8660DN/ MFC8860DN/ MFC8870DW/ MFC8670DN;
Brother;Brother MFC8870DW;PANEL;LG6547002;PANEL PCB ASSY, DCP8060/ DCP8065DN;
Brother;Brother MFC8870DW;PANEL;LG6549001;LCD;
Brother;Brother MFC8870DW;PANEL;LG6550001;BACK LIGHT MODULE;
Brother;Brother MFC8870DW;PANEL;LF9709001;LCD COVER;
Brother;Brother MFC8870DW;PANEL;LF9717001;ADDRESS LABEL, MFC8460N/ MFC8660DN/ MFC8860DN/ MFC8870DW/ MFC8670DN;
Brother;Brother MFC8870DW;PCB;LG6566001;MAIN PCB ASSY, DCP8060;
Brother;Brother MFC8870DW;PCB;LG6567001;MAIN PCB ASSY, DCP8065DN;
Brother;Brother MFC8870DW;PCB;LG6552001;MAIN PCB ASSY, MFC8460N;
Brother;Brother MFC8870DW;PCB;LG6661001;MAIN PCB ASSY, MFC8660DN;
Brother;Brother MFC8870DW;PCB;LG6563001;MAIN PCB ASSY, MFC8860DN/ MFC8670DN FOR US/ CAN;
Brother;Brother MFC8870DW;PCB;LG6568001;MAIN PCB ASSY, MFC8870DW;
Brother;Brother MFC8870DW;PCB;LG6563004;MAIN PCB ASSY, MFC8860DN FOR ARG/ CHL/ BRA;
Brother;Brother MFC8870DW;PCB;LG5925001;NCU PCB ASSY, MFC8460N/ MFC8660DN/ MFC8860DN/ MFC8870DW/ MFC8670DN FOR US;
Brother;Brother MFC8870DW;PCB;LG5925002;NCU PCB ASSY, MFC8460N/ 8860DN/ 8870DW FOR CAN;
Brother;Brother MFC8870DW;PCB;LG6190005;NCU PCB ASSY, MFC8860DN FOR ARG/ CHL;
Brother;Brother MFC8870DW;PCB;LG6190006;NCU PCB ASSY, MFC8860DN FOR BRA;
Brother;Brother MFC8870DW;PCB;LJ8657001;BINDER 2.3X79;
Brother;Brother MFC8870DW;PCB;LG6556001;PS PCB UNIT, DCP8060/ DCP8065DN/ MFC8460N/ MFC8660DN/ MFC8860DN/ MFC8670DN FOR US/ CAN/ BRA;
Brother;Brother MFC8870DW;PCB;LG7176001;PS PCB UNIT, MFC8870DW;
Brother;Brother MFC8870DW;PCB;LG6623001;PS PCB UNIT, DCP8060 FOR ARG/ CHL;
Brother;Brother MFC8870DW;PCB;LG7057001;PS PCB UNIT, MFC8860DN FOR ARG/ CHL;
Brother;Brother MFC8870DW;PCB;LJ9978001;HIGH-VOLTAGE PS PCB ASSY;
Brother;Brother MFC8870DW;PCB;LM5867001;TAPTITE CUP S M3X6 SR;
Brother;Brother MFC8870DW;PCB;LG5921001;BATTERY ASSY, DCP8065DN/ MFC8460N/ MFC8660DN/ MFC8860DN/ MFC8870DW/ MFC8670DN;
Brother;Brother MFC8870DW;OTHERS;LM5852001;ROLLER HOLDER SP ASSY;
Brother;Brother MFC8870DW;OTHERS;LM6753001;MP ROLLER HOLDER SP ASSY;
