Brother;Brother MFC-J410;SCANNER UNIT;LX7722001;ADF & SCANNER COVER ASSY (SP), DCP-J715W;
Brother;Brother MFC-J410;SCANNER UNIT;LX7722002;ADF & SCANNER COVER ASSY (SP), MFC-J410/ MFC-J410W;
Brother;Brother MFC-J410;SCANNER UNIT;LX7726001;ADF & SCANNER COVER ASSY (SP), MFC-J415W/ MFC-J615W/ MFC-J630W;
Brother;Brother MFC-J410;SCANNER UNIT;LX6578002;SCANNER COVER ASSY (SP), DCP-J125/ MFC-J220;
Brother;Brother MFC-J410;SCANNER UNIT;LX6578001;SCANNER COVER ASSY (SP), DCP-J315W/ DCP-J515W/ MFC-J265W/ MFC-J270W;
Brother;Brother MFC-J410;SCANNER UNIT;LX6583001;DOCUMENT COVER ASSY (SP), DCP-J125 FOR US/ BRA, MFC-J220 FOR ALL COUNTRIES;
Brother;Brother MFC-J410;SCANNER UNIT;LX6584001;DOCUMENT COVER ASSY (SP), DCP-J125 EXCEPT FOR US/ BRA, DCP-J315W/ DCP-J515W/ MFC-J265W/ MFC-J270W FOR ALL COUNTRIES;
Brother;Brother MFC-J410;SCANNER UNIT;LS4537007;HINGE, DCP-J125/ DCP-J315W/ DCP-J515W/ MFC-J220/ MFC-J265W/ MFC-J270W;
Brother;Brother MFC-J410;SCANNER UNIT;LX7155001;EMBLEM BROTHER, DCP-J715W/ MFC-J410/ MFC-J410W/ MFC-J415W/ MFC-J615W/ MFC-J630W;
Brother;Brother MFC-J410;SCANNER UNIT;LX6434001;ADF & DOCUMENT COVER ASSY (SP), DCP-J715W;
Brother;Brother MFC-J410;SCANNER UNIT;LX6434002;ADF & DOCUMENT COVER ASSY (SP), MFC-J410/ MFC-J410W;
Brother;Brother MFC-J410;SCANNER UNIT;LX6436001;ADF & DOCUMENT COVER ASSY (SP), M FC-J415W/ M FC-J615W/ M FC-J630W;
Brother;Brother MFC-J410;SCANNER UNIT;LS4442007;HINGE, DCP-J715W/ MFC-J410/ MFC-J410W/ MFC-J415W/ MFC-J615W/ MFC-J630W;
Brother;Brother MFC-J410;SCANNER UNIT;LS5965001;PAPER JAM INST. LABEL, DCP-J715W/ MFC-J410/ MFC-J410W/ MFC-J415W/ MFC-J615W/ MFC-J630W;
Brother;Brother MFC-J410;SCANNER UNIT;LS5965001;PAPER JAM INST. LABEL, DCP-J125/ DCP-J315W/ DCP-J515W/ MFC-J220/ MFC-J265W/ MFC-J270W;
Brother;Brother MFC-J410;SCANNER UNIT;LS6891001;DOCUMENT SPONGE ASSY (SP), DCP-J715W/ MFC-J410/ MFC-J410W/ MFC-J415W/ MFC-J615W/ MFC-J630W;
Brother;Brother MFC-J410;SCANNER UNIT;LG6753001;DOCUMENT SENSOR PCB ASSY, DCP-J715W/ MFC-J410/ MFC-J410W/ MFC-J415WMFC-J615W/ MFC-J630W;
Brother;Brother MFC-J410;SCANNER UNIT;LS4406001;DOCUMENT ROLLER HOLDER ASSY, DCP-J715W/ MFC-J410/ MFC-J410W/ MFC-J415W/ MFC-J615W/ MFC-J630W;
Brother;Brother MFC-J410;SCANNER UNIT;87310816;TAPTITE CUP B M3X8, DCP-J715W/ MFC-J410/ MFC-J410W/ MFC-J415W/ MFC-J615W/ MFC-J630W;
Brother;Brother MFC-J410;SCANNER UNIT;LS4414001;ADF MOTOR, DCP-J715W/ MFC-J410/ MFC-J410W/ MFC-J415W/ MFC-J615W/ MFC-J630W;
Brother;Brother MFC-J410;SCANNER UNIT;0A5300606;SCREW PAN (S/ P WASHER) M3X6, DCP-J715W/ MFC-J410/ MFC-J410W/ MFC-J415W/ MFC-J615W/ MFC-J630W;
Brother;Brother MFC-J410;SCANNER UNIT;LX3609001;ADF UNIT, DCP-J715W/ MFC-J415W/ MFC-J615W/ MFC-J630W;
Brother;Brother MFC-J410;SCANNER UNIT;LX3609002;ADF UNIT, MFC-J410/ MFC-J410W;
Brother;Brother MFC-J410;SCANNER UNIT;LX3610001;ADF COVER, DCP-J715W/ MFC-J410/ MFC-J410W;
Brother;Brother MFC-J410;SCANNER UNIT;LX3639001;ADF COVER, M FC-J415W/ MFC-J615W/ M FC-J630W;
Brother;Brother MFC-J410;SCANNER UNIT;LS5961001;DOCUMENT COVER SUPPORT, DCP-J715W/ MFC-J410/ MFC-J410W/ MFC-J415W/ MFC-J615W/ MFC-J630W;
Brother;Brother MFC-J410;SCANNER UNIT;LX1864007;DOCUMENT STOPPER, DCP-J715W/ MFC-J410/ MFC-J410W/ MFC-J415W/ MFC-J615W/ MFC-J630W;
Brother;Brother MFC-J410;SCANNER UNIT;LS5437001;SEPARATION PAD AND FILM, DCP-J715W/ MFC-J410/ MFC-J410W/ MFC-J415W/ MFC-J615W/ MFC-J630W;
Brother;Brother MFC-J410;SCANNER UNIT;LP1429001;EXIT FILM, DCP-J715W/ MFC-J410/ MFC-J410W/ MFC-J415W/ MFC-J615W/ MFC-J630W;
Brother;Brother MFC-J410;CARTRIDGE CASE;LK3553001;INK REFILL ASSY (SP), DCP-J125/ MFC-J220/ MFC-J265W/ MFC-J415W FOR US/ CAN/ BRA, DCP-J715W/ M FC-J270W/ M FC-J410W/ MFC-J615W/ MFC-J630W FOR ALL COUNTRIES;
Brother;Brother MFC-J410;CARTRIDGE CASE;LK4680001;INK REFILL ASSY (SP), DCP-J125/ MFC-J220/ MFC-J265W/ MFC-J415W EXCEPT FOR US/ CAN/ BRA, DCP-J315W/ DCP-J515W/ MFC-J410 FOR ALL COUNTRIES;
Brother;Brother MFC-J410;CARTRIDGE CASE;LK3555001;HEAD JOINT RUBBER (SP);
Brother;Brother MFC-J410;CARTRIDGE CASE;LK3329001;INK CARTRIDGE DETECTION SENSOR PCB;
Brother;Brother MFC-J410;ENGINE;LS6537001;ENGINE UNIT (SP), DCP-J125/ DCP-J315W/ MFC-J220/ MFC-J265W/ MFC-J270W/ MFC-J410/ MFC-J410W/ MFC-J415W;
Brother;Brother MFC-J410;ENGINE;LX1874001;ENGINE UNIT (SP), DCP-J515W;
Brother;Brother MFC-J410;ENGINE;LX1876001;ENGINE UNIT (SP), DCP-J715W/ M FC-J615W/ M FC-J630W;
Brother;Brother MFC-J410;ENGINE;LS4253003;JAM CLEAR COVER;
Brother;Brother MFC-J410;ENGINE;LS4383001;HEAD COVER;
Brother;Brother MFC-J410;ENGINE;LX0376001;TUBE SUPPORT PLATE;
Brother;Brother MFC-J410;ENGINE;LS4469001;TUBE SUPPORT WIRE;
Brother;Brother MFC-J410;ENGINE;LS6543001;CARRIAGE PCB ASSY (SP);
Brother;Brother MFC-J410;ENGINE;LS6544001;MAINTENANCE UNIT (SP);
Brother;Brother MFC-J410;ENGINE;LS5775001;EARTH SPRING;
Brother;Brother MFC-J410;ENGINE;87311016;TAPTITE CUP B M3X10;
Brother;Brother MFC-J410;ENGINE;LS4301001;STAR WHEEL HOLDER;
Brother;Brother MFC-J410;ENGINE;LS4303001;PLATEN F ASSY, DCP-J125/ DCP-J315W/ DCP-J515W/ MFC-J220/ MFC-J265W/ MFC-J270W/ MFC-J410/ MFC-J410W/ MFC-J415W;
Brother;Brother MFC-J410;ENGINE;LS4304001;PLATEN M ASSY, DCP-J715W/ MFC-J615W/ MFC-J630W;
Brother;Brother MFC-J410;ENGINE;LX3629001;CARRIAGE MOTOR;
Brother;Brother MFC-J410;ENGINE;LP1471001;RF ENCODER DISK;
Brother;Brother MFC-J410;ENGINE;LS4249001;INNER CHUTE ASSY;
Brother;Brother MFC-J410;ENGINE;LT0466001;SENSOR HARNESS UNIT;
Brother;Brother MFC-J410;ENGINE;LS4198001;TIMING BELT;
Brother;Brother MFC-J410;ENGINE;LS4260001;ASF GEAR SHAFT OUTER;
Brother;Brother MFC-J410;ENGINE;LX0126001;ASF ROLLER 9 UNIT ASSY;
Brother;Brother MFC-J410;ENGINE;LS4091001;ASF MOTOR;
Brother;Brother MFC-J410;ENGINE;LS4098001;SWITCHING LEVER GUIDE;
Brother;Brother MFC-J410;ENGINE;LS4375001;SCREW PAN (S/ P WASHER) M3X5;
Brother;Brother MFC-J410;ENGINE;LS4467001;ENCODER STRIP;
Brother;Brother MFC-J410;ENGINE;300606;SCREW BIND M3X6;
Brother;Brother MFC-J410;ENGINE;21206;SCREW BIND M2X12;
Brother;Brother MFC-J410;ENGINE;LS4120001;PE ACTUATOR 9 ASSY;
Brother;Brother MFC-J410;ENGINE;LS4075001;PE ACTUATOR SPRING;
Brother;Brother MFC-J410;ENGINE;LS4251001;REGISTRATION SENSOR ACTUATOR;
Brother;Brother MFC-J410;HEAD;LK3211001;HEAD/CARRIAGE UNIT (SP);
Brother;Brother MFC-J410;HEAD;LK3216001;HEAD CASING ASSY(SP);
Brother;Brother MFC-J410;PAPER TRAY;LS6841004;PAPER TRAY ASSY (SP), DCP-J125/ DCP-J315W/ MFC-J220/ MFC-J265W/ MFC-J270W/ MFC-J415W;
Brother;Brother MFC-J410;PAPER TRAY;LS6840001;PAPER TRAY ASSY (SP), DCP-J515W/ DCP-J715W/ M FC-J615W/ M FC-J630W;
Brother;Brother MFC-J410;PAPER TRAY;LS6841005;PAPER TRAY ASSY (SP), MFC-J410/ MFC-J410W;
Brother;Brother MFC-J410;PAPER TRAY;LS6839004;OUTPUT PAPER TRAY COVER (SP), DCP-J125/ DCP-J315W/ MFC-J220/ MFC-J265W/ MFC-J270W/ MFC-J415W;
Brother;Brother MFC-J410;PAPER TRAY;LS6837001;OUTPUT PAPER TRAY COVER (SP), DCP-J515W/ DCP-J715W/ MFC-J615W/ MFC-J630W;
Brother;Brother MFC-J410;PAPER TRAY;LS6839005;OUTPUT PAPER TRAY COVER (SP), MFC-J410/ MFC-J410W;
Brother;Brother MFC-J410;PAPER TRAY;LP1575001;BASE PAD;
Brother;Brother MFC-J410;PAPER TRAY;LS4269001;BANK ASSY;
Brother;Brother MFC-J410;COVER;LS5134001;LOWER COVER;
Brother;Brother MFC-J410;COVER;LS4699001;INK ABSORBER FELT (INK ABSORBER BOX LOWER);
Brother;Brother MFC-J410;COVER;LS5136001;INK ABSORBER FELT (MAINTENANCE UNIT);
Brother;Brother MFC-J410;COVER;LS6842001;INK ABSORBER TUBE ASSY (SP);
Brother;Brother MFC-J410;COVER;LS5141001;FLUSHING BOX;
Brother;Brother MFC-J410;COVER;LS5334001;SPEAKER SPRING, MFC-J220/ MFC-J265W/ MFC-J270W/ MFC-J410/ MFC-J410W/ MFC-J415W/ MFC-J615W/ MFC-J630W;
Brother;Brother MFC-J410;COVER;LT0520001;SPEAKER, MFC-J220/ MFC-J265W/ MFC-J270W/ MFC-J410/ MFC-J410W/ MFC-J415W/ MFC-J615W/ MFC-J630W;
Brother;Brother MFC-J410;COVER;LS6852003;UPPER COVER (SP), DCP-J125;
Brother;Brother MFC-J410;COVER;LS6852002;UPPER COVER (SP), DCP-J315W/ DCP-J515W;
Brother;Brother MFC-J410;COVER;LS6853001;UPPER COVER (SP), DCP-J715W;
Brother;Brother MFC-J410;COVER;LX6973002;UPPER COVER (SP), MFC-J220;
Brother;Brother MFC-J410;COVER;LX6973001;UPPER COCER (SP), M FC-J265W/ M FC-J270W/ M FC-J410/ M FC-J410W/ MFC-J415W;
Brother;Brother MFC-J410;COVER;LS6845001;UPPER COVER (SP), MFC-J615W/ MFC-J630W;
Brother;Brother MFC-J410;COVER;LX1976007;INK CARTRIDGE COVER, DCP-J125/ DCP-J315W/ DCP-J515W/ DCP-J715W/ MFC-J220/ MFC-J265W/ MFC-J270W/ MFC-J415W/ MFC-J615W/ MFC-J630W;
Brother;Brother MFC-J410;COVER;LX1976011;INK CARTRIDGE COVER, MFC-J410/ MFC-J410W;
Brother;Brother MFC-J410;COVER;LX1977007;FRONT COVER, DCP-J125/ DCP-J315W/ DCP-J515W/ DCP-J715W/ MFC-J220/ MFC-J265W/ MFC-J270W/ MFC-J415W/ MFC-J615W/ MFC-J630W;
Brother;Brother MFC-J410;COVER;LX1977011;FRONT COVER, MFC-J410/ MFC-J410W;
Brother;Brother MFC-J410;COVER;LS5154011;HARNESS COVER, DCP-J125/ MFC-J220;
Brother;Brother MFC-J410;COVER;LS5154007;HARNESS COVER, DCP-J315W/ DCP-J515W/ DCP-J715W/ MFC-J265W/ MFC-J270W/ MFC-J410/ MFC-J410W/ MFC-J415W/ MFC-J615W/ MFC-J630W;
Brother;Brother MFC-J410;COVER;LS5155011;CIS FLAT CABLE COVER, DCP-J125/ MFC-J220;
Brother;Brother MFC-J410;COVER;LS5155007;CIS FLAT CABLE COVER, DCP-J315W/ DCP-J515W/ DCP-J715W/ MFC-J265W/ MFC-J270W/ MFC-J410/ MFC-J410W/ MFC-J415W/ MFC-J615W/ MFC-J630W;
Brother;Brother MFC-J410;COVER;LS5156002;SCANNER COVER SUPPORT;
Brother;Brother MFC-J410;COVER;LS5159001;SCANNER COVER DAMPER;
Brother;Brother MFC-J410;COVER;LS6316001;ENCODER GUARD FILM;
Brother;Brother MFC-J410;COVER;LS6317001;ENCODER GUARD SPRING;
Brother;Brother MFC-J410;COVER;LE8842001;EXT CAP, MFC-J220/ MFC-J265W/ MFC-J270W/ MFC-J410/ MFC-J410W/ MFC-J415W/ MFC-J615W/ MFC-J630W FOR US/ CAN/ NLD/ CHE/ SPA/ ISR/ POR/ CHN/ TWN/ HK/ ARG/ CHL/ POL/ ASA/ KOR/ OCE/ PND;
Brother;Brother MFC-J410;COVER;UF5745000;MJ COVER EXT, MFC-J220/ MFC-J265W/ MFC-J410/ / MFC-J415W/ MFC-J615W FOR GER/ UK/ FRA/ BEL/ AUS/ ITA;
Brother;Brother MFC-J410;COVER;LS5964001;ENCODER CAUTION LABEL;
Brother;Brother MFC-J410;COVER;85411216;TAPTITE BIND B M4X12;
Brother;Brother MFC-J410;COVER;87311016;TAPTITE CUP B M3X10;
Brother;Brother MFC-J410;COVER;LX3721001;INNOBELLA LABEL FOR US;
Brother;Brother MFC-J410;COVER;LX3722001;INNOBELLA LABEL EXCEPT FOR US;
Brother;Brother MFC-J410;COVER;LT1401001;WLAN PCB, DCP-J315W/ DCP-J515W/ DCP-J715W/ MFC-J265W/ MFC-J270W/ MFC-J410W/ MFC-J415W/ MFC-J615W/ MFC-J630W;
Brother;Brother MFC-J410;COVER;LX6286001;INK ABSORBER FELT (INK ABSORBER BOX UPPER);
Brother;Brother MFC-J410;COVER;LX3104001;MEDIA MODULE COVER, DCP-J125/ DCP-J315W/ DCP-J515W/ MFC-J220/ MFC-J265W/ MFC-J270W/ MFC-J415W EXCEPT FOR CHN;
Brother;Brother MFC-J410;COVER;LX1978001;MEDIA MODULE COVER, DCP-J715W/ MFC-J615W/ MFC-J630W EXCEPT FOR CHN;
Brother;Brother MFC-J410;COVER;LX3104002;MEDIA MODULE COVER, MFC-J410/ MFC-J410W;
Brother;Brother MFC-J410;COVER;LX7899001;MEDIA MODULE COVER, MFC-J265W FOR CHN;
Brother;Brother MFC-J410;COVER;LX3718001;MEDIA MODULE COVER, MFC-J615W FOR CHN;
Brother;Brother MFC-J410;PANEL;LX3668001;CONTROL PANEL ASSY, DCP-J125 FOR US;
Brother;Brother MFC-J410;PANEL;LX3108001;CONTROL PANEL ASSY, MFC-J220 FOR US;
Brother;Brother MFC-J410;PANEL;LX3681001;CONTROL PANEL ASSY, MFC-J265W FOR US/ CAN;
Brother;Brother MFC-J410;PANEL;LX6411001;CONTROL PANEL ASSY, MFC-J270W FOR US;
Brother;Brother MFC-J410;PANEL;LX6975001;CONTROL PANEL ASSY, MFC-J410W FOR US;
Brother;Brother MFC-J410;PANEL;LX3685001;CONTROL PANEL ASSY, MFC-J415W FOR US/ CAN;
Brother;Brother MFC-J410;PANEL;LX1980001;CONTROL PANEL ASSY, MFC-J615W FOR US/ CAN;
Brother;Brother MFC-J410;PANEL;LX6425001;CONTROL PANEL ASSY, MFC-J630W FOR US;
Brother;Brother MFC-J410;PANEL;LX6266001;CONTROL PANEL ASSY, DCP-J125 FOR GER;
Brother;Brother MFC-J410;PANEL;LX3302001;CONTROL PANEL ASSY, DCP-J315W FOR GER;
Brother;Brother MFC-J410;PANEL;LX6311001;CONTROL PANEL ASSY, DCP-J515W FOR GER;
Brother;Brother MFC-J410;PANEL;LX3997001;CONTROL PANEL ASSY, DCP-J715W FOR GER;
Brother;Brother MFC-J410;PANEL;LX6369001;CONTROL PANEL ASSY, MFC-J220 FOR GER/ AUS;
Brother;Brother MFC-J410;PANEL;LX6393001;CONTROL PANEL ASSY, MFC-J265W FOR GER/ AUS;
Brother;Brother MFC-J410;PANEL;LX6215001;CONTROL PANEL ASSY, MFC-J410 FOR GER/ AUS;
Brother;Brother MFC-J410;PANEL;LX6292001;CONTROL PANEL ASSY, MFC-J415W FOR GER/ AUS;
Brother;Brother MFC-J410;PANEL;LX6324001;CONTROL PANEL ASSY, MFC-J615W FOR GER/ AUS;
Brother;Brother MFC-J410;PANEL;LX3122001;CONTROL PANEL ASSY, DCP-J125 FOR UK/ ISR/ ZAF/ ASA/ OCE/ PND;
Brother;Brother MFC-J410;PANEL;LX3719001;CONTROL PANEL ASSY, DCP-J315W FOR UK/ ASA/ OCE/ PND;
Brother;Brother MFC-J410;PANEL;LX3716001;CONTROL PANEL ASSY, DCP-J515W FOR UK/ OCE/ PND;
Brother;Brother MFC-J410;PANEL;LX3130001;CONTROL PANEL ASSY, DCP-J715W FOR UK/ ASA/ OCE/ PND;
Brother;Brother MFC-J410;PANEL;LX3705001;CONTROL PANEL ASSY, MFC-J265W FOR UK/ ISR;
Brother;Brother MFC-J410;PANEL;LX3709001;CONTROL PANEL ASSY, MFC-J410 FOR UK/ BEL/ CHE/ ISR;
Brother;Brother MFC-J410;PANEL;LX3710001;CONTROL PANEL ASSY, MFC-J415W FOR UK/ CHE;
Brother;Brother MFC-J410;PANEL;LX3628001;CONTROL PANEL ASSY, MFC-J615W FOR UK/ BEL/ CHE/ ISR;
Brother;Brother MFC-J410;PANEL;LX6268001;CONTROL PANEL ASSY, DCP-J125 FOR FRA/ CHE/ IBR/ CEE;
Brother;Brother MFC-J410;PANEL;LX6232001;CONTROL PANEL ASSY, DCP-J315W FOR FRA/ CHE/ IBR/ CEE;
Brother;Brother MFC-J410;PANEL;LX6312001;CONTROL PANEL ASSY, DCP-J515W FOR FRA/ CHE/ IBR/ CEE;
Brother;Brother MFC-J410;PANEL;LX6094001;CONTROL PANEL ASSY, DCP-J715W FOR FRA/ CHE/ IBR/ CEE;
Brother;Brother MFC-J410;PANEL;LX6370001;CONTROL PANEL ASSY, MFC-J220 FOR FRA;
Brother;Brother MFC-J410;PANEL;LX6394001;CONTROL PANEL ASSY, MFC-J265W FOR FRA;
Brother;Brother MFC-J410;PANEL;LX6293001;CONTROL PANEL ASSY, MFC-J415W FOR FRA;
Brother;Brother MFC-J410;PANEL;LX6325001;CONTROL PANEL ASSY, MFC-J615W FOR FRA;
Brother;Brother MFC-J410;PANEL;LX6662001;CONTROL PANEL ASSY, MFC-J220 FOR NLD;
Brother;Brother MFC-J410;PANEL;LX6505001;CONTROL PANEL ASSY, MFC-J265W FOR NLD;
Brother;Brother MFC-J410;PANEL;LX6488001;CONTROL PANEL ASSY, MFC-J415W FOR NLD;
Brother;Brother MFC-J410;PANEL;LX6455001;CONTROL PANEL ASSY, MFC-J615W FOR NLD;
Brother;Brother MFC-J410;PANEL;LX3702001;CONTROL PANEL ASSY, MFC-J220 FOR CHE/ ISR/ ZAF;
Brother;Brother MFC-J410;PANEL;LX6371001;CONTROL PANEL ASSY, MFC-J220 FOR SPA;
Brother;Brother MFC-J410;PANEL;LX6395001;CONTROL PANEL ASSY, MFC-J265W FOR SPA;
Brother;Brother MFC-J410;PANEL;LX6223001;CONTROL PANEL ASSY, MFC-J410 FOR SPA;
Brother;Brother MFC-J410;PANEL;LX6295001;CONTROL PANEL ASSY, MFC-J415W FOR SPA;
Brother;Brother MFC-J410;PANEL;LX6326001;CONTROL PANEL ASSY, MFC-J615W FOR SPA;
Brother;Brother MFC-J410;PANEL;LX6267001;CONTROL PANEL ASSY, DCP-J125 FOR ITA;
Brother;Brother MFC-J410;PANEL;LX1310001;CONTROL PANEL ASSY, DCP-J315W FOR ITA;
Brother;Brother MFC-J410;PANEL;LX6319001;CONTROL PANEL ASSY, DCP-J515W FOR ITA;
Brother;Brother MFC-J410;PANEL;LX6089001;CONTROL PANEL ASSY, DCP-J715W FOR ITA;
Brother;Brother MFC-J410;PANEL;LX6372001;CONTROL PANEL ASSY, MFC-J220 FOR ITA;
Brother;Brother MFC-J410;PANEL;LX6396001;CONTROL PANEL ASSY, MFC-J265W FOR ITA;
Brother;Brother MFC-J410;PANEL;LX6227001;CONTROL PANEL ASSY, MFC-J410 FOR ITA;
Brother;Brother MFC-J410;PANEL;LX6327001;CONTROL PANEL ASSY, MFC-J615W FOR ITA;
Brother;Brother MFC-J410;PANEL;LX6663001;CONTROL PANEL ASSY, MFC-J220 FOR POR;
Brother;Brother MFC-J410;PANEL;LX6506001;CONTROL PANEL ASSY, MFC-J265W FOR POR;
Brother;Brother MFC-J410;PANEL;LX6605001;CONTROL PANEL ASSY, MFC-J410 FOR POR;
Brother;Brother MFC-J410;PANEL;LX6490001;CONTROL PANEL ASSY, MFC-J415W FOR POR;
Brother;Brother MFC-J410;PANEL;LX6463001;CONTROL PANEL ASSY, MFC-J615W FOR POR;
Brother;Brother MFC-J410;PANEL;LX7690001;CONTROL PANEL ASSY, MFC-J265W FOR CHN;
Brother;Brother MFC-J410;PANEL;LX7617001;CONTROL PANEL ASSY, MFC-J615W FOR CHN;
Brother;Brother MFC-J410;PANEL;LX7166001;CONTROL PANEL ASSY, MFC-J410 FOR TWN/ HK;
Brother;Brother MFC-J410;PANEL;LX7867001;CONTROL PANEL ASSY, MFC-J415W FOR TWN;
Brother;Brother MFC-J410;PANEL;LX6981001;CONTROL PANEL ASSY, DCP-J315W FOR TUR;
Brother;Brother MFC-J410;PANEL;LX7237001;CONTROL PANEL ASSY, MFC-J220 FOR TUR;
Brother;Brother MFC-J410;PANEL;LX7167001;CONTROL PANEL ASSY, DCP-J125 FOR HK;
Brother;Brother MFC-J410;PANEL;LX7171001;CONTROL PANEL ASSY, DCP-J315W FOR HK;
Brother;Brother MFC-J410;PANEL;LX7163001;CONTROL PANEL ASSY, MFC-J220 FOR HK;
Brother;Brother MFC-J410;PANEL;LX7002001;CONTROL PANEL ASSY, MFC-J615W FOR HK;
Brother;Brother MFC-J410;PANEL;LX6970001;CONTROL PANEL ASSY, DCP-J125 FOR ARG/ CHL;
Brother;Brother MFC-J410;PANEL;LX6938001;CONTROL PANEL ASSY, MFC-J410 FOR ARG/ CHL;
Brother;Brother MFC-J410;PANEL;LX6538001;CONTROL PANEL ASSY, MFC-J615W FOR ARG/ CHL;
Brother;Brother MFC-J410;PANEL;LX7245001;CONTROL PANEL ASSY, MFC-J220 FOR POL;
Brother;Brother MFC-J410;PANEL;LX6990001;CONTROL PANEL ASSY, MFC-J265W FOR POL;
Brother;Brother MFC-J410;PANEL;LX6983001;CONTROL PANEL ASSY, MFC-J415W FOR POL;
Brother;Brother MFC-J410;PANEL;LX6866001;CONTROL PANEL ASSY, MFC-J615W FOR POL;
Brother;Brother MFC-J410;PANEL;LX6962001;CONTROL PANEL ASSY, MFC-J220 FOR ASA/ OCE;
Brother;Brother MFC-J410;PANEL;LX6598001;CONTROL PANEL ASSY, MFC-J265W FOR ASA/ OCE;
Brother;Brother MFC-J410;PANEL;LX6548001;CONTROL PANEL ASSY, MFC-J415W FOR ASA/ OCE;
Brother;Brother MFC-J410;PANEL;LX6523001;CONTROL PANEL ASSY, MFC-J615W FOR ASA/ OCE;
Brother;Brother MFC-J410;PANEL;LX7178001;CONTROL PANEL ASSY, DCP-J125 FOR BRA;
Brother;Brother MFC-J410;PANEL;LX7942001;CONTROL PANEL ASSY, MFC-J220 FOR KOR;
Brother;Brother MFC-J410;PANEL;LX7948001;CONTROL PANEL ASSY, MFC-J410 FOR KOR;
Brother;Brother MFC-J410;PANEL;LX6926001;CONTROL PANEL ASSY, DCP-J315W FOR RUS;
Brother;Brother MFC-J410;PANEL;LX6992001;CONTROL PANEL ASSY, DCP-J515W FOR RUS;
Brother;Brother MFC-J410;PANEL;LX6995001;CONTROL PANEL ASSY, MFC-J265W FOR RUS;
Brother;Brother MFC-J410;PANEL;LX6899001;CONTROL PANEL ASSY, MFC-J410 FOR OCE;
Brother;Brother MFC-J410;PANEL;LX6603001;CONTROL PANEL ASST, MFC-J410 FOR PND;
Brother;Brother MFC-J410;PANEL;LX6466001;CONTROL PANEL ASSY, MFC-J615W FOR PND;
Brother;Brother MFC-J410;PANEL;LX3123001;CONTROL PANEL BASE, DCP-J125;
Brother;Brother MFC-J410;PANEL;LX3720001;CONTROL PANEL BASE, DCP-J315W;
Brother;Brother MFC-J410;PANEL;LX3131007;CONTROL PANEL BASE, DCP-J515W/ DCP-J715W;
Brother;Brother MFC-J410;PANEL;LX3109007;CONTROL PANEL BASE, MFC-J220/ MFC-J265W/ MFC-J270W/ MFC-J415W;
Brother;Brother MFC-J410;PANEL;LX3109011;CONTROL PANEL BASE, MFC-J410/ MFC-J410W;
Brother;Brother MFC-J410;PANEL;LX1981007;CONTROL PANEL BASE, MFC-J615W/ MFC-J630W;
Brother;Brother MFC-J410;PANEL;LX6524001;PRINTED PANEL PLATE, MFC-J615W FOR ASA/ OCE;
Brother;Brother MFC-J410;PANEL;LX7943001;PRINTED PANEL PLATE, MFC-J220/ MFC-J410 FOR KOR;
Brother;Brother MFC-J410;PANEL;LX6996001;PRINTED PANEL PLATE, MFC-J265W FOR RUS;
Brother;Brother MFC-J410;PANEL;LX6604001;PRINTED PANEL PLATE, MFC-J410 FOR PND;
Brother;Brother MFC-J410;PANEL;LX6467001;PRINTED PANEL PLATE, MFC-J615W FOR PND;
Brother;Brother MFC-J410;PANEL;LX3715001;PRINTED PANEL PLATE, DCP-J515W;
Brother;Brother MFC-J410;PANEL;LX3134001;PRINTED PANEL PLATE, DCP-J715W;
Brother;Brother MFC-J410;PANEL;LX3114001;PRINTED PANEL PLATE, MFC-J220/ MFC-J265W/ MFC-J270W/ MFC-J410W/ MFC-J415W FOR US/ CAN;
Brother;Brother MFC-J410;PANEL;LX1987001;PRINTED PANEL PLATE, MFC-J615W/ MFC-J630W FOR US/ CAN;
Brother;Brother MFC-J410;PANEL;LX6216001;PRINTED PANEL PLATE, MFC-J220/ MFC-J265W/ MFC-J410/ MFC-J415W FOR GER/ AUS;
Brother;Brother MFC-J410;PANEL;LX6328001;PRINTED PANEL PLATE, MFC-J615W FOR GER/ AUS;
Brother;Brother MFC-J410;PANEL;LX3703001;PRINTED PANEL PLATE, MFC-J220/ MFC-J265W/ MFC-J410/ MFC-J415W FOR UK/ BEL/ CHE/ ISR/ ZAF;
Brother;Brother MFC-J410;PANEL;LX3627001;PRINTED PANEL PLATE, MFC-J615W FOR UK/ BEL/ CHE/ ISR;
Brother;Brother MFC-J410;PANEL;LX6294001;PRINTED PANEL PLATE, MFC-J220/ MFC-J265W/ MFC-J415W FOR FRA;
Brother;Brother MFC-J410;PANEL;LX6329001;PRINTED PANEL PLATE, MFC-J615W FOR FRA;
Brother;Brother MFC-J410;PANEL;LX6489001;PRINTED PANEL PLATE, MFC-J220/ MFC-J265W/ MFC-J415W FOR NLD;
Brother;Brother MFC-J410;PANEL;LX6456001;PRINTED PANEL PLATE, MFC-J615W FOR NLD;
Brother;Brother MFC-J410;PANEL;LX6224001;PRINTED PANEL PLATE, MFC-J220/ MFC-J265W/ MFC-J410/ MFC-J415W FOR SPA;
Brother;Brother MFC-J410;PANEL;LX6330001;PRINTED PANEL PLATE, MFC-J615W FOR SPA;
Brother;Brother MFC-J410;PANEL;LX6228001;PRINTED PANEL PLATE, MFC-J220/ MFC-J265W/ MFC-J410 FOR ITA;
Brother;Brother MFC-J410;PANEL;LX6331001;PRINTED PANEL PLATE, MFC-J615W FOR ITA;
Brother;Brother MFC-J410;PANEL;LX6491001;PRINTED PANEL PLATE, MFC-J220/ MFC-J265W/ MFC-J410/ MFC-J415W FOR POR;
Brother;Brother MFC-J410;PANEL;LX6464001;PRINTED PANEL PLATE, MFC-J615W FOR POR;
Brother;Brother MFC-J410;PANEL;LX7692001;PRINTED PANEL PLATE, MFC-J265W FOR CHN;
Brother;Brother MFC-J410;PANEL;LX7614001;PRINTED PANEL PLATE, MFC-J615W FOR CHN;
Brother;Brother MFC-J410;PANEL;LX7164001;PRINTED PANEL PLATE, MFC-J220/ MFC-J410/ MFC-J415W FOR TWN/ HK;
Brother;Brother MFC-J410;PANEL;LX7239001;PRINTED PANEL PLATE, MFC-J220 FOR TUR;
Brother;Brother MFC-J410;PANEL;LX7003001;PRINTED PANEL PLATE, MFC-J615W FOR HK;
Brother;Brother MFC-J410;PANEL;LX6939001;PRINTED PANEL PALTE, MFC-J410 FOR ARG/ CHL;
Brother;Brother MFC-J410;PANEL;LX6539001;PRINTED PANEL PLATE, MFC-J615W FOR ARG/ CHL;
Brother;Brother MFC-J410;PANEL;LX6984001;PRINTED PANEL PLATE, MFC-J220/ MFC-J265W/ MFC-J415W FOR POL;
Brother;Brother MFC-J410;PANEL;LX6867001;PRINTED PANEL PLATE, MFC-J615W FOR POL;
Brother;Brother MFC-J410;PANEL;LX6549001;PRINTED PANEL PLATE, MFC-J220/ MFC-J265W/ MFC-J410/ MFC-J415W FOR ASA/ OCE;
Brother;Brother MFC-J410;PANEL;LX3110001;RUBBER KEYPAD L, MFC-J220/ MFC-J265W/ MFC-J270W/ MFC-J410/ MFC-J410W/ MFC-J415W;
Brother;Brother MFC-J410;PANEL;LX1989001;RUBBER KEYPAD L, MFC-J615W/ MFC-J630W;
Brother;Brother MFC-J410;PANEL;LX3125001;RUBBER KEYPAD, DCP-J125/ DCP-J315W/ DCP-J515W/ DCP-J715W EXCEPT FOR TUR/ HK;
Brother;Brother MFC-J410;PANEL;LX3112001;RUBBER KEYPAD R, MFC-J220/ MFC-J265W/ MFC-J270W/ MFC-J410/ MFC-J410W/ MFC-J415W EXCEPT FOR TWN/ TUR/ HK;
Brother;Brother MFC-J410;PANEL;LX1991001;RUBBER KEYPAD R,MFC-J615W/ MFC-J630W EXCEPT FOT HK;
Brother;Brother MFC-J410;PANEL;LX7230001;RUBBER KEYPAD R, MFC-J220/ MFC-J410/ MFC-J415W FOR TWN/ HK;
Brother;Brother MFC-J410;PANEL;LX7232001;RUBBER KEYPAD, DCP-J315W FOR TUR;
Brother;Brother MFC-J410;PANEL;LX7238001;RUBBER KEYPAD R, MFC-J220 FOR TUR;
Brother;Brother MFC-J410;PANEL;LX7231001;RUBBER KEYPAD, DCP-J125/ DCP-J315W FOR HK;
Brother;Brother MFC-J410;PANEL;LX7229001;RUBBER KEYPAD R, MFC-J615W FOR HK;
Brother;Brother MFC-J410;PANEL;LT0994001;CONTROL PANEL PCB ASSY, DCP-J125/ DCP-J315W;
Brother;Brother MFC-J410;PANEL;LT0990002;CONTROL PANEL PCB ASSY, DCP-J515W/ DCP-J715W;
Brother;Brother MFC-J410;PANEL;LT0992001;CONTROL PANEL PCB ASSY, MFC-J220/ MFC-J265W/ MFC-J270W/ MFC-J410/ MFC-J410W/ MFC-J415W;
Brother;Brother MFC-J410;PANEL;LT1086001;CONTROL PANEL PCB ASSY,MFC-J615W/ MFC-J630W;
Brother;Brother MFC-J410;PANEL;LX3129001;PRINTED LCD SHEET, DCP-J125;
Brother;Brother MFC-J410;PANEL;LX3958001;PRINTED LCD SHEET, DCP-J315W;
Brother;Brother MFC-J410;PANEL;LX3116001;PRINTED LCD SHEET, MFC-J220;
Brother;Brother MFC-J410;PANEL;LX3682001;PRINTED LCD SHEET, MFC-J265W EXCEPT FOR CHN;
Brother;Brother MFC-J410;PANEL;LX6412001;PRINTED LDC SHEET, MFC-J270W;
Brother;Brother MFC-J410;PANEL;LX3684001;PRINTED LCD SHEET, MFC-J410;
Brother;Brother MFC-J410;PANEL;LX6976001;PRINTED LCD SHEET, MFC-J410W;
Brother;Brother MFC-J410;PANEL;LX3686001;PRINTED LCD SHEET, MFC-J415W;
Brother;Brother MFC-J410;PANEL;LX7691001;PRINTED LCD SHEET, MFC-J265W FOR CHN;
Brother;Brother MFC-J410;PANEL;A63045001;COLOR LCD, DCP-J125/ DCP-J315W/ MFC-J220/ MFC-J265W/ MFC-J270W/ MFC-J410/ MFC-J410W/ MFC-J415W;
Brother;Brother MFC-J410;PANEL;LX3669001;EX PANEL ASSY, DCP-J125 FOR US;
Brother;Brother MFC-J410;PANEL;LX6440001;EX PANEL ASSY, DCP-J125/ DCP-J315W FOR GER/ CHE (GERMAN);
Brother;Brother MFC-J410;PANEL;LX6415001;EX PANEL ASSY, DCP-J515W/ DCP-J715W FOR GER/ CHE (GERMAN);
Brother;Brother MFC-J410;PANEL;LX6932001;EX PANEL ASSY, DCP-J125/ DCP-J315W FOR UK/ ISR/ ZAF/ ASA/ OCE/ PND/ CEE (ENGLISH);
Brother;Brother MFC-J410;PANEL;LX6472001;EX PANEL ASSY, DCP-J515W/ DCP-J715W FOR UK/ ASA/ OCE/ PND/ CEE (ENGLISH);
Brother;Brother MFC-J410;PANEL;LX6233001;EX PANEL ASSY, DCP-J125/ DCP-J315W FOR FRA/ CHE (FRENCH);
Brother;Brother MFC-J410;PANEL;LX6095001;EX PANEL ASSY, DCP-J515W/ DCP-J715W FOR FRA/ CHE (FRENCH);
Brother;Brother MFC-J410;PANEL;LX6235001;EX PANEL ASSY, DCP-J125/ DCP-J315W FOR FRA (DUTCH);
Brother;Brother MFC-J410;PANEL;LX6098001;EX PANEL ASSY, DCP-J515W/ DCP-J715W FOR FRA (DUTCH);
Brother;Brother MFC-J410;PANEL;LX6231001;EX PANEL ASSY, DCP-J125/ DCP-J315W FOR ITA;
Brother;Brother MFC-J410;PANEL;LX6090001;EX PANEL ASSY, DCP-J515W/ DCP-J715W FOR ITA;
Brother;Brother MFC-J410;PANEL;LX6980001;EX PANEL ASSY, DCP-J315W FOR TUR;
Brother;Brother MFC-J410;PANEL;LX7168001;EX PANEL ASSY, DCP-J125/ DCP-J315W FOR HK;
Brother;Brother MFC-J410;PANEL;LX6237001;EX PANEL ASSY, DCP-J125/ DCP-J315W FOR ARG/ CHL/ IBR (SPANISH);
Brother;Brother MFC-J410;PANEL;LX6239001;EX PANEL ASSY, DCP-J125/ DCP-J315W FOR BRA/ IBR (PORTUGUESE);
Brother;Brother MFC-J410;PANEL;LX6927001;EX PANEL ASSY, DCP-J315W FOR RUS;
Brother;Brother MFC-J410;PANEL;LX6994001;EX PANEL ASSY, DCP-J515W FOR RUS;
Brother;Brother MFC-J410;PANEL;LX6099001;EX PANEL ASSY, DCP-J515W/ DCP-J715W FOR IBR (SPANISH);
Brother;Brother MFC-J410;PANEL;LX6100001;EX PANEL ASSY, DCP-J515W/ DCP-J715W FOR IBR (PORTUGUESE);
Brother;Brother MFC-J410;PANEL;LX6933001;EX PANEL ASSY, DCP-J125/ DCP-J315W FOR CEE (POLISH);
Brother;Brother MFC-J410;PANEL;LX6474001;EX PANEL ASSY, DCP-J515W/ DCP-J715W FOR CEE (POLISH);
Brother;Brother MFC-J410;PANEL;LX3132001;COLOR LCD UNIT, DCP-J515W/ DCP-J715W;
Brother;Brother MFC-J410;PANEL;LX1982001;COLOR LCD UNIT, MFC-J615W EXCEPT FOR CHN;
Brother;Brother MFC-J410;PANEL;LX7616001;COLOR LCD UNIT, MFC-J615W FOR CHN;
Brother;Brother MFC-J410;PANEL;LX6426001;COLOR LCD UNIT, MFC-J630W;
Brother;Brother MFC-J410;PANEL;LX3978001;LATCH SPRING FOR DCP-J515W/ DCP-J715W/ M FC-J615W/ M FC-J630W;
Brother;Brother MFC-J410;PCB;LT1067001;MAIN PCB, DCP-J125;
Brother;Brother MFC-J410;PCB;LT1068011;MAIN PCB, DCP-J315W;
Brother;Brother MFC-J410;PCB;LT1066001;MAIN PCB, DCP-J515W;
Brother;Brother MFC-J410;PCB;LT1053011;MAIN PCB, DCP-J715W;
Brother;Brother MFC-J410;PCB;LT1069021;MAIN PCB, MFC-J220;
Brother;Brother MFC-J410;PCB;LT1070031;MAIN PCB, MFC-J265W/ MFC-J270W;
Brother;Brother MFC-J410;PCB;LT1071041;MAIN PCB, MFC-J410;
Brother;Brother MFC-J410;PCB;LT1072051;MAIN PCB, MFC-J410W/ MFC-J415W;
Brother;Brother MFC-J410;PCB;LT1052001;MAIN PCB, MFC-J615W/ MFC-J630W EXCEPT FOR CHN;
Brother;Brother MFC-J410;PCB;LT1070035;MAIN PCB, MFC-J265W FOR CHN;
Brother;Brother MFC-J410;PCB;LT1052005;MAIN PCB, MFC-J615W FOR CHN;
Brother;Brother MFC-J410;PCB;LT1075001;POWER SUPPLY PCB FOR US/ CAN;
Brother;Brother MFC-J410;PCB;LT0485001;POWER SUPPLY PCB EXCEPT FOR US/ CAN/ CHN/ TWN/ ZAF/ ASA/ BRA/ RUS;
Brother;Brother MFC-J410;PCB;LT0586001;POWER SUPPLY PCB FOR CHN;
Brother;Brother MFC-J410;PCB;LT1654001;POWER SUPPLY PCB FOR TWN;
Brother;Brother MFC-J410;PCB;LT0660001;POWER SUPPLY PCB FOR ZAF/ ASA/ RUS;
Brother;Brother MFC-J410;PCB;LT1516001;POWER SUPPLY PCB FOR BRA;
Brother;Brother MFC-J410;PCB;LT1022001;MJ PCB, MFC-J220/ MFC-J265W/ MFC-J270W/ MFC-J410/ MFC-J410W/ MFC-J415W/ MFC-J615W/ MFC-J630W FOR US/ CAN/ CH N/ TWN/ HK/ A RG/ CHL/ ASA/ OCE;
Brother;Brother MFC-J410;PCB;LT1022004;MJ PCB, MFC-J220/ MFC-J265W/ MFC-J410/ MFC-J415W/ MFC-J615W FOR GER/ UK/ FRA/ BEL/ NLD/ CHE/ AUS/ SPA/ ITA/ ISR/ POR/ TUR/ POL/ RUS/ PND;
Brother;Brother MFC-J410;PCB;LT1022024;MJ PCB, MFC-J220 FOR ZAF;
Brother;Brother MFC-J410;PCB;LT1022044;MJ PCB, MFC-J220/ MFC-J410 FOR KOR;
